Date,Message
2025-07-30T08:20:00.000-00:00,"8.22,8.25,8.25,8.21,531668"
2025-07-30T08:25:00.000-00:00,"8.25,8.22,8.25,8.22,25019"
2025-07-30T08:30:00.000-00:00,"8.22,8.24,8.25,8.22,27653"
2025-07-30T08:35:00.000-00:00,"8.24,8.23,8.26,8.22,368334"
2025-07-30T08:40:00.000-00:00,"8.23,8.22,8.24,8.21,193155"
2025-07-30T08:45:00.000-00:00,"8.22,8.23,8.23,8.22,89705"
2025-07-30T08:50:00.000-00:00,"8.22,8.23,8.23,8.22,177293"
2025-07-30T08:55:00.000-00:00,"8.24,8.25,8.25,8.22,150887"
2025-07-30T09:00:00.000-00:00,"8.23,8.23,8.23,8.22,58685"
2025-07-30T09:05:00.000-00:00,"8.23,8.22,8.23,8.21,198881"
2025-07-30T09:10:00.000-00:00,"8.22,8.22,8.23,8.21,29089"
2025-07-30T09:15:00.000-00:00,"8.21,8.25,8.25,8.21,195043"
2025-07-30T09:20:00.000-00:00,"8.25,8.21,8.25,8.2,1343504"
2025-07-30T09:25:00.000-00:00,"8.22,8.23,8.24,8.21,123003"
2025-07-30T09:30:00.000-00:00,"8.23,8.22,8.23,8.21,88046"
2025-07-30T09:35:00.000-00:00,"8.22,8.23,8.23,8.22,61981"
2025-07-30T09:40:00.000-00:00,"8.23,8.2,8.24,8.2,531655"
2025-07-30T09:45:00.000-00:00,"8.22,8.2,8.22,8.2,276487"
2025-07-30T09:50:00.000-00:00,"8.22,8.2,8.22,8.17,373099"
2025-07-30T09:55:00.000-00:00,"8.19,8.15,8.2,8.15,574649"
2025-07-30T10:00:00.000-00:00,"8.16,8.15,8.18,8.14,393451"
2025-07-30T10:05:00.000-00:00,"8.15,8.17,8.17,8.15,340576"
2025-07-30T10:10:00.000-00:00,"8.17,8.17,8.18,8.14,225217"
2025-07-30T10:15:00.000-00:00,"8.15,8.15,8.17,8.15,96694"
2025-07-30T10:20:00.000-00:00,"8.15,8.18,8.18,8.15,138621"
2025-07-30T10:25:00.000-00:00,"8.17,8.16,8.18,8.16,58416"
2025-07-30T10:30:00.000-00:00,"8.16,8.13,8.16,8.13,358353"
2025-07-30T10:35:00.000-00:00,"8.13,8.13,8.15,8.13,116295"
2025-07-30T10:40:00.000-00:00,"8.14,8.14,8.14,8.12,445798"
2025-07-30T10:45:00.000-00:00,"8.13,8.14,8.15,8.13,167816"
2025-07-30T10:50:00.000-00:00,"8.14,8.12,8.14,8.12,147381"
2025-07-30T10:55:00.000-00:00,"8.13,8.08,8.13,8.08,908582"
2025-07-30T11:00:00.000-00:00,"8.08,8.09,8.09,8.06,398598"
2025-07-30T11:05:00.000-00:00,"8.07,8.1,8.1,8.05,1235237"
2025-07-30T11:10:00.000-00:00,"8.1,8.1,8.11,8.08,456901"
2025-07-30T11:15:00.000-00:00,"8.1,8.1,8.1,8.1,165141"
2025-07-30T11:25:00.000-00:00,"8.16,8.16,8.16,8.16,1426335"
2025-07-31T07:00:00.000-00:00,"8.24,8.2,8.25,8.18,421354"
2025-07-31T07:05:00.000-00:00,"8.2,8.23,8.23,8.19,2031731"
2025-07-31T07:10:00.000-00:00,"8.23,8.22,8.24,8.22,258426"
2025-07-31T07:15:00.000-00:00,"8.22,8.21,8.23,8.21,187489"
2025-07-31T07:20:00.000-00:00,"8.21,8.2,8.22,8.2,180766"
2025-07-31T07:25:00.000-00:00,"8.2,8.21,8.22,8.19,349023"
2025-07-31T07:30:00.000-00:00,"8.21,8.22,8.25,8.21,172642"
2025-07-31T07:35:00.000-00:00,"8.22,8.22,8.22,8.22,31810"
2025-07-31T07:40:00.000-00:00,"8.22,8.21,8.22,8.2,448623"
2025-07-31T07:45:00.000-00:00,"8.21,8.25,8.26,8.21,449004"
2025-07-31T07:50:00.000-00:00,"8.25,8.23,8.25,8.23,317721"
2025-07-31T07:55:00.000-00:00,"8.25,8.22,8.25,8.22,55845"
2025-07-31T08:00:00.000-00:00,"8.22,8.23,8.24,8.22,42708"
2025-07-31T08:05:00.000-00:00,"8.22,8.23,8.24,8.22,50948"
2025-07-31T08:10:00.000-00:00,"8.22,8.22,8.22,8.21,235740"
2025-07-31T08:15:00.000-00:00,"8.21,8.19,8.21,8.19,346035"
2025-07-31T08:20:00.000-00:00,"8.2,8.19,8.2,8.19,513275"
2025-07-31T08:25:00.000-00:00,"8.19,8.2,8.2,8.19,164842"
2025-07-31T08:30:00.000-00:00,"8.2,8.21,8.21,8.2,202004"
2025-07-31T08:35:00.000-00:00,"8.2,8.19,8.21,8.19,60317"
2025-07-31T08:40:00.000-00:00,"8.19,8.2,8.21,8.19,84516"
2025-07-31T08:45:00.000-00:00,"8.21,8.2,8.22,8.2,65665"
2025-07-31T08:50:00.000-00:00,"8.19,8.2,8.2,8.19,163968"
2025-07-31T08:55:00.000-00:00,"8.19,8.2,8.21,8.19,118205"
2025-07-31T09:00:00.000-00:00,"8.2,8.2,8.21,8.19,75668"
2025-07-31T09:05:00.000-00:00,"8.2,8.22,8.22,8.2,90415"
2025-07-31T09:10:00.000-00:00,"8.22,8.2,8.22,8.2,31831"
2025-07-31T09:15:00.000-00:00,"8.19,8.19,8.19,8.18,432980"
2025-07-31T09:20:00.000-00:00,"8.18,8.17,8.18,8.16,484105"
2025-07-31T09:25:00.000-00:00,"8.17,8.27,8.28,8.17,1869955"
2025-07-31T09:30:00.000-00:00,"8.22,8.23,8.24,8.21,202351"
2025-07-31T09:35:00.000-00:00,"8.23,8.23,8.23,8.21,27062"
2025-07-31T09:40:00.000-00:00,"8.22,8.24,8.24,8.21,65134"
2025-07-31T09:45:00.000-00:00,"8.22,8.22,8.23,8.22,151330"
2025-07-31T09:50:00.000-00:00,"8.22,8.23,8.23,8.22,146398"
2025-07-31T09:55:00.000-00:00,"8.23,8.24,8.24,8.23,136789"
2025-07-31T10:00:00.000-00:00,"8.23,8.23,8.24,8.23,139749"
2025-07-31T10:05:00.000-00:00,"8.24,8.24,8.25,8.23,397647"
2025-07-31T10:10:00.000-00:00,"8.25,8.24,8.25,8.24,105404"
2025-07-31T10:15:00.000-00:00,"8.24,8.23,8.24,8.23,142085"
2025-07-31T10:20:00.000-00:00,"8.23,8.22,8.24,8.2,1063233"
2025-07-31T10:25:00.000-00:00,"8.22,8.21,8.23,8.2,855659"
2025-07-31T10:30:00.000-00:00,"8.21,8.22,8.23,8.2,604000"
2025-07-31T10:35:00.000-00:00,"8.23,8.22,8.24,8.21,724349"
2025-07-31T10:40:00.000-00:00,"8.23,8.21,8.23,8.21,129297"
2025-07-31T10:45:00.000-00:00,"8.22,8.23,8.23,8.22,32871"
2025-07-31T10:50:00.000-00:00,"8.23,8.25,8.25,8.22,889409"
2025-07-31T10:55:00.000-00:00,"8.25,8.26,8.27,8.25,857219"
2025-07-31T11:00:00.000-00:00,"8.26,8.25,8.27,8.24,773274"
2025-07-31T11:05:00.000-00:00,"8.25,8.27,8.27,8.25,463566"
2025-07-31T11:10:00.000-00:00,"8.27,8.3,8.31,8.26,1255346"
2025-07-31T11:25:00.000-00:00,"8.29,8.29,8.29,8.29,1030331"
2025-08-03T07:00:00.000-00:00,"8.32,8.28,8.34,8.28,149818"
2025-08-03T07:05:00.000-00:00,"8.28,8.29,8.3,8.26,44687"
2025-08-03T07:10:00.000-00:00,"8.29,8.29,8.29,8.27,33217"
2025-08-03T07:15:00.000-00:00,"8.3,8.3,8.31,8.29,121276"
2025-08-03T07:20:00.000-00:00,"8.3,8.29,8.3,8.26,73356"
2025-08-03T07:25:00.000-00:00,"8.29,8.29,8.29,8.27,33458"
2025-08-03T07:30:00.000-00:00,"8.3,8.32,8.33,8.3,282084"
2025-08-03T07:35:00.000-00:00,"8.32,8.33,8.34,8.3,432573"
2025-08-03T07:40:00.000-00:00,"8.33,8.3,8.35,8.3,414852"
2025-08-03T07:45:00.000-00:00,"8.31,8.3,8.33,8.3,111915"
2025-08-03T07:50:00.000-00:00,"8.3,8.3,8.3,8.28,143879"
2025-08-03T07:55:00.000-00:00,"8.3,8.3,8.3,8.29,102233"
2025-08-03T08:00:00.000-00:00,"8.29,8.29,8.32,8.29,175746"
2025-08-03T08:05:00.000-00:00,"8.29,8.23,8.29,8.23,334682"
2025-08-03T08:10:00.000-00:00,"8.24,8.28,8.28,8.23,108285"
2025-08-03T08:15:00.000-00:00,"8.28,8.3,8.3,8.24,298554"
2025-08-03T08:20:00.000-00:00,"8.26,8.29,8.29,8.25,101841"
2025-08-03T08:25:00.000-00:00,"8.26,8.28,8.28,8.26,9159"
2025-08-03T08:30:00.000-00:00,"8.28,8.24,8.29,8.24,149766"
2025-08-03T08:35:00.000-00:00,"8.25,8.25,8.25,8.25,446"
2025-08-03T08:40:00.000-00:00,"8.26,8.26,8.26,8.25,5003"
2025-08-03T08:45:00.000-00:00,"8.28,8.24,8.28,8.24,37796"
2025-08-03T08:50:00.000-00:00,"8.25,8.24,8.28,8.24,78483"
2025-08-03T08:55:00.000-00:00,"8.24,8.27,8.27,8.24,47406"
2025-08-03T09:00:00.000-00:00,"8.27,8.24,8.27,8.24,177685"
2025-08-03T09:05:00.000-00:00,"8.24,8.23,8.24,8.22,67933"
2025-08-03T09:10:00.000-00:00,"8.23,8.24,8.24,8.22,19124"
2025-08-03T09:15:00.000-00:00,"8.23,8.23,8.23,8.22,192513"
2025-08-03T09:20:00.000-00:00,"8.22,8.22,8.22,8.2,311813"
2025-08-03T09:25:00.000-00:00,"8.2,8.19,8.2,8.19,172888"
2025-08-03T09:30:00.000-00:00,"8.2,8.22,8.22,8.19,27714"
2025-08-03T09:35:00.000-00:00,"8.23,8.2,8.23,8.2,141421"
2025-08-03T09:40:00.000-00:00,"8.23,8.23,8.23,8.2,106508"
2025-08-03T09:45:00.000-00:00,"8.2,8.2,8.22,8.2,30931"
2025-08-03T09:50:00.000-00:00,"8.22,8.2,8.22,8.19,171091"
2025-08-03T09:55:00.000-00:00,"8.2,8.2,8.22,8.2,288182"
2025-08-03T10:00:00.000-00:00,"8.2,8.19,8.2,8.18,134629"
2025-08-03T10:05:00.000-00:00,"8.19,8.18,8.19,8.15,247659"
2025-08-03T10:10:00.000-00:00,"8.18,8.19,8.2,8.18,286196"
2025-08-03T10:15:00.000-00:00,"8.19,8.2,8.2,8.17,414374"
2025-08-03T10:20:00.000-00:00,"8.19,8.19,8.19,8.18,7899"
2025-08-03T10:25:00.000-00:00,"8.19,8.2,8.2,8.18,321833"
2025-08-03T10:30:00.000-00:00,"8.2,8.2,8.21,8.19,541490"
2025-08-03T10:35:00.000-00:00,"8.19,8.2,8.2,8.19,183043"
2025-08-03T10:40:00.000-00:00,"8.2,8.2,8.21,8.19,195686"
2025-08-03T10:45:00.000-00:00,"8.19,8.15,8.2,8.15,674158"
2025-08-03T10:50:00.000-00:00,"8.14,8.14,8.18,8.12,402267"
2025-08-03T10:55:00.000-00:00,"8.16,8.16,8.17,8.15,243843"
2025-08-03T11:00:00.000-00:00,"8.16,8.17,8.17,8.15,161746"
2025-08-03T11:05:00.000-00:00,"8.16,8.16,8.17,8.15,232975"
2025-08-03T11:10:00.000-00:00,"8.16,8.17,8.17,8.15,596431"
2025-08-03T11:25:00.000-00:00,"8.15,8.15,8.15,8.15,1652241"
2025-08-04T07:00:00.000-00:00,"8.2,8.23,8.23,8.16,402572"
2025-08-04T07:05:00.000-00:00,"8.23,8.2,8.23,8.18,219633"
2025-08-04T07:10:00.000-00:00,"8.2,8.2,8.2,8.19,229736"
2025-08-04T07:15:00.000-00:00,"8.19,8.2,8.21,8.19,403996"
2025-08-04T07:20:00.000-00:00,"8.21,8.21,8.22,8.2,110168"
2025-08-04T07:25:00.000-00:00,"8.21,8.2,8.21,8.19,262312"
2025-08-04T07:30:00.000-00:00,"8.19,8.19,8.2,8.18,17285"
2025-08-04T07:35:00.000-00:00,"8.19,8.21,8.21,8.19,51516"
2025-08-04T07:40:00.000-00:00,"8.21,8.21,8.22,8.21,47074"
2025-08-04T07:45:00.000-00:00,"8.21,8.22,8.22,8.21,98593"
2025-08-04T07:50:00.000-00:00,"8.23,8.24,8.24,8.21,300989"
2025-08-04T07:55:00.000-00:00,"8.24,8.25,8.25,8.24,525580"
2025-08-04T08:00:00.000-00:00,"8.25,8.26,8.27,8.25,399155"
2025-08-04T08:05:00.000-00:00,"8.26,8.25,8.26,8.25,142719"
2025-08-04T08:10:00.000-00:00,"8.25,8.25,8.26,8.25,71920"
2025-08-04T08:15:00.000-00:00,"8.25,8.23,8.25,8.23,192904"
2025-08-04T08:20:00.000-00:00,"8.24,8.23,8.24,8.23,19800"
2025-08-04T08:25:00.000-00:00,"8.24,8.23,8.25,8.23,50915"
2025-08-04T08:30:00.000-00:00,"8.24,8.24,8.24,8.23,9357"
2025-08-04T08:35:00.000-00:00,"8.23,8.25,8.25,8.23,103398"
2025-08-04T08:40:00.000-00:00,"8.24,8.25,8.25,8.23,197854"
2025-08-04T08:45:00.000-00:00,"8.25,8.25,8.26,8.24,287102"
2025-08-04T08:50:00.000-00:00,"8.25,8.25,8.26,8.25,89791"
2025-08-04T08:55:00.000-00:00,"8.26,8.25,8.26,8.25,112404"
2025-08-04T09:00:00.000-00:00,"8.25,8.25,8.26,8.21,300517"
2025-08-04T09:05:00.000-00:00,"8.25,8.22,8.25,8.22,15574"
2025-08-04T09:10:00.000-00:00,"8.22,8.24,8.24,8.22,17946"
2025-08-04T09:15:00.000-00:00,"8.22,8.22,8.22,8.22,22152"
2025-08-04T09:20:00.000-00:00,"8.24,8.25,8.25,8.23,61620"
2025-08-04T09:25:00.000-00:00,"8.24,8.25,8.25,8.23,45184"
2025-08-04T09:30:00.000-00:00,"8.23,8.24,8.24,8.22,82770"
2025-08-04T09:35:00.000-00:00,"8.23,8.21,8.23,8.21,323937"
2025-08-04T09:40:00.000-00:00,"8.21,8.21,8.21,8.2,73646"
2025-08-04T09:45:00.000-00:00,"8.21,8.19,8.21,8.19,1267156"
2025-08-04T09:50:00.000-00:00,"8.19,8.2,8.2,8.19,149384"
2025-08-04T09:55:00.000-00:00,"8.2,8.18,8.2,8.18,119177"
2025-08-04T10:00:00.000-00:00,"8.19,8.18,8.2,8.18,204488"
2025-08-04T10:05:00.000-00:00,"8.18,8.18,8.19,8.18,92860"
2025-08-04T10:10:00.000-00:00,"8.19,8.19,8.2,8.19,133210"
2025-08-04T10:15:00.000-00:00,"8.2,8.21,8.21,8.19,795404"
2025-08-04T10:20:00.000-00:00,"8.21,8.22,8.23,8.21,51524"
2025-08-04T10:25:00.000-00:00,"8.23,8.23,8.23,8.22,41639"
2025-08-04T10:30:00.000-00:00,"8.23,8.23,8.24,8.22,83859"
2025-08-04T10:35:00.000-00:00,"8.23,8.21,8.24,8.21,372318"
2025-08-04T10:40:00.000-00:00,"8.21,8.22,8.22,8.2,416985"
2025-08-04T10:45:00.000-00:00,"8.2,8.2,8.2,8.19,74110"
2025-08-04T10:50:00.000-00:00,"8.2,8.19,8.21,8.19,406551"
2025-08-04T10:55:00.000-00:00,"8.19,8.21,8.21,8.19,186339"
2025-08-04T11:00:00.000-00:00,"8.2,8.2,8.22,8.2,1252309"
2025-08-04T11:05:00.000-00:00,"8.2,8.23,8.23,8.2,602150"
2025-08-04T11:10:00.000-00:00,"8.23,8.23,8.24,8.22,542755"
2025-08-04T11:25:00.000-00:00,"8.23,8.23,8.23,8.23,443254"
2025-08-05T07:00:00.000-00:00,"8.23,8.25,8.26,8.23,76971"
2025-08-05T07:05:00.000-00:00,"8.26,8.27,8.28,8.26,79697"
2025-08-05T07:10:00.000-00:00,"8.27,8.27,8.28,8.25,167803"
2025-08-05T07:15:00.000-00:00,"8.27,8.26,8.27,8.26,39389"
2025-08-05T07:20:00.000-00:00,"8.26,8.26,8.26,8.25,65513"
2025-08-05T07:25:00.000-00:00,"8.25,8.25,8.26,8.25,12717"
2025-08-05T07:30:00.000-00:00,"8.25,8.24,8.25,8.24,13806"
2025-08-05T07:35:00.000-00:00,"8.25,8.26,8.26,8.24,76122"
2025-08-05T07:40:00.000-00:00,"8.25,8.26,8.26,8.25,37720"
2025-08-05T07:45:00.000-00:00,"8.26,8.25,8.26,8.24,30880"
2025-08-05T07:50:00.000-00:00,"8.24,8.26,8.27,8.24,260458"
2025-08-05T07:55:00.000-00:00,"8.26,8.25,8.26,8.25,103212"
2025-08-05T08:00:00.000-00:00,"8.25,8.25,8.26,8.25,77041"
2025-08-05T08:05:00.000-00:00,"8.26,8.24,8.26,8.24,85533"
2025-08-05T08:10:00.000-00:00,"8.25,8.25,8.26,8.25,9372"
2025-08-05T08:15:00.000-00:00,"8.25,8.25,8.26,8.25,36119"
2025-08-05T08:20:00.000-00:00,"8.25,8.27,8.27,8.25,116643"
2025-08-05T08:25:00.000-00:00,"8.26,8.25,8.26,8.25,12807"
2025-08-05T08:30:00.000-00:00,"8.26,8.26,8.26,8.25,5662"
2025-08-05T08:35:00.000-00:00,"8.26,8.26,8.3,8.26,347408"
2025-08-05T08:40:00.000-00:00,"8.28,8.29,8.29,8.27,55283"
2025-08-05T08:45:00.000-00:00,"8.28,8.33,8.33,8.28,860786"
2025-08-05T08:50:00.000-00:00,"8.33,8.31,8.34,8.3,1353524"
2025-08-05T08:55:00.000-00:00,"8.31,8.31,8.32,8.3,419547"
2025-08-05T09:00:00.000-00:00,"8.31,8.31,8.32,8.3,121605"
2025-08-05T09:05:00.000-00:00,"8.31,8.32,8.32,8.3,425331"
2025-08-05T09:10:00.000-00:00,"8.31,8.31,8.32,8.3,92932"
2025-08-05T09:15:00.000-00:00,"8.32,8.32,8.32,8.31,8047"
2025-08-05T09:20:00.000-00:00,"8.31,8.32,8.32,8.31,81405"
2025-08-05T09:25:00.000-00:00,"8.32,8.31,8.33,8.31,27958"
2025-08-05T09:30:00.000-00:00,"8.31,8.32,8.33,8.31,41129"
2025-08-05T09:35:00.000-00:00,"8.33,8.33,8.34,8.32,160148"
2025-08-05T09:40:00.000-00:00,"8.33,8.34,8.34,8.32,37682"
2025-08-05T09:45:00.000-00:00,"8.32,8.33,8.34,8.32,21667"
2025-08-05T09:50:00.000-00:00,"8.32,8.32,8.33,8.32,55060"
2025-08-05T09:55:00.000-00:00,"8.32,8.31,8.33,8.31,24298"
2025-08-05T10:00:00.000-00:00,"8.31,8.32,8.32,8.31,22525"
2025-08-05T10:05:00.000-00:00,"8.31,8.31,8.31,8.31,19176"
2025-08-05T10:10:00.000-00:00,"8.31,8.26,8.32,8.26,235995"
2025-08-05T10:15:00.000-00:00,"8.26,8.29,8.29,8.26,10916"
2025-08-05T10:20:00.000-00:00,"8.29,8.25,8.29,8.25,141258"
2025-08-05T10:25:00.000-00:00,"8.28,8.28,8.28,8.26,6570"
2025-08-05T10:30:00.000-00:00,"8.28,8.25,8.28,8.25,93373"
2025-08-05T10:35:00.000-00:00,"8.25,8.24,8.26,8.24,98846"
2025-08-05T10:40:00.000-00:00,"8.25,8.27,8.27,8.24,93918"
2025-08-05T10:45:00.000-00:00,"8.27,8.26,8.27,8.25,48227"
2025-08-05T10:50:00.000-00:00,"8.27,8.26,8.27,8.26,335308"
2025-08-05T10:55:00.000-00:00,"8.25,8.27,8.27,8.25,49064"
2025-08-05T11:00:00.000-00:00,"8.26,8.26,8.26,8.25,430018"
2025-08-05T11:05:00.000-00:00,"8.26,8.25,8.26,8.24,335346"
2025-08-05T11:10:00.000-00:00,"8.25,8.25,8.26,8.24,548564"
2025-08-05T11:25:00.000-00:00,"8.26,8.26,8.26,8.26,531999"
2025-08-06T07:00:00.000-00:00,"8.26,8.35,8.35,8.26,410526"
2025-08-06T07:05:00.000-00:00,"8.34,8.32,8.35,8.3,115440"
2025-08-06T07:10:00.000-00:00,"8.32,8.32,8.33,8.32,39360"
2025-08-06T07:15:00.000-00:00,"8.33,8.32,8.33,8.32,97248"
2025-08-06T07:20:00.000-00:00,"8.32,8.32,8.33,8.31,29139"
2025-08-06T07:25:00.000-00:00,"8.32,8.32,8.33,8.32,56609"
2025-08-06T07:30:00.000-00:00,"8.32,8.32,8.33,8.32,124158"
2025-08-06T07:35:00.000-00:00,"8.32,8.3,8.32,8.29,342259"
2025-08-06T07:40:00.000-00:00,"8.3,8.29,8.3,8.29,98982"
2025-08-06T07:45:00.000-00:00,"8.3,8.3,8.32,8.3,452380"
2025-08-06T07:50:00.000-00:00,"8.3,8.3,8.3,8.3,216500"
2025-08-06T07:55:00.000-00:00,"8.3,8.29,8.3,8.28,215922"
2025-08-06T08:00:00.000-00:00,"8.3,8.29,8.3,8.28,100816"
2025-08-06T08:05:00.000-00:00,"8.29,8.3,8.31,8.29,105967"
2025-08-06T08:10:00.000-00:00,"8.3,8.28,8.3,8.27,353116"
2025-08-06T08:15:00.000-00:00,"8.29,8.29,8.29,8.28,36154"
2025-08-06T08:20:00.000-00:00,"8.28,8.28,8.29,8.27,162621"
2025-08-06T08:25:00.000-00:00,"8.28,8.26,8.28,8.26,282703"
2025-08-06T08:30:00.000-00:00,"8.27,8.27,8.27,8.26,24743"
2025-08-06T08:35:00.000-00:00,"8.27,8.24,8.27,8.23,383534"
2025-08-06T08:40:00.000-00:00,"8.25,8.22,8.25,8.2,763068"
2025-08-06T08:45:00.000-00:00,"8.21,8.22,8.22,8.2,581198"
2025-08-06T08:50:00.000-00:00,"8.21,8.23,8.23,8.21,293425"
2025-08-06T08:55:00.000-00:00,"8.24,8.25,8.25,8.23,400827"
2025-08-06T09:00:00.000-00:00,"8.24,8.24,8.25,8.24,430284"
2025-08-06T09:05:00.000-00:00,"8.24,8.26,8.28,8.24,729320"
2025-08-06T09:10:00.000-00:00,"8.26,8.28,8.28,8.26,112994"
2025-08-06T09:15:00.000-00:00,"8.28,8.27,8.28,8.26,102561"
2025-08-06T09:20:00.000-00:00,"8.26,8.26,8.27,8.25,284260"
2025-08-06T09:25:00.000-00:00,"8.26,8.26,8.26,8.25,497870"
2025-08-06T09:30:00.000-00:00,"8.25,8.24,8.26,8.24,737084"
2025-08-06T09:35:00.000-00:00,"8.25,8.24,8.25,8.24,175027"
2025-08-06T09:40:00.000-00:00,"8.24,8.25,8.25,8.24,264580"
2025-08-06T09:45:00.000-00:00,"8.25,8.24,8.25,8.24,123581"
2025-08-06T09:50:00.000-00:00,"8.24,8.25,8.25,8.24,39431"
2025-08-06T09:55:00.000-00:00,"8.25,8.25,8.26,8.24,324925"
2025-08-06T10:00:00.000-00:00,"8.26,8.25,8.26,8.24,396332"
2025-08-06T10:05:00.000-00:00,"8.25,8.25,8.26,8.25,212734"
2025-08-06T10:10:00.000-00:00,"8.26,8.25,8.26,8.25,64816"
2025-08-06T10:15:00.000-00:00,"8.25,8.25,8.26,8.25,362940"
2025-08-06T10:20:00.000-00:00,"8.25,8.24,8.26,8.24,442043"
2025-08-06T10:25:00.000-00:00,"8.24,8.23,8.24,8.22,737767"
2025-08-06T10:30:00.000-00:00,"8.23,8.22,8.23,8.22,232445"
2025-08-06T10:35:00.000-00:00,"8.22,8.22,8.23,8.21,232768"
2025-08-06T10:40:00.000-00:00,"8.22,8.22,8.24,8.22,235348"
2025-08-06T10:45:00.000-00:00,"8.22,8.25,8.25,8.22,484816"
2025-08-06T10:50:00.000-00:00,"8.26,8.26,8.26,8.25,145228"
2025-08-06T10:55:00.000-00:00,"8.26,8.27,8.27,8.25,283754"
2025-08-06T11:00:00.000-00:00,"8.25,8.26,8.26,8.25,33031"
2025-08-06T11:05:00.000-00:00,"8.26,8.26,8.26,8.25,65136"
2025-08-06T11:10:00.000-00:00,"8.26,8.26,8.27,8.25,147971"
2025-08-06T11:25:00.000-00:00,"8.28,8.28,8.28,8.28,419425"
2025-08-07T07:00:00.000-00:00,"8.3,8.3,8.3,8.28,41815"
2025-08-07T07:05:00.000-00:00,"8.3,8.3,8.31,8.3,79291"
2025-08-07T07:10:00.000-00:00,"8.31,8.29,8.31,8.27,25078"
2025-08-07T07:15:00.000-00:00,"8.29,8.27,8.29,8.27,208333"
2025-08-07T07:20:00.000-00:00,"8.28,8.29,8.29,8.27,7279"
2025-08-07T07:25:00.000-00:00,"8.29,8.27,8.29,8.27,1269"
2025-08-07T07:30:00.000-00:00,"8.27,8.29,8.29,8.25,240503"
2025-08-07T07:35:00.000-00:00,"8.28,8.29,8.29,8.26,2972"
2025-08-07T07:40:00.000-00:00,"8.26,8.27,8.29,8.25,48903"
2025-08-07T07:45:00.000-00:00,"8.27,8.25,8.27,8.25,159115"
2025-08-07T07:50:00.000-00:00,"8.26,8.24,8.26,8.24,282021"
2025-08-07T07:55:00.000-00:00,"8.24,8.27,8.27,8.24,203461"
2025-08-07T08:00:00.000-00:00,"8.25,8.27,8.27,8.25,41634"
2025-08-07T08:05:00.000-00:00,"8.26,8.27,8.27,8.25,156957"
2025-08-07T08:10:00.000-00:00,"8.27,8.28,8.29,8.27,76262"
2025-08-07T08:15:00.000-00:00,"8.28,8.28,8.29,8.28,33691"
2025-08-07T08:20:00.000-00:00,"8.28,8.27,8.28,8.27,1809"
2025-08-07T08:25:00.000-00:00,"8.26,8.26,8.27,8.26,9087"
2025-08-07T08:30:00.000-00:00,"8.26,8.26,8.26,8.26,4700"
2025-08-07T08:35:00.000-00:00,"8.26,8.27,8.27,8.26,32085"
2025-08-07T08:40:00.000-00:00,"8.27,8.27,8.27,8.26,68153"
2025-08-07T08:45:00.000-00:00,"8.27,8.27,8.28,8.27,2112"
2025-08-07T08:50:00.000-00:00,"8.27,8.28,8.28,8.27,84768"
2025-08-07T08:55:00.000-00:00,"8.27,8.28,8.29,8.27,71079"
2025-08-07T09:00:00.000-00:00,"8.28,8.28,8.29,8.28,15252"
2025-08-07T09:05:00.000-00:00,"8.28,8.27,8.28,8.27,15550"
2025-08-07T09:10:00.000-00:00,"8.28,8.27,8.28,8.27,35498"
2025-08-07T09:15:00.000-00:00,"8.27,8.27,8.28,8.27,173488"
2025-08-07T09:20:00.000-00:00,"8.26,8.27,8.27,8.26,801518"
2025-08-07T09:25:00.000-00:00,"8.27,8.28,8.28,8.27,39992"
2025-08-07T09:30:00.000-00:00,"8.28,8.28,8.28,8.28,32000"
2025-08-07T09:35:00.000-00:00,"8.28,8.27,8.28,8.27,23249"
2025-08-07T09:40:00.000-00:00,"8.27,8.28,8.28,8.26,488152"
2025-08-07T09:45:00.000-00:00,"8.28,8.28,8.28,8.27,26725"
2025-08-07T09:50:00.000-00:00,"8.27,8.27,8.28,8.27,63791"
2025-08-07T09:55:00.000-00:00,"8.27,8.27,8.28,8.27,130298"
2025-08-07T10:00:00.000-00:00,"8.27,8.28,8.28,8.27,9050"
2025-08-07T10:05:00.000-00:00,"8.28,8.27,8.28,8.27,203751"
2025-08-07T10:10:00.000-00:00,"8.28,8.28,8.28,8.27,132197"
2025-08-07T10:15:00.000-00:00,"8.27,8.28,8.28,8.27,315164"
2025-08-07T10:20:00.000-00:00,"8.28,8.28,8.28,8.27,358205"
2025-08-07T10:25:00.000-00:00,"8.28,8.28,8.28,8.27,29309"
2025-08-07T10:30:00.000-00:00,"8.27,8.27,8.28,8.26,328404"
2025-08-07T10:35:00.000-00:00,"8.27,8.28,8.29,8.26,145554"
2025-08-07T10:40:00.000-00:00,"8.27,8.28,8.28,8.26,126899"
2025-08-07T10:45:00.000-00:00,"8.28,8.28,8.28,8.27,21884"
2025-08-07T10:50:00.000-00:00,"8.27,8.28,8.28,8.26,233942"
2025-08-07T10:55:00.000-00:00,"8.28,8.26,8.28,8.26,68758"
2025-08-07T11:00:00.000-00:00,"8.27,8.26,8.27,8.25,294294"
2025-08-07T11:05:00.000-00:00,"8.26,8.27,8.28,8.26,300748"
2025-08-07T11:10:00.000-00:00,"8.28,8.28,8.28,8.26,189878"
2025-08-07T11:25:00.000-00:00,"8.28,8.28,8.28,8.28,299822"
2025-08-10T07:00:00.000-00:00,"8.3,8.32,8.32,8.27,53929"
2025-08-10T07:05:00.000-00:00,"8.32,8.32,8.32,8.29,66562"
2025-08-10T07:10:00.000-00:00,"8.31,8.31,8.31,8.29,122309"
2025-08-10T07:15:00.000-00:00,"8.3,8.31,8.32,8.3,34836"
2025-08-10T07:20:00.000-00:00,"8.31,8.32,8.32,8.31,51968"
2025-08-10T07:25:00.000-00:00,"8.32,8.34,8.35,8.32,766794"
2025-08-10T07:30:00.000-00:00,"8.33,8.33,8.34,8.32,126504"
2025-08-10T07:35:00.000-00:00,"8.33,8.34,8.35,8.32,143859"
2025-08-10T07:40:00.000-00:00,"8.34,8.35,8.35,8.32,473333"
2025-08-10T07:45:00.000-00:00,"8.35,8.34,8.36,8.33,209567"
2025-08-10T07:50:00.000-00:00,"8.34,8.34,8.34,8.33,57180"
2025-08-10T07:55:00.000-00:00,"8.34,8.35,8.35,8.33,238799"
2025-08-10T08:00:00.000-00:00,"8.33,8.34,8.36,8.33,308717"
2025-08-10T08:05:00.000-00:00,"8.33,8.34,8.35,8.33,164989"
2025-08-10T08:10:00.000-00:00,"8.34,8.33,8.35,8.33,138729"
2025-08-10T08:15:00.000-00:00,"8.33,8.33,8.34,8.33,112395"
2025-08-10T08:20:00.000-00:00,"8.33,8.35,8.36,8.32,604804"
2025-08-10T08:25:00.000-00:00,"8.35,8.36,8.36,8.34,157210"
2025-08-10T08:30:00.000-00:00,"8.35,8.35,8.35,8.33,48214"
2025-08-10T08:35:00.000-00:00,"8.34,8.35,8.35,8.34,20343"
2025-08-10T08:40:00.000-00:00,"8.34,8.35,8.35,8.34,24066"
2025-08-10T08:45:00.000-00:00,"8.35,8.33,8.35,8.33,39245"
2025-08-10T08:50:00.000-00:00,"8.34,8.34,8.35,8.32,66625"
2025-08-10T08:55:00.000-00:00,"8.33,8.34,8.34,8.33,166796"
2025-08-10T09:00:00.000-00:00,"8.34,8.33,8.35,8.33,34250"
2025-08-10T09:05:00.000-00:00,"8.33,8.34,8.34,8.33,100618"
2025-08-10T09:10:00.000-00:00,"8.33,8.29,8.33,8.29,1469631"
2025-08-10T09:15:00.000-00:00,"8.3,8.29,8.32,8.28,787479"
2025-08-10T09:20:00.000-00:00,"8.29,8.3,8.3,8.28,662892"
2025-08-10T09:25:00.000-00:00,"8.3,8.3,8.3,8.29,253761"
2025-08-10T09:30:00.000-00:00,"8.3,8.3,8.32,8.29,408812"
2025-08-10T09:35:00.000-00:00,"8.3,8.3,8.32,8.3,611182"
2025-08-10T09:40:00.000-00:00,"8.3,8.3,8.32,8.3,349049"
2025-08-10T09:45:00.000-00:00,"8.3,8.29,8.3,8.29,136024"
2025-08-10T09:50:00.000-00:00,"8.29,8.3,8.3,8.28,32546"
2025-08-10T09:55:00.000-00:00,"8.29,8.3,8.3,8.29,20949"
2025-08-10T10:00:00.000-00:00,"8.29,8.3,8.3,8.29,174568"
2025-08-10T10:05:00.000-00:00,"8.29,8.29,8.3,8.29,135860"
2025-08-10T10:10:00.000-00:00,"8.29,8.29,8.29,8.28,153767"
2025-08-10T10:15:00.000-00:00,"8.29,8.29,8.3,8.28,380258"
2025-08-10T10:20:00.000-00:00,"8.3,8.28,8.3,8.28,467550"
2025-08-10T10:25:00.000-00:00,"8.29,8.3,8.3,8.28,52110"
2025-08-10T10:30:00.000-00:00,"8.29,8.3,8.3,8.29,312882"
2025-08-10T10:35:00.000-00:00,"8.3,8.31,8.31,8.29,260848"
2025-08-10T10:40:00.000-00:00,"8.3,8.3,8.31,8.29,85860"
2025-08-10T10:45:00.000-00:00,"8.3,8.32,8.32,8.3,266459"
2025-08-10T10:50:00.000-00:00,"8.32,8.32,8.33,8.32,18553"
2025-08-10T10:55:00.000-00:00,"8.33,8.32,8.33,8.31,82376"
2025-08-10T11:00:00.000-00:00,"8.31,8.31,8.32,8.3,87738"
2025-08-10T11:05:00.000-00:00,"8.32,8.33,8.34,8.31,371183"
2025-08-10T11:10:00.000-00:00,"8.33,8.35,8.36,8.33,2726604"
2025-08-10T11:25:00.000-00:00,"8.35,8.35,8.35,8.35,857458"
2025-08-11T07:00:00.000-00:00,"8.37,8.39,8.4,8.37,814137"
2025-08-11T07:05:00.000-00:00,"8.4,8.38,8.4,8.38,43067"
2025-08-11T07:10:00.000-00:00,"8.38,8.37,8.38,8.36,100038"
2025-08-11T07:15:00.000-00:00,"8.37,8.38,8.38,8.36,168365"
2025-08-11T07:20:00.000-00:00,"8.37,8.38,8.39,8.37,232101"
2025-08-11T07:25:00.000-00:00,"8.39,8.39,8.39,8.38,89611"
2025-08-11T07:30:00.000-00:00,"8.39,8.38,8.39,8.37,407541"
2025-08-11T07:35:00.000-00:00,"8.38,8.37,8.38,8.37,388979"
2025-08-11T07:40:00.000-00:00,"8.37,8.37,8.38,8.36,393437"
2025-08-11T07:45:00.000-00:00,"8.37,8.38,8.38,8.37,564028"
2025-08-11T07:50:00.000-00:00,"8.38,8.38,8.38,8.37,175857"
2025-08-11T07:55:00.000-00:00,"8.38,8.38,8.39,8.38,249061"
2025-08-11T08:00:00.000-00:00,"8.38,8.39,8.39,8.37,317537"
2025-08-11T08:05:00.000-00:00,"8.39,8.39,8.39,8.37,61904"
2025-08-11T08:10:00.000-00:00,"8.38,8.39,8.39,8.38,28877"
2025-08-11T08:15:00.000-00:00,"8.39,8.38,8.39,8.37,104766"
2025-08-11T08:20:00.000-00:00,"8.38,8.4,8.4,8.38,357962"
2025-08-11T08:25:00.000-00:00,"8.39,8.41,8.43,8.39,1026193"
2025-08-11T08:30:00.000-00:00,"8.41,8.4,8.42,8.4,338471"
2025-08-11T08:35:00.000-00:00,"8.4,8.39,8.4,8.39,254105"
2025-08-11T08:40:00.000-00:00,"8.4,8.4,8.41,8.39,91466"
2025-08-11T08:45:00.000-00:00,"8.41,8.41,8.41,8.39,310717"
2025-08-11T08:50:00.000-00:00,"8.41,8.4,8.41,8.39,39005"
2025-08-11T08:55:00.000-00:00,"8.4,8.39,8.4,8.39,131534"
2025-08-11T09:00:00.000-00:00,"8.4,8.39,8.4,8.39,120272"
2025-08-11T09:05:00.000-00:00,"8.39,8.4,8.4,8.39,81325"
2025-08-11T09:10:00.000-00:00,"8.4,8.4,8.4,8.39,22965"
2025-08-11T09:15:00.000-00:00,"8.4,8.38,8.4,8.38,289601"
2025-08-11T09:20:00.000-00:00,"8.38,8.36,8.38,8.36,991158"
2025-08-11T09:25:00.000-00:00,"8.36,8.35,8.36,8.35,462698"
2025-08-11T09:30:00.000-00:00,"8.35,8.36,8.36,8.34,83356"
2025-08-11T09:35:00.000-00:00,"8.36,8.35,8.37,8.35,157505"
2025-08-11T09:40:00.000-00:00,"8.35,8.37,8.37,8.35,13661"
2025-08-11T09:45:00.000-00:00,"8.36,8.37,8.37,8.36,54674"
2025-08-11T09:50:00.000-00:00,"8.37,8.37,8.37,8.36,33286"
2025-08-11T09:55:00.000-00:00,"8.37,8.37,8.37,8.37,20928"
2025-08-11T10:00:00.000-00:00,"8.37,8.37,8.37,8.36,26482"
2025-08-11T10:05:00.000-00:00,"8.36,8.31,8.37,8.31,1109999"
2025-08-11T10:10:00.000-00:00,"8.31,8.32,8.34,8.31,599897"
2025-08-11T10:15:00.000-00:00,"8.33,8.36,8.36,8.31,771759"
2025-08-11T10:20:00.000-00:00,"8.36,8.33,8.37,8.33,62980"
2025-08-11T10:25:00.000-00:00,"8.34,8.35,8.35,8.34,49007"
2025-08-11T10:30:00.000-00:00,"8.35,8.35,8.35,8.34,52831"
2025-08-11T10:35:00.000-00:00,"8.35,8.35,8.36,8.35,150680"
2025-08-11T10:40:00.000-00:00,"8.35,8.35,8.35,8.35,54689"
2025-08-11T10:45:00.000-00:00,"8.35,8.33,8.35,8.32,163427"
2025-08-11T10:50:00.000-00:00,"8.33,8.35,8.35,8.33,48509"
2025-08-11T10:55:00.000-00:00,"8.35,8.34,8.35,8.33,36815"
2025-08-11T11:00:00.000-00:00,"8.35,8.33,8.35,8.33,213294"
2025-08-11T11:05:00.000-00:00,"8.33,8.34,8.34,8.33,201818"
2025-08-11T11:10:00.000-00:00,"8.33,8.33,8.33,8.32,367405"
2025-08-11T11:25:00.000-00:00,"8.31,8.31,8.31,8.31,802841"
2025-08-12T07:00:00.000-00:00,"8.33,8.33,8.35,8.32,33145"
2025-08-12T07:05:00.000-00:00,"8.33,8.33,8.34,8.33,56020"
2025-08-12T07:10:00.000-00:00,"8.33,8.34,8.34,8.32,98603"
2025-08-12T07:15:00.000-00:00,"8.34,8.33,8.34,8.33,40355"
2025-08-12T07:20:00.000-00:00,"8.33,8.34,8.34,8.33,31540"
2025-08-12T07:25:00.000-00:00,"8.33,8.33,8.34,8.33,25799"
2025-08-12T07:30:00.000-00:00,"8.34,8.33,8.34,8.33,49644"
2025-08-12T07:35:00.000-00:00,"8.32,8.32,8.33,8.32,26039"
2025-08-12T07:40:00.000-00:00,"8.32,8.3,8.33,8.3,157670"
2025-08-12T07:45:00.000-00:00,"8.31,8.3,8.31,8.29,265164"
2025-08-12T07:50:00.000-00:00,"8.29,8.29,8.3,8.29,17149"
2025-08-12T07:55:00.000-00:00,"8.3,8.29,8.3,8.29,37810"
2025-08-12T08:00:00.000-00:00,"8.29,8.28,8.29,8.28,372922"
2025-08-12T08:05:00.000-00:00,"8.28,8.28,8.28,8.28,178953"
2025-08-12T08:10:00.000-00:00,"8.28,8.29,8.29,8.28,3070"
2025-08-12T08:15:00.000-00:00,"8.28,8.28,8.29,8.28,78512"
2025-08-12T08:20:00.000-00:00,"8.28,8.28,8.29,8.28,170396"
2025-08-12T08:25:00.000-00:00,"8.28,8.28,8.29,8.28,418614"
2025-08-12T08:30:00.000-00:00,"8.28,8.3,8.3,8.28,44147"
2025-08-12T08:35:00.000-00:00,"8.3,8.29,8.3,8.29,5549"
2025-08-12T08:40:00.000-00:00,"8.3,8.3,8.3,8.29,298"
2025-08-12T08:45:00.000-00:00,"8.3,8.3,8.3,8.3,41329"
2025-08-12T08:50:00.000-00:00,"8.31,8.3,8.31,8.3,96000"
2025-08-12T08:55:00.000-00:00,"8.3,8.3,8.3,8.3,67642"
2025-08-12T09:00:00.000-00:00,"8.29,8.3,8.3,8.29,79612"
2025-08-12T09:05:00.000-00:00,"8.29,8.29,8.3,8.28,346930"
2025-08-12T09:10:00.000-00:00,"8.28,8.28,8.29,8.28,142794"
2025-08-12T09:15:00.000-00:00,"8.28,8.28,8.29,8.28,428719"
2025-08-12T09:20:00.000-00:00,"8.28,8.28,8.28,8.28,225102"
2025-08-12T09:25:00.000-00:00,"8.28,8.28,8.29,8.27,301098"
2025-08-12T09:30:00.000-00:00,"8.27,8.27,8.28,8.25,307548"
2025-08-12T09:35:00.000-00:00,"8.28,8.28,8.29,8.27,351074"
2025-08-12T09:40:00.000-00:00,"8.28,8.28,8.29,8.27,622750"
2025-08-12T09:45:00.000-00:00,"8.27,8.29,8.29,8.27,111977"
2025-08-12T09:50:00.000-00:00,"8.29,8.28,8.29,8.27,215875"
2025-08-12T09:55:00.000-00:00,"8.28,8.29,8.3,8.28,714617"
2025-08-12T10:00:00.000-00:00,"8.29,8.29,8.3,8.29,26169"
2025-08-12T10:05:00.000-00:00,"8.29,8.29,8.29,8.28,28770"
2025-08-12T10:10:00.000-00:00,"8.29,8.3,8.3,8.29,4164"
2025-08-12T10:15:00.000-00:00,"8.29,8.3,8.3,8.29,56077"
2025-08-12T10:20:00.000-00:00,"8.3,8.28,8.3,8.28,31609"
2025-08-12T10:25:00.000-00:00,"8.29,8.29,8.29,8.28,100204"
2025-08-12T10:30:00.000-00:00,"8.28,8.29,8.29,8.28,63567"
2025-08-12T10:35:00.000-00:00,"8.28,8.28,8.29,8.28,17239"
2025-08-12T10:40:00.000-00:00,"8.28,8.29,8.29,8.28,202754"
2025-08-12T10:45:00.000-00:00,"8.29,8.28,8.29,8.27,304006"
2025-08-12T10:50:00.000-00:00,"8.29,8.28,8.29,8.28,26145"
2025-08-12T10:55:00.000-00:00,"8.29,8.29,8.29,8.29,53200"
2025-08-12T11:00:00.000-00:00,"8.28,8.28,8.29,8.27,565420"
2025-08-12T11:05:00.000-00:00,"8.28,8.28,8.29,8.28,280375"
2025-08-12T11:10:00.000-00:00,"8.28,8.25,8.28,8.25,808008"
2025-08-12T11:25:00.000-00:00,"8.21,8.21,8.21,8.21,772160"
2025-08-13T07:00:00.000-00:00,"8.24,8.28,8.36,8.23,813617"
2025-08-13T07:05:00.000-00:00,"8.28,8.26,8.29,8.26,41163"
2025-08-13T07:10:00.000-00:00,"8.26,8.27,8.28,8.26,10023"
2025-08-13T07:15:00.000-00:00,"8.26,8.27,8.27,8.26,21889"
2025-08-13T07:20:00.000-00:00,"8.27,8.25,8.28,8.25,47047"
2025-08-13T07:25:00.000-00:00,"8.25,8.28,8.28,8.25,46737"
2025-08-13T07:30:00.000-00:00,"8.27,8.26,8.27,8.26,61000"
2025-08-13T07:35:00.000-00:00,"8.26,8.25,8.28,8.25,31779"
2025-08-13T07:40:00.000-00:00,"8.27,8.27,8.27,8.26,7783"
2025-08-13T07:45:00.000-00:00,"8.27,8.27,8.28,8.27,2472"
2025-08-13T07:50:00.000-00:00,"8.27,8.26,8.27,8.26,17542"
2025-08-13T07:55:00.000-00:00,"8.26,8.25,8.27,8.25,40673"
2025-08-13T08:00:00.000-00:00,"8.25,8.26,8.27,8.25,45861"
2025-08-13T08:05:00.000-00:00,"8.26,8.26,8.27,8.25,59859"
2025-08-13T08:10:00.000-00:00,"8.25,8.26,8.26,8.24,156873"
2025-08-13T08:15:00.000-00:00,"8.26,8.25,8.26,8.25,22933"
2025-08-13T08:20:00.000-00:00,"8.26,8.27,8.27,8.26,73849"
2025-08-13T08:25:00.000-00:00,"8.27,8.26,8.27,8.26,4282"
2025-08-13T08:30:00.000-00:00,"8.27,8.27,8.27,8.26,1551"
2025-08-13T08:35:00.000-00:00,"8.27,8.27,8.27,8.26,30591"
2025-08-13T08:40:00.000-00:00,"8.27,8.26,8.27,8.26,12476"
2025-08-13T08:45:00.000-00:00,"8.26,8.26,8.27,8.26,53314"
2025-08-13T08:50:00.000-00:00,"8.27,8.26,8.27,8.26,101700"
2025-08-13T08:55:00.000-00:00,"8.25,8.25,8.26,8.25,78056"
2025-08-13T09:00:00.000-00:00,"8.24,8.25,8.25,8.24,87000"
2025-08-13T09:05:00.000-00:00,"8.24,8.25,8.25,8.24,21000"
2025-08-13T09:10:00.000-00:00,"8.24,8.24,8.24,8.24,6300"
2025-08-13T09:15:00.000-00:00,"8.24,8.23,8.25,8.23,2612"
2025-08-13T09:20:00.000-00:00,"8.23,8.25,8.25,8.23,18289"
2025-08-13T09:25:00.000-00:00,"8.25,8.23,8.25,8.23,37337"
2025-08-13T09:30:00.000-00:00,"8.24,8.23,8.24,8.23,103810"
2025-08-13T09:35:00.000-00:00,"8.23,8.23,8.24,8.23,75602"
2025-08-13T09:40:00.000-00:00,"8.24,8.23,8.24,8.23,6617"
2025-08-13T09:45:00.000-00:00,"8.23,8.24,8.24,8.23,6012"
2025-08-13T09:50:00.000-00:00,"8.24,8.23,8.24,8.23,7074"
2025-08-13T09:55:00.000-00:00,"8.23,8.23,8.23,8.2,489022"
2025-08-13T10:00:00.000-00:00,"8.2,8.2,8.2,8.19,107421"
2025-08-13T10:05:00.000-00:00,"8.2,8.18,8.2,8.17,360212"
2025-08-13T10:10:00.000-00:00,"8.2,8.18,8.2,8.17,76798"
2025-08-13T10:15:00.000-00:00,"8.17,8.16,8.18,8.15,539798"
2025-08-13T10:20:00.000-00:00,"8.16,8.18,8.18,8.16,385986"
2025-08-13T10:25:00.000-00:00,"8.17,8.17,8.18,8.17,12883"
2025-08-13T10:30:00.000-00:00,"8.17,8.18,8.18,8.17,42520"
2025-08-13T10:35:00.000-00:00,"8.18,8.18,8.18,8.17,26164"
2025-08-13T10:40:00.000-00:00,"8.18,8.18,8.18,8.18,143489"
2025-08-13T10:45:00.000-00:00,"8.18,8.2,8.2,8.18,21993"
2025-08-13T10:50:00.000-00:00,"8.19,8.18,8.19,8.18,23453"
2025-08-13T10:55:00.000-00:00,"8.17,8.18,8.18,8.17,78475"
2025-08-13T11:00:00.000-00:00,"8.18,8.18,8.18,8.17,121719"
2025-08-13T11:05:00.000-00:00,"8.18,8.17,8.18,8.17,24394"
2025-08-13T11:10:00.000-00:00,"8.18,8.2,8.2,8.18,168722"
2025-08-13T11:25:00.000-00:00,"8.19,8.19,8.19,8.19,356184"
2025-08-14T07:00:00.000-00:00,"8.18,8.2,8.23,8.18,134500"
2025-08-14T07:05:00.000-00:00,"8.19,8.2,8.2,8.19,123795"
2025-08-14T07:10:00.000-00:00,"8.2,8.18,8.2,8.18,165138"
2025-08-14T07:15:00.000-00:00,"8.2,8.2,8.2,8.18,36003"
2025-08-14T07:20:00.000-00:00,"8.2,8.2,8.2,8.2,261812"
2025-08-14T07:25:00.000-00:00,"8.2,8.2,8.2,8.19,80895"
2025-08-14T07:30:00.000-00:00,"8.2,8.19,8.22,8.19,58454"
2025-08-14T07:35:00.000-00:00,"8.2,8.2,8.2,8.19,41538"
2025-08-14T07:40:00.000-00:00,"8.19,8.19,8.2,8.19,20557"
2025-08-14T07:45:00.000-00:00,"8.19,8.2,8.2,8.19,47394"
2025-08-14T07:50:00.000-00:00,"8.2,8.19,8.2,8.19,39190"
2025-08-14T07:55:00.000-00:00,"8.2,8.22,8.23,8.2,78646"
2025-08-14T08:00:00.000-00:00,"8.22,8.23,8.25,8.22,276607"
2025-08-14T08:05:00.000-00:00,"8.24,8.19,8.24,8.19,117850"
2025-08-14T08:10:00.000-00:00,"8.2,8.25,8.25,8.2,165914"
2025-08-14T08:15:00.000-00:00,"8.25,8.23,8.25,8.23,14000"
2025-08-14T08:20:00.000-00:00,"8.24,8.25,8.25,8.24,69913"
2025-08-14T08:25:00.000-00:00,"8.25,8.25,8.25,8.24,15268"
2025-08-14T08:30:00.000-00:00,"8.25,8.24,8.25,8.2,242273"
2025-08-14T08:35:00.000-00:00,"8.23,8.2,8.24,8.2,164991"
2025-08-14T08:40:00.000-00:00,"8.2,8.2,8.22,8.2,67682"
2025-08-14T08:45:00.000-00:00,"8.2,8.18,8.2,8.18,31379"
2025-08-14T08:50:00.000-00:00,"8.19,8.2,8.2,8.18,54179"
2025-08-14T08:55:00.000-00:00,"8.19,8.18,8.2,8.18,60651"
2025-08-14T09:00:00.000-00:00,"8.18,8.17,8.2,8.17,136077"
2025-08-14T09:05:00.000-00:00,"8.18,8.18,8.18,8.18,18160"
2025-08-14T09:10:00.000-00:00,"8.18,8.17,8.18,8.16,90594"
2025-08-14T09:15:00.000-00:00,"8.17,8.12,8.17,8.12,146331"
2025-08-14T09:20:00.000-00:00,"8.14,8.12,8.15,8.12,30913"
2025-08-14T09:25:00.000-00:00,"8.12,8.14,8.15,8.12,44029"
2025-08-14T09:30:00.000-00:00,"8.14,8.14,8.14,8.13,162314"
2025-08-14T09:35:00.000-00:00,"8.14,8.12,8.14,8.12,42762"
2025-08-14T09:40:00.000-00:00,"8.12,8.1,8.14,8.09,258675"
2025-08-14T09:45:00.000-00:00,"8.1,8.17,8.17,8.09,154975"
2025-08-14T09:50:00.000-00:00,"8.15,8.11,8.15,8.1,39680"
2025-08-14T09:55:00.000-00:00,"8.15,8.12,8.15,8.12,23230"
2025-08-14T10:00:00.000-00:00,"8.12,8.1,8.14,8.1,249209"
2025-08-14T10:05:00.000-00:00,"8.1,8.1,8.1,8.09,140370"
2025-08-14T10:10:00.000-00:00,"8.1,8.11,8.13,8.09,166102"
2025-08-14T10:15:00.000-00:00,"8.13,8.11,8.13,8.1,107624"
2025-08-14T10:20:00.000-00:00,"8.12,8.08,8.12,8.08,143587"
2025-08-14T10:25:00.000-00:00,"8.09,8.1,8.1,8.09,40318"
2025-08-14T10:30:00.000-00:00,"8.1,8.1,8.1,8.08,56137"
2025-08-14T10:35:00.000-00:00,"8.1,8.09,8.1,8.08,93479"
2025-08-14T10:40:00.000-00:00,"8.09,8.06,8.1,8.06,220213"
2025-08-14T10:45:00.000-00:00,"8.06,8.05,8.07,8.05,260263"
2025-08-14T10:50:00.000-00:00,"8.05,8.06,8.09,8.05,228695"
2025-08-14T10:55:00.000-00:00,"8.06,8.08,8.08,8.05,246753"
2025-08-14T11:00:00.000-00:00,"8.08,8.07,8.08,8.06,285795"
2025-08-14T11:05:00.000-00:00,"8.07,8.06,8.08,8.06,173480"
2025-08-14T11:10:00.000-00:00,"8.06,8.08,8.09,8.06,163102"
2025-08-14T11:25:00.000-00:00,"8.08,8.08,8.08,8.08,580080"
2025-08-17T07:00:00.000-00:00,"8.14,8.2,8.25,8.11,654252"
2025-08-17T07:05:00.000-00:00,"8.2,8.19,8.22,8.19,265257"
2025-08-17T07:10:00.000-00:00,"8.2,8.2,8.21,8.19,496165"
2025-08-17T07:15:00.000-00:00,"8.2,8.21,8.21,8.19,91928"
2025-08-17T07:20:00.000-00:00,"8.21,8.2,8.22,8.2,177760"
2025-08-17T07:25:00.000-00:00,"8.2,8.2,8.2,8.19,31258"
2025-08-17T07:30:00.000-00:00,"8.19,8.18,8.19,8.17,51516"
2025-08-17T07:35:00.000-00:00,"8.19,8.17,8.19,8.16,42890"
2025-08-17T07:40:00.000-00:00,"8.16,8.17,8.17,8.16,22922"
2025-08-17T07:45:00.000-00:00,"8.18,8.15,8.18,8.14,90216"
2025-08-17T07:50:00.000-00:00,"8.14,8.14,8.14,8.11,35248"
2025-08-17T07:55:00.000-00:00,"8.14,8.14,8.14,8.14,6413"
2025-08-17T08:00:00.000-00:00,"8.14,8.13,8.14,8.13,3453"
2025-08-17T08:05:00.000-00:00,"8.14,8.11,8.14,8.11,30752"
2025-08-17T08:10:00.000-00:00,"8.12,8.11,8.12,8.11,43416"
2025-08-17T08:15:00.000-00:00,"8.11,8.11,8.12,8.1,19369"
2025-08-17T08:20:00.000-00:00,"8.11,8.12,8.12,8.11,18175"
2025-08-17T08:25:00.000-00:00,"8.11,8.11,8.11,8.11,14330"
2025-08-17T08:30:00.000-00:00,"8.11,8.1,8.11,8.09,166640"
2025-08-17T08:35:00.000-00:00,"8.09,8.09,8.1,8.09,28711"
2025-08-17T08:40:00.000-00:00,"8.09,8.04,8.1,8.02,223845"
2025-08-17T08:45:00.000-00:00,"8.06,8.06,8.06,8.03,126464"
2025-08-17T08:50:00.000-00:00,"8.06,8.08,8.08,8.05,54890"
2025-08-17T08:55:00.000-00:00,"8.08,8.07,8.08,8.07,63473"
2025-08-17T09:00:00.000-00:00,"8.06,8.07,8.07,8.05,24482"
2025-08-17T09:05:00.000-00:00,"8.06,8.07,8.07,8.05,50600"
2025-08-17T09:10:00.000-00:00,"8.07,8.07,8.08,8.05,109982"
2025-08-17T09:15:00.000-00:00,"8.07,8.09,8.09,8.07,109915"
2025-08-17T09:20:00.000-00:00,"8.09,8.09,8.1,8.08,171819"
2025-08-17T09:25:00.000-00:00,"8.09,8.1,8.1,8.09,139756"
2025-08-17T09:30:00.000-00:00,"8.09,8.1,8.1,8.06,702504"
2025-08-17T09:35:00.000-00:00,"8.1,8.09,8.1,8.06,551828"
2025-08-17T09:40:00.000-00:00,"8.07,8.07,8.1,8.07,313850"
2025-08-17T09:45:00.000-00:00,"8.09,8.09,8.09,8.07,11807"
2025-08-17T09:50:00.000-00:00,"8.09,8.08,8.09,8.08,13856"
2025-08-17T09:55:00.000-00:00,"8.08,8.08,8.09,8.08,250207"
2025-08-17T10:00:00.000-00:00,"8.09,8.09,8.09,8.09,27512"
2025-08-17T10:05:00.000-00:00,"8.08,8.08,8.08,8.07,64730"
2025-08-17T10:10:00.000-00:00,"8.08,8.06,8.08,8.06,228869"
2025-08-17T10:15:00.000-00:00,"8.06,8.07,8.08,8.05,216489"
2025-08-17T10:20:00.000-00:00,"8.07,8.07,8.08,8.07,23211"
2025-08-17T10:25:00.000-00:00,"8.07,8.07,8.07,8.05,153269"
2025-08-17T10:30:00.000-00:00,"8.06,8.05,8.07,8.04,369251"
2025-08-17T10:35:00.000-00:00,"8.04,8.06,8.06,8.04,232858"
2025-08-17T10:40:00.000-00:00,"8.06,8.04,8.06,8.04,332389"
2025-08-17T10:45:00.000-00:00,"8.05,8.05,8.06,8.04,361274"
2025-08-17T10:50:00.000-00:00,"8.06,8.03,8.06,8.03,332621"
2025-08-17T10:55:00.000-00:00,"8.03,8.05,8.05,8.01,1128341"
2025-08-17T11:00:00.000-00:00,"8.05,8.05,8.06,8.03,564760"
2025-08-17T11:05:00.000-00:00,"8.06,8.06,8.07,8.05,155480"
2025-08-17T11:10:00.000-00:00,"8.07,8.07,8.09,8.06,215978"
2025-08-17T11:25:00.000-00:00,"8.17,8.17,8.17,8.17,1221241"
2025-08-18T07:00:00.000-00:00,"8.2,8.13,8.2,8.13,157023"
2025-08-18T07:05:00.000-00:00,"8.13,8.14,8.15,8.12,91956"
2025-08-18T07:10:00.000-00:00,"8.15,8.15,8.15,8.13,66724"
2025-08-18T07:15:00.000-00:00,"8.14,8.17,8.18,8.13,232563"
2025-08-18T07:20:00.000-00:00,"8.15,8.15,8.15,8.14,119064"
2025-08-18T07:25:00.000-00:00,"8.15,8.15,8.16,8.14,71670"
2025-08-18T07:30:00.000-00:00,"8.15,8.13,8.15,8.13,204975"
2025-08-18T07:35:00.000-00:00,"8.14,8.14,8.14,8.13,261797"
2025-08-18T07:40:00.000-00:00,"8.13,8.18,8.21,8.13,1089914"
2025-08-18T07:45:00.000-00:00,"8.15,8.15,8.15,8.14,76627"
2025-08-18T07:50:00.000-00:00,"8.14,8.13,8.14,8.13,256477"
2025-08-18T07:55:00.000-00:00,"8.13,8.12,8.14,8.11,256841"
2025-08-18T08:00:00.000-00:00,"8.12,8.09,8.12,8.09,479046"
2025-08-18T08:05:00.000-00:00,"8.09,8.09,8.09,8.07,162769"
2025-08-18T08:10:00.000-00:00,"8.09,8.09,8.1,8.08,86462"
2025-08-18T08:15:00.000-00:00,"8.09,8.1,8.1,8.07,544973"
2025-08-18T08:20:00.000-00:00,"8.1,8.09,8.1,8.07,457309"
2025-08-18T08:25:00.000-00:00,"8.09,8.1,8.1,8.08,108879"
2025-08-18T08:30:00.000-00:00,"8.09,8.08,8.09,8.08,80652"
2025-08-18T08:35:00.000-00:00,"8.09,8.1,8.1,8.08,414783"
2025-08-18T08:40:00.000-00:00,"8.09,8.09,8.1,8.08,61451"
2025-08-18T08:45:00.000-00:00,"8.09,8.1,8.12,8.09,657677"
2025-08-18T08:50:00.000-00:00,"8.1,8.09,8.1,8.08,77777"
2025-08-18T08:55:00.000-00:00,"8.09,8.09,8.09,8.09,45531"
2025-08-18T09:00:00.000-00:00,"8.09,8.08,8.1,8.08,306015"
2025-08-18T09:05:00.000-00:00,"8.09,8.1,8.1,8.08,157957"
2025-08-18T09:10:00.000-00:00,"8.1,8.09,8.1,8.08,240431"
2025-08-18T09:15:00.000-00:00,"8.08,8.08,8.09,8.07,386589"
2025-08-18T09:20:00.000-00:00,"8.07,8.07,8.08,8.07,226488"
2025-08-18T09:25:00.000-00:00,"8.08,8.06,8.08,8.05,484118"
2025-08-18T09:30:00.000-00:00,"8.06,8.03,8.06,8.01,1444149"
2025-08-18T09:35:00.000-00:00,"8.04,8.05,8.05,8.04,281227"
2025-08-18T09:40:00.000-00:00,"8.06,8.04,8.06,8.04,195942"
2025-08-18T09:45:00.000-00:00,"8.04,8.05,8.05,8.03,133866"
2025-08-18T09:50:00.000-00:00,"8.06,8.02,8.06,8.02,751831"
2025-08-18T09:55:00.000-00:00,"8.03,8.03,8.04,8.02,393088"
2025-08-18T10:00:00.000-00:00,"8.02,8.03,8.03,8.01,1601977"
2025-08-18T10:05:00.000-00:00,"8.02,8.03,8.03,8.02,264203"
2025-08-18T10:10:00.000-00:00,"8.03,8.02,8.03,8,1136126"
2025-08-18T10:15:00.000-00:00,"8,7.98,8.02,7.97,667408"
2025-08-18T10:20:00.000-00:00,"7.99,7.97,7.99,7.96,327741"
2025-08-18T10:25:00.000-00:00,"7.98,7.97,7.98,7.96,253381"
2025-08-18T10:30:00.000-00:00,"7.97,7.98,7.98,7.96,256844"
2025-08-18T10:35:00.000-00:00,"7.97,7.94,7.98,7.93,978262"
2025-08-18T10:40:00.000-00:00,"7.95,7.9,7.96,7.86,2180229"
2025-08-18T10:45:00.000-00:00,"7.9,7.9,7.9,7.88,354509"
2025-08-18T10:50:00.000-00:00,"7.9,7.85,7.9,7.84,1200347"
2025-08-18T10:55:00.000-00:00,"7.85,7.89,7.92,7.84,403127"
2025-08-18T11:00:00.000-00:00,"7.89,7.92,7.92,7.88,208921"
2025-08-18T11:05:00.000-00:00,"7.92,7.91,7.93,7.9,383387"
2025-08-18T11:10:00.000-00:00,"7.91,7.9,7.94,7.89,723884"
2025-08-18T11:25:00.000-00:00,"7.94,7.94,7.94,7.94,884275"
2025-08-19T07:00:00.000-00:00,"7.9,7.9,7.96,7.9,386516"
2025-08-19T07:05:00.000-00:00,"7.94,7.89,7.94,7.86,219358"
2025-08-19T07:10:00.000-00:00,"7.89,7.8,7.89,7.78,2107397"
2025-08-19T07:15:00.000-00:00,"7.8,7.84,7.84,7.8,250427"
2025-08-19T07:20:00.000-00:00,"7.84,7.84,7.85,7.83,195835"
2025-08-19T07:25:00.000-00:00,"7.83,7.84,7.86,7.82,176562"
2025-08-19T07:30:00.000-00:00,"7.85,7.8,7.85,7.8,530904"
2025-08-19T07:35:00.000-00:00,"7.8,7.81,7.82,7.78,624978"
2025-08-19T07:40:00.000-00:00,"7.82,7.83,7.83,7.8,364742"
2025-08-19T07:45:00.000-00:00,"7.82,7.82,7.82,7.81,79954"
2025-08-19T07:50:00.000-00:00,"7.82,7.82,7.84,7.8,430026"
2025-08-19T07:55:00.000-00:00,"7.81,7.81,7.83,7.8,269837"
2025-08-19T08:00:00.000-00:00,"7.81,7.83,7.83,7.81,33550"
2025-08-19T08:05:00.000-00:00,"7.82,7.83,7.83,7.82,57280"
2025-08-19T08:10:00.000-00:00,"7.82,7.83,7.84,7.82,76378"
2025-08-19T08:15:00.000-00:00,"7.83,7.83,7.83,7.82,58320"
2025-08-19T08:20:00.000-00:00,"7.82,7.81,7.83,7.8,745583"
2025-08-19T08:25:00.000-00:00,"7.81,7.82,7.83,7.81,1299847"
2025-08-19T08:30:00.000-00:00,"7.82,7.83,7.83,7.81,297776"
2025-08-19T08:35:00.000-00:00,"7.83,7.83,7.84,7.82,716752"
2025-08-19T08:40:00.000-00:00,"7.84,7.86,7.88,7.83,1150670"
2025-08-19T08:45:00.000-00:00,"7.86,7.85,7.86,7.85,172103"
2025-08-19T08:50:00.000-00:00,"7.86,7.86,7.87,7.85,224857"
2025-08-19T08:55:00.000-00:00,"7.87,7.87,7.88,7.86,435522"
2025-08-19T09:00:00.000-00:00,"7.87,7.85,7.87,7.84,447149"
2025-08-19T09:05:00.000-00:00,"7.85,7.85,7.86,7.85,121604"
2025-08-19T09:10:00.000-00:00,"7.85,7.87,7.87,7.85,567155"
2025-08-19T09:15:00.000-00:00,"7.87,7.87,7.88,7.86,468891"
2025-08-19T09:20:00.000-00:00,"7.87,7.91,7.91,7.87,1239267"
2025-08-19T09:25:00.000-00:00,"7.91,7.88,7.91,7.88,742972"
2025-08-19T09:30:00.000-00:00,"7.89,7.9,7.9,7.88,163190"
2025-08-19T09:35:00.000-00:00,"7.9,7.89,7.9,7.88,210696"
2025-08-19T09:40:00.000-00:00,"7.89,7.89,7.89,7.88,111056"
2025-08-19T09:45:00.000-00:00,"7.88,7.87,7.89,7.87,457455"
2025-08-19T09:50:00.000-00:00,"7.87,7.88,7.88,7.87,199091"
2025-08-19T09:55:00.000-00:00,"7.88,7.87,7.89,7.87,76371"
2025-08-19T10:00:00.000-00:00,"7.87,7.87,7.88,7.86,512018"
2025-08-19T10:05:00.000-00:00,"7.86,7.87,7.87,7.86,10043"
2025-08-19T10:10:00.000-00:00,"7.87,7.9,7.9,7.87,902577"
2025-08-19T10:15:00.000-00:00,"7.9,7.9,7.9,7.9,130445"
2025-08-19T10:20:00.000-00:00,"7.9,7.9,7.91,7.89,297511"
2025-08-19T10:25:00.000-00:00,"7.9,7.9,7.9,7.9,94795"
2025-08-19T10:30:00.000-00:00,"7.9,7.88,7.9,7.88,184451"
2025-08-19T10:35:00.000-00:00,"7.89,7.89,7.89,7.88,144028"
2025-08-19T10:40:00.000-00:00,"7.88,7.87,7.88,7.87,293907"
2025-08-19T10:45:00.000-00:00,"7.87,7.86,7.88,7.86,421213"
2025-08-19T10:50:00.000-00:00,"7.87,7.88,7.89,7.86,606228"
2025-08-19T10:55:00.000-00:00,"7.89,7.91,7.91,7.88,430091"
2025-08-19T11:00:00.000-00:00,"7.91,7.91,7.92,7.9,528437"
2025-08-19T11:05:00.000-00:00,"7.91,7.95,7.96,7.91,1117790"
2025-08-19T11:10:00.000-00:00,"7.95,7.97,7.97,7.94,1036924"
2025-08-19T11:25:00.000-00:00,"7.96,7.96,7.96,7.96,1917537"
2025-08-20T07:00:00.000-00:00,"8,8.01,8.02,8,792627"
2025-08-20T07:05:00.000-00:00,"8.01,7.99,8.03,7.98,743089"
2025-08-20T07:10:00.000-00:00,"8,8.02,8.03,7.99,190254"
2025-08-20T07:15:00.000-00:00,"8.02,8.02,8.05,8.01,734278"
2025-08-20T07:20:00.000-00:00,"8.03,8.03,8.05,8.02,99740"
2025-08-20T07:25:00.000-00:00,"8.03,8.04,8.04,8.03,202778"
2025-08-20T07:30:00.000-00:00,"8.03,8.04,8.04,8.03,133739"
2025-08-20T07:35:00.000-00:00,"8.04,8.03,8.05,8.03,74323"
2025-08-20T07:40:00.000-00:00,"8.03,8.02,8.03,8.01,221445"
2025-08-20T07:45:00.000-00:00,"8.02,7.99,8.03,7.99,396130"
2025-08-20T07:50:00.000-00:00,"7.99,7.98,8,7.97,302976"
2025-08-20T07:55:00.000-00:00,"7.98,8,8,7.98,261182"
2025-08-20T08:00:00.000-00:00,"7.99,8,8,7.99,138319"
2025-08-20T08:05:00.000-00:00,"7.99,7.98,7.99,7.97,190675"
2025-08-20T08:10:00.000-00:00,"7.98,7.97,7.99,7.97,85077"
2025-08-20T08:15:00.000-00:00,"7.97,7.96,7.98,7.96,139356"
2025-08-20T08:20:00.000-00:00,"7.97,7.96,7.98,7.96,54646"
2025-08-20T08:25:00.000-00:00,"7.96,7.96,7.97,7.94,282725"
2025-08-20T08:30:00.000-00:00,"7.96,7.95,7.97,7.95,212404"
2025-08-20T08:35:00.000-00:00,"7.95,7.95,7.97,7.95,178991"
2025-08-20T08:40:00.000-00:00,"7.95,7.94,7.96,7.93,301248"
2025-08-20T08:45:00.000-00:00,"7.94,7.94,7.94,7.93,123041"
2025-08-20T08:50:00.000-00:00,"7.94,7.94,7.94,7.92,251790"
2025-08-20T08:55:00.000-00:00,"7.94,7.94,7.96,7.93,478047"
2025-08-20T09:00:00.000-00:00,"7.95,7.96,7.96,7.93,361409"
2025-08-20T09:05:00.000-00:00,"7.96,7.95,7.96,7.94,175347"
2025-08-20T09:10:00.000-00:00,"7.95,7.99,7.99,7.95,388726"
2025-08-20T09:15:00.000-00:00,"7.99,7.98,7.99,7.98,143409"
2025-08-20T09:20:00.000-00:00,"7.98,7.97,7.98,7.97,1137351"
2025-08-20T09:25:00.000-00:00,"7.97,7.95,7.97,7.95,127417"
2025-08-20T09:30:00.000-00:00,"7.95,7.95,7.96,7.95,603800"
2025-08-20T09:35:00.000-00:00,"7.96,7.96,7.96,7.95,211827"
2025-08-20T09:40:00.000-00:00,"7.96,7.96,7.96,7.95,71234"
2025-08-20T09:45:00.000-00:00,"7.95,7.95,7.96,7.95,251273"
2025-08-20T09:50:00.000-00:00,"7.95,7.93,7.96,7.93,709708"
2025-08-20T09:55:00.000-00:00,"7.93,7.93,7.94,7.92,106327"
2025-08-20T10:00:00.000-00:00,"7.93,7.92,7.94,7.92,686389"
2025-08-20T10:05:00.000-00:00,"7.93,7.96,7.96,7.92,211830"
2025-08-20T10:10:00.000-00:00,"7.96,7.96,7.97,7.95,309895"
2025-08-20T10:15:00.000-00:00,"7.96,7.95,7.97,7.95,212531"
2025-08-20T10:20:00.000-00:00,"7.96,7.96,7.96,7.95,91011"
2025-08-20T10:25:00.000-00:00,"7.96,7.97,7.98,7.95,234524"
2025-08-20T10:30:00.000-00:00,"7.96,7.96,7.98,7.96,132956"
2025-08-20T10:35:00.000-00:00,"7.97,7.97,7.97,7.96,56443"
2025-08-20T10:40:00.000-00:00,"7.97,7.97,7.97,7.96,61265"
2025-08-20T10:45:00.000-00:00,"7.97,7.96,7.97,7.96,169472"
2025-08-20T10:50:00.000-00:00,"7.97,7.94,7.97,7.94,2355687"
2025-08-20T10:55:00.000-00:00,"7.95,7.96,7.96,7.94,287986"
2025-08-20T11:00:00.000-00:00,"7.96,7.96,7.96,7.95,235596"
2025-08-20T11:05:00.000-00:00,"7.97,7.96,7.97,7.96,81454"
2025-08-20T11:10:00.000-00:00,"7.97,7.96,7.97,7.95,258807"
2025-08-20T11:25:00.000-00:00,"7.95,7.95,7.95,7.95,1763037"
2025-08-21T07:00:00.000-00:00,"7.95,7.95,7.96,7.94,113079"
2025-08-21T07:05:00.000-00:00,"7.95,7.96,7.96,7.94,175888"
2025-08-21T07:10:00.000-00:00,"7.95,7.95,7.96,7.94,278504"
2025-08-21T07:15:00.000-00:00,"7.95,7.96,7.96,7.94,430987"
2025-08-21T07:20:00.000-00:00,"7.96,7.95,7.96,7.95,53301"
2025-08-21T07:25:00.000-00:00,"7.96,7.96,7.97,7.95,64578"
2025-08-21T07:30:00.000-00:00,"7.96,7.95,7.96,7.95,136077"
2025-08-21T07:35:00.000-00:00,"7.94,7.95,7.96,7.94,177918"
2025-08-21T07:40:00.000-00:00,"7.95,7.93,7.95,7.93,178126"
2025-08-21T07:45:00.000-00:00,"7.94,7.93,7.94,7.93,59210"
2025-08-21T07:50:00.000-00:00,"7.93,7.93,7.94,7.92,95161"
2025-08-21T07:55:00.000-00:00,"7.93,7.89,7.93,7.89,465936"
2025-08-21T08:00:00.000-00:00,"7.89,7.9,7.9,7.87,288331"
2025-08-21T08:05:00.000-00:00,"7.89,7.89,7.9,7.88,75532"
2025-08-21T08:10:00.000-00:00,"7.88,7.89,7.89,7.88,105719"
2025-08-21T08:15:00.000-00:00,"7.88,7.89,7.89,7.87,90075"
2025-08-21T08:20:00.000-00:00,"7.88,7.87,7.89,7.87,133630"
2025-08-21T08:25:00.000-00:00,"7.87,7.88,7.88,7.86,161352"
2025-08-21T08:30:00.000-00:00,"7.88,7.87,7.88,7.87,119633"
2025-08-21T08:35:00.000-00:00,"7.88,7.88,7.88,7.87,70381"
2025-08-21T08:40:00.000-00:00,"7.87,7.88,7.88,7.85,470962"
2025-08-21T08:45:00.000-00:00,"7.88,7.88,7.89,7.87,131043"
2025-08-21T08:50:00.000-00:00,"7.88,7.89,7.89,7.87,221975"
2025-08-21T08:55:00.000-00:00,"7.9,7.89,7.9,7.89,3021"
2025-08-21T09:00:00.000-00:00,"7.9,7.9,7.9,7.89,30131"
2025-08-21T09:05:00.000-00:00,"7.89,7.88,7.9,7.88,124007"
2025-08-21T09:10:00.000-00:00,"7.88,7.9,7.9,7.88,110902"
2025-08-21T09:15:00.000-00:00,"7.89,7.9,7.91,7.88,300679"
2025-08-21T09:20:00.000-00:00,"7.91,7.91,7.91,7.9,30659"
2025-08-21T09:25:00.000-00:00,"7.91,7.9,7.91,7.89,118555"
2025-08-21T09:30:00.000-00:00,"7.9,7.9,7.91,7.88,391001"
2025-08-21T09:35:00.000-00:00,"7.89,7.91,7.92,7.89,51185"
2025-08-21T09:40:00.000-00:00,"7.92,7.92,7.92,7.91,8822"
2025-08-21T09:45:00.000-00:00,"7.92,7.92,7.92,7.91,3956"
2025-08-21T09:50:00.000-00:00,"7.91,7.9,7.92,7.9,367862"
2025-08-21T09:55:00.000-00:00,"7.89,7.88,7.9,7.88,216308"
2025-08-21T10:00:00.000-00:00,"7.88,7.88,7.88,7.87,36657"
2025-08-21T10:05:00.000-00:00,"7.88,7.88,7.88,7.86,142341"
2025-08-21T10:10:00.000-00:00,"7.88,7.87,7.88,7.85,64239"
2025-08-21T10:15:00.000-00:00,"7.87,7.88,7.95,7.87,401983"
2025-08-21T10:20:00.000-00:00,"7.9,7.88,7.9,7.88,1627445"
2025-08-21T10:25:00.000-00:00,"7.88,7.92,7.92,7.88,244013"
2025-08-21T10:30:00.000-00:00,"7.92,7.89,7.92,7.89,306125"
2025-08-21T10:35:00.000-00:00,"7.9,7.9,7.9,7.88,837445"
2025-08-21T10:40:00.000-00:00,"7.88,7.88,7.9,7.88,619815"
2025-08-21T10:45:00.000-00:00,"7.88,7.9,7.9,7.87,409013"
2025-08-21T10:50:00.000-00:00,"7.89,7.91,7.91,7.89,510584"
2025-08-21T10:55:00.000-00:00,"7.89,7.9,7.91,7.89,230901"
2025-08-21T11:00:00.000-00:00,"7.9,7.91,7.92,7.9,496295"
2025-08-21T11:05:00.000-00:00,"7.92,7.89,7.93,7.89,635192"
2025-08-21T11:10:00.000-00:00,"7.9,7.92,7.92,7.9,175672"
2025-08-21T11:25:00.000-00:00,"7.9,7.9,7.9,7.9,350203"
2025-08-24T07:00:00.000-00:00,"7.91,7.91,7.94,7.91,24357"
2025-08-24T07:05:00.000-00:00,"7.91,7.9,7.92,7.88,62963"
2025-08-24T07:10:00.000-00:00,"7.9,7.91,7.91,7.9,38620"
2025-08-24T07:15:00.000-00:00,"7.91,7.9,7.91,7.9,29739"
2025-08-24T07:20:00.000-00:00,"7.9,7.88,7.9,7.88,26881"
2025-08-24T07:25:00.000-00:00,"7.9,7.88,7.9,7.88,104940"
2025-08-24T07:30:00.000-00:00,"7.88,7.89,7.9,7.88,24999"
2025-08-24T07:35:00.000-00:00,"7.89,7.88,7.89,7.87,57897"
2025-08-24T07:40:00.000-00:00,"7.88,7.88,7.88,7.87,17039"
2025-08-24T07:45:00.000-00:00,"7.88,7.89,7.89,7.87,15716"
2025-08-24T07:50:00.000-00:00,"7.89,7.88,7.89,7.87,8594"
2025-08-24T07:55:00.000-00:00,"7.88,7.87,7.88,7.87,34497"
2025-08-24T08:00:00.000-00:00,"7.88,7.87,7.88,7.87,33943"
2025-08-24T08:05:00.000-00:00,"7.87,7.87,7.89,7.87,5099"
2025-08-24T08:10:00.000-00:00,"7.89,7.88,7.89,7.88,7030"
2025-08-24T08:15:00.000-00:00,"7.88,7.88,7.88,7.87,8953"
2025-08-24T08:20:00.000-00:00,"7.88,7.87,7.88,7.87,110156"
2025-08-24T08:25:00.000-00:00,"7.88,7.86,7.88,7.86,23109"
2025-08-24T08:30:00.000-00:00,"7.87,7.87,7.87,7.86,41078"
2025-08-24T08:35:00.000-00:00,"7.87,7.87,7.87,7.86,38620"
2025-08-24T08:40:00.000-00:00,"7.87,7.86,7.88,7.86,63319"
2025-08-24T08:45:00.000-00:00,"7.87,7.85,7.88,7.85,88839"
2025-08-24T08:50:00.000-00:00,"7.85,7.86,7.87,7.85,31961"
2025-08-24T08:55:00.000-00:00,"7.87,7.86,7.87,7.85,19190"
2025-08-24T09:00:00.000-00:00,"7.86,7.87,7.87,7.85,36681"
2025-08-24T09:05:00.000-00:00,"7.87,7.9,7.9,7.86,148582"
2025-08-24T09:10:00.000-00:00,"7.9,7.87,7.9,7.87,50688"
2025-08-24T09:15:00.000-00:00,"7.87,7.87,7.88,7.87,105982"
2025-08-24T09:20:00.000-00:00,"7.88,7.87,7.88,7.87,12160"
2025-08-24T09:25:00.000-00:00,"7.87,7.86,7.88,7.86,36041"
2025-08-24T09:30:00.000-00:00,"7.86,7.86,7.87,7.86,7305"
2025-08-24T09:35:00.000-00:00,"7.87,7.87,7.87,7.86,25830"
2025-08-24T09:40:00.000-00:00,"7.88,7.87,7.88,7.87,28197"
2025-08-24T09:45:00.000-00:00,"7.87,7.86,7.88,7.86,33220"
2025-08-24T09:50:00.000-00:00,"7.87,7.86,7.88,7.86,7736"
2025-08-24T09:55:00.000-00:00,"7.86,7.88,7.88,7.86,5501"
2025-08-24T10:00:00.000-00:00,"7.87,7.87,7.88,7.86,8113"
2025-08-24T10:05:00.000-00:00,"7.86,7.87,7.87,7.86,12594"
2025-08-24T10:10:00.000-00:00,"7.88,7.86,7.88,7.86,22285"
2025-08-24T10:15:00.000-00:00,"7.87,7.86,7.88,7.85,128937"
2025-08-24T10:20:00.000-00:00,"7.86,7.86,7.87,7.86,14222"
2025-08-24T10:25:00.000-00:00,"7.86,7.86,7.86,7.86,9316"
2025-08-24T10:30:00.000-00:00,"7.87,7.87,7.87,7.86,71649"
2025-08-24T10:35:00.000-00:00,"7.87,7.87,7.88,7.86,100391"
2025-08-24T10:40:00.000-00:00,"7.87,7.87,7.87,7.86,200270"
2025-08-24T10:45:00.000-00:00,"7.87,7.86,7.87,7.85,194210"
2025-08-24T10:50:00.000-00:00,"7.86,7.86,7.86,7.85,106693"
2025-08-24T10:55:00.000-00:00,"7.86,7.87,7.87,7.85,420583"
2025-08-24T11:00:00.000-00:00,"7.87,7.86,7.87,7.86,192504"
2025-08-24T11:05:00.000-00:00,"7.87,7.86,7.87,7.85,290806"
2025-08-24T11:10:00.000-00:00,"7.86,7.85,7.86,7.84,535953"
2025-08-24T11:25:00.000-00:00,"7.85,7.85,7.85,7.85,450564"
2025-08-25T07:00:00.000-00:00,"7.87,7.85,7.88,7.85,24717"
2025-08-25T07:05:00.000-00:00,"7.86,7.88,7.88,7.86,64751"
2025-08-25T07:10:00.000-00:00,"7.86,7.87,7.88,7.86,8340"
2025-08-25T07:15:00.000-00:00,"7.87,7.87,7.88,7.86,84685"
2025-08-25T07:20:00.000-00:00,"7.88,7.95,7.95,7.87,905542"
2025-08-25T07:25:00.000-00:00,"7.95,8,8,7.95,2061598"
2025-08-25T07:30:00.000-00:00,"8,7.99,8.01,7.98,983329"
2025-08-25T07:35:00.000-00:00,"7.98,7.97,7.98,7.96,379973"
2025-08-25T07:40:00.000-00:00,"7.96,7.98,8.01,7.96,1157160"
2025-08-25T07:45:00.000-00:00,"7.98,7.97,8,7.97,451177"
2025-08-25T07:50:00.000-00:00,"7.96,7.97,7.97,7.96,89682"
2025-08-25T07:55:00.000-00:00,"7.97,7.95,7.97,7.95,60554"
2025-08-25T08:00:00.000-00:00,"7.94,7.95,7.96,7.93,307471"
2025-08-25T08:05:00.000-00:00,"7.95,7.91,7.95,7.9,366026"
2025-08-25T08:10:00.000-00:00,"7.94,7.9,7.94,7.9,541858"
2025-08-25T08:15:00.000-00:00,"7.91,7.93,7.93,7.91,152082"
2025-08-25T08:20:00.000-00:00,"7.94,7.94,7.94,7.92,165457"
2025-08-25T08:25:00.000-00:00,"7.94,7.94,7.94,7.93,56340"
2025-08-25T08:30:00.000-00:00,"7.94,7.93,7.94,7.93,91545"
2025-08-25T08:35:00.000-00:00,"7.93,7.93,7.94,7.93,165183"
2025-08-25T08:40:00.000-00:00,"7.94,7.94,7.94,7.93,20871"
2025-08-25T08:45:00.000-00:00,"7.94,7.94,7.95,7.94,213265"
2025-08-25T08:50:00.000-00:00,"7.94,7.95,7.95,7.94,11236"
2025-08-25T08:55:00.000-00:00,"7.95,7.95,7.95,7.94,200109"
2025-08-25T09:00:00.000-00:00,"7.94,7.94,7.94,7.94,3556"
2025-08-25T09:05:00.000-00:00,"7.94,7.94,7.95,7.94,2720"
2025-08-25T09:10:00.000-00:00,"7.95,7.95,7.95,7.95,250"
2025-08-25T09:15:00.000-00:00,"7.95,7.96,7.96,7.94,131906"
2025-08-25T09:20:00.000-00:00,"7.94,7.95,7.96,7.94,86161"
2025-08-25T09:25:00.000-00:00,"7.95,7.94,7.95,7.94,2148"
2025-08-25T09:30:00.000-00:00,"7.94,7.94,7.95,7.94,40333"
2025-08-25T09:35:00.000-00:00,"7.94,7.94,7.96,7.93,190244"
2025-08-25T09:40:00.000-00:00,"7.94,7.91,7.94,7.91,182440"
2025-08-25T09:45:00.000-00:00,"7.92,7.9,7.94,7.9,406642"
2025-08-25T09:50:00.000-00:00,"7.9,7.9,7.9,7.89,252716"
2025-08-25T09:55:00.000-00:00,"7.9,7.9,7.9,7.89,144108"
2025-08-25T10:00:00.000-00:00,"7.9,7.9,7.9,7.9,142046"
2025-08-25T10:05:00.000-00:00,"7.91,7.9,7.92,7.9,72777"
2025-08-25T10:10:00.000-00:00,"7.89,7.9,7.9,7.89,31949"
2025-08-25T10:15:00.000-00:00,"7.89,7.89,7.9,7.89,41328"
2025-08-25T10:20:00.000-00:00,"7.9,7.91,7.91,7.89,221495"
2025-08-25T10:25:00.000-00:00,"7.91,7.93,7.93,7.9,282020"
2025-08-25T10:30:00.000-00:00,"7.93,7.9,7.93,7.9,235927"
2025-08-25T10:35:00.000-00:00,"7.9,7.9,7.91,7.9,145059"
2025-08-25T10:40:00.000-00:00,"7.91,7.91,7.91,7.9,233090"
2025-08-25T10:45:00.000-00:00,"7.91,7.89,7.91,7.89,47359"
2025-08-25T10:50:00.000-00:00,"7.89,7.9,7.9,7.88,226374"
2025-08-25T10:55:00.000-00:00,"7.9,7.89,7.9,7.88,67821"
2025-08-25T11:00:00.000-00:00,"7.89,7.88,7.91,7.88,280995"
2025-08-25T11:05:00.000-00:00,"7.88,7.89,7.9,7.86,241500"
2025-08-25T11:10:00.000-00:00,"7.87,7.87,7.89,7.86,150276"
2025-08-25T11:25:00.000-00:00,"7.86,7.86,7.86,7.86,539990"
2025-08-26T07:00:00.000-00:00,"7.89,7.89,7.9,7.87,207665"
2025-08-26T07:05:00.000-00:00,"7.88,7.87,7.88,7.87,88840"
2025-08-26T07:10:00.000-00:00,"7.87,7.85,7.88,7.85,473840"
2025-08-26T07:15:00.000-00:00,"7.85,7.88,7.89,7.85,782377"
2025-08-26T07:20:00.000-00:00,"7.88,7.86,7.88,7.86,171924"
2025-08-26T07:25:00.000-00:00,"7.86,7.91,7.91,7.86,507606"
2025-08-26T07:30:00.000-00:00,"7.91,7.91,7.94,7.9,561568"
2025-08-26T07:35:00.000-00:00,"7.9,7.91,7.91,7.9,107431"
2025-08-26T07:40:00.000-00:00,"7.91,7.91,7.91,7.9,276357"
2025-08-26T07:45:00.000-00:00,"7.9,7.91,7.91,7.9,405787"
2025-08-26T07:50:00.000-00:00,"7.91,7.9,7.91,7.9,32253"
2025-08-26T07:55:00.000-00:00,"7.91,7.91,7.93,7.9,167650"
2025-08-26T08:00:00.000-00:00,"7.92,7.91,7.92,7.91,30928"
2025-08-26T08:05:00.000-00:00,"7.92,7.89,7.92,7.89,134523"
2025-08-26T08:10:00.000-00:00,"7.89,7.89,7.89,7.89,5373"
2025-08-26T08:15:00.000-00:00,"7.89,7.91,7.91,7.88,302338"
2025-08-26T08:20:00.000-00:00,"7.9,7.89,7.91,7.89,42470"
2025-08-26T08:25:00.000-00:00,"7.89,7.9,7.9,7.89,14557"
2025-08-26T08:30:00.000-00:00,"7.9,7.9,7.91,7.9,179794"
2025-08-26T08:35:00.000-00:00,"7.9,7.89,7.91,7.89,223229"
2025-08-26T08:40:00.000-00:00,"7.9,7.89,7.9,7.89,4205"
2025-08-26T08:45:00.000-00:00,"7.9,7.9,7.9,7.87,183521"
2025-08-26T08:50:00.000-00:00,"7.88,7.9,7.9,7.88,20780"
2025-08-26T08:55:00.000-00:00,"7.89,7.89,7.9,7.89,42108"
2025-08-26T09:00:00.000-00:00,"7.88,7.87,7.89,7.87,77002"
2025-08-26T09:05:00.000-00:00,"7.87,7.86,7.88,7.85,148302"
2025-08-26T09:10:00.000-00:00,"7.87,7.83,7.87,7.83,743167"
2025-08-26T09:15:00.000-00:00,"7.84,7.84,7.85,7.83,60730"
2025-08-26T09:20:00.000-00:00,"7.85,7.82,7.86,7.82,279373"
2025-08-26T09:25:00.000-00:00,"7.83,7.81,7.84,7.81,202071"
2025-08-26T09:30:00.000-00:00,"7.81,7.8,7.83,7.8,347552"
2025-08-26T09:35:00.000-00:00,"7.8,7.78,7.83,7.77,448733"
2025-08-26T09:40:00.000-00:00,"7.78,7.8,7.83,7.78,187018"
2025-08-26T09:45:00.000-00:00,"7.8,7.81,7.81,7.79,120247"
2025-08-26T09:50:00.000-00:00,"7.81,7.83,7.84,7.81,173707"
2025-08-26T09:55:00.000-00:00,"7.83,7.82,7.84,7.82,82584"
2025-08-26T10:00:00.000-00:00,"7.83,7.82,7.83,7.8,88264"
2025-08-26T10:05:00.000-00:00,"7.8,7.82,7.82,7.8,118357"
2025-08-26T10:10:00.000-00:00,"7.82,7.82,7.82,7.8,155300"
2025-08-26T10:15:00.000-00:00,"7.82,7.82,7.82,7.81,72870"
2025-08-26T10:20:00.000-00:00,"7.83,7.82,7.83,7.82,108670"
2025-08-26T10:25:00.000-00:00,"7.81,7.81,7.82,7.81,37864"
2025-08-26T10:30:00.000-00:00,"7.82,7.8,7.82,7.8,154022"
2025-08-26T10:35:00.000-00:00,"7.8,7.8,7.8,7.79,95887"
2025-08-26T10:40:00.000-00:00,"7.8,7.8,7.8,7.8,74741"
2025-08-26T10:45:00.000-00:00,"7.8,7.77,7.8,7.77,247366"
2025-08-26T10:50:00.000-00:00,"7.79,7.8,7.8,7.77,68192"
2025-08-26T10:55:00.000-00:00,"7.79,7.78,7.8,7.78,81829"
2025-08-26T11:00:00.000-00:00,"7.78,7.79,7.79,7.78,75954"
2025-08-26T11:05:00.000-00:00,"7.79,7.8,7.81,7.79,172756"
2025-08-26T11:10:00.000-00:00,"7.8,7.79,7.8,7.78,217419"
2025-08-26T11:25:00.000-00:00,"7.78,7.78,7.78,7.78,920782"
2025-08-27T07:00:00.000-00:00,"7.8,7.8,7.81,7.79,141213"
2025-08-27T07:05:00.000-00:00,"7.79,7.78,7.8,7.78,45470"
2025-08-27T07:10:00.000-00:00,"7.78,7.76,7.8,7.75,411719"
2025-08-27T07:15:00.000-00:00,"7.76,7.74,7.76,7.74,94696"
2025-08-27T07:20:00.000-00:00,"7.74,7.74,7.75,7.74,401539"
2025-08-27T07:25:00.000-00:00,"7.74,7.76,7.76,7.74,143250"
2025-08-27T07:30:00.000-00:00,"7.75,7.77,7.79,7.75,111749"
2025-08-27T07:35:00.000-00:00,"7.79,7.77,7.79,7.75,139160"
2025-08-27T07:40:00.000-00:00,"7.77,7.76,7.77,7.75,156655"
2025-08-27T07:45:00.000-00:00,"7.76,7.75,7.76,7.74,72962"
2025-08-27T07:50:00.000-00:00,"7.75,7.75,7.76,7.74,53705"
2025-08-27T07:55:00.000-00:00,"7.75,7.74,7.75,7.74,49781"
2025-08-27T08:00:00.000-00:00,"7.74,7.73,7.74,7.73,19915"
2025-08-27T08:05:00.000-00:00,"7.74,7.75,7.77,7.73,40649"
2025-08-27T08:10:00.000-00:00,"7.75,7.75,7.76,7.74,12673"
2025-08-27T08:15:00.000-00:00,"7.75,7.76,7.76,7.74,17936"
2025-08-27T08:20:00.000-00:00,"7.75,7.75,7.76,7.75,26645"
2025-08-27T08:25:00.000-00:00,"7.76,7.77,7.77,7.76,28185"
2025-08-27T08:30:00.000-00:00,"7.77,7.78,7.78,7.74,130453"
2025-08-27T08:35:00.000-00:00,"7.76,7.76,7.76,7.76,642"
2025-08-27T08:40:00.000-00:00,"7.76,7.76,7.76,7.76,4050"
2025-08-27T08:45:00.000-00:00,"7.76,7.75,7.76,7.74,129300"
2025-08-27T08:50:00.000-00:00,"7.75,7.74,7.76,7.74,41681"
2025-08-27T08:55:00.000-00:00,"7.74,7.73,7.74,7.72,80271"
2025-08-27T09:00:00.000-00:00,"7.74,7.73,7.74,7.72,146509"
2025-08-27T09:05:00.000-00:00,"7.74,7.73,7.74,7.73,19149"
2025-08-27T09:10:00.000-00:00,"7.73,7.73,7.73,7.72,68516"
2025-08-27T09:15:00.000-00:00,"7.73,7.73,7.74,7.73,115486"
2025-08-27T09:20:00.000-00:00,"7.73,7.74,7.74,7.73,33735"
2025-08-27T09:25:00.000-00:00,"7.73,7.73,7.74,7.73,48257"
2025-08-27T09:30:00.000-00:00,"7.73,7.73,7.74,7.73,24058"
2025-08-27T09:35:00.000-00:00,"7.73,7.74,7.74,7.72,100970"
2025-08-27T09:40:00.000-00:00,"7.74,7.74,7.75,7.73,21668"
2025-08-27T09:45:00.000-00:00,"7.74,7.72,7.74,7.72,67387"
2025-08-27T09:50:00.000-00:00,"7.73,7.73,7.73,7.72,209789"
2025-08-27T09:55:00.000-00:00,"7.73,7.72,7.74,7.72,49396"
2025-08-27T10:00:00.000-00:00,"7.74,7.73,7.74,7.73,20584"
2025-08-27T10:05:00.000-00:00,"7.73,7.73,7.73,7.73,62487"
2025-08-27T10:10:00.000-00:00,"7.73,7.72,7.73,7.72,51007"
2025-08-27T10:15:00.000-00:00,"7.72,7.73,7.73,7.72,34506"
2025-08-27T10:20:00.000-00:00,"7.72,7.7,7.73,7.7,459689"
2025-08-27T10:25:00.000-00:00,"7.7,7.69,7.7,7.68,318040"
2025-08-27T10:30:00.000-00:00,"7.69,7.7,7.74,7.69,127064"
2025-08-27T10:35:00.000-00:00,"7.72,7.7,7.72,7.69,120515"
2025-08-27T10:40:00.000-00:00,"7.7,7.68,7.7,7.68,260131"
2025-08-27T10:45:00.000-00:00,"7.7,7.7,7.7,7.68,180343"
2025-08-27T10:50:00.000-00:00,"7.7,7.7,7.7,7.68,12820"
2025-08-27T10:55:00.000-00:00,"7.69,7.7,7.7,7.69,106664"
2025-08-27T11:00:00.000-00:00,"7.7,7.7,7.71,7.68,312176"
2025-08-27T11:05:00.000-00:00,"7.68,7.69,7.7,7.68,136460"
2025-08-27T11:10:00.000-00:00,"7.69,7.72,7.72,7.68,987832"
2025-08-27T11:25:00.000-00:00,"7.75,7.75,7.75,7.75,615737"
2025-08-28T07:00:00.000-00:00,"7.75,7.79,7.79,7.75,252828"
2025-08-28T07:05:00.000-00:00,"7.79,7.81,7.83,7.79,293186"
2025-08-28T07:10:00.000-00:00,"7.81,7.82,7.83,7.8,71193"
2025-08-28T07:15:00.000-00:00,"7.8,7.8,7.81,7.8,298776"
2025-08-28T07:20:00.000-00:00,"7.8,7.82,7.82,7.8,288486"
2025-08-28T07:25:00.000-00:00,"7.82,7.84,7.85,7.82,405898"
2025-08-28T07:30:00.000-00:00,"7.83,7.81,7.83,7.81,9630"
2025-08-28T07:35:00.000-00:00,"7.82,7.8,7.83,7.8,157937"
2025-08-28T07:40:00.000-00:00,"7.8,7.81,7.81,7.8,72276"
2025-08-28T07:45:00.000-00:00,"7.81,7.8,7.81,7.79,117658"
2025-08-28T07:50:00.000-00:00,"7.79,7.81,7.81,7.79,275951"
2025-08-28T07:55:00.000-00:00,"7.81,7.81,7.83,7.8,520911"
2025-08-28T08:00:00.000-00:00,"7.82,7.83,7.83,7.82,9081"
2025-08-28T08:05:00.000-00:00,"7.83,7.86,7.86,7.81,495003"
2025-08-28T08:10:00.000-00:00,"7.86,7.9,7.93,7.86,1283624"
2025-08-28T08:15:00.000-00:00,"7.9,7.9,7.92,7.9,334958"
2025-08-28T08:20:00.000-00:00,"7.9,7.9,7.92,7.88,218571"
2025-08-28T08:25:00.000-00:00,"7.9,7.93,7.94,7.89,296891"
2025-08-28T08:30:00.000-00:00,"7.93,7.92,7.94,7.91,170886"
2025-08-28T08:35:00.000-00:00,"7.92,7.95,7.99,7.92,3059040"
2025-08-28T08:40:00.000-00:00,"7.96,8,8,7.96,2300313"
2025-08-28T08:45:00.000-00:00,"8,8.03,8.03,8,1139784"
2025-08-28T08:50:00.000-00:00,"8.03,7.93,8.03,7.93,1250942"
2025-08-28T08:55:00.000-00:00,"7.93,7.97,8,7.93,161886"
2025-08-28T09:00:00.000-00:00,"7.96,7.96,7.97,7.95,57556"
2025-08-28T09:05:00.000-00:00,"7.95,7.96,7.97,7.95,57997"
2025-08-28T09:10:00.000-00:00,"7.96,7.97,7.98,7.95,85977"
2025-08-28T09:15:00.000-00:00,"7.97,7.98,7.98,7.97,52032"
2025-08-28T09:20:00.000-00:00,"7.98,7.98,7.99,7.97,40471"
2025-08-28T09:25:00.000-00:00,"7.99,7.98,7.99,7.98,185442"
2025-08-28T09:30:00.000-00:00,"7.98,7.98,7.99,7.97,135972"
2025-08-28T09:35:00.000-00:00,"7.97,7.98,7.98,7.97,14661"
2025-08-28T09:40:00.000-00:00,"7.97,7.98,7.99,7.97,47500"
2025-08-28T09:45:00.000-00:00,"7.97,7.96,7.98,7.96,122493"
2025-08-28T09:50:00.000-00:00,"7.96,7.94,7.96,7.94,231746"
2025-08-28T09:55:00.000-00:00,"7.94,7.94,7.95,7.94,26588"
2025-08-28T10:00:00.000-00:00,"7.95,7.95,7.95,7.94,10532"
2025-08-28T10:05:00.000-00:00,"7.95,7.95,7.95,7.94,5013"
2025-08-28T10:10:00.000-00:00,"7.94,7.95,7.95,7.94,12302"
2025-08-28T10:15:00.000-00:00,"7.95,7.94,7.95,7.94,13598"
2025-08-28T10:20:00.000-00:00,"7.95,7.93,7.95,7.93,127962"
2025-08-28T10:25:00.000-00:00,"7.94,7.95,7.95,7.93,116252"
2025-08-28T10:30:00.000-00:00,"7.93,7.92,7.93,7.92,232811"
2025-08-28T10:35:00.000-00:00,"7.94,7.93,7.95,7.93,79290"
2025-08-28T10:40:00.000-00:00,"7.95,7.97,7.98,7.95,588352"
2025-08-28T10:45:00.000-00:00,"7.97,7.96,7.98,7.96,47225"
2025-08-28T10:50:00.000-00:00,"7.96,7.97,7.97,7.94,168246"
2025-08-28T10:55:00.000-00:00,"7.95,7.96,7.97,7.95,16852"
2025-08-28T11:00:00.000-00:00,"7.97,7.98,7.98,7.97,103934"
2025-08-28T11:05:00.000-00:00,"7.98,8,8,7.97,1599511"
2025-08-28T11:10:00.000-00:00,"8,8.1,8.1,8,3349932"
2025-08-28T11:25:00.000-00:00,"8.09,8.09,8.09,8.09,780442"
2025-08-31T07:00:00.000-00:00,"8.15,8.14,8.19,8.14,922043"
2025-08-31T07:05:00.000-00:00,"8.17,8.13,8.17,8.13,339224"
2025-08-31T07:10:00.000-00:00,"8.14,8.11,8.15,8.1,368445"
2025-08-31T07:15:00.000-00:00,"8.11,8.14,8.15,8.11,459679"
2025-08-31T07:20:00.000-00:00,"8.15,8.15,8.15,8.13,414937"
2025-08-31T07:25:00.000-00:00,"8.15,8.14,8.16,8.14,735311"
2025-08-31T07:30:00.000-00:00,"8.15,8.13,8.15,8.12,201113"
2025-08-31T07:35:00.000-00:00,"8.14,8.15,8.15,8.13,522201"
2025-08-31T07:40:00.000-00:00,"8.15,8.13,8.16,8.13,401941"
2025-08-31T07:45:00.000-00:00,"8.13,8.14,8.15,8.13,350834"
2025-08-31T07:50:00.000-00:00,"8.14,8.18,8.19,8.13,2117052"
2025-08-31T07:55:00.000-00:00,"8.18,8.17,8.2,8.17,1117319"
2025-08-31T08:00:00.000-00:00,"8.17,8.15,8.17,8.14,253613"
2025-08-31T08:05:00.000-00:00,"8.16,8.15,8.16,8.14,121439"
2025-08-31T08:10:00.000-00:00,"8.15,8.13,8.15,8.13,450124"
2025-08-31T08:15:00.000-00:00,"8.15,8.13,8.15,8.12,387013"
2025-08-31T08:20:00.000-00:00,"8.13,8.09,8.13,8.08,905971"
2025-08-31T08:25:00.000-00:00,"8.09,8.1,8.1,8.09,577924"
2025-08-31T08:30:00.000-00:00,"8.1,8.09,8.1,8.08,484058"
2025-08-31T08:35:00.000-00:00,"8.08,8.09,8.09,8.07,99569"
2025-08-31T08:40:00.000-00:00,"8.09,8.08,8.09,8.07,131871"
2025-08-31T08:45:00.000-00:00,"8.08,8.07,8.08,8.07,44835"
2025-08-31T08:50:00.000-00:00,"8.08,8.07,8.08,8.07,131089"
2025-08-31T08:55:00.000-00:00,"8.08,8.07,8.08,8.07,228148"
2025-08-31T09:00:00.000-00:00,"8.07,8.06,8.08,8.06,387736"
2025-08-31T09:05:00.000-00:00,"8.06,8.04,8.07,8.04,863863"
2025-08-31T09:10:00.000-00:00,"8.04,8.05,8.05,8.04,219644"
2025-08-31T09:15:00.000-00:00,"8.05,8.04,8.05,8.04,191556"
2025-08-31T09:20:00.000-00:00,"8.05,8.03,8.05,8,624441"
2025-08-31T09:25:00.000-00:00,"8.03,8.02,8.03,8.02,178496"
2025-08-31T09:30:00.000-00:00,"8.03,8.01,8.03,8.01,272901"
2025-08-31T09:35:00.000-00:00,"8.02,8.04,8.05,8.01,28294"
2025-08-31T09:40:00.000-00:00,"8.03,7.99,8.03,7.99,238903"
2025-08-31T09:45:00.000-00:00,"8,7.99,8,7.98,230801"
2025-08-31T09:50:00.000-00:00,"7.99,7.99,7.99,7.98,47901"
2025-08-31T09:55:00.000-00:00,"7.99,7.94,7.99,7.93,1185697"
2025-08-31T10:00:00.000-00:00,"7.95,7.94,7.95,7.94,192880"
2025-08-31T10:05:00.000-00:00,"7.95,7.92,7.95,7.92,475017"
2025-08-31T10:10:00.000-00:00,"7.94,7.9,7.94,7.88,1305713"
2025-08-31T10:15:00.000-00:00,"7.93,7.9,7.95,7.88,1189313"
2025-08-31T10:20:00.000-00:00,"7.9,7.88,7.9,7.88,388681"
2025-08-31T10:25:00.000-00:00,"7.88,7.85,7.9,7.8,985251"
2025-08-31T10:30:00.000-00:00,"7.85,7.83,7.85,7.81,267327"
2025-08-31T10:35:00.000-00:00,"7.83,7.84,7.85,7.83,94819"
2025-08-31T10:40:00.000-00:00,"7.84,7.88,7.97,7.82,1861383"
2025-08-31T10:45:00.000-00:00,"7.86,7.84,7.88,7.83,668573"
2025-08-31T10:50:00.000-00:00,"7.84,7.84,7.85,7.83,376672"
2025-08-31T10:55:00.000-00:00,"7.84,7.84,7.85,7.83,500249"
2025-08-31T11:00:00.000-00:00,"7.84,7.79,7.84,7.79,1354567"
2025-08-31T11:05:00.000-00:00,"7.8,7.78,7.8,7.75,698757"
2025-08-31T11:10:00.000-00:00,"7.79,7.75,7.8,7.72,1196218"
2025-08-31T11:25:00.000-00:00,"7.71,7.71,7.71,7.71,3751888"
2025-09-01T07:00:00.000-00:00,"7.78,7.8,7.81,7.73,396609"
2025-09-01T07:05:00.000-00:00,"7.79,7.8,7.8,7.76,422514"
2025-09-01T07:10:00.000-00:00,"7.8,7.81,7.83,7.8,433813"
2025-09-01T07:15:00.000-00:00,"7.81,7.82,7.83,7.8,330101"
2025-09-01T07:20:00.000-00:00,"7.82,7.86,7.86,7.82,719258"
2025-09-01T07:25:00.000-00:00,"7.86,7.83,7.86,7.81,301412"
2025-09-01T07:30:00.000-00:00,"7.83,7.85,7.85,7.81,92132"
2025-09-01T07:35:00.000-00:00,"7.85,7.85,7.86,7.84,331453"
2025-09-01T07:40:00.000-00:00,"7.86,7.85,7.86,7.85,216955"
2025-09-01T07:45:00.000-00:00,"7.85,7.88,7.9,7.85,1118307"
2025-09-01T07:50:00.000-00:00,"7.89,7.9,7.9,7.86,1011040"
2025-09-01T07:55:00.000-00:00,"7.9,7.89,7.91,7.88,154105"
2025-09-01T08:00:00.000-00:00,"7.88,7.86,7.9,7.86,309569"
2025-09-01T08:05:00.000-00:00,"7.85,7.84,7.88,7.84,474247"
2025-09-01T08:10:00.000-00:00,"7.83,7.81,7.83,7.8,443064"
2025-09-01T08:15:00.000-00:00,"7.81,7.8,7.82,7.79,1259706"
2025-09-01T08:20:00.000-00:00,"7.81,7.79,7.81,7.79,372028"
2025-09-01T08:25:00.000-00:00,"7.8,7.82,7.82,7.8,120281"
2025-09-01T08:30:00.000-00:00,"7.81,7.83,7.83,7.81,129144"
2025-09-01T08:35:00.000-00:00,"7.81,7.81,7.82,7.81,27541"
2025-09-01T08:40:00.000-00:00,"7.81,7.82,7.82,7.8,65575"
2025-09-01T08:45:00.000-00:00,"7.82,7.84,7.85,7.82,143947"
2025-09-01T08:50:00.000-00:00,"7.85,7.87,7.88,7.84,196428"
2025-09-01T08:55:00.000-00:00,"7.88,7.86,7.88,7.86,101402"
2025-09-01T09:00:00.000-00:00,"7.87,7.88,7.88,7.87,42891"
2025-09-01T09:05:00.000-00:00,"7.88,7.87,7.88,7.87,769"
2025-09-01T09:10:00.000-00:00,"7.87,7.86,7.87,7.86,147155"
2025-09-01T09:15:00.000-00:00,"7.85,7.86,7.86,7.85,49011"
2025-09-01T09:20:00.000-00:00,"7.86,7.87,7.87,7.85,103241"
2025-09-01T09:25:00.000-00:00,"7.87,7.88,7.88,7.85,170626"
2025-09-01T09:30:00.000-00:00,"7.88,7.88,7.88,7.87,53038"
2025-09-01T09:35:00.000-00:00,"7.86,7.88,7.88,7.85,10530"
2025-09-01T09:40:00.000-00:00,"7.86,7.87,7.87,7.86,3598"
2025-09-01T09:45:00.000-00:00,"7.87,7.87,7.87,7.86,10405"
2025-09-01T09:50:00.000-00:00,"7.87,7.87,7.87,7.85,46093"
2025-09-01T09:55:00.000-00:00,"7.87,7.88,7.89,7.86,278321"
2025-09-01T10:00:00.000-00:00,"7.89,7.9,7.94,7.89,1877557"
2025-09-01T10:05:00.000-00:00,"7.9,7.92,7.94,7.9,771356"
2025-09-01T10:10:00.000-00:00,"7.94,7.94,7.96,7.93,1429684"
2025-09-01T10:15:00.000-00:00,"7.95,7.94,7.95,7.93,475912"
2025-09-01T10:20:00.000-00:00,"7.94,7.94,7.95,7.94,381123"
2025-09-01T10:25:00.000-00:00,"7.94,7.92,7.94,7.92,252816"
2025-09-01T10:30:00.000-00:00,"7.93,7.89,7.93,7.89,1006338"
2025-09-01T10:35:00.000-00:00,"7.89,7.9,7.9,7.89,179747"
2025-09-01T10:40:00.000-00:00,"7.89,7.9,7.9,7.89,349252"
2025-09-01T10:45:00.000-00:00,"7.89,7.89,7.89,7.88,182869"
2025-09-01T10:50:00.000-00:00,"7.89,7.88,7.89,7.88,82398"
2025-09-01T10:55:00.000-00:00,"7.88,7.89,7.89,7.87,323798"
2025-09-01T11:00:00.000-00:00,"7.89,7.87,7.9,7.87,227730"
2025-09-01T11:05:00.000-00:00,"7.88,7.95,7.96,7.88,1140578"
2025-09-01T11:10:00.000-00:00,"7.95,7.99,7.99,7.95,1370795"
2025-09-01T11:25:00.000-00:00,"8,8,8,8,687472"
2025-09-02T07:00:00.000-00:00,"8.01,8.02,8.03,8,73031"
2025-09-02T07:05:00.000-00:00,"8.01,8.04,8.05,8.01,250130"
2025-09-02T07:10:00.000-00:00,"8.04,8.04,8.05,8.03,647589"
2025-09-02T07:15:00.000-00:00,"8.03,8.01,8.04,8.01,186524"
2025-09-02T07:20:00.000-00:00,"8.01,8.02,8.02,8.01,130153"
2025-09-02T07:25:00.000-00:00,"8.02,7.97,8.03,7.97,524357"
2025-09-02T07:30:00.000-00:00,"7.97,7.98,7.98,7.96,61870"
2025-09-02T07:35:00.000-00:00,"7.96,8,8,7.96,314122"
2025-09-02T07:40:00.000-00:00,"8,7.98,8,7.98,387827"
2025-09-02T07:45:00.000-00:00,"7.98,7.98,7.99,7.98,37952"
2025-09-02T07:50:00.000-00:00,"7.98,7.95,7.98,7.94,109923"
2025-09-02T07:55:00.000-00:00,"7.95,7.95,7.95,7.94,123998"
2025-09-02T08:00:00.000-00:00,"7.97,7.95,7.97,7.95,4613"
2025-09-02T08:05:00.000-00:00,"7.95,7.93,7.95,7.93,129326"
2025-09-02T08:10:00.000-00:00,"7.94,7.93,7.94,7.93,60843"
2025-09-02T08:15:00.000-00:00,"7.93,7.93,7.93,7.91,382184"
2025-09-02T08:20:00.000-00:00,"7.91,7.91,7.92,7.91,139576"
2025-09-02T08:25:00.000-00:00,"7.92,7.93,7.94,7.92,75080"
2025-09-02T08:30:00.000-00:00,"7.93,7.92,7.94,7.92,21051"
2025-09-02T08:35:00.000-00:00,"7.92,7.92,7.93,7.92,18432"
2025-09-02T08:40:00.000-00:00,"7.94,7.94,7.94,7.93,21429"
2025-09-02T08:45:00.000-00:00,"7.93,7.92,7.93,7.92,31658"
2025-09-02T08:50:00.000-00:00,"7.93,7.92,7.93,7.92,45813"
2025-09-02T08:55:00.000-00:00,"7.92,7.92,7.93,7.92,89471"
2025-09-02T09:00:00.000-00:00,"7.92,7.92,7.95,7.91,44354"
2025-09-02T09:05:00.000-00:00,"7.92,7.92,7.92,7.92,2328"
2025-09-02T09:10:00.000-00:00,"7.92,7.92,7.93,7.92,29636"
2025-09-02T09:15:00.000-00:00,"7.92,7.92,7.94,7.91,139388"
2025-09-02T09:20:00.000-00:00,"7.93,7.95,7.96,7.93,27215"
2025-09-02T09:25:00.000-00:00,"7.95,7.95,7.95,7.94,64839"
2025-09-02T09:30:00.000-00:00,"7.96,7.94,7.96,7.94,35187"
2025-09-02T09:35:00.000-00:00,"7.93,7.93,7.94,7.93,25933"
2025-09-02T09:40:00.000-00:00,"7.94,7.93,7.94,7.93,29304"
2025-09-02T09:45:00.000-00:00,"7.93,7.92,7.94,7.92,78591"
2025-09-02T09:50:00.000-00:00,"7.92,7.95,7.95,7.91,194670"
2025-09-02T09:55:00.000-00:00,"7.94,7.93,7.95,7.93,15909"
2025-09-02T10:00:00.000-00:00,"7.93,7.91,7.93,7.91,46833"
2025-09-02T10:05:00.000-00:00,"7.92,7.9,7.92,7.9,304774"
2025-09-02T10:10:00.000-00:00,"7.91,7.92,7.92,7.91,250850"
2025-09-02T10:15:00.000-00:00,"7.92,7.91,7.93,7.91,107502"
2025-09-02T10:20:00.000-00:00,"7.92,7.92,7.92,7.91,772953"
2025-09-02T10:25:00.000-00:00,"7.91,7.89,7.92,7.89,1009918"
2025-09-02T10:30:00.000-00:00,"7.89,7.88,7.89,7.88,39207"
2025-09-02T10:35:00.000-00:00,"7.89,7.86,7.9,7.86,316793"
2025-09-02T10:40:00.000-00:00,"7.87,7.86,7.87,7.86,151118"
2025-09-02T10:45:00.000-00:00,"7.87,7.88,7.92,7.86,170215"
2025-09-02T10:50:00.000-00:00,"7.89,7.88,7.89,7.87,46401"
2025-09-02T10:55:00.000-00:00,"7.88,7.92,7.92,7.88,161789"
2025-09-02T11:00:00.000-00:00,"7.92,7.94,7.94,7.92,268854"
2025-09-02T11:05:00.000-00:00,"7.94,7.94,7.95,7.93,685877"
2025-09-02T11:10:00.000-00:00,"7.94,7.95,7.97,7.94,1041845"
2025-09-02T11:25:00.000-00:00,"7.96,7.96,7.96,7.96,435458"
2025-09-03T07:00:00.000-00:00,"7.99,7.91,7.99,7.91,100330"
2025-09-03T07:05:00.000-00:00,"7.97,7.92,7.97,7.92,28769"
2025-09-03T07:10:00.000-00:00,"7.95,7.93,7.95,7.92,4039"
2025-09-03T07:15:00.000-00:00,"7.93,7.92,7.94,7.92,37028"
2025-09-03T07:20:00.000-00:00,"7.92,7.91,7.92,7.91,89818"
2025-09-03T07:25:00.000-00:00,"7.91,7.91,7.92,7.9,106939"
2025-09-03T07:30:00.000-00:00,"7.91,7.92,7.92,7.9,74552"
2025-09-03T07:35:00.000-00:00,"7.92,7.94,7.94,7.92,11292"
2025-09-03T07:40:00.000-00:00,"7.94,7.9,7.94,7.9,98592"
2025-09-03T07:45:00.000-00:00,"7.92,7.9,7.93,7.9,50753"
2025-09-03T07:50:00.000-00:00,"7.91,7.9,7.91,7.89,167984"
2025-09-03T07:55:00.000-00:00,"7.9,7.9,7.92,7.89,43731"
2025-09-03T08:00:00.000-00:00,"7.91,7.9,7.91,7.9,112600"
2025-09-03T08:05:00.000-00:00,"7.92,7.89,7.92,7.89,44355"
2025-09-03T08:10:00.000-00:00,"7.89,7.88,7.9,7.88,78134"
2025-09-03T08:15:00.000-00:00,"7.88,7.89,7.89,7.87,124453"
2025-09-03T08:20:00.000-00:00,"7.89,7.88,7.89,7.88,111732"
2025-09-03T08:25:00.000-00:00,"7.88,7.88,7.89,7.87,112628"
2025-09-03T08:30:00.000-00:00,"7.88,7.88,7.88,7.87,11019"
2025-09-03T08:35:00.000-00:00,"7.87,7.87,7.89,7.86,109386"
2025-09-03T08:40:00.000-00:00,"7.87,7.87,7.87,7.84,353623"
2025-09-03T08:45:00.000-00:00,"7.85,7.84,7.87,7.83,122665"
2025-09-03T08:50:00.000-00:00,"7.86,7.85,7.86,7.85,183276"
2025-09-03T08:55:00.000-00:00,"7.85,7.85,7.85,7.84,298631"
2025-09-03T09:00:00.000-00:00,"7.85,7.85,7.85,7.84,87792"
2025-09-03T09:05:00.000-00:00,"7.85,7.84,7.85,7.84,108679"
2025-09-03T09:10:00.000-00:00,"7.84,7.83,7.84,7.83,149441"
2025-09-03T09:15:00.000-00:00,"7.84,7.8,7.84,7.8,365416"
2025-09-03T09:20:00.000-00:00,"7.8,7.81,7.81,7.79,424990"
2025-09-03T09:25:00.000-00:00,"7.81,7.8,7.81,7.8,276511"
2025-09-03T09:30:00.000-00:00,"7.8,7.79,7.8,7.79,65859"
2025-09-03T09:35:00.000-00:00,"7.8,7.79,7.8,7.78,195292"
2025-09-03T09:40:00.000-00:00,"7.78,7.79,7.8,7.78,179290"
2025-09-03T09:45:00.000-00:00,"7.78,7.79,7.8,7.78,19046"
2025-09-03T09:50:00.000-00:00,"7.79,7.79,7.79,7.79,83275"
2025-09-03T09:55:00.000-00:00,"7.79,7.78,7.79,7.78,112816"
2025-09-03T10:00:00.000-00:00,"7.78,7.77,7.79,7.77,247175"
2025-09-03T10:05:00.000-00:00,"7.78,7.77,7.78,7.77,77412"
2025-09-03T10:10:00.000-00:00,"7.78,7.78,7.78,7.78,103068"
2025-09-03T10:15:00.000-00:00,"7.78,7.8,7.83,7.75,952113"
2025-09-03T10:20:00.000-00:00,"7.8,7.79,7.8,7.78,56532"
2025-09-03T10:25:00.000-00:00,"7.79,7.78,7.79,7.77,54920"
2025-09-03T10:30:00.000-00:00,"7.78,7.79,7.79,7.77,122181"
2025-09-03T10:35:00.000-00:00,"7.78,7.77,7.79,7.77,105327"
2025-09-03T10:40:00.000-00:00,"7.78,7.75,7.78,7.74,1175877"
2025-09-03T10:45:00.000-00:00,"7.75,7.75,7.77,7.75,792945"
2025-09-03T10:50:00.000-00:00,"7.75,7.75,7.77,7.74,492612"
2025-09-03T10:55:00.000-00:00,"7.75,7.74,7.75,7.74,741084"
2025-09-03T11:00:00.000-00:00,"7.74,7.74,7.75,7.74,287640"
2025-09-03T11:05:00.000-00:00,"7.74,7.73,7.75,7.73,1059154"
2025-09-03T11:10:00.000-00:00,"7.72,7.73,7.73,7.71,1078526"
2025-09-03T11:25:00.000-00:00,"7.71,7.71,7.71,7.71,1564889"
2025-09-07T07:00:00.000-00:00,"7.76,7.8,7.81,7.75,435025"
2025-09-07T07:05:00.000-00:00,"7.8,7.8,7.82,7.79,697265"
2025-09-07T07:10:00.000-00:00,"7.8,7.78,7.8,7.78,353425"
2025-09-07T07:15:00.000-00:00,"7.78,7.78,7.8,7.77,625260"
2025-09-07T07:20:00.000-00:00,"7.78,7.8,7.82,7.77,408618"
2025-09-07T07:25:00.000-00:00,"7.79,7.79,7.8,7.78,110835"
2025-09-07T07:30:00.000-00:00,"7.79,7.76,7.79,7.76,236605"
2025-09-07T07:35:00.000-00:00,"7.76,7.75,7.79,7.75,235268"
2025-09-07T07:40:00.000-00:00,"7.78,7.76,7.78,7.75,194707"
2025-09-07T07:45:00.000-00:00,"7.75,7.73,7.75,7.73,247783"
2025-09-07T07:50:00.000-00:00,"7.73,7.7,7.73,7.69,646489"
2025-09-07T07:55:00.000-00:00,"7.7,7.72,7.73,7.69,201551"
2025-09-07T08:00:00.000-00:00,"7.72,7.72,7.73,7.71,83504"
2025-09-07T08:05:00.000-00:00,"7.71,7.7,7.73,7.7,438301"
2025-09-07T08:10:00.000-00:00,"7.7,7.72,7.72,7.7,210200"
2025-09-07T08:15:00.000-00:00,"7.72,7.71,7.73,7.71,53334"
2025-09-07T08:20:00.000-00:00,"7.71,7.72,7.73,7.71,49050"
2025-09-07T08:25:00.000-00:00,"7.73,7.73,7.74,7.73,80900"
2025-09-07T08:30:00.000-00:00,"7.73,7.73,7.74,7.73,47992"
2025-09-07T08:35:00.000-00:00,"7.74,7.71,7.74,7.71,132278"
2025-09-07T08:40:00.000-00:00,"7.71,7.71,7.72,7.71,78022"
2025-09-07T08:45:00.000-00:00,"7.71,7.7,7.71,7.7,438440"
2025-09-07T08:50:00.000-00:00,"7.7,7.71,7.72,7.7,268789"
2025-09-07T08:55:00.000-00:00,"7.71,7.72,7.72,7.71,86475"
2025-09-07T09:00:00.000-00:00,"7.72,7.71,7.72,7.7,235851"
2025-09-07T09:05:00.000-00:00,"7.72,7.69,7.72,7.69,543056"
2025-09-07T09:10:00.000-00:00,"7.69,7.7,7.72,7.68,172397"
2025-09-07T09:15:00.000-00:00,"7.7,7.7,7.71,7.69,314111"
2025-09-07T09:20:00.000-00:00,"7.7,7.72,7.72,7.69,327396"
2025-09-07T09:25:00.000-00:00,"7.72,7.7,7.72,7.7,295098"
2025-09-07T09:30:00.000-00:00,"7.71,7.71,7.71,7.7,36206"
2025-09-07T09:35:00.000-00:00,"7.7,7.71,7.71,7.69,326388"
2025-09-07T09:40:00.000-00:00,"7.7,7.7,7.71,7.7,267560"
2025-09-07T09:45:00.000-00:00,"7.71,7.72,7.72,7.7,101406"
2025-09-07T09:50:00.000-00:00,"7.72,7.73,7.74,7.72,382691"
2025-09-07T09:55:00.000-00:00,"7.73,7.75,7.75,7.73,90619"
2025-09-07T10:00:00.000-00:00,"7.74,7.73,7.74,7.73,217208"
2025-09-07T10:05:00.000-00:00,"7.72,7.71,7.73,7.7,545297"
2025-09-07T10:10:00.000-00:00,"7.71,7.71,7.71,7.7,296281"
2025-09-07T10:15:00.000-00:00,"7.71,7.72,7.72,7.71,38159"
2025-09-07T10:20:00.000-00:00,"7.71,7.72,7.72,7.71,60686"
2025-09-07T10:25:00.000-00:00,"7.71,7.7,7.72,7.7,501456"
2025-09-07T10:30:00.000-00:00,"7.7,7.7,7.71,7.7,196700"
2025-09-07T10:35:00.000-00:00,"7.7,7.69,7.71,7.69,685262"
2025-09-07T10:40:00.000-00:00,"7.69,7.63,7.69,7.61,1188322"
2025-09-07T10:45:00.000-00:00,"7.64,7.64,7.67,7.63,100512"
2025-09-07T10:50:00.000-00:00,"7.64,7.58,7.64,7.57,866386"
2025-09-07T10:55:00.000-00:00,"7.59,7.59,7.6,7.58,109427"
2025-09-07T11:00:00.000-00:00,"7.6,7.56,7.6,7.56,857026"
2025-09-07T11:05:00.000-00:00,"7.56,7.53,7.57,7.53,774905"
2025-09-07T11:10:00.000-00:00,"7.54,7.49,7.54,7.49,2005173"
2025-09-07T11:25:00.000-00:00,"7.52,7.52,7.52,7.52,1553087"
2025-09-08T07:00:00.000-00:00,"7.54,7.57,7.58,7.53,400535"
2025-09-08T07:05:00.000-00:00,"7.56,7.55,7.58,7.55,122376"
2025-09-08T07:10:00.000-00:00,"7.56,7.57,7.59,7.56,354093"
2025-09-08T07:15:00.000-00:00,"7.58,7.62,7.66,7.58,1478561"
2025-09-08T07:20:00.000-00:00,"7.62,7.6,7.62,7.59,110020"
2025-09-08T07:25:00.000-00:00,"7.59,7.57,7.59,7.57,81342"
2025-09-08T07:30:00.000-00:00,"7.57,7.57,7.6,7.56,98106"
2025-09-08T07:35:00.000-00:00,"7.57,7.62,7.63,7.55,883994"
2025-09-08T07:40:00.000-00:00,"7.62,7.6,7.62,7.59,415076"
2025-09-08T07:45:00.000-00:00,"7.59,7.59,7.6,7.58,75571"
2025-09-08T07:50:00.000-00:00,"7.59,7.59,7.59,7.57,18133"
2025-09-08T07:55:00.000-00:00,"7.59,7.59,7.59,7.58,33970"
2025-09-08T08:00:00.000-00:00,"7.59,7.59,7.59,7.58,50255"
2025-09-08T08:05:00.000-00:00,"7.59,7.6,7.6,7.59,266590"
2025-09-08T08:10:00.000-00:00,"7.6,7.59,7.62,7.59,187110"
2025-09-08T08:15:00.000-00:00,"7.6,7.6,7.62,7.59,90397"
2025-09-08T08:20:00.000-00:00,"7.59,7.59,7.6,7.59,137517"
2025-09-08T08:25:00.000-00:00,"7.59,7.59,7.6,7.58,19071"
2025-09-08T08:30:00.000-00:00,"7.58,7.57,7.59,7.56,170116"
2025-09-08T08:35:00.000-00:00,"7.57,7.57,7.58,7.57,24783"
2025-09-08T08:40:00.000-00:00,"7.58,7.56,7.58,7.56,31835"
2025-09-08T08:45:00.000-00:00,"7.56,7.57,7.58,7.56,13024"
2025-09-08T08:50:00.000-00:00,"7.57,7.58,7.58,7.56,81202"
2025-09-08T08:55:00.000-00:00,"7.58,7.59,7.59,7.56,531156"
2025-09-08T09:00:00.000-00:00,"7.59,7.59,7.59,7.58,57346"
2025-09-08T09:05:00.000-00:00,"7.59,7.56,7.59,7.56,191178"
2025-09-08T09:10:00.000-00:00,"7.58,7.55,7.58,7.55,555276"
2025-09-08T09:15:00.000-00:00,"7.58,7.55,7.58,7.55,6274"
2025-09-08T09:20:00.000-00:00,"7.58,7.59,7.59,7.55,218386"
2025-09-08T09:25:00.000-00:00,"7.58,7.58,7.58,7.56,53412"
2025-09-08T09:30:00.000-00:00,"7.57,7.57,7.58,7.57,141474"
2025-09-08T09:35:00.000-00:00,"7.57,7.58,7.59,7.57,257964"
2025-09-08T09:40:00.000-00:00,"7.59,7.58,7.59,7.58,15962"
2025-09-08T09:45:00.000-00:00,"7.58,7.58,7.58,7.57,475158"
2025-09-08T09:50:00.000-00:00,"7.57,7.56,7.58,7.56,133626"
2025-09-08T09:55:00.000-00:00,"7.56,7.57,7.57,7.56,93761"
2025-09-08T10:00:00.000-00:00,"7.58,7.58,7.58,7.57,46008"
2025-09-08T10:05:00.000-00:00,"7.57,7.56,7.58,7.56,120917"
2025-09-08T10:10:00.000-00:00,"7.56,7.56,7.58,7.56,30231"
2025-09-08T10:15:00.000-00:00,"7.56,7.53,7.57,7.53,459049"
2025-09-08T10:20:00.000-00:00,"7.53,7.53,7.54,7.52,252192"
2025-09-08T10:25:00.000-00:00,"7.53,7.52,7.53,7.52,151644"
2025-09-08T10:30:00.000-00:00,"7.52,7.49,7.52,7.49,527595"
2025-09-08T10:35:00.000-00:00,"7.49,7.47,7.5,7.47,153636"
2025-09-08T10:40:00.000-00:00,"7.47,7.47,7.5,7.46,300562"
2025-09-08T10:45:00.000-00:00,"7.47,7.46,7.48,7.45,299858"
2025-09-08T10:50:00.000-00:00,"7.46,7.46,7.49,7.46,204870"
2025-09-08T10:55:00.000-00:00,"7.47,7.45,7.47,7.45,200895"
2025-09-08T11:00:00.000-00:00,"7.44,7.46,7.46,7.43,284463"
2025-09-08T11:05:00.000-00:00,"7.46,7.5,7.5,7.46,561535"
2025-09-08T11:10:00.000-00:00,"7.5,7.48,7.5,7.48,61034"
2025-09-08T11:25:00.000-00:00,"7.49,7.49,7.49,7.49,643430"
2025-09-09T07:00:00.000-00:00,"7.5,7.52,7.54,7.46,344998"
2025-09-09T07:05:00.000-00:00,"7.52,7.5,7.52,7.47,102029"
2025-09-09T07:10:00.000-00:00,"7.47,7.49,7.49,7.47,31012"
2025-09-09T07:15:00.000-00:00,"7.49,7.5,7.5,7.48,62143"
2025-09-09T07:20:00.000-00:00,"7.48,7.49,7.49,7.47,12565"
2025-09-09T07:25:00.000-00:00,"7.47,7.48,7.49,7.45,254250"
2025-09-09T07:30:00.000-00:00,"7.48,7.48,7.48,7.44,242682"
2025-09-09T07:35:00.000-00:00,"7.44,7.47,7.47,7.44,86553"
2025-09-09T07:40:00.000-00:00,"7.47,7.46,7.47,7.46,21503"
2025-09-09T07:45:00.000-00:00,"7.46,7.46,7.46,7.43,150428"
2025-09-09T07:50:00.000-00:00,"7.46,7.45,7.46,7.45,27154"
2025-09-09T07:55:00.000-00:00,"7.44,7.45,7.45,7.44,43868"
2025-09-09T08:00:00.000-00:00,"7.45,7.47,7.47,7.44,292427"
2025-09-09T08:05:00.000-00:00,"7.47,7.47,7.48,7.46,83933"
2025-09-09T08:10:00.000-00:00,"7.47,7.46,7.47,7.46,72081"
2025-09-09T08:15:00.000-00:00,"7.47,7.47,7.47,7.46,98866"
2025-09-09T08:20:00.000-00:00,"7.46,7.46,7.47,7.45,36054"
2025-09-09T08:25:00.000-00:00,"7.46,7.47,7.47,7.46,16985"
2025-09-09T08:30:00.000-00:00,"7.46,7.47,7.47,7.46,28948"
2025-09-09T08:35:00.000-00:00,"7.47,7.46,7.47,7.45,6929"
2025-09-09T08:40:00.000-00:00,"7.45,7.45,7.46,7.44,308157"
2025-09-09T08:45:00.000-00:00,"7.45,7.45,7.45,7.45,122489"
2025-09-09T08:50:00.000-00:00,"7.45,7.45,7.45,7.44,75942"
2025-09-09T08:55:00.000-00:00,"7.45,7.44,7.45,7.44,8735"
2025-09-09T09:00:00.000-00:00,"7.44,7.43,7.44,7.43,161476"
2025-09-09T09:05:00.000-00:00,"7.44,7.43,7.44,7.43,108285"
2025-09-09T09:10:00.000-00:00,"7.43,7.44,7.44,7.43,21259"
2025-09-09T09:15:00.000-00:00,"7.43,7.44,7.44,7.43,28013"
2025-09-09T09:20:00.000-00:00,"7.44,7.43,7.44,7.43,81554"
2025-09-09T09:25:00.000-00:00,"7.42,7.35,7.43,7.34,442396"
2025-09-09T09:30:00.000-00:00,"7.35,7.35,7.37,7.34,92465"
2025-09-09T09:35:00.000-00:00,"7.37,7.37,7.37,7.34,122262"
2025-09-09T09:40:00.000-00:00,"7.35,7.34,7.35,7.32,237481"
2025-09-09T09:45:00.000-00:00,"7.34,7.34,7.34,7.33,203506"
2025-09-09T09:50:00.000-00:00,"7.34,7.37,7.37,7.33,774907"
2025-09-09T09:55:00.000-00:00,"7.36,7.37,7.37,7.36,225035"
2025-09-09T10:00:00.000-00:00,"7.36,7.35,7.36,7.34,216329"
2025-09-09T10:05:00.000-00:00,"7.35,7.35,7.35,7.33,134903"
2025-09-09T10:10:00.000-00:00,"7.35,7.33,7.35,7.32,724306"
2025-09-09T10:15:00.000-00:00,"7.33,7.32,7.33,7.32,263440"
2025-09-09T10:20:00.000-00:00,"7.31,7.3,7.31,7.28,595112"
2025-09-09T10:25:00.000-00:00,"7.29,7.29,7.3,7.28,112337"
2025-09-09T10:30:00.000-00:00,"7.28,7.3,7.33,7.28,252753"
2025-09-09T10:35:00.000-00:00,"7.3,7.3,7.3,7.3,55970"
2025-09-09T10:40:00.000-00:00,"7.3,7.32,7.32,7.3,80390"
2025-09-09T10:45:00.000-00:00,"7.32,7.3,7.33,7.29,69411"
2025-09-09T10:50:00.000-00:00,"7.3,7.3,7.31,7.28,167012"
2025-09-09T10:55:00.000-00:00,"7.3,7.29,7.3,7.28,87518"
2025-09-09T11:00:00.000-00:00,"7.28,7.23,7.28,7.22,1141909"
2025-09-09T11:05:00.000-00:00,"7.25,7.27,7.27,7.23,250684"
2025-09-09T11:10:00.000-00:00,"7.26,7.31,7.31,7.24,3072695"
2025-09-09T11:25:00.000-00:00,"7.3,7.3,7.3,7.3,2744395"
2025-09-10T07:00:00.000-00:00,"7.27,7.27,7.31,7.23,235450"
2025-09-10T07:05:00.000-00:00,"7.3,7.3,7.3,7.3,7560"
2025-09-10T07:10:00.000-00:00,"7.3,7.27,7.3,7.27,23139"
2025-09-10T07:15:00.000-00:00,"7.27,7.28,7.3,7.27,260167"
2025-09-10T07:20:00.000-00:00,"7.29,7.27,7.29,7.27,206976"
2025-09-10T07:25:00.000-00:00,"7.27,7.29,7.29,7.26,48705"
2025-09-10T07:30:00.000-00:00,"7.29,7.29,7.29,7.29,2666"
2025-09-10T07:35:00.000-00:00,"7.29,7.3,7.3,7.26,134815"
2025-09-10T07:40:00.000-00:00,"7.3,7.29,7.32,7.29,143407"
2025-09-10T07:45:00.000-00:00,"7.29,7.3,7.3,7.29,101072"
2025-09-10T07:50:00.000-00:00,"7.3,7.29,7.3,7.29,8133"
2025-09-10T07:55:00.000-00:00,"7.3,7.28,7.3,7.28,1181"
2025-09-10T08:00:00.000-00:00,"7.29,7.29,7.29,7.27,41562"
2025-09-10T08:05:00.000-00:00,"7.29,7.27,7.29,7.27,73729"
2025-09-10T08:10:00.000-00:00,"7.28,7.28,7.29,7.27,167688"
2025-09-10T08:15:00.000-00:00,"7.28,7.28,7.29,7.28,26656"
2025-09-10T08:20:00.000-00:00,"7.28,7.28,7.28,7.28,16104"
2025-09-10T08:25:00.000-00:00,"7.28,7.27,7.28,7.26,98666"
2025-09-10T08:30:00.000-00:00,"7.27,7.27,7.28,7.27,58023"
2025-09-10T08:35:00.000-00:00,"7.27,7.28,7.28,7.27,33850"
2025-09-10T08:40:00.000-00:00,"7.27,7.27,7.28,7.27,34688"
2025-09-10T08:45:00.000-00:00,"7.28,7.28,7.28,7.27,15495"
2025-09-10T08:50:00.000-00:00,"7.27,7.29,7.29,7.26,231795"
2025-09-10T08:55:00.000-00:00,"7.29,7.3,7.3,7.29,187990"
2025-09-10T09:00:00.000-00:00,"7.29,7.28,7.29,7.28,47080"
2025-09-10T09:05:00.000-00:00,"7.28,7.28,7.28,7.28,61523"
2025-09-10T09:10:00.000-00:00,"7.28,7.27,7.29,7.27,147116"
2025-09-10T09:15:00.000-00:00,"7.28,7.28,7.28,7.28,1413"
2025-09-10T09:20:00.000-00:00,"7.28,7.25,7.28,7.25,96994"
2025-09-10T09:25:00.000-00:00,"7.25,7.2,7.25,7.19,575904"
2025-09-10T09:30:00.000-00:00,"7.19,7.24,7.24,7.19,132980"
2025-09-10T09:35:00.000-00:00,"7.24,7.24,7.24,7.23,33206"
2025-09-10T09:40:00.000-00:00,"7.24,7.24,7.24,7.24,2607"
2025-09-10T09:45:00.000-00:00,"7.24,7.24,7.24,7.23,12711"
2025-09-10T09:50:00.000-00:00,"7.24,7.24,7.24,7.22,178771"
2025-09-10T09:55:00.000-00:00,"7.24,7.24,7.24,7.23,18808"
2025-09-10T10:00:00.000-00:00,"7.24,7.24,7.24,7.23,168979"
2025-09-10T10:05:00.000-00:00,"7.24,7.28,7.29,7.24,341337"
2025-09-10T10:10:00.000-00:00,"7.28,7.29,7.29,7.27,786510"
2025-09-10T10:15:00.000-00:00,"7.28,7.28,7.29,7.25,267479"
2025-09-10T10:20:00.000-00:00,"7.28,7.27,7.28,7.27,61388"
2025-09-10T10:25:00.000-00:00,"7.26,7.27,7.27,7.26,57473"
2025-09-10T10:30:00.000-00:00,"7.26,7.27,7.28,7.26,82677"
2025-09-10T10:35:00.000-00:00,"7.27,7.28,7.28,7.27,28793"
2025-09-10T10:40:00.000-00:00,"7.28,7.26,7.28,7.26,61555"
2025-09-10T10:45:00.000-00:00,"7.27,7.25,7.27,7.24,388253"
2025-09-10T10:50:00.000-00:00,"7.25,7.25,7.26,7.24,73226"
2025-09-10T10:55:00.000-00:00,"7.24,7.24,7.28,7.24,371643"
2025-09-10T11:00:00.000-00:00,"7.25,7.27,7.28,7.25,651298"
2025-09-10T11:05:00.000-00:00,"7.27,7.27,7.27,7.25,235526"
2025-09-10T11:10:00.000-00:00,"7.26,7.26,7.27,7.25,474966"
2025-09-10T11:25:00.000-00:00,"7.26,7.26,7.26,7.26,1032023"
2025-09-11T07:00:00.000-00:00,"7.28,7.27,7.3,7.27,41290"
2025-09-11T07:05:00.000-00:00,"7.29,7.27,7.29,7.27,70556"
2025-09-11T07:10:00.000-00:00,"7.28,7.27,7.3,7.27,121868"
2025-09-11T07:15:00.000-00:00,"7.27,7.26,7.29,7.26,137134"
2025-09-11T07:20:00.000-00:00,"7.26,7.26,7.27,7.26,33851"
2025-09-11T07:25:00.000-00:00,"7.26,7.23,7.26,7.23,51180"
2025-09-11T07:30:00.000-00:00,"7.24,7.25,7.25,7.24,45074"
2025-09-11T07:35:00.000-00:00,"7.25,7.26,7.26,7.24,46487"
2025-09-11T07:40:00.000-00:00,"7.25,7.25,7.26,7.24,125604"
2025-09-11T07:45:00.000-00:00,"7.26,7.26,7.26,7.25,301503"
2025-09-11T07:50:00.000-00:00,"7.26,7.25,7.27,7.24,55831"
2025-09-11T07:55:00.000-00:00,"7.25,7.26,7.26,7.25,182339"
2025-09-11T08:00:00.000-00:00,"7.25,7.25,7.26,7.24,50867"
2025-09-11T08:05:00.000-00:00,"7.25,7.25,7.25,7.24,35727"
2025-09-11T08:10:00.000-00:00,"7.24,7.25,7.25,7.24,23636"
2025-09-11T08:15:00.000-00:00,"7.25,7.24,7.26,7.24,55015"
2025-09-11T08:20:00.000-00:00,"7.24,7.25,7.25,7.23,43634"
2025-09-11T08:25:00.000-00:00,"7.25,7.25,7.25,7.23,92854"
2025-09-11T08:30:00.000-00:00,"7.24,7.25,7.25,7.24,74432"
2025-09-11T08:35:00.000-00:00,"7.25,7.25,7.25,7.24,2700"
2025-09-11T08:40:00.000-00:00,"7.24,7.25,7.25,7.24,124895"
2025-09-11T08:45:00.000-00:00,"7.25,7.27,7.29,7.25,261366"
2025-09-11T08:50:00.000-00:00,"7.26,7.29,7.29,7.26,279630"
2025-09-11T08:55:00.000-00:00,"7.28,7.3,7.3,7.28,569762"
2025-09-11T09:00:00.000-00:00,"7.29,7.3,7.32,7.28,387075"
2025-09-11T09:05:00.000-00:00,"7.29,7.27,7.3,7.26,131365"
2025-09-11T09:10:00.000-00:00,"7.27,7.26,7.28,7.25,42703"
2025-09-11T09:15:00.000-00:00,"7.27,7.27,7.27,7.26,33261"
2025-09-11T09:20:00.000-00:00,"7.26,7.27,7.27,7.26,117613"
2025-09-11T09:25:00.000-00:00,"7.27,7.27,7.27,7.26,36868"
2025-09-11T09:30:00.000-00:00,"7.26,7.23,7.27,7.23,447927"
2025-09-11T09:35:00.000-00:00,"7.24,7.24,7.24,7.23,49262"
2025-09-11T09:40:00.000-00:00,"7.24,7.23,7.24,7.23,94208"
2025-09-11T09:45:00.000-00:00,"7.23,7.22,7.24,7.21,274127"
2025-09-11T09:50:00.000-00:00,"7.21,7.16,7.22,7.16,1256487"
2025-09-11T09:55:00.000-00:00,"7.18,7.13,7.19,7.13,793730"
2025-09-11T10:00:00.000-00:00,"7.15,7.16,7.16,7.13,317556"
2025-09-11T10:05:00.000-00:00,"7.16,7.16,7.16,7.13,143285"
2025-09-11T10:10:00.000-00:00,"7.16,7.16,7.17,7.14,361758"
2025-09-11T10:15:00.000-00:00,"7.16,7.12,7.16,7.12,401213"
2025-09-11T10:20:00.000-00:00,"7.11,7.14,7.16,7.07,1683996"
2025-09-11T10:25:00.000-00:00,"7.13,7.08,7.14,7.08,557256"
2025-09-11T10:30:00.000-00:00,"7.08,7.13,7.13,7.08,839070"
2025-09-11T10:35:00.000-00:00,"7.12,7.12,7.14,7.11,287845"
2025-09-11T10:40:00.000-00:00,"7.12,7.1,7.12,7.09,347305"
2025-09-11T10:45:00.000-00:00,"7.1,7.12,7.12,7.1,117714"
2025-09-11T10:50:00.000-00:00,"7.12,7.13,7.13,7.11,208301"
2025-09-11T10:55:00.000-00:00,"7.13,7.12,7.14,7.11,920570"
2025-09-11T11:00:00.000-00:00,"7.11,7.11,7.12,7.1,289756"
2025-09-11T11:05:00.000-00:00,"7.12,7.11,7.13,7.1,1468645"
2025-09-11T11:10:00.000-00:00,"7.12,7.12,7.13,7.11,1015592"
2025-09-11T11:25:00.000-00:00,"7.1,7.1,7.1,7.1,1181484"
2025-09-14T07:00:00.000-00:00,"7.11,7.15,7.16,7.11,333984"
2025-09-14T07:05:00.000-00:00,"7.15,7.15,7.2,7.12,632940"
2025-09-14T07:10:00.000-00:00,"7.16,7.19,7.2,7.15,285976"
2025-09-14T07:15:00.000-00:00,"7.19,7.15,7.19,7.15,285734"
2025-09-14T07:20:00.000-00:00,"7.15,7.17,7.17,7.15,92599"
2025-09-14T07:25:00.000-00:00,"7.18,7.16,7.2,7.16,242199"
2025-09-14T07:30:00.000-00:00,"7.16,7.18,7.18,7.15,112001"
2025-09-14T07:35:00.000-00:00,"7.17,7.17,7.18,7.16,14687"
2025-09-14T07:40:00.000-00:00,"7.17,7.18,7.18,7.16,54099"
2025-09-14T07:45:00.000-00:00,"7.17,7.17,7.19,7.16,236179"
2025-09-14T07:50:00.000-00:00,"7.17,7.18,7.18,7.17,211911"
2025-09-14T07:55:00.000-00:00,"7.18,7.18,7.18,7.17,38403"
2025-09-14T08:00:00.000-00:00,"7.18,7.17,7.18,7.16,93772"
2025-09-14T08:05:00.000-00:00,"7.17,7.17,7.18,7.16,68235"
2025-09-14T08:10:00.000-00:00,"7.16,7.17,7.17,7.16,169799"
2025-09-14T08:15:00.000-00:00,"7.17,7.17,7.18,7.16,68898"
2025-09-14T08:20:00.000-00:00,"7.17,7.2,7.2,7.17,1467926"
2025-09-14T08:25:00.000-00:00,"7.2,7.21,7.22,7.19,852947"
2025-09-14T08:30:00.000-00:00,"7.21,7.24,7.27,7.21,1922184"
2025-09-14T08:35:00.000-00:00,"7.24,7.25,7.25,7.23,560241"
2025-09-14T08:40:00.000-00:00,"7.25,7.25,7.26,7.24,193501"
2025-09-14T08:45:00.000-00:00,"7.25,7.24,7.25,7.24,51618"
2025-09-14T08:50:00.000-00:00,"7.24,7.24,7.25,7.23,129630"
2025-09-14T08:55:00.000-00:00,"7.25,7.26,7.26,7.23,220038"
2025-09-14T09:00:00.000-00:00,"7.26,7.24,7.26,7.24,120275"
2025-09-14T09:05:00.000-00:00,"7.25,7.24,7.25,7.23,99774"
2025-09-14T09:10:00.000-00:00,"7.24,7.24,7.24,7.22,63310"
2025-09-14T09:15:00.000-00:00,"7.22,7.22,7.23,7.22,74104"
2025-09-14T09:20:00.000-00:00,"7.23,7.22,7.24,7.22,57387"
2025-09-14T09:25:00.000-00:00,"7.22,7.22,7.23,7.21,98306"
2025-09-14T09:30:00.000-00:00,"7.22,7.21,7.22,7.21,45005"
2025-09-14T09:35:00.000-00:00,"7.22,7.18,7.22,7.18,500979"
2025-09-14T09:40:00.000-00:00,"7.18,7.2,7.2,7.18,385311"
2025-09-14T09:45:00.000-00:00,"7.19,7.2,7.2,7.19,163251"
2025-09-14T09:50:00.000-00:00,"7.2,7.19,7.2,7.19,48291"
2025-09-14T09:55:00.000-00:00,"7.19,7.2,7.21,7.19,135699"
2025-09-14T10:00:00.000-00:00,"7.2,7.22,7.23,7.2,10026"
2025-09-14T10:05:00.000-00:00,"7.22,7.21,7.23,7.21,23891"
2025-09-14T10:10:00.000-00:00,"7.21,7.22,7.23,7.2,100925"
2025-09-14T10:15:00.000-00:00,"7.21,7.21,7.21,7.21,10000"
2025-09-14T10:20:00.000-00:00,"7.21,7.2,7.22,7.2,197255"
2025-09-14T10:25:00.000-00:00,"7.21,7.21,7.23,7.21,65992"
2025-09-14T10:30:00.000-00:00,"7.21,7.22,7.22,7.2,74068"
2025-09-14T10:35:00.000-00:00,"7.21,7.2,7.21,7.19,256189"
2025-09-14T10:40:00.000-00:00,"7.2,7.2,7.21,7.2,214706"
2025-09-14T10:45:00.000-00:00,"7.21,7.22,7.22,7.2,137008"
2025-09-14T10:50:00.000-00:00,"7.22,7.22,7.22,7.21,97849"
2025-09-14T10:55:00.000-00:00,"7.21,7.2,7.22,7.2,140606"
2025-09-14T11:00:00.000-00:00,"7.21,7.25,7.25,7.2,627864"
2025-09-14T11:05:00.000-00:00,"7.25,7.29,7.3,7.25,1816629"
2025-09-14T11:10:00.000-00:00,"7.29,7.29,7.31,7.26,547150"
2025-09-14T11:25:00.000-00:00,"7.32,7.32,7.32,7.32,907626"
2025-09-15T07:00:00.000-00:00,"7.35,7.34,7.37,7.34,484402"
2025-09-15T07:05:00.000-00:00,"7.34,7.33,7.34,7.32,249922"
2025-09-15T07:10:00.000-00:00,"7.33,7.34,7.34,7.33,228540"
2025-09-15T07:15:00.000-00:00,"7.33,7.33,7.34,7.33,83588"
2025-09-15T07:20:00.000-00:00,"7.34,7.33,7.34,7.33,54870"
2025-09-15T07:25:00.000-00:00,"7.33,7.35,7.35,7.33,179257"
2025-09-15T07:30:00.000-00:00,"7.35,7.35,7.36,7.34,101648"
2025-09-15T07:35:00.000-00:00,"7.34,7.33,7.35,7.33,149762"
2025-09-15T07:40:00.000-00:00,"7.33,7.33,7.33,7.33,46850"
2025-09-15T07:45:00.000-00:00,"7.34,7.35,7.35,7.34,172814"
2025-09-15T07:50:00.000-00:00,"7.36,7.35,7.36,7.35,129153"
2025-09-15T07:55:00.000-00:00,"7.35,7.35,7.36,7.35,130543"
2025-09-15T08:00:00.000-00:00,"7.35,7.35,7.36,7.35,82316"
2025-09-15T08:05:00.000-00:00,"7.35,7.37,7.38,7.34,307538"
2025-09-15T08:10:00.000-00:00,"7.37,7.36,7.37,7.35,68848"
2025-09-15T08:15:00.000-00:00,"7.36,7.35,7.37,7.35,243967"
2025-09-15T08:20:00.000-00:00,"7.35,7.34,7.37,7.34,84577"
2025-09-15T08:25:00.000-00:00,"7.35,7.34,7.35,7.34,102734"
2025-09-15T08:30:00.000-00:00,"7.35,7.34,7.35,7.34,87511"
2025-09-15T08:35:00.000-00:00,"7.34,7.33,7.35,7.33,34990"
2025-09-15T08:40:00.000-00:00,"7.34,7.35,7.35,7.33,90941"
2025-09-15T08:45:00.000-00:00,"7.34,7.33,7.35,7.33,27951"
2025-09-15T08:50:00.000-00:00,"7.34,7.34,7.34,7.34,2567"
2025-09-15T08:55:00.000-00:00,"7.33,7.32,7.34,7.32,188018"
2025-09-15T09:00:00.000-00:00,"7.32,7.31,7.32,7.31,289709"
2025-09-15T09:05:00.000-00:00,"7.31,7.29,7.32,7.29,397674"
2025-09-15T09:10:00.000-00:00,"7.28,7.27,7.29,7.27,85395"
2025-09-15T09:15:00.000-00:00,"7.27,7.22,7.28,7.21,389475"
2025-09-15T09:20:00.000-00:00,"7.22,7.24,7.28,7.22,449371"
2025-09-15T09:25:00.000-00:00,"7.27,7.26,7.27,7.23,12059"
2025-09-15T09:30:00.000-00:00,"7.26,7.25,7.26,7.25,19754"
2025-09-15T09:35:00.000-00:00,"7.26,7.26,7.26,7.25,32432"
2025-09-15T09:40:00.000-00:00,"7.26,7.26,7.27,7.25,42134"
2025-09-15T09:45:00.000-00:00,"7.26,7.25,7.26,7.25,48502"
2025-09-15T09:50:00.000-00:00,"7.25,7.25,7.25,7.25,26480"
2025-09-15T09:55:00.000-00:00,"7.24,7.25,7.25,7.24,36423"
2025-09-15T10:00:00.000-00:00,"7.26,7.25,7.26,7.25,5516"
2025-09-15T10:05:00.000-00:00,"7.26,7.27,7.27,7.26,54856"
2025-09-15T10:10:00.000-00:00,"7.27,7.27,7.27,7.27,74235"
2025-09-15T10:15:00.000-00:00,"7.28,7.27,7.28,7.26,70537"
2025-09-15T10:20:00.000-00:00,"7.27,7.27,7.27,7.26,225618"
2025-09-15T10:25:00.000-00:00,"7.27,7.26,7.27,7.26,199341"
2025-09-15T10:30:00.000-00:00,"7.26,7.25,7.26,7.25,154990"
2025-09-15T10:35:00.000-00:00,"7.25,7.25,7.26,7.25,43158"
2025-09-15T10:40:00.000-00:00,"7.25,7.25,7.25,7.24,130795"
2025-09-15T10:45:00.000-00:00,"7.25,7.25,7.25,7.25,57390"
2025-09-15T10:50:00.000-00:00,"7.24,7.24,7.24,7.23,43264"
2025-09-15T10:55:00.000-00:00,"7.24,7.23,7.24,7.23,32050"
2025-09-15T11:00:00.000-00:00,"7.23,7.23,7.23,7.23,45097"
2025-09-15T11:05:00.000-00:00,"7.23,7.24,7.24,7.23,229402"
2025-09-15T11:10:00.000-00:00,"7.24,7.22,7.25,7.22,320562"
2025-09-15T11:25:00.000-00:00,"7.21,7.21,7.21,7.21,1709733"
2025-09-16T07:00:00.000-00:00,"7.2,7.18,7.21,7.12,681899"
2025-09-16T07:05:00.000-00:00,"7.17,7.18,7.2,7.16,165970"
2025-09-16T07:10:00.000-00:00,"7.19,7.2,7.21,7.17,98582"
2025-09-16T07:15:00.000-00:00,"7.2,7.2,7.21,7.2,242573"
2025-09-16T07:20:00.000-00:00,"7.2,7.19,7.2,7.19,190637"
2025-09-16T07:25:00.000-00:00,"7.2,7.18,7.21,7.18,395753"
2025-09-16T07:30:00.000-00:00,"7.18,7.18,7.2,7.18,20282"
2025-09-16T07:35:00.000-00:00,"7.18,7.16,7.18,7.16,110772"
2025-09-16T07:40:00.000-00:00,"7.17,7.18,7.18,7.15,164982"
2025-09-16T07:45:00.000-00:00,"7.18,7.19,7.2,7.17,250501"
2025-09-16T07:50:00.000-00:00,"7.19,7.19,7.2,7.18,152408"
2025-09-16T07:55:00.000-00:00,"7.2,7.19,7.2,7.18,29357"
2025-09-16T08:00:00.000-00:00,"7.19,7.2,7.2,7.18,7164"
2025-09-16T08:05:00.000-00:00,"7.2,7.19,7.2,7.17,125347"
2025-09-16T08:10:00.000-00:00,"7.19,7.19,7.19,7.19,5293"
2025-09-16T08:15:00.000-00:00,"7.19,7.19,7.19,7.18,34409"
2025-09-16T08:20:00.000-00:00,"7.19,7.18,7.19,7.18,107286"
2025-09-16T08:25:00.000-00:00,"7.17,7.16,7.17,7.16,66417"
2025-09-16T08:30:00.000-00:00,"7.17,7.15,7.17,7.14,182368"
2025-09-16T08:35:00.000-00:00,"7.16,7.16,7.18,7.14,146586"
2025-09-16T08:40:00.000-00:00,"7.16,7.11,7.18,7.11,578579"
2025-09-16T08:45:00.000-00:00,"7.12,7.1,7.13,7.09,196359"
2025-09-16T08:50:00.000-00:00,"7.1,7.1,7.1,7.08,262500"
2025-09-16T08:55:00.000-00:00,"7.1,7.1,7.1,7.07,196560"
2025-09-16T09:00:00.000-00:00,"7.1,7.09,7.1,7.07,66806"
2025-09-16T09:05:00.000-00:00,"7.07,7.08,7.08,7.07,73524"
2025-09-16T09:10:00.000-00:00,"7.08,7.08,7.08,7.08,116888"
2025-09-16T09:15:00.000-00:00,"7.08,7.08,7.08,7.06,163456"
2025-09-16T09:20:00.000-00:00,"7.07,7.11,7.12,7.07,161653"
2025-09-16T09:25:00.000-00:00,"7.12,7.1,7.12,7.1,105213"
2025-09-16T09:30:00.000-00:00,"7.11,7.1,7.11,7.09,2149"
2025-09-16T09:35:00.000-00:00,"7.1,7.09,7.1,7.09,53313"
2025-09-16T09:40:00.000-00:00,"7.09,7.06,7.1,7.06,403375"
2025-09-16T09:45:00.000-00:00,"7.1,6.99,7.1,6.99,931581"
2025-09-16T09:50:00.000-00:00,"7,7,7.05,6.99,574177"
2025-09-16T09:55:00.000-00:00,"7.04,7.03,7.05,7,908662"
2025-09-16T10:00:00.000-00:00,"7.03,7,7.04,7,904939"
2025-09-16T10:05:00.000-00:00,"7,7.01,7.02,7,95790"
2025-09-16T10:10:00.000-00:00,"7.02,7,7.03,6.99,565548"
2025-09-16T10:15:00.000-00:00,"7,7.02,7.02,7,42016"
2025-09-16T10:20:00.000-00:00,"7.02,7.05,7.05,7.02,220450"
2025-09-16T10:25:00.000-00:00,"7.05,7.03,7.05,7.03,166332"
2025-09-16T10:30:00.000-00:00,"7.03,7.05,7.06,7.02,223419"
2025-09-16T10:35:00.000-00:00,"7.05,7.04,7.05,7.04,47341"
2025-09-16T10:40:00.000-00:00,"7.03,7.04,7.05,7.03,163621"
2025-09-16T10:45:00.000-00:00,"7.05,7.07,7.07,7.05,676810"
2025-09-16T10:50:00.000-00:00,"7.07,7.06,7.07,7.06,204690"
2025-09-16T10:55:00.000-00:00,"7.06,7.04,7.07,7.01,438638"
2025-09-16T11:00:00.000-00:00,"7.04,7.02,7.04,7.02,74613"
2025-09-16T11:05:00.000-00:00,"7.03,7.03,7.04,7.03,102861"
2025-09-16T11:10:00.000-00:00,"7.03,7.02,7.04,7.01,214769"
2025-09-16T11:25:00.000-00:00,"7.05,7.05,7.05,7.05,1069292"
2025-09-17T07:00:00.000-00:00,"7.05,7.08,7.08,7.05,69361"
2025-09-17T07:05:00.000-00:00,"7.08,7.09,7.09,7.07,53727"
2025-09-17T07:10:00.000-00:00,"7.08,7.01,7.1,7,340828"
2025-09-17T07:15:00.000-00:00,"7.05,7.01,7.05,7.01,72404"
2025-09-17T07:20:00.000-00:00,"7.01,7.05,7.05,7.01,148205"
2025-09-17T07:25:00.000-00:00,"7.04,7.05,7.05,7.03,78047"
2025-09-17T07:30:00.000-00:00,"7.05,7.04,7.05,7.04,120200"
2025-09-17T07:35:00.000-00:00,"7.05,7.05,7.05,7.04,105723"
2025-09-17T07:40:00.000-00:00,"7.05,7.05,7.05,7.04,154376"
2025-09-17T07:45:00.000-00:00,"7.04,7.05,7.05,7.04,40710"
2025-09-17T07:50:00.000-00:00,"7.05,7.08,7.08,7.05,636711"
2025-09-17T07:55:00.000-00:00,"7.08,7.09,7.09,7.07,172895"
2025-09-17T08:00:00.000-00:00,"7.09,7.14,7.14,7.09,481946"
2025-09-17T08:05:00.000-00:00,"7.13,7.17,7.17,7.13,1105790"
2025-09-17T08:10:00.000-00:00,"7.17,7.17,7.19,7.17,606073"
2025-09-17T08:15:00.000-00:00,"7.18,7.18,7.19,7.17,51486"
2025-09-17T08:20:00.000-00:00,"7.17,7.16,7.18,7.16,233182"
2025-09-17T08:25:00.000-00:00,"7.15,7.12,7.15,7.1,770897"
2025-09-17T08:30:00.000-00:00,"7.12,7.13,7.13,7.11,16648"
2025-09-17T08:35:00.000-00:00,"7.13,7.13,7.14,7.12,11496"
2025-09-17T08:40:00.000-00:00,"7.12,7.11,7.12,7.11,75419"
2025-09-17T08:45:00.000-00:00,"7.11,7.11,7.11,7.11,60106"
2025-09-17T08:50:00.000-00:00,"7.11,7.1,7.11,7.09,327179"
2025-09-17T08:55:00.000-00:00,"7.1,7.1,7.1,7.09,60285"
2025-09-17T09:00:00.000-00:00,"7.1,7.1,7.1,7.09,112941"
2025-09-17T09:05:00.000-00:00,"7.1,7.07,7.1,7.07,145321"
2025-09-17T09:10:00.000-00:00,"7.07,7.09,7.09,7.07,24780"
2025-09-17T09:15:00.000-00:00,"7.09,7.09,7.09,7.07,22897"
2025-09-17T09:20:00.000-00:00,"7.09,7.08,7.09,7.08,13397"
2025-09-17T09:25:00.000-00:00,"7.08,7.07,7.08,7.07,27327"
2025-09-17T09:30:00.000-00:00,"7.08,7.06,7.08,7.05,150919"
2025-09-17T09:35:00.000-00:00,"7.06,7.07,7.07,7.06,65182"
2025-09-17T09:40:00.000-00:00,"7.07,7.08,7.08,7.07,315871"
2025-09-17T09:45:00.000-00:00,"7.08,7.12,7.12,7.08,11106"
2025-09-17T09:50:00.000-00:00,"7.12,7.1,7.12,7.1,107800"
2025-09-17T09:55:00.000-00:00,"7.1,7.11,7.11,7.1,52922"
2025-09-17T10:00:00.000-00:00,"7.11,7.12,7.12,7.11,75103"
2025-09-17T10:05:00.000-00:00,"7.12,7.12,7.12,7.11,34159"
2025-09-17T10:10:00.000-00:00,"7.11,7.1,7.11,7.1,61801"
2025-09-17T10:15:00.000-00:00,"7.1,7.1,7.11,7.1,26328"
2025-09-17T10:20:00.000-00:00,"7.1,7.1,7.11,7.1,20431"
2025-09-17T10:25:00.000-00:00,"7.1,7.08,7.1,7.08,54262"
2025-09-17T10:30:00.000-00:00,"7.09,7.1,7.1,7.08,13499"
2025-09-17T10:35:00.000-00:00,"7.1,7.1,7.1,7.08,109422"
2025-09-17T10:40:00.000-00:00,"7.09,7.09,7.1,7.09,95940"
2025-09-17T10:45:00.000-00:00,"7.08,7.08,7.09,7.08,154815"
2025-09-17T10:50:00.000-00:00,"7.08,7.07,7.08,7.07,44223"
2025-09-17T10:55:00.000-00:00,"7.07,7.06,7.07,7.06,122983"
2025-09-17T11:00:00.000-00:00,"7.06,7.05,7.07,7.05,264760"
2025-09-17T11:05:00.000-00:00,"7.05,7.05,7.05,7.04,264639"
2025-09-17T11:10:00.000-00:00,"7.07,7.07,7.07,7.04,809197"
2025-09-17T11:25:00.000-00:00,"7.07,7.07,7.07,7.07,381950"
2025-09-18T07:00:00.000-00:00,"7.13,7.1,7.13,7.07,34253"
2025-09-18T07:05:00.000-00:00,"7.1,7.08,7.11,7.07,60236"
2025-09-18T07:10:00.000-00:00,"7.07,7.1,7.1,7.07,37682"
2025-09-18T07:15:00.000-00:00,"7.09,7.08,7.09,7.07,16857"
2025-09-18T07:20:00.000-00:00,"7.08,7.08,7.09,7.08,17175"
2025-09-18T07:25:00.000-00:00,"7.08,7.07,7.08,7.06,81503"
2025-09-18T07:30:00.000-00:00,"7.07,7.07,7.07,7.07,27161"
2025-09-18T07:35:00.000-00:00,"7.07,7.07,7.07,7.06,160726"
2025-09-18T07:40:00.000-00:00,"7.07,7.07,7.07,7.06,267440"
2025-09-18T07:45:00.000-00:00,"7.08,7.08,7.08,7.07,6603"
2025-09-18T07:50:00.000-00:00,"7.07,7.07,7.08,7.07,73272"
2025-09-18T07:55:00.000-00:00,"7.08,7.07,7.08,7.06,224778"
2025-09-18T08:00:00.000-00:00,"7.07,7.06,7.08,7.06,121534"
2025-09-18T08:05:00.000-00:00,"7.07,7.06,7.07,7.06,17365"
2025-09-18T08:10:00.000-00:00,"7.05,7.05,7.06,7.04,50142"
2025-09-18T08:15:00.000-00:00,"7.05,7.05,7.05,7.04,41454"
2025-09-18T08:20:00.000-00:00,"7.05,7.05,7.05,7.04,190953"
2025-09-18T08:25:00.000-00:00,"7.05,7.04,7.05,7.04,31660"
2025-09-18T08:30:00.000-00:00,"7.04,7.01,7.05,7,680080"
2025-09-18T08:35:00.000-00:00,"7.01,7.03,7.04,7,402595"
2025-09-18T08:40:00.000-00:00,"7.03,7.01,7.03,7,182944"
2025-09-18T08:45:00.000-00:00,"7.01,7.04,7.05,7.01,251385"
2025-09-18T08:50:00.000-00:00,"7.04,7.03,7.04,7.02,23868"
2025-09-18T08:55:00.000-00:00,"7.04,7.03,7.04,7.03,27569"
2025-09-18T09:00:00.000-00:00,"7.02,7.02,7.03,7.02,67744"
2025-09-18T09:05:00.000-00:00,"7.02,7.02,7.02,7.01,116816"
2025-09-18T09:10:00.000-00:00,"7.02,7.02,7.02,7,133485"
2025-09-18T09:15:00.000-00:00,"7.02,7.02,7.02,7.01,171453"
2025-09-18T09:20:00.000-00:00,"7.02,7.04,7.04,7.01,53331"
2025-09-18T09:25:00.000-00:00,"7.02,7.04,7.05,7.02,284357"
2025-09-18T09:30:00.000-00:00,"7.04,7.09,7.09,7.04,578572"
2025-09-18T09:35:00.000-00:00,"7.09,7.11,7.14,7.08,540598"
2025-09-18T09:40:00.000-00:00,"7.11,7.1,7.13,7.1,233100"
2025-09-18T09:45:00.000-00:00,"7.1,7.08,7.1,7.08,181451"
2025-09-18T09:50:00.000-00:00,"7.08,7.15,7.15,7.08,942293"
2025-09-18T09:55:00.000-00:00,"7.14,7.2,7.21,7.14,1604164"
2025-09-18T10:00:00.000-00:00,"7.2,7.17,7.2,7.15,789883"
2025-09-18T10:05:00.000-00:00,"7.17,7.16,7.2,7.16,498499"
2025-09-18T10:10:00.000-00:00,"7.17,7.16,7.17,7.15,252525"
2025-09-18T10:15:00.000-00:00,"7.16,7.1,7.16,7.1,768489"
2025-09-18T10:20:00.000-00:00,"7.12,7.15,7.15,7.12,65002"
2025-09-18T10:25:00.000-00:00,"7.15,7.14,7.16,7.14,157526"
2025-09-18T10:30:00.000-00:00,"7.13,7.14,7.14,7.12,31136"
2025-09-18T10:35:00.000-00:00,"7.15,7.12,7.16,7.12,160722"
2025-09-18T10:40:00.000-00:00,"7.12,7.12,7.13,7.11,22727"
2025-09-18T10:45:00.000-00:00,"7.12,7.15,7.15,7.12,39948"
2025-09-18T10:50:00.000-00:00,"7.15,7.14,7.15,7.14,76250"
2025-09-18T10:55:00.000-00:00,"7.14,7.14,7.16,7.13,76934"
2025-09-18T11:00:00.000-00:00,"7.14,7.12,7.15,7.12,197201"
2025-09-18T11:05:00.000-00:00,"7.12,7.11,7.13,7.1,450931"
2025-09-18T11:10:00.000-00:00,"7.11,7.13,7.13,7.1,271700"
2025-09-18T11:25:00.000-00:00,"7.17,7.17,7.17,7.17,907721"
2025-09-21T07:00:00.000-00:00,"7.18,7.18,7.2,7.18,212562"
2025-09-21T07:05:00.000-00:00,"7.18,7.22,7.23,7.18,351540"
2025-09-21T07:10:00.000-00:00,"7.22,7.2,7.23,7.19,387559"
2025-09-21T07:15:00.000-00:00,"7.21,7.2,7.22,7.19,718051"
2025-09-21T07:20:00.000-00:00,"7.21,7.25,7.25,7.21,629431"
2025-09-21T07:25:00.000-00:00,"7.24,7.27,7.27,7.24,972559"
2025-09-21T07:30:00.000-00:00,"7.25,7.27,7.27,7.25,302578"
2025-09-21T07:35:00.000-00:00,"7.27,7.26,7.28,7.25,561386"
2025-09-21T07:40:00.000-00:00,"7.26,7.25,7.26,7.24,298659"
2025-09-21T07:45:00.000-00:00,"7.25,7.21,7.25,7.2,690383"
2025-09-21T07:50:00.000-00:00,"7.24,7.24,7.24,7.23,123245"
2025-09-21T07:55:00.000-00:00,"7.24,7.24,7.25,7.24,152762"
2025-09-21T08:00:00.000-00:00,"7.24,7.25,7.25,7.24,288754"
2025-09-21T08:05:00.000-00:00,"7.25,7.24,7.25,7.24,51022"
2025-09-21T08:10:00.000-00:00,"7.23,7.23,7.24,7.23,20720"
2025-09-21T08:15:00.000-00:00,"7.23,7.23,7.24,7.23,120750"
2025-09-21T08:20:00.000-00:00,"7.23,7.22,7.23,7.2,585893"
2025-09-21T08:25:00.000-00:00,"7.22,7.2,7.23,7.2,431846"
2025-09-21T08:30:00.000-00:00,"7.2,7.22,7.22,7.2,251662"
2025-09-21T08:35:00.000-00:00,"7.21,7.21,7.22,7.21,53447"
2025-09-21T08:40:00.000-00:00,"7.21,7.2,7.21,7.19,214506"
2025-09-21T08:45:00.000-00:00,"7.2,7.19,7.2,7.19,120417"
2025-09-21T08:50:00.000-00:00,"7.2,7.19,7.2,7.19,30774"
2025-09-21T08:55:00.000-00:00,"7.2,7.19,7.2,7.19,139366"
2025-09-21T09:00:00.000-00:00,"7.2,7.19,7.2,7.19,36933"
2025-09-21T09:05:00.000-00:00,"7.2,7.19,7.2,7.19,25359"
2025-09-21T09:10:00.000-00:00,"7.19,7.2,7.2,7.19,153694"
2025-09-21T09:15:00.000-00:00,"7.2,7.2,7.2,7.19,15992"
2025-09-21T09:20:00.000-00:00,"7.2,7.2,7.2,7.19,9831"
2025-09-21T09:25:00.000-00:00,"7.19,7.18,7.19,7.17,175832"
2025-09-21T09:30:00.000-00:00,"7.18,7.16,7.18,7.16,172145"
2025-09-21T09:35:00.000-00:00,"7.16,7.17,7.18,7.16,298690"
2025-09-21T09:40:00.000-00:00,"7.17,7.16,7.18,7.16,24725"
2025-09-21T09:45:00.000-00:00,"7.16,7.15,7.17,7.15,393585"
2025-09-21T09:50:00.000-00:00,"7.15,7.15,7.17,7.14,573694"
2025-09-21T09:55:00.000-00:00,"7.14,7.12,7.15,7.12,328791"
2025-09-21T10:00:00.000-00:00,"7.14,7.14,7.14,7.12,68565"
2025-09-21T10:05:00.000-00:00,"7.13,7.13,7.14,7.12,103573"
2025-09-21T10:10:00.000-00:00,"7.13,7.12,7.13,7.12,22103"
2025-09-21T10:15:00.000-00:00,"7.12,7.14,7.14,7.12,271545"
2025-09-21T10:20:00.000-00:00,"7.14,7.16,7.16,7.13,258026"
2025-09-21T10:25:00.000-00:00,"7.14,7.14,7.16,7.14,112020"
2025-09-21T10:30:00.000-00:00,"7.14,7.12,7.14,7.12,5756"
2025-09-21T10:35:00.000-00:00,"7.12,7.13,7.13,7.11,57438"
2025-09-21T10:40:00.000-00:00,"7.13,7.13,7.13,7.13,16323"
2025-09-21T10:45:00.000-00:00,"7.13,7.13,7.13,7.12,42988"
2025-09-21T10:50:00.000-00:00,"7.14,7.15,7.16,7.12,313451"
2025-09-21T10:55:00.000-00:00,"7.15,7.13,7.15,7.13,13993"
2025-09-21T11:00:00.000-00:00,"7.13,7.11,7.14,7.11,427864"
2025-09-21T11:05:00.000-00:00,"7.12,7.1,7.12,7.09,444085"
2025-09-21T11:10:00.000-00:00,"7.09,7.12,7.13,7.08,687695"
2025-09-21T11:25:00.000-00:00,"7.13,7.13,7.13,7.13,364790"
2025-09-22T07:00:00.000-00:00,"7.12,7.13,7.15,7.12,44127"
2025-09-22T07:05:00.000-00:00,"7.14,7.15,7.15,7.14,17187"
2025-09-22T07:10:00.000-00:00,"7.14,7.18,7.18,7.13,66242"
2025-09-22T07:15:00.000-00:00,"7.15,7.13,7.17,7.13,16641"
2025-09-22T07:20:00.000-00:00,"7.13,7.16,7.16,7.13,48142"
2025-09-22T07:25:00.000-00:00,"7.14,7.13,7.14,7.13,49917"
2025-09-22T07:30:00.000-00:00,"7.14,7.13,7.15,7.12,73834"
2025-09-22T07:35:00.000-00:00,"7.13,7.13,7.13,7.13,28833"
2025-09-22T07:40:00.000-00:00,"7.14,7.14,7.14,7.14,27700"
2025-09-22T07:45:00.000-00:00,"7.13,7.13,7.13,7.13,24042"
2025-09-22T07:50:00.000-00:00,"7.13,7.13,7.14,7.13,170560"
2025-09-22T07:55:00.000-00:00,"7.13,7.13,7.14,7.12,83138"
2025-09-22T08:00:00.000-00:00,"7.14,7.14,7.16,7.13,113349"
2025-09-22T08:05:00.000-00:00,"7.14,7.14,7.14,7.12,256610"
2025-09-22T08:10:00.000-00:00,"7.12,7.11,7.13,7.11,169353"
2025-09-22T08:15:00.000-00:00,"7.11,7.08,7.11,7.08,107460"
2025-09-22T08:20:00.000-00:00,"7.08,7.1,7.1,7.08,43642"
2025-09-22T08:25:00.000-00:00,"7.1,7.1,7.11,7.09,12524"
2025-09-22T08:30:00.000-00:00,"7.1,7.09,7.1,7.08,27590"
2025-09-22T08:35:00.000-00:00,"7.09,7.08,7.09,7.08,83603"
2025-09-22T08:40:00.000-00:00,"7.07,7.07,7.07,7.05,162521"
2025-09-22T08:45:00.000-00:00,"7.06,7.08,7.08,7.05,105517"
2025-09-22T08:50:00.000-00:00,"7.08,7.11,7.11,7.08,374368"
2025-09-22T08:55:00.000-00:00,"7.11,7.11,7.11,7.1,70052"
2025-09-22T09:00:00.000-00:00,"7.11,7.15,7.15,7.11,436554"
2025-09-22T09:05:00.000-00:00,"7.15,7.11,7.15,7.11,83798"
2025-09-22T09:10:00.000-00:00,"7.11,7.12,7.12,7.11,26526"
2025-09-22T09:15:00.000-00:00,"7.12,7.1,7.12,7.1,221812"
2025-09-22T09:20:00.000-00:00,"7.1,7.1,7.1,7.1,16422"
2025-09-22T09:25:00.000-00:00,"7.1,7.09,7.1,7.09,84560"
2025-09-22T09:30:00.000-00:00,"7.09,7.08,7.09,7.08,94859"
2025-09-22T09:35:00.000-00:00,"7.09,7.09,7.09,7.08,4642"
2025-09-22T09:40:00.000-00:00,"7.09,7.09,7.1,7.09,21265"
2025-09-22T09:45:00.000-00:00,"7.09,7.1,7.1,7.08,71511"
2025-09-22T09:50:00.000-00:00,"7.1,7.1,7.1,7.1,10427"
2025-09-22T09:55:00.000-00:00,"7.09,7.07,7.09,7.07,60475"
2025-09-22T10:00:00.000-00:00,"7.08,7.08,7.08,7.07,23970"
2025-09-22T10:05:00.000-00:00,"7.07,7.07,7.1,7.07,217460"
2025-09-22T10:10:00.000-00:00,"7.07,7.1,7.1,7.07,7090"
2025-09-22T10:15:00.000-00:00,"7.08,7.07,7.1,7.07,61594"
2025-09-22T10:20:00.000-00:00,"7.08,7.09,7.09,7.08,131439"
2025-09-22T10:25:00.000-00:00,"7.09,7.09,7.09,7.06,229636"
2025-09-22T10:30:00.000-00:00,"7.09,7.1,7.1,7.08,150047"
2025-09-22T10:35:00.000-00:00,"7.1,7.11,7.12,7.1,103151"
2025-09-22T10:40:00.000-00:00,"7.11,7.1,7.11,7.1,47257"
2025-09-22T10:45:00.000-00:00,"7.11,7.09,7.11,7.09,70024"
2025-09-22T10:50:00.000-00:00,"7.1,7.11,7.11,7.1,35391"
2025-09-22T10:55:00.000-00:00,"7.11,7.1,7.12,7.1,71312"
2025-09-22T11:00:00.000-00:00,"7.11,7.15,7.16,7.1,793597"
2025-09-22T11:05:00.000-00:00,"7.15,7.11,7.16,7.11,172188"
2025-09-22T11:10:00.000-00:00,"7.11,7.15,7.15,7.11,200083"
2025-09-22T11:25:00.000-00:00,"7.16,7.16,7.16,7.16,1392479"
2025-09-23T07:00:00.000-00:00,"7.17,7.19,7.19,7.17,64148"
2025-09-23T07:05:00.000-00:00,"7.18,7.19,7.2,7.18,492401"
2025-09-23T07:10:00.000-00:00,"7.19,7.16,7.19,7.16,185651"
2025-09-23T07:15:00.000-00:00,"7.16,7.16,7.17,7.16,105015"
2025-09-23T07:20:00.000-00:00,"7.16,7.15,7.17,7.15,159529"
2025-09-23T07:25:00.000-00:00,"7.15,7.19,7.2,7.15,594166"
2025-09-23T07:30:00.000-00:00,"7.18,7.2,7.2,7.18,276319"
2025-09-23T07:35:00.000-00:00,"7.2,7.2,7.2,7.18,233434"
2025-09-23T07:40:00.000-00:00,"7.2,7.19,7.2,7.19,304642"
2025-09-23T07:45:00.000-00:00,"7.19,7.19,7.2,7.19,58635"
2025-09-23T07:50:00.000-00:00,"7.19,7.18,7.19,7.17,99076"
2025-09-23T07:55:00.000-00:00,"7.17,7.18,7.18,7.17,55325"
2025-09-23T08:00:00.000-00:00,"7.18,7.19,7.2,7.18,310816"
2025-09-23T08:05:00.000-00:00,"7.19,7.19,7.2,7.19,207714"
2025-09-23T08:10:00.000-00:00,"7.19,7.17,7.19,7.17,364764"
2025-09-23T08:15:00.000-00:00,"7.17,7.17,7.17,7.17,9784"
2025-09-23T08:20:00.000-00:00,"7.18,7.17,7.18,7.17,28534"
2025-09-23T08:25:00.000-00:00,"7.18,7.17,7.18,7.17,185334"
2025-09-23T08:30:00.000-00:00,"7.17,7.17,7.17,7.16,235097"
2025-09-23T08:35:00.000-00:00,"7.17,7.17,7.17,7.16,124266"
2025-09-23T08:40:00.000-00:00,"7.16,7.16,7.16,7.16,21415"
2025-09-23T08:45:00.000-00:00,"7.17,7.16,7.17,7.16,2552"
2025-09-23T08:50:00.000-00:00,"7.17,7.17,7.17,7.16,71792"
2025-09-23T08:55:00.000-00:00,"7.16,7.15,7.16,7.15,116000"
2025-09-23T09:00:00.000-00:00,"7.16,7.16,7.16,7.15,47943"
2025-09-23T09:05:00.000-00:00,"7.16,7.16,7.16,7.15,62757"
2025-09-23T09:10:00.000-00:00,"7.16,7.16,7.16,7.16,13782"
2025-09-23T09:15:00.000-00:00,"7.16,7.15,7.16,7.15,885"
2025-09-23T09:20:00.000-00:00,"7.16,7.15,7.16,7.15,13779"
2025-09-23T09:25:00.000-00:00,"7.16,7.16,7.16,7.15,34194"
2025-09-23T09:30:00.000-00:00,"7.15,7.13,7.15,7.13,250659"
2025-09-23T09:35:00.000-00:00,"7.13,7.14,7.15,7.13,148596"
2025-09-23T09:40:00.000-00:00,"7.14,7.14,7.14,7.13,129506"
2025-09-23T09:45:00.000-00:00,"7.14,7.13,7.14,7.13,2629"
2025-09-23T09:50:00.000-00:00,"7.14,7.13,7.14,7.13,1919"
2025-09-23T09:55:00.000-00:00,"7.13,7.12,7.14,7.12,235146"
2025-09-23T10:00:00.000-00:00,"7.12,7.11,7.13,7.11,310964"
2025-09-23T10:05:00.000-00:00,"7.12,7.11,7.12,7.11,29754"
2025-09-23T10:10:00.000-00:00,"7.11,7.12,7.13,7.11,186915"
2025-09-23T10:15:00.000-00:00,"7.11,7.11,7.12,7.1,562613"
2025-09-23T10:20:00.000-00:00,"7.11,7.1,7.12,7.1,332765"
2025-09-23T10:25:00.000-00:00,"7.11,7.11,7.12,7.1,196475"
2025-09-23T10:30:00.000-00:00,"7.11,7.11,7.12,7.11,135111"
2025-09-23T10:35:00.000-00:00,"7.11,7.1,7.12,7.1,224241"
2025-09-23T10:40:00.000-00:00,"7.1,7.11,7.11,7.1,22614"
2025-09-23T10:45:00.000-00:00,"7.1,7.12,7.12,7.1,234093"
2025-09-23T10:50:00.000-00:00,"7.13,7.12,7.13,7.11,144608"
2025-09-23T10:55:00.000-00:00,"7.11,7.11,7.12,7.1,256347"
2025-09-23T11:00:00.000-00:00,"7.1,7.1,7.11,7.1,375684"
2025-09-23T11:05:00.000-00:00,"7.11,7.09,7.11,7.09,333515"
2025-09-23T11:10:00.000-00:00,"7.09,7.09,7.1,7.08,379511"
2025-09-23T11:25:00.000-00:00,"7.08,7.08,7.08,7.08,1766189"
2025-09-24T07:00:00.000-00:00,"7.12,7.11,7.12,7.09,10657"
2025-09-24T07:05:00.000-00:00,"7.11,7.11,7.12,7.09,23596"
2025-09-24T07:10:00.000-00:00,"7.12,7.1,7.12,7.1,102556"
2025-09-24T07:15:00.000-00:00,"7.1,7.1,7.11,7.09,152772"
2025-09-24T07:20:00.000-00:00,"7.1,7.1,7.1,7.1,146411"
2025-09-24T07:25:00.000-00:00,"7.1,7.1,7.11,7.09,128577"
2025-09-24T07:30:00.000-00:00,"7.1,7.1,7.1,7.09,104666"
2025-09-24T07:35:00.000-00:00,"7.1,7.09,7.11,7.09,23981"
2025-09-24T07:40:00.000-00:00,"7.1,7.1,7.1,7.1,96058"
2025-09-24T07:45:00.000-00:00,"7.1,7.09,7.1,7.09,62000"
2025-09-24T07:50:00.000-00:00,"7.09,7.08,7.1,7.08,115268"
2025-09-24T07:55:00.000-00:00,"7.09,7.08,7.09,7.08,277023"
2025-09-24T08:00:00.000-00:00,"7.07,7.07,7.08,7.05,142802"
2025-09-24T08:05:00.000-00:00,"7.06,7.07,7.08,7.06,25201"
2025-09-24T08:10:00.000-00:00,"7.07,7.08,7.08,7.07,41806"
2025-09-24T08:15:00.000-00:00,"7.08,7.08,7.08,7.07,34217"
2025-09-24T08:20:00.000-00:00,"7.08,7.08,7.08,7.08,3000"
2025-09-24T08:25:00.000-00:00,"7.08,7.07,7.08,7.07,58212"
2025-09-24T08:30:00.000-00:00,"7.07,7.1,7.1,7.07,169641"
2025-09-24T08:35:00.000-00:00,"7.08,7.11,7.11,7.08,260196"
2025-09-24T08:40:00.000-00:00,"7.12,7.15,7.15,7.12,1937282"
2025-09-24T08:45:00.000-00:00,"7.14,7.15,7.15,7.13,768717"
2025-09-24T08:50:00.000-00:00,"7.14,7.14,7.15,7.13,148304"
2025-09-24T08:55:00.000-00:00,"7.15,7.14,7.15,7.14,237945"
2025-09-24T09:00:00.000-00:00,"7.15,7.13,7.15,7.13,147556"
2025-09-24T09:05:00.000-00:00,"7.13,7.13,7.14,7.13,101045"
2025-09-24T09:10:00.000-00:00,"7.14,7.14,7.14,7.13,35650"
2025-09-24T09:15:00.000-00:00,"7.14,7.14,7.16,7.14,747817"
2025-09-24T09:20:00.000-00:00,"7.14,7.16,7.16,7.14,329922"
2025-09-24T09:25:00.000-00:00,"7.16,7.15,7.16,7.14,214646"
2025-09-24T09:30:00.000-00:00,"7.15,7.28,7.29,7.15,5654899"
2025-09-24T09:35:00.000-00:00,"7.27,7.28,7.3,7.24,5443442"
2025-09-24T09:40:00.000-00:00,"7.26,7.24,7.28,7.24,928000"
2025-09-24T09:45:00.000-00:00,"7.24,7.25,7.27,7.22,1362985"
2025-09-24T09:50:00.000-00:00,"7.27,7.24,7.27,7.24,289150"
2025-09-24T09:55:00.000-00:00,"7.24,7.25,7.25,7.24,307682"
2025-09-24T10:00:00.000-00:00,"7.26,7.25,7.26,7.25,5890"
2025-09-24T10:05:00.000-00:00,"7.25,7.25,7.26,7.25,164531"
2025-09-24T10:10:00.000-00:00,"7.26,7.24,7.26,7.24,190500"
2025-09-24T10:15:00.000-00:00,"7.25,7.24,7.25,7.24,34267"
2025-09-24T10:20:00.000-00:00,"7.25,7.24,7.25,7.24,124358"
2025-09-24T10:25:00.000-00:00,"7.24,7.24,7.24,7.24,37343"
2025-09-24T10:30:00.000-00:00,"7.24,7.25,7.25,7.24,206642"
2025-09-24T10:35:00.000-00:00,"7.24,7.24,7.25,7.24,21225"
2025-09-24T10:40:00.000-00:00,"7.24,7.23,7.24,7.23,121056"
2025-09-24T10:45:00.000-00:00,"7.23,7.25,7.25,7.23,222880"
2025-09-24T10:50:00.000-00:00,"7.26,7.28,7.28,7.26,367644"
2025-09-24T10:55:00.000-00:00,"7.27,7.29,7.3,7.27,1329016"
2025-09-24T11:00:00.000-00:00,"7.28,7.27,7.28,7.26,111087"
2025-09-24T11:05:00.000-00:00,"7.26,7.28,7.31,7.26,2646811"
2025-09-24T11:10:00.000-00:00,"7.28,7.29,7.3,7.27,248596"
2025-09-24T11:25:00.000-00:00,"7.3,7.3,7.3,7.3,1804597"
2025-09-25T07:00:00.000-00:00,"7.32,7.33,7.36,7.31,328594"
2025-09-25T07:05:00.000-00:00,"7.34,7.34,7.35,7.33,135723"
2025-09-25T07:10:00.000-00:00,"7.33,7.34,7.34,7.31,241342"
2025-09-25T07:15:00.000-00:00,"7.33,7.32,7.35,7.32,453073"
2025-09-25T07:20:00.000-00:00,"7.33,7.32,7.34,7.32,593725"
2025-09-25T07:25:00.000-00:00,"7.33,7.32,7.33,7.32,93477"
2025-09-25T07:30:00.000-00:00,"7.33,7.31,7.34,7.31,130638"
2025-09-25T07:35:00.000-00:00,"7.31,7.27,7.31,7.27,573982"
2025-09-25T07:40:00.000-00:00,"7.27,7.29,7.29,7.26,163703"
2025-09-25T07:45:00.000-00:00,"7.29,7.27,7.29,7.27,114714"
2025-09-25T07:50:00.000-00:00,"7.28,7.3,7.3,7.27,65252"
2025-09-25T07:55:00.000-00:00,"7.3,7.32,7.32,7.29,48002"
2025-09-25T08:00:00.000-00:00,"7.29,7.32,7.32,7.29,152047"
2025-09-25T08:05:00.000-00:00,"7.31,7.3,7.31,7.3,277207"
2025-09-25T08:10:00.000-00:00,"7.3,7.3,7.31,7.29,695456"
2025-09-25T08:15:00.000-00:00,"7.3,7.29,7.3,7.29,73628"
2025-09-25T08:20:00.000-00:00,"7.29,7.29,7.31,7.29,105854"
2025-09-25T08:25:00.000-00:00,"7.3,7.3,7.3,7.29,10903"
2025-09-25T08:30:00.000-00:00,"7.3,7.29,7.31,7.29,564357"
2025-09-25T08:35:00.000-00:00,"7.29,7.27,7.29,7.27,409213"
2025-09-25T08:40:00.000-00:00,"7.28,7.28,7.28,7.28,24000"
2025-09-25T08:45:00.000-00:00,"7.27,7.27,7.28,7.27,68661"
2025-09-25T08:50:00.000-00:00,"7.27,7.27,7.27,7.26,115046"
2025-09-25T08:55:00.000-00:00,"7.27,7.26,7.27,7.26,158237"
2025-09-25T09:00:00.000-00:00,"7.26,7.27,7.27,7.26,75854"
2025-09-25T09:05:00.000-00:00,"7.26,7.26,7.26,7.26,37624"
2025-09-25T09:10:00.000-00:00,"7.27,7.26,7.27,7.25,110263"
2025-09-25T09:15:00.000-00:00,"7.26,7.25,7.26,7.24,113479"
2025-09-25T09:20:00.000-00:00,"7.25,7.25,7.25,7.24,4334"
2025-09-25T09:25:00.000-00:00,"7.25,7.25,7.25,7.24,10413"
2025-09-25T09:30:00.000-00:00,"7.25,7.29,7.3,7.25,589856"
2025-09-25T09:35:00.000-00:00,"7.27,7.33,7.34,7.27,1724324"
2025-09-25T09:40:00.000-00:00,"7.33,7.37,7.37,7.33,1470715"
2025-09-25T09:45:00.000-00:00,"7.37,7.37,7.41,7.35,4134457"
2025-09-25T09:50:00.000-00:00,"7.37,7.38,7.38,7.35,904352"
2025-09-25T09:55:00.000-00:00,"7.38,7.38,7.4,7.37,572683"
2025-09-25T10:00:00.000-00:00,"7.38,7.37,7.38,7.36,265166"
2025-09-25T10:05:00.000-00:00,"7.36,7.33,7.37,7.33,158098"
2025-09-25T10:10:00.000-00:00,"7.33,7.33,7.33,7.32,26350"
2025-09-25T10:15:00.000-00:00,"7.34,7.34,7.34,7.34,1311"
2025-09-25T10:20:00.000-00:00,"7.34,7.34,7.34,7.34,100"
2025-09-25T10:25:00.000-00:00,"7.35,7.34,7.35,7.34,18343"
2025-09-25T10:30:00.000-00:00,"7.34,7.33,7.34,7.33,52444"
2025-09-25T10:35:00.000-00:00,"7.34,7.34,7.34,7.34,42609"
2025-09-25T10:40:00.000-00:00,"7.34,7.34,7.34,7.34,38849"
2025-09-25T10:45:00.000-00:00,"7.34,7.34,7.35,7.34,60994"
2025-09-25T10:50:00.000-00:00,"7.34,7.35,7.35,7.34,216965"
2025-09-25T10:55:00.000-00:00,"7.35,7.33,7.35,7.33,323835"
2025-09-25T11:00:00.000-00:00,"7.33,7.34,7.35,7.33,295389"
2025-09-25T11:05:00.000-00:00,"7.34,7.34,7.35,7.34,359052"
2025-09-25T11:10:00.000-00:00,"7.34,7.31,7.34,7.3,1256570"
2025-09-25T11:25:00.000-00:00,"7.3,7.3,7.3,7.3,782853"
2025-09-28T07:00:00.000-00:00,"7.31,7.32,7.32,7.3,50758"
2025-09-28T07:05:00.000-00:00,"7.33,7.28,7.33,7.28,95308"
2025-09-28T07:10:00.000-00:00,"7.32,7.3,7.32,7.29,29070"
2025-09-28T07:15:00.000-00:00,"7.3,7.3,7.32,7.3,32323"
2025-09-28T07:20:00.000-00:00,"7.3,7.3,7.3,7.3,10722"
2025-09-28T07:25:00.000-00:00,"7.32,7.32,7.32,7.3,17696"
2025-09-28T07:30:00.000-00:00,"7.32,7.32,7.33,7.32,16141"
2025-09-28T07:35:00.000-00:00,"7.32,7.32,7.32,7.32,24809"
2025-09-28T07:40:00.000-00:00,"7.31,7.3,7.31,7.3,65207"
2025-09-28T07:45:00.000-00:00,"7.31,7.3,7.31,7.3,34245"
2025-09-28T07:50:00.000-00:00,"7.3,7.3,7.31,7.3,100570"
2025-09-28T07:55:00.000-00:00,"7.3,7.28,7.3,7.28,58798"
2025-09-28T08:00:00.000-00:00,"7.28,7.28,7.28,7.27,76493"
2025-09-28T08:05:00.000-00:00,"7.28,7.28,7.28,7.27,24144"
2025-09-28T08:10:00.000-00:00,"7.29,7.29,7.29,7.28,82531"
2025-09-28T08:15:00.000-00:00,"7.29,7.28,7.29,7.28,6000"
2025-09-28T08:20:00.000-00:00,"7.29,7.29,7.29,7.29,11090"
2025-09-28T08:25:00.000-00:00,"7.29,7.28,7.29,7.28,72632"
2025-09-28T08:30:00.000-00:00,"7.29,7.27,7.29,7.26,115522"
2025-09-28T08:35:00.000-00:00,"7.27,7.26,7.28,7.26,47897"
2025-09-28T08:40:00.000-00:00,"7.28,7.26,7.28,7.26,3030"
2025-09-28T08:45:00.000-00:00,"7.28,7.29,7.29,7.28,61378"
2025-09-28T08:50:00.000-00:00,"7.29,7.27,7.29,7.27,3493"
2025-09-28T08:55:00.000-00:00,"7.27,7.27,7.27,7.26,46676"
2025-09-28T09:00:00.000-00:00,"7.27,7.27,7.28,7.27,17307"
2025-09-28T09:05:00.000-00:00,"7.28,7.29,7.29,7.28,81513"
2025-09-28T09:10:00.000-00:00,"7.3,7.31,7.31,7.28,610553"
2025-09-28T09:15:00.000-00:00,"7.3,7.3,7.31,7.29,66123"
2025-09-28T09:20:00.000-00:00,"7.31,7.31,7.31,7.29,25010"
2025-09-28T09:25:00.000-00:00,"7.31,7.3,7.31,7.3,7461"
2025-09-28T09:30:00.000-00:00,"7.29,7.28,7.3,7.28,14769"
2025-09-28T09:35:00.000-00:00,"7.3,7.29,7.3,7.29,36260"
2025-09-28T09:40:00.000-00:00,"7.3,7.3,7.3,7.3,18452"
2025-09-28T09:45:00.000-00:00,"7.29,7.31,7.31,7.29,112170"
2025-09-28T09:50:00.000-00:00,"7.31,7.3,7.31,7.3,86786"
2025-09-28T09:55:00.000-00:00,"7.3,7.29,7.3,7.29,72791"
2025-09-28T10:00:00.000-00:00,"7.29,7.29,7.29,7.29,5783"
2025-09-28T10:05:00.000-00:00,"7.28,7.28,7.29,7.28,29519"
2025-09-28T10:10:00.000-00:00,"7.27,7.28,7.28,7.26,281350"
2025-09-28T10:15:00.000-00:00,"7.27,7.28,7.28,7.27,16231"
2025-09-28T10:20:00.000-00:00,"7.27,7.26,7.27,7.26,74957"
2025-09-28T10:25:00.000-00:00,"7.27,7.26,7.27,7.26,55684"
2025-09-28T10:30:00.000-00:00,"7.26,7.26,7.26,7.25,95493"
2025-09-28T10:35:00.000-00:00,"7.26,7.26,7.27,7.26,65411"
2025-09-28T10:40:00.000-00:00,"7.26,7.24,7.26,7.24,473997"
2025-09-28T10:45:00.000-00:00,"7.25,7.26,7.26,7.23,450371"
2025-09-28T10:50:00.000-00:00,"7.26,7.27,7.29,7.26,246338"
2025-09-28T10:55:00.000-00:00,"7.28,7.3,7.3,7.26,838227"
2025-09-28T11:00:00.000-00:00,"7.28,7.31,7.31,7.28,110497"
2025-09-28T11:05:00.000-00:00,"7.31,7.3,7.31,7.3,158570"
2025-09-28T11:10:00.000-00:00,"7.3,7.29,7.31,7.29,48042"
2025-09-28T11:25:00.000-00:00,"7.29,7.29,7.29,7.29,501783"
2025-09-29T07:00:00.000-00:00,"7.3,7.32,7.34,7.3,291610"
2025-09-29T07:05:00.000-00:00,"7.32,7.35,7.36,7.32,232828"
2025-09-29T07:10:00.000-00:00,"7.35,7.35,7.35,7.33,108244"
2025-09-29T07:15:00.000-00:00,"7.34,7.33,7.35,7.32,94390"
2025-09-29T07:20:00.000-00:00,"7.33,7.33,7.33,7.32,104112"
2025-09-29T07:25:00.000-00:00,"7.32,7.32,7.33,7.31,243095"
2025-09-29T07:30:00.000-00:00,"7.33,7.33,7.34,7.32,128231"
2025-09-29T07:35:00.000-00:00,"7.33,7.35,7.36,7.33,698925"
2025-09-29T07:40:00.000-00:00,"7.35,7.35,7.35,7.34,1059256"
2025-09-29T07:45:00.000-00:00,"7.34,7.34,7.35,7.33,239231"
2025-09-29T07:50:00.000-00:00,"7.35,7.35,7.35,7.33,301045"
2025-09-29T07:55:00.000-00:00,"7.34,7.34,7.35,7.34,430737"
2025-09-29T08:00:00.000-00:00,"7.34,7.34,7.35,7.34,343523"
2025-09-29T08:05:00.000-00:00,"7.34,7.33,7.34,7.33,214588"
2025-09-29T08:10:00.000-00:00,"7.33,7.31,7.33,7.31,166422"
2025-09-29T08:15:00.000-00:00,"7.31,7.32,7.32,7.31,170855"
2025-09-29T08:20:00.000-00:00,"7.32,7.35,7.35,7.32,573680"
2025-09-29T08:25:00.000-00:00,"7.35,7.37,7.37,7.35,435164"
2025-09-29T08:30:00.000-00:00,"7.38,7.38,7.39,7.37,1037527"
2025-09-29T08:35:00.000-00:00,"7.38,7.38,7.39,7.38,405215"
2025-09-29T08:40:00.000-00:00,"7.38,7.38,7.38,7.37,146257"
2025-09-29T08:45:00.000-00:00,"7.37,7.36,7.38,7.36,307631"
2025-09-29T08:50:00.000-00:00,"7.36,7.35,7.37,7.35,360541"
2025-09-29T08:55:00.000-00:00,"7.36,7.37,7.37,7.35,94709"
2025-09-29T09:00:00.000-00:00,"7.36,7.37,7.37,7.36,6205"
2025-09-29T09:05:00.000-00:00,"7.37,7.36,7.37,7.35,129077"
2025-09-29T09:10:00.000-00:00,"7.36,7.37,7.37,7.35,196094"
2025-09-29T09:15:00.000-00:00,"7.37,7.38,7.39,7.36,292181"
2025-09-29T09:20:00.000-00:00,"7.39,7.39,7.39,7.38,813408"
2025-09-29T09:25:00.000-00:00,"7.39,7.39,7.4,7.39,1665176"
2025-09-29T09:30:00.000-00:00,"7.39,7.42,7.45,7.39,2684488"
2025-09-29T09:35:00.000-00:00,"7.42,7.42,7.43,7.41,186862"
2025-09-29T09:40:00.000-00:00,"7.42,7.41,7.42,7.41,93805"
2025-09-29T09:45:00.000-00:00,"7.41,7.43,7.44,7.4,848694"
2025-09-29T09:50:00.000-00:00,"7.42,7.42,7.45,7.42,512453"
2025-09-29T09:55:00.000-00:00,"7.43,7.45,7.45,7.43,509482"
2025-09-29T10:00:00.000-00:00,"7.45,7.44,7.45,7.44,652341"
2025-09-29T10:05:00.000-00:00,"7.44,7.45,7.45,7.43,547642"
2025-09-29T10:10:00.000-00:00,"7.44,7.43,7.45,7.42,300842"
2025-09-29T10:15:00.000-00:00,"7.42,7.43,7.44,7.42,155339"
2025-09-29T10:20:00.000-00:00,"7.43,7.42,7.44,7.42,96595"
2025-09-29T10:25:00.000-00:00,"7.42,7.43,7.43,7.42,46888"
2025-09-29T10:30:00.000-00:00,"7.43,7.41,7.43,7.41,218171"
2025-09-29T10:35:00.000-00:00,"7.41,7.42,7.42,7.41,130310"
2025-09-29T10:40:00.000-00:00,"7.43,7.42,7.43,7.41,237571"
2025-09-29T10:45:00.000-00:00,"7.43,7.42,7.43,7.42,27713"
2025-09-29T10:50:00.000-00:00,"7.42,7.42,7.43,7.42,44409"
2025-09-29T10:55:00.000-00:00,"7.42,7.43,7.43,7.42,215148"
2025-09-29T11:00:00.000-00:00,"7.42,7.42,7.43,7.42,41156"
2025-09-29T11:05:00.000-00:00,"7.43,7.42,7.44,7.41,207129"
2025-09-29T11:10:00.000-00:00,"7.43,7.42,7.43,7.41,779520"
2025-09-29T11:25:00.000-00:00,"7.42,7.42,7.42,7.42,837186"
2025-09-30T07:00:00.000-00:00,"7.45,7.45,7.47,7.45,505949"
2025-09-30T07:05:00.000-00:00,"7.45,7.47,7.47,7.45,291531"
2025-09-30T07:10:00.000-00:00,"7.47,7.45,7.47,7.45,160005"
2025-09-30T07:15:00.000-00:00,"7.45,7.44,7.45,7.44,296967"
2025-09-30T07:20:00.000-00:00,"7.44,7.45,7.45,7.43,351137"
2025-09-30T07:25:00.000-00:00,"7.44,7.44,7.44,7.43,528001"
2025-09-30T07:30:00.000-00:00,"7.44,7.43,7.45,7.43,353265"
2025-09-30T07:35:00.000-00:00,"7.42,7.4,7.42,7.39,1239999"
2025-09-30T07:40:00.000-00:00,"7.4,7.41,7.41,7.39,114340"
2025-09-30T07:45:00.000-00:00,"7.4,7.43,7.44,7.4,389422"
2025-09-30T07:50:00.000-00:00,"7.43,7.46,7.46,7.42,1085428"
2025-09-30T07:55:00.000-00:00,"7.45,7.46,7.47,7.45,440055"
2025-09-30T08:00:00.000-00:00,"7.46,7.48,7.48,7.45,475391"
2025-09-30T08:05:00.000-00:00,"7.48,7.47,7.5,7.46,1263589"
2025-09-30T08:10:00.000-00:00,"7.47,7.47,7.49,7.47,235661"
2025-09-30T08:15:00.000-00:00,"7.47,7.46,7.47,7.45,398398"
2025-09-30T08:20:00.000-00:00,"7.46,7.47,7.47,7.45,87042"
2025-09-30T08:30:00.000-00:00,"7.45,7.45,7.47,7.45,176160"
2025-09-30T08:35:00.000-00:00,"7.45,7.47,7.47,7.45,105644"
2025-09-30T08:40:00.000-00:00,"7.46,7.45,7.46,7.45,61267"
2025-09-30T08:45:00.000-00:00,"7.45,7.47,7.47,7.45,55535"
2025-09-30T08:50:00.000-00:00,"7.47,7.48,7.48,7.47,165842"
2025-09-30T08:55:00.000-00:00,"7.48,7.47,7.48,7.47,82762"
2025-09-30T09:00:00.000-00:00,"7.47,7.45,7.49,7.44,694171"
2025-09-30T09:05:00.000-00:00,"7.45,7.44,7.47,7.44,582094"
2025-09-30T09:10:00.000-00:00,"7.44,7.46,7.46,7.44,176058"
2025-09-30T09:15:00.000-00:00,"7.46,7.44,7.46,7.44,189852"
2025-09-30T09:20:00.000-00:00,"7.45,7.43,7.45,7.43,132180"
2025-09-30T09:25:00.000-00:00,"7.44,7.44,7.44,7.43,110723"
2025-09-30T09:30:00.000-00:00,"7.43,7.43,7.45,7.43,154965"
2025-09-30T09:35:00.000-00:00,"7.43,7.42,7.44,7.42,266485"
2025-09-30T09:40:00.000-00:00,"7.43,7.45,7.47,7.42,341013"
2025-09-30T09:45:00.000-00:00,"7.45,7.47,7.47,7.44,285425"
2025-09-30T09:50:00.000-00:00,"7.47,7.48,7.48,7.46,320396"
2025-09-30T09:55:00.000-00:00,"7.48,7.49,7.49,7.47,541213"
2025-09-30T10:00:00.000-00:00,"7.49,7.48,7.49,7.48,72272"
2025-09-30T10:05:00.000-00:00,"7.49,7.48,7.49,7.47,176270"
2025-09-30T10:10:00.000-00:00,"7.47,7.44,7.47,7.44,388461"
2025-09-30T10:15:00.000-00:00,"7.44,7.43,7.45,7.43,1427499"
2025-09-30T10:20:00.000-00:00,"7.43,7.42,7.44,7.41,1264417"
2025-09-30T10:25:00.000-00:00,"7.42,7.42,7.42,7.41,88495"
2025-09-30T10:30:00.000-00:00,"7.42,7.4,7.43,7.4,719268"
2025-09-30T10:35:00.000-00:00,"7.4,7.39,7.42,7.38,369907"
2025-09-30T10:40:00.000-00:00,"7.39,7.4,7.4,7.38,74490"
2025-09-30T10:45:00.000-00:00,"7.4,7.4,7.4,7.39,588442"
2025-09-30T10:50:00.000-00:00,"7.4,7.39,7.4,7.39,752139"
2025-09-30T10:55:00.000-00:00,"7.39,7.41,7.41,7.39,510896"
2025-09-30T11:00:00.000-00:00,"7.41,7.41,7.41,7.4,131323"
2025-09-30T11:05:00.000-00:00,"7.41,7.4,7.42,7.39,523797"
2025-09-30T11:10:00.000-00:00,"7.4,7.39,7.4,7.38,1242885"
2025-09-30T11:15:00.000-00:00,"7.38,7.38,7.38,7.38,98974"
2025-09-30T11:25:00.000-00:00,"7.38,7.38,7.38,7.38,3335356"
2025-10-01T07:00:00.000-00:00,"7.4,7.38,7.41,7.38,163395"
2025-10-01T07:05:00.000-00:00,"7.39,7.38,7.4,7.38,25722"
2025-10-01T07:10:00.000-00:00,"7.39,7.39,7.4,7.39,3274"
2025-10-01T07:15:00.000-00:00,"7.4,7.39,7.41,7.39,151036"
2025-10-01T07:20:00.000-00:00,"7.4,7.4,7.41,7.4,19391"
2025-10-01T07:25:00.000-00:00,"7.4,7.41,7.41,7.4,124027"
2025-10-01T07:30:00.000-00:00,"7.4,7.41,7.41,7.4,92116"
2025-10-01T07:35:00.000-00:00,"7.41,7.41,7.41,7.4,26223"
2025-10-01T07:40:00.000-00:00,"7.41,7.4,7.41,7.39,205880"
2025-10-01T07:45:00.000-00:00,"7.4,7.4,7.4,7.4,22110"
2025-10-01T07:50:00.000-00:00,"7.4,7.39,7.4,7.39,16696"
2025-10-01T07:55:00.000-00:00,"7.4,7.4,7.4,7.39,41089"
2025-10-01T08:00:00.000-00:00,"7.4,7.39,7.4,7.39,108255"
2025-10-01T08:05:00.000-00:00,"7.39,7.37,7.4,7.37,348013"
2025-10-01T08:10:00.000-00:00,"7.37,7.37,7.37,7.36,166173"
2025-10-01T08:15:00.000-00:00,"7.36,7.36,7.36,7.35,232878"
2025-10-01T08:20:00.000-00:00,"7.36,7.35,7.37,7.35,110641"
2025-10-01T08:25:00.000-00:00,"7.35,7.35,7.35,7.35,208179"
2025-10-01T08:30:00.000-00:00,"7.34,7.35,7.36,7.34,106176"
2025-10-01T08:35:00.000-00:00,"7.35,7.35,7.35,7.34,183945"
2025-10-01T08:40:00.000-00:00,"7.36,7.36,7.36,7.35,102483"
2025-10-01T08:45:00.000-00:00,"7.36,7.35,7.36,7.35,84038"
2025-10-01T08:50:00.000-00:00,"7.36,7.36,7.37,7.36,202051"
2025-10-01T08:55:00.000-00:00,"7.37,7.36,7.37,7.35,29443"
2025-10-01T09:00:00.000-00:00,"7.35,7.35,7.36,7.35,22799"
2025-10-01T09:05:00.000-00:00,"7.36,7.37,7.37,7.36,80119"
2025-10-01T09:10:00.000-00:00,"7.37,7.37,7.37,7.35,53790"
2025-10-01T09:15:00.000-00:00,"7.37,7.37,7.37,7.37,48337"
2025-10-01T09:20:00.000-00:00,"7.37,7.36,7.37,7.36,9804"
2025-10-01T09:25:00.000-00:00,"7.36,7.37,7.37,7.36,150004"
2025-10-01T09:30:00.000-00:00,"7.37,7.36,7.38,7.36,355882"
2025-10-01T09:35:00.000-00:00,"7.37,7.37,7.37,7.37,101300"
2025-10-01T09:40:00.000-00:00,"7.37,7.38,7.38,7.37,289405"
2025-10-01T09:45:00.000-00:00,"7.38,7.37,7.38,7.37,15359"
2025-10-01T09:50:00.000-00:00,"7.38,7.38,7.39,7.38,200152"
2025-10-01T09:55:00.000-00:00,"7.38,7.38,7.38,7.37,10065"
2025-10-01T10:00:00.000-00:00,"7.37,7.37,7.38,7.36,97157"
2025-10-01T10:05:00.000-00:00,"7.37,7.36,7.37,7.35,149241"
2025-10-01T10:10:00.000-00:00,"7.36,7.34,7.36,7.3,961073"
2025-10-01T10:15:00.000-00:00,"7.34,7.3,7.34,7.29,854922"
2025-10-01T10:20:00.000-00:00,"7.3,7.3,7.31,7.26,575160"
2025-10-01T10:25:00.000-00:00,"7.3,7.32,7.32,7.29,146938"
2025-10-01T10:30:00.000-00:00,"7.33,7.31,7.33,7.3,87194"
2025-10-01T10:35:00.000-00:00,"7.3,7.29,7.31,7.29,98194"
2025-10-01T10:40:00.000-00:00,"7.31,7.31,7.32,7.29,206721"
2025-10-01T10:45:00.000-00:00,"7.32,7.33,7.33,7.31,26961"
2025-10-01T10:50:00.000-00:00,"7.33,7.34,7.35,7.32,171448"
2025-10-01T10:55:00.000-00:00,"7.33,7.33,7.34,7.32,136412"
2025-10-01T11:00:00.000-00:00,"7.33,7.36,7.36,7.32,1203350"
2025-10-01T11:05:00.000-00:00,"7.35,7.36,7.37,7.35,267416"
2025-10-01T11:10:00.000-00:00,"7.36,7.37,7.38,7.35,291424"
2025-10-01T11:25:00.000-00:00,"7.36,7.36,7.36,7.36,318305"
2025-10-02T07:00:00.000-00:00,"7.36,7.33,7.38,7.33,86993"
2025-10-02T07:05:00.000-00:00,"7.36,7.4,7.42,7.36,554217"
2025-10-02T07:10:00.000-00:00,"7.4,7.4,7.41,7.37,155720"
2025-10-02T07:15:00.000-00:00,"7.39,7.4,7.4,7.38,77368"
2025-10-02T07:20:00.000-00:00,"7.39,7.39,7.4,7.38,31621"
2025-10-02T07:25:00.000-00:00,"7.39,7.38,7.39,7.38,23826"
2025-10-02T07:30:00.000-00:00,"7.38,7.38,7.38,7.37,39174"
2025-10-02T07:35:00.000-00:00,"7.38,7.39,7.39,7.37,49012"
2025-10-02T07:40:00.000-00:00,"7.38,7.37,7.38,7.37,54680"
2025-10-02T07:45:00.000-00:00,"7.37,7.4,7.4,7.37,28194"
2025-10-02T07:50:00.000-00:00,"7.38,7.4,7.4,7.38,141341"
2025-10-02T07:55:00.000-00:00,"7.38,7.4,7.4,7.38,62445"
2025-10-02T08:00:00.000-00:00,"7.39,7.4,7.4,7.37,80200"
2025-10-02T08:05:00.000-00:00,"7.4,7.39,7.4,7.39,42482"
2025-10-02T08:10:00.000-00:00,"7.39,7.4,7.4,7.39,94750"
2025-10-02T08:15:00.000-00:00,"7.4,7.4,7.4,7.4,59949"
2025-10-02T08:20:00.000-00:00,"7.41,7.4,7.41,7.4,51527"
2025-10-02T08:25:00.000-00:00,"7.39,7.39,7.4,7.39,31811"
2025-10-02T08:30:00.000-00:00,"7.39,7.38,7.39,7.37,162555"
2025-10-02T08:35:00.000-00:00,"7.39,7.39,7.39,7.39,1725"
2025-10-02T08:40:00.000-00:00,"7.39,7.38,7.4,7.38,113859"
2025-10-02T08:45:00.000-00:00,"7.4,7.41,7.41,7.38,68307"
2025-10-02T08:50:00.000-00:00,"7.4,7.4,7.4,7.4,264997"
2025-10-02T08:55:00.000-00:00,"7.4,7.4,7.41,7.4,338500"
2025-10-02T09:00:00.000-00:00,"7.4,7.4,7.4,7.4,104268"
2025-10-02T09:05:00.000-00:00,"7.41,7.39,7.41,7.39,288877"
2025-10-02T09:10:00.000-00:00,"7.4,7.4,7.41,7.4,612127"
2025-10-02T09:15:00.000-00:00,"7.4,7.41,7.41,7.39,217479"
2025-10-02T09:20:00.000-00:00,"7.4,7.4,7.41,7.4,635212"
2025-10-02T09:25:00.000-00:00,"7.4,7.41,7.41,7.4,201700"
2025-10-02T09:30:00.000-00:00,"7.4,7.41,7.41,7.4,527540"
2025-10-02T09:35:00.000-00:00,"7.41,7.41,7.42,7.41,213520"
2025-10-02T09:40:00.000-00:00,"7.41,7.43,7.43,7.4,1044356"
2025-10-02T09:45:00.000-00:00,"7.43,7.44,7.45,7.42,311410"
2025-10-02T09:50:00.000-00:00,"7.44,7.45,7.47,7.44,1036296"
2025-10-02T09:55:00.000-00:00,"7.45,7.45,7.47,7.45,243600"
2025-10-02T10:00:00.000-00:00,"7.44,7.44,7.45,7.44,62397"
2025-10-02T10:05:00.000-00:00,"7.44,7.46,7.46,7.44,165470"
2025-10-02T10:10:00.000-00:00,"7.45,7.48,7.49,7.44,1157235"
2025-10-02T10:15:00.000-00:00,"7.48,7.5,7.51,7.47,2524071"
2025-10-02T10:20:00.000-00:00,"7.5,7.44,7.5,7.44,704354"
2025-10-02T10:25:00.000-00:00,"7.46,7.47,7.47,7.45,76704"
2025-10-02T10:30:00.000-00:00,"7.47,7.47,7.47,7.45,144361"
2025-10-02T10:35:00.000-00:00,"7.45,7.43,7.47,7.43,379642"
2025-10-02T10:40:00.000-00:00,"7.43,7.43,7.44,7.42,201514"
2025-10-02T10:45:00.000-00:00,"7.43,7.44,7.44,7.42,33474"
2025-10-02T10:50:00.000-00:00,"7.44,7.44,7.44,7.42,38719"
2025-10-02T10:55:00.000-00:00,"7.44,7.45,7.45,7.43,132911"
2025-10-02T11:00:00.000-00:00,"7.45,7.45,7.46,7.44,117547"
2025-10-02T11:05:00.000-00:00,"7.45,7.44,7.45,7.43,59084"
2025-10-02T11:10:00.000-00:00,"7.44,7.43,7.44,7.42,583990"
2025-10-02T11:25:00.000-00:00,"7.43,7.43,7.43,7.43,1184255"
2025-10-05T07:00:00.000-00:00,"7.47,7.5,7.52,7.46,1253820"
2025-10-05T07:05:00.000-00:00,"7.5,7.5,7.51,7.5,690498"
2025-10-05T07:10:00.000-00:00,"7.49,7.48,7.49,7.48,235058"
2025-10-05T07:15:00.000-00:00,"7.49,7.49,7.49,7.47,206158"
2025-10-05T07:20:00.000-00:00,"7.49,7.49,7.49,7.49,4962"
2025-10-05T07:25:00.000-00:00,"7.49,7.5,7.52,7.49,306312"
2025-10-05T07:30:00.000-00:00,"7.5,7.47,7.51,7.47,471497"
2025-10-05T07:35:00.000-00:00,"7.47,7.48,7.48,7.47,60699"
2025-10-05T07:40:00.000-00:00,"7.48,7.5,7.5,7.48,177638"
2025-10-05T07:45:00.000-00:00,"7.5,7.5,7.51,7.48,149364"
2025-10-05T07:50:00.000-00:00,"7.5,7.5,7.5,7.49,15224"
2025-10-05T07:55:00.000-00:00,"7.5,7.5,7.5,7.49,49860"
2025-10-05T08:00:00.000-00:00,"7.5,7.5,7.51,7.5,170664"
2025-10-05T08:05:00.000-00:00,"7.5,7.49,7.5,7.49,26413"
2025-10-05T08:10:00.000-00:00,"7.5,7.48,7.5,7.48,74258"
2025-10-05T08:15:00.000-00:00,"7.47,7.49,7.49,7.46,314577"
2025-10-05T08:20:00.000-00:00,"7.49,7.48,7.49,7.47,117118"
2025-10-05T08:25:00.000-00:00,"7.48,7.48,7.48,7.47,76772"
2025-10-05T08:30:00.000-00:00,"7.49,7.49,7.49,7.47,15147"
2025-10-05T08:35:00.000-00:00,"7.49,7.48,7.49,7.47,6173"
2025-10-05T08:40:00.000-00:00,"7.48,7.49,7.49,7.48,37830"
2025-10-05T08:45:00.000-00:00,"7.49,7.52,7.52,7.49,419506"
2025-10-05T08:50:00.000-00:00,"7.52,7.55,7.55,7.51,460332"
2025-10-05T08:55:00.000-00:00,"7.55,7.54,7.55,7.53,58069"
2025-10-05T09:00:00.000-00:00,"7.53,7.51,7.53,7.5,244283"
2025-10-05T09:05:00.000-00:00,"7.52,7.54,7.54,7.51,121727"
2025-10-05T09:10:00.000-00:00,"7.54,7.53,7.54,7.53,52356"
2025-10-05T09:15:00.000-00:00,"7.52,7.52,7.52,7.51,203108"
2025-10-05T09:20:00.000-00:00,"7.53,7.53,7.53,7.53,5986"
2025-10-05T09:25:00.000-00:00,"7.52,7.51,7.53,7.51,84396"
2025-10-05T09:30:00.000-00:00,"7.51,7.52,7.52,7.5,39016"
2025-10-05T09:35:00.000-00:00,"7.52,7.51,7.52,7.51,5688"
2025-10-05T09:40:00.000-00:00,"7.52,7.52,7.52,7.52,15450"
2025-10-05T09:45:00.000-00:00,"7.51,7.5,7.52,7.5,28482"
2025-10-05T09:50:00.000-00:00,"7.51,7.51,7.51,7.5,9963"
2025-10-05T09:55:00.000-00:00,"7.51,7.51,7.51,7.5,125069"
2025-10-05T10:00:00.000-00:00,"7.51,7.51,7.51,7.51,47216"
2025-10-05T10:05:00.000-00:00,"7.5,7.5,7.51,7.49,134724"
2025-10-05T10:10:00.000-00:00,"7.5,7.5,7.51,7.5,11416"
2025-10-05T10:15:00.000-00:00,"7.51,7.51,7.51,7.5,30972"
2025-10-05T10:20:00.000-00:00,"7.51,7.5,7.51,7.5,41931"
2025-10-05T10:25:00.000-00:00,"7.51,7.5,7.51,7.5,59870"
2025-10-05T10:30:00.000-00:00,"7.49,7.5,7.52,7.49,122382"
2025-10-05T10:35:00.000-00:00,"7.52,7.51,7.52,7.51,8825"
2025-10-05T10:40:00.000-00:00,"7.51,7.54,7.55,7.51,868006"
2025-10-05T10:45:00.000-00:00,"7.54,7.53,7.54,7.53,102580"
2025-10-05T10:50:00.000-00:00,"7.52,7.52,7.53,7.52,173690"
2025-10-05T10:55:00.000-00:00,"7.53,7.52,7.53,7.52,681393"
2025-10-05T11:00:00.000-00:00,"7.53,7.49,7.53,7.49,538889"
2025-10-05T11:05:00.000-00:00,"7.5,7.5,7.51,7.5,89421"
2025-10-05T11:10:00.000-00:00,"7.5,7.5,7.5,7.49,207448"
2025-10-05T11:25:00.000-00:00,"7.5,7.5,7.5,7.5,688631"
2025-10-06T07:00:00.000-00:00,"7.55,7.51,7.55,7.51,262868"
2025-10-06T07:05:00.000-00:00,"7.52,7.53,7.53,7.51,26695"
2025-10-06T07:10:00.000-00:00,"7.52,7.51,7.52,7.51,32857"
2025-10-06T07:15:00.000-00:00,"7.52,7.53,7.53,7.51,107071"
2025-10-06T07:20:00.000-00:00,"7.53,7.5,7.53,7.5,158062"
2025-10-06T07:25:00.000-00:00,"7.5,7.5,7.5,7.49,204496"
2025-10-06T07:30:00.000-00:00,"7.5,7.51,7.52,7.5,40435"
2025-10-06T07:35:00.000-00:00,"7.52,7.5,7.52,7.5,65718"
2025-10-06T07:40:00.000-00:00,"7.5,7.49,7.5,7.48,31859"
2025-10-06T07:45:00.000-00:00,"7.48,7.47,7.5,7.46,136917"
2025-10-06T07:50:00.000-00:00,"7.47,7.48,7.48,7.44,352051"
2025-10-06T07:55:00.000-00:00,"7.48,7.49,7.49,7.45,35109"
2025-10-06T08:00:00.000-00:00,"7.48,7.49,7.49,7.47,100717"
2025-10-06T08:05:00.000-00:00,"7.48,7.48,7.49,7.48,14763"
2025-10-06T08:10:00.000-00:00,"7.47,7.48,7.48,7.47,35119"
2025-10-06T08:15:00.000-00:00,"7.48,7.47,7.48,7.47,26383"
2025-10-06T08:20:00.000-00:00,"7.47,7.46,7.48,7.46,61921"
2025-10-06T08:25:00.000-00:00,"7.46,7.47,7.47,7.46,68515"
2025-10-06T08:30:00.000-00:00,"7.47,7.47,7.47,7.46,24029"
2025-10-06T08:35:00.000-00:00,"7.47,7.48,7.49,7.47,70482"
2025-10-06T08:40:00.000-00:00,"7.48,7.47,7.48,7.47,55630"
2025-10-06T08:45:00.000-00:00,"7.48,7.48,7.48,7.47,60167"
2025-10-06T08:50:00.000-00:00,"7.48,7.47,7.48,7.47,46900"
2025-10-06T08:55:00.000-00:00,"7.47,7.48,7.48,7.47,50270"
2025-10-06T09:00:00.000-00:00,"7.47,7.45,7.48,7.45,212716"
2025-10-06T09:05:00.000-00:00,"7.47,7.45,7.47,7.45,39169"
2025-10-06T09:10:00.000-00:00,"7.47,7.47,7.47,7.46,12013"
2025-10-06T09:15:00.000-00:00,"7.47,7.46,7.47,7.46,8225"
2025-10-06T09:20:00.000-00:00,"7.47,7.45,7.47,7.44,179401"
2025-10-06T09:25:00.000-00:00,"7.44,7.46,7.46,7.43,314748"
2025-10-06T09:30:00.000-00:00,"7.45,7.44,7.45,7.44,21641"
2025-10-06T09:35:00.000-00:00,"7.44,7.44,7.44,7.43,191719"
2025-10-06T09:40:00.000-00:00,"7.44,7.44,7.44,7.43,80971"
2025-10-06T09:45:00.000-00:00,"7.44,7.43,7.44,7.43,94721"
2025-10-06T09:50:00.000-00:00,"7.44,7.45,7.45,7.43,138543"
2025-10-06T09:55:00.000-00:00,"7.44,7.44,7.44,7.43,172931"
2025-10-06T10:00:00.000-00:00,"7.44,7.43,7.44,7.43,41150"
2025-10-06T10:05:00.000-00:00,"7.43,7.44,7.44,7.43,86334"
2025-10-06T10:10:00.000-00:00,"7.44,7.44,7.45,7.43,93349"
2025-10-06T10:15:00.000-00:00,"7.44,7.45,7.45,7.44,153178"
2025-10-06T10:20:00.000-00:00,"7.45,7.45,7.45,7.44,216355"
2025-10-06T10:25:00.000-00:00,"7.45,7.46,7.46,7.45,193454"
2025-10-06T10:30:00.000-00:00,"7.46,7.46,7.46,7.45,62627"
2025-10-06T10:35:00.000-00:00,"7.46,7.44,7.46,7.44,364215"
2025-10-06T10:40:00.000-00:00,"7.44,7.44,7.44,7.44,140028"
2025-10-06T10:45:00.000-00:00,"7.44,7.45,7.45,7.44,73170"
2025-10-06T10:50:00.000-00:00,"7.45,7.45,7.46,7.45,221991"
2025-10-06T10:55:00.000-00:00,"7.45,7.44,7.45,7.43,278569"
2025-10-06T11:00:00.000-00:00,"7.45,7.42,7.45,7.41,574851"
2025-10-06T11:05:00.000-00:00,"7.42,7.42,7.46,7.42,764313"
2025-10-06T11:10:00.000-00:00,"7.42,7.42,7.42,7.4,1302870"
2025-10-06T11:25:00.000-00:00,"7.41,7.41,7.41,7.41,390869"
2025-10-07T07:00:00.000-00:00,"7.44,7.42,7.44,7.41,53192"
2025-10-07T07:05:00.000-00:00,"7.43,7.44,7.44,7.42,18540"
2025-10-07T07:10:00.000-00:00,"7.43,7.42,7.44,7.41,84611"
2025-10-07T07:15:00.000-00:00,"7.42,7.43,7.44,7.42,42595"
2025-10-07T07:20:00.000-00:00,"7.43,7.44,7.44,7.43,120613"
2025-10-07T07:25:00.000-00:00,"7.43,7.43,7.44,7.43,7048"
2025-10-07T07:30:00.000-00:00,"7.44,7.44,7.44,7.43,21062"
2025-10-07T07:35:00.000-00:00,"7.44,7.45,7.46,7.44,56550"
2025-10-07T07:40:00.000-00:00,"7.45,7.44,7.45,7.44,22903"
2025-10-07T07:45:00.000-00:00,"7.44,7.44,7.45,7.44,26855"
2025-10-07T07:50:00.000-00:00,"7.45,7.45,7.46,7.44,203459"
2025-10-07T07:55:00.000-00:00,"7.44,7.44,7.45,7.44,64966"
2025-10-07T08:00:00.000-00:00,"7.43,7.43,7.43,7.43,102200"
2025-10-07T08:05:00.000-00:00,"7.44,7.44,7.45,7.43,84761"
2025-10-07T08:10:00.000-00:00,"7.44,7.44,7.45,7.43,41875"
2025-10-07T08:15:00.000-00:00,"7.44,7.42,7.44,7.42,169843"
2025-10-07T08:20:00.000-00:00,"7.41,7.43,7.43,7.4,449431"
2025-10-07T08:25:00.000-00:00,"7.43,7.42,7.43,7.42,4914"
2025-10-07T08:30:00.000-00:00,"7.41,7.41,7.42,7.41,55295"
2025-10-07T08:35:00.000-00:00,"7.41,7.42,7.42,7.41,31608"
2025-10-07T08:40:00.000-00:00,"7.42,7.41,7.42,7.41,84413"
2025-10-07T08:45:00.000-00:00,"7.41,7.41,7.42,7.41,22607"
2025-10-07T08:50:00.000-00:00,"7.42,7.41,7.42,7.41,1807"
2025-10-07T08:55:00.000-00:00,"7.42,7.42,7.42,7.41,42729"
2025-10-07T09:00:00.000-00:00,"7.42,7.42,7.42,7.42,1"
2025-10-07T09:05:00.000-00:00,"7.41,7.4,7.42,7.4,185367"
2025-10-07T09:10:00.000-00:00,"7.4,7.4,7.4,7.4,158435"
2025-10-07T09:15:00.000-00:00,"7.4,7.4,7.4,7.38,121296"
2025-10-07T09:20:00.000-00:00,"7.39,7.38,7.39,7.37,208079"
2025-10-07T09:25:00.000-00:00,"7.38,7.4,7.4,7.38,7288"
2025-10-07T09:30:00.000-00:00,"7.38,7.38,7.4,7.38,6465"
2025-10-07T09:35:00.000-00:00,"7.38,7.4,7.4,7.38,39347"
2025-10-07T09:40:00.000-00:00,"7.39,7.4,7.4,7.38,120283"
2025-10-07T09:45:00.000-00:00,"7.38,7.4,7.4,7.38,118834"
2025-10-07T09:50:00.000-00:00,"7.4,7.4,7.42,7.4,52755"
2025-10-07T09:55:00.000-00:00,"7.39,7.4,7.4,7.39,51635"
2025-10-07T10:00:00.000-00:00,"7.4,7.4,7.41,7.4,23218"
2025-10-07T10:05:00.000-00:00,"7.41,7.4,7.41,7.4,17735"
2025-10-07T10:10:00.000-00:00,"7.4,7.4,7.41,7.4,451883"
2025-10-07T10:15:00.000-00:00,"7.4,7.4,7.4,7.39,511912"
2025-10-07T10:20:00.000-00:00,"7.41,7.4,7.41,7.4,1073793"
2025-10-07T10:25:00.000-00:00,"7.4,7.42,7.42,7.4,134704"
2025-10-07T10:30:00.000-00:00,"7.41,7.41,7.42,7.41,257871"
2025-10-07T10:35:00.000-00:00,"7.41,7.4,7.42,7.4,409330"
2025-10-07T10:40:00.000-00:00,"7.4,7.4,7.4,7.39,92444"
2025-10-07T10:45:00.000-00:00,"7.4,7.41,7.41,7.4,130522"
2025-10-07T10:50:00.000-00:00,"7.41,7.4,7.41,7.4,15959"
2025-10-07T10:55:00.000-00:00,"7.4,7.41,7.41,7.4,88744"
2025-10-07T11:00:00.000-00:00,"7.41,7.41,7.42,7.41,9676"
2025-10-07T11:05:00.000-00:00,"7.41,7.41,7.42,7.41,46574"
2025-10-07T11:10:00.000-00:00,"7.42,7.41,7.42,7.41,158150"
2025-10-07T11:25:00.000-00:00,"7.4,7.4,7.4,7.4,631802"
2025-10-08T07:00:00.000-00:00,"7.41,7.4,7.41,7.4,49210"
2025-10-08T07:05:00.000-00:00,"7.4,7.41,7.41,7.4,46153"
2025-10-08T07:10:00.000-00:00,"7.4,7.39,7.4,7.39,69041"
2025-10-08T07:15:00.000-00:00,"7.39,7.38,7.39,7.38,152953"
2025-10-08T07:20:00.000-00:00,"7.37,7.35,7.38,7.35,423466"
2025-10-08T07:25:00.000-00:00,"7.35,7.35,7.35,7.34,202634"
2025-10-08T07:30:00.000-00:00,"7.35,7.33,7.35,7.33,162085"
2025-10-08T07:35:00.000-00:00,"7.34,7.33,7.36,7.33,273416"
2025-10-08T07:40:00.000-00:00,"7.35,7.35,7.36,7.34,167308"
2025-10-08T07:45:00.000-00:00,"7.35,7.35,7.35,7.34,275018"
2025-10-08T07:50:00.000-00:00,"7.34,7.34,7.34,7.34,27299"
2025-10-08T07:55:00.000-00:00,"7.34,7.35,7.35,7.33,55141"
2025-10-08T08:00:00.000-00:00,"7.35,7.36,7.36,7.34,138563"
2025-10-08T08:05:00.000-00:00,"7.37,7.37,7.37,7.36,36028"
2025-10-08T08:10:00.000-00:00,"7.37,7.36,7.37,7.36,82518"
2025-10-08T08:15:00.000-00:00,"7.36,7.36,7.36,7.35,20766"
2025-10-08T08:20:00.000-00:00,"7.35,7.35,7.36,7.35,127747"
2025-10-08T08:25:00.000-00:00,"7.36,7.36,7.36,7.35,24832"
2025-10-08T08:30:00.000-00:00,"7.36,7.34,7.36,7.34,48260"
2025-10-08T08:35:00.000-00:00,"7.35,7.34,7.35,7.34,39084"
2025-10-08T08:40:00.000-00:00,"7.35,7.34,7.35,7.33,99048"
2025-10-08T08:45:00.000-00:00,"7.34,7.35,7.35,7.34,29402"
2025-10-08T08:50:00.000-00:00,"7.35,7.35,7.35,7.33,105114"
2025-10-08T08:55:00.000-00:00,"7.34,7.35,7.35,7.34,108907"
2025-10-08T09:00:00.000-00:00,"7.34,7.34,7.35,7.33,162579"
2025-10-08T09:05:00.000-00:00,"7.33,7.34,7.34,7.31,205221"
2025-10-08T09:10:00.000-00:00,"7.32,7.35,7.35,7.31,376319"
2025-10-08T09:15:00.000-00:00,"7.35,7.36,7.36,7.35,855475"
2025-10-08T09:20:00.000-00:00,"7.35,7.35,7.36,7.35,34248"
2025-10-08T09:25:00.000-00:00,"7.36,7.35,7.36,7.35,35702"
2025-10-08T09:30:00.000-00:00,"7.35,7.36,7.36,7.35,36209"
2025-10-08T09:35:00.000-00:00,"7.35,7.34,7.36,7.34,149738"
2025-10-08T09:40:00.000-00:00,"7.34,7.33,7.34,7.31,101291"
2025-10-08T09:45:00.000-00:00,"7.33,7.34,7.34,7.32,138279"
2025-10-08T09:50:00.000-00:00,"7.34,7.33,7.34,7.33,3714"
2025-10-08T09:55:00.000-00:00,"7.33,7.33,7.33,7.33,115284"
2025-10-08T10:00:00.000-00:00,"7.33,7.34,7.34,7.32,18958"
2025-10-08T10:05:00.000-00:00,"7.33,7.34,7.34,7.33,112762"
2025-10-08T10:10:00.000-00:00,"7.34,7.34,7.34,7.33,13866"
2025-10-08T10:15:00.000-00:00,"7.34,7.33,7.34,7.33,38466"
2025-10-08T10:20:00.000-00:00,"7.33,7.35,7.35,7.33,30860"
2025-10-08T10:25:00.000-00:00,"7.35,7.33,7.35,7.33,66829"
2025-10-08T10:30:00.000-00:00,"7.33,7.34,7.34,7.32,107372"
2025-10-08T10:35:00.000-00:00,"7.34,7.32,7.34,7.32,191221"
2025-10-08T10:40:00.000-00:00,"7.32,7.31,7.32,7.3,819829"
2025-10-08T10:45:00.000-00:00,"7.32,7.3,7.32,7.29,155910"
2025-10-08T10:50:00.000-00:00,"7.3,7.3,7.3,7.26,281102"
2025-10-08T10:55:00.000-00:00,"7.29,7.3,7.3,7.27,542290"
2025-10-08T11:00:00.000-00:00,"7.3,7.32,7.32,7.3,100658"
2025-10-08T11:05:00.000-00:00,"7.32,7.3,7.32,7.3,269465"
2025-10-08T11:10:00.000-00:00,"7.3,7.3,7.32,7.3,183849"
2025-10-08T11:25:00.000-00:00,"7.31,7.31,7.31,7.31,856800"
2025-10-12T07:00:00.000-00:00,"7.3,7.3,7.34,7.26,159606"
2025-10-12T07:05:00.000-00:00,"7.32,7.27,7.33,7.27,39082"
2025-10-12T07:10:00.000-00:00,"7.3,7.23,7.3,7.21,437029"
2025-10-12T07:15:00.000-00:00,"7.26,7.26,7.26,7.24,43244"
2025-10-12T07:20:00.000-00:00,"7.25,7.27,7.27,7.25,87255"
2025-10-12T07:25:00.000-00:00,"7.27,7.28,7.28,7.26,143176"
2025-10-12T07:30:00.000-00:00,"7.27,7.27,7.28,7.27,125102"
2025-10-12T07:35:00.000-00:00,"7.28,7.28,7.28,7.28,30846"
2025-10-12T07:40:00.000-00:00,"7.28,7.28,7.28,7.27,198710"
2025-10-12T07:45:00.000-00:00,"7.28,7.29,7.29,7.27,29040"
2025-10-12T07:50:00.000-00:00,"7.28,7.27,7.28,7.26,183433"
2025-10-12T07:55:00.000-00:00,"7.27,7.3,7.3,7.26,99849"
2025-10-12T08:00:00.000-00:00,"7.31,7.31,7.31,7.3,50073"
2025-10-12T08:05:00.000-00:00,"7.31,7.3,7.31,7.3,43873"
2025-10-12T08:10:00.000-00:00,"7.32,7.31,7.33,7.31,30338"
2025-10-12T08:15:00.000-00:00,"7.32,7.35,7.35,7.31,109308"
2025-10-12T08:20:00.000-00:00,"7.35,7.34,7.37,7.34,174963"
2025-10-12T08:25:00.000-00:00,"7.34,7.35,7.35,7.34,68075"
2025-10-12T08:30:00.000-00:00,"7.34,7.35,7.35,7.34,5614"
2025-10-12T08:35:00.000-00:00,"7.33,7.33,7.35,7.32,94679"
2025-10-12T08:40:00.000-00:00,"7.32,7.33,7.33,7.32,18881"
2025-10-12T08:45:00.000-00:00,"7.33,7.32,7.33,7.31,92049"
2025-10-12T08:50:00.000-00:00,"7.32,7.32,7.32,7.31,9189"
2025-10-12T08:55:00.000-00:00,"7.32,7.3,7.32,7.3,66621"
2025-10-12T09:00:00.000-00:00,"7.3,7.32,7.32,7.29,67803"
2025-10-12T09:05:00.000-00:00,"7.32,7.3,7.32,7.3,15881"
2025-10-12T09:10:00.000-00:00,"7.32,7.32,7.32,7.3,23064"
2025-10-12T09:15:00.000-00:00,"7.32,7.32,7.32,7.3,20842"
2025-10-12T09:20:00.000-00:00,"7.32,7.32,7.33,7.32,1965"
2025-10-12T09:25:00.000-00:00,"7.32,7.33,7.33,7.32,19408"
2025-10-12T09:30:00.000-00:00,"7.32,7.31,7.32,7.31,32695"
2025-10-12T09:35:00.000-00:00,"7.32,7.32,7.32,7.3,227137"
2025-10-12T09:40:00.000-00:00,"7.31,7.3,7.32,7.29,138632"
2025-10-12T09:45:00.000-00:00,"7.3,7.32,7.33,7.3,128400"
2025-10-12T09:50:00.000-00:00,"7.32,7.33,7.33,7.32,121953"
2025-10-12T09:55:00.000-00:00,"7.33,7.35,7.35,7.33,357521"
2025-10-12T10:00:00.000-00:00,"7.35,7.34,7.35,7.33,106473"
2025-10-12T10:05:00.000-00:00,"7.34,7.33,7.34,7.32,334006"
2025-10-12T10:10:00.000-00:00,"7.33,7.34,7.34,7.33,136434"
2025-10-12T10:15:00.000-00:00,"7.33,7.33,7.34,7.32,156100"
2025-10-12T10:20:00.000-00:00,"7.32,7.35,7.35,7.32,156013"
2025-10-12T10:25:00.000-00:00,"7.35,7.34,7.35,7.34,37076"
2025-10-12T10:30:00.000-00:00,"7.34,7.34,7.34,7.33,131104"
2025-10-12T10:35:00.000-00:00,"7.33,7.35,7.35,7.32,356045"
2025-10-12T10:40:00.000-00:00,"7.35,7.4,7.4,7.35,850639"
2025-10-12T10:45:00.000-00:00,"7.4,7.37,7.41,7.37,143418"
2025-10-12T10:50:00.000-00:00,"7.39,7.38,7.4,7.37,423645"
2025-10-12T10:55:00.000-00:00,"7.38,7.38,7.39,7.37,285365"
2025-10-12T11:00:00.000-00:00,"7.38,7.4,7.41,7.38,556068"
2025-10-12T11:05:00.000-00:00,"7.4,7.4,7.41,7.35,765034"
2025-10-12T11:10:00.000-00:00,"7.4,7.42,7.42,7.4,197332"
2025-10-12T11:25:00.000-00:00,"7.41,7.41,7.41,7.41,213766"
2025-10-13T07:00:00.000-00:00,"7.45,7.45,7.47,7.43,268665"
2025-10-13T07:05:00.000-00:00,"7.45,7.44,7.47,7.44,152391"
2025-10-13T07:10:00.000-00:00,"7.45,7.43,7.45,7.42,91195"
2025-10-13T07:15:00.000-00:00,"7.42,7.45,7.46,7.42,134360"
2025-10-13T07:20:00.000-00:00,"7.45,7.44,7.45,7.4,421858"
2025-10-13T07:25:00.000-00:00,"7.42,7.43,7.44,7.42,81253"
2025-10-13T07:30:00.000-00:00,"7.43,7.44,7.44,7.42,27901"
2025-10-13T07:35:00.000-00:00,"7.44,7.43,7.44,7.43,23490"
2025-10-13T07:40:00.000-00:00,"7.44,7.44,7.45,7.44,291289"
2025-10-13T07:45:00.000-00:00,"7.44,7.45,7.45,7.44,201637"
2025-10-13T07:50:00.000-00:00,"7.44,7.44,7.45,7.44,313426"
2025-10-13T07:55:00.000-00:00,"7.44,7.44,7.45,7.43,69591"
2025-10-13T08:00:00.000-00:00,"7.44,7.45,7.45,7.44,32443"
2025-10-13T08:05:00.000-00:00,"7.44,7.43,7.45,7.43,262107"
2025-10-13T08:10:00.000-00:00,"7.42,7.43,7.44,7.42,27540"
2025-10-13T08:15:00.000-00:00,"7.43,7.44,7.44,7.43,105751"
2025-10-13T08:20:00.000-00:00,"7.44,7.44,7.45,7.43,235155"
2025-10-13T08:25:00.000-00:00,"7.45,7.43,7.45,7.43,242880"
2025-10-13T08:30:00.000-00:00,"7.43,7.44,7.44,7.43,17262"
2025-10-13T08:35:00.000-00:00,"7.45,7.45,7.45,7.44,58578"
2025-10-13T08:40:00.000-00:00,"7.45,7.45,7.45,7.42,425213"
2025-10-13T08:45:00.000-00:00,"7.45,7.44,7.45,7.44,10681"
2025-10-13T08:50:00.000-00:00,"7.44,7.45,7.45,7.44,13547"
2025-10-13T08:55:00.000-00:00,"7.44,7.44,7.45,7.44,142513"
2025-10-13T09:00:00.000-00:00,"7.44,7.44,7.45,7.44,660276"
2025-10-13T09:05:00.000-00:00,"7.44,7.43,7.44,7.43,112023"
2025-10-13T09:10:00.000-00:00,"7.43,7.43,7.44,7.43,74890"
2025-10-13T09:15:00.000-00:00,"7.44,7.44,7.44,7.43,7176"
2025-10-13T09:20:00.000-00:00,"7.43,7.42,7.44,7.42,826803"
2025-10-13T09:25:00.000-00:00,"7.43,7.43,7.43,7.42,24233"
2025-10-13T09:30:00.000-00:00,"7.43,7.43,7.44,7.43,36224"
2025-10-13T09:35:00.000-00:00,"7.44,7.44,7.45,7.44,122944"
2025-10-13T09:40:00.000-00:00,"7.44,7.44,7.45,7.44,53204"
2025-10-13T09:45:00.000-00:00,"7.44,7.45,7.45,7.43,157999"
2025-10-13T09:50:00.000-00:00,"7.45,7.46,7.47,7.43,621355"
2025-10-13T09:55:00.000-00:00,"7.46,7.47,7.47,7.46,120912"
2025-10-13T10:00:00.000-00:00,"7.47,7.5,7.5,7.46,1317959"
2025-10-13T10:05:00.000-00:00,"7.5,7.49,7.5,7.48,1393091"
2025-10-13T10:10:00.000-00:00,"7.48,7.48,7.49,7.47,28933"
2025-10-13T10:15:00.000-00:00,"7.48,7.48,7.49,7.48,176552"
2025-10-13T10:20:00.000-00:00,"7.49,7.48,7.49,7.48,96287"
2025-10-13T10:25:00.000-00:00,"7.49,7.48,7.49,7.48,188970"
2025-10-13T10:30:00.000-00:00,"7.48,7.5,7.5,7.48,1215410"
2025-10-13T10:35:00.000-00:00,"7.49,7.48,7.5,7.48,654659"
2025-10-13T10:40:00.000-00:00,"7.48,7.5,7.5,7.48,139693"
2025-10-13T10:45:00.000-00:00,"7.5,7.5,7.5,7.48,94397"
2025-10-13T10:50:00.000-00:00,"7.49,7.51,7.51,7.49,606536"
2025-10-13T10:55:00.000-00:00,"7.5,7.5,7.51,7.5,292432"
2025-10-13T11:00:00.000-00:00,"7.5,7.5,7.51,7.5,309514"
2025-10-13T11:05:00.000-00:00,"7.51,7.52,7.55,7.51,1663055"
2025-10-13T11:10:00.000-00:00,"7.52,7.53,7.54,7.51,276894"
2025-10-13T11:25:00.000-00:00,"7.52,7.52,7.52,7.52,1003420"
2025-10-14T07:00:00.000-00:00,"7.53,7.56,7.56,7.53,220364"
2025-10-14T07:05:00.000-00:00,"7.55,7.55,7.55,7.54,211237"
2025-10-14T07:10:00.000-00:00,"7.55,7.58,7.58,7.54,321449"
2025-10-14T07:15:00.000-00:00,"7.58,7.57,7.58,7.57,34689"
2025-10-14T07:20:00.000-00:00,"7.57,7.59,7.59,7.56,319299"
2025-10-14T07:25:00.000-00:00,"7.59,7.57,7.59,7.57,473806"
2025-10-14T07:30:00.000-00:00,"7.57,7.57,7.58,7.57,102562"
2025-10-14T07:35:00.000-00:00,"7.57,7.56,7.57,7.55,300781"
2025-10-14T07:40:00.000-00:00,"7.56,7.56,7.57,7.56,212932"
2025-10-14T07:45:00.000-00:00,"7.57,7.58,7.59,7.57,149916"
2025-10-14T07:50:00.000-00:00,"7.58,7.58,7.58,7.58,38138"
2025-10-14T07:55:00.000-00:00,"7.57,7.58,7.58,7.57,52199"
2025-10-14T08:00:00.000-00:00,"7.58,7.57,7.58,7.57,64150"
2025-10-14T08:05:00.000-00:00,"7.57,7.57,7.57,7.57,10080"
2025-10-14T08:10:00.000-00:00,"7.57,7.58,7.58,7.57,12816"
2025-10-14T08:15:00.000-00:00,"7.57,7.56,7.58,7.55,429503"
2025-10-14T08:20:00.000-00:00,"7.55,7.56,7.56,7.55,227089"
2025-10-14T08:25:00.000-00:00,"7.56,7.57,7.57,7.56,15838"
2025-10-14T08:30:00.000-00:00,"7.57,7.57,7.57,7.56,82543"
2025-10-14T08:35:00.000-00:00,"7.56,7.56,7.57,7.55,36708"
2025-10-14T08:40:00.000-00:00,"7.55,7.55,7.56,7.55,376502"
2025-10-14T08:45:00.000-00:00,"7.55,7.56,7.57,7.55,170375"
2025-10-14T08:50:00.000-00:00,"7.56,7.58,7.58,7.56,314194"
2025-10-14T08:55:00.000-00:00,"7.58,7.58,7.58,7.57,33435"
2025-10-14T09:00:00.000-00:00,"7.58,7.59,7.59,7.57,113817"
2025-10-14T09:05:00.000-00:00,"7.59,7.6,7.6,7.57,272726"
2025-10-14T09:10:00.000-00:00,"7.6,7.6,7.62,7.59,2290000"
2025-10-14T09:15:00.000-00:00,"7.6,7.58,7.6,7.57,1191308"
2025-10-14T09:20:00.000-00:00,"7.59,7.6,7.61,7.57,601613"
2025-10-14T09:25:00.000-00:00,"7.6,7.6,7.61,7.59,1393652"
2025-10-14T09:30:00.000-00:00,"7.61,7.62,7.64,7.6,2794973"
2025-10-14T09:35:00.000-00:00,"7.61,7.61,7.63,7.6,1455154"
2025-10-14T09:40:00.000-00:00,"7.61,7.63,7.63,7.61,379412"
2025-10-14T09:45:00.000-00:00,"7.63,7.65,7.65,7.63,1387958"
2025-10-14T09:50:00.000-00:00,"7.65,7.64,7.65,7.62,126411"
2025-10-14T09:55:00.000-00:00,"7.64,7.65,7.67,7.64,1227280"
2025-10-14T10:00:00.000-00:00,"7.65,7.64,7.66,7.62,296186"
2025-10-14T10:05:00.000-00:00,"7.64,7.63,7.65,7.63,337269"
2025-10-14T10:10:00.000-00:00,"7.63,7.63,7.64,7.62,184589"
2025-10-14T10:15:00.000-00:00,"7.63,7.64,7.64,7.63,258222"
2025-10-14T10:20:00.000-00:00,"7.63,7.64,7.65,7.63,267227"
2025-10-14T10:25:00.000-00:00,"7.65,7.65,7.66,7.64,335001"
2025-10-14T10:30:00.000-00:00,"7.65,7.64,7.65,7.64,258767"
2025-10-14T10:35:00.000-00:00,"7.64,7.68,7.69,7.64,989390"
2025-10-14T10:40:00.000-00:00,"7.68,7.66,7.68,7.66,220915"
2025-10-14T10:45:00.000-00:00,"7.67,7.68,7.68,7.66,109313"
2025-10-14T10:50:00.000-00:00,"7.67,7.67,7.68,7.66,340942"
2025-10-14T10:55:00.000-00:00,"7.66,7.63,7.67,7.63,474555"
2025-10-14T11:00:00.000-00:00,"7.63,7.63,7.65,7.63,332150"
2025-10-14T11:05:00.000-00:00,"7.63,7.65,7.65,7.62,284557"
2025-10-14T11:10:00.000-00:00,"7.64,7.63,7.64,7.63,178037"
2025-10-14T11:25:00.000-00:00,"7.64,7.64,7.64,7.64,829336"
2025-10-15T07:00:00.000-00:00,"7.7,7.75,7.78,7.67,2743422"
2025-10-15T07:05:00.000-00:00,"7.75,7.73,7.75,7.73,618649"
2025-10-15T07:10:00.000-00:00,"7.74,7.74,7.75,7.73,413672"
2025-10-15T07:15:00.000-00:00,"7.74,7.75,7.76,7.73,1172364"
2025-10-15T07:20:00.000-00:00,"7.76,7.79,7.8,7.76,1530909"
2025-10-15T07:25:00.000-00:00,"7.79,7.79,7.8,7.77,532052"
2025-10-15T07:30:00.000-00:00,"7.78,7.78,7.79,7.78,455259"
2025-10-15T07:35:00.000-00:00,"7.78,7.77,7.79,7.76,364343"
2025-10-15T07:40:00.000-00:00,"7.76,7.77,7.77,7.76,39213"
2025-10-15T07:45:00.000-00:00,"7.76,7.75,7.79,7.75,728412"
2025-10-15T07:50:00.000-00:00,"7.75,7.75,7.78,7.74,209202"
2025-10-15T07:55:00.000-00:00,"7.75,7.72,7.75,7.72,875471"
2025-10-15T08:00:00.000-00:00,"7.72,7.71,7.73,7.71,330819"
2025-10-15T08:05:00.000-00:00,"7.71,7.71,7.71,7.69,475925"
2025-10-15T08:10:00.000-00:00,"7.7,7.7,7.71,7.7,118014"
2025-10-15T08:15:00.000-00:00,"7.7,7.72,7.72,7.7,62714"
2025-10-15T08:20:00.000-00:00,"7.72,7.71,7.72,7.7,25178"
2025-10-15T08:25:00.000-00:00,"7.7,7.72,7.72,7.7,44132"
2025-10-15T08:30:00.000-00:00,"7.71,7.7,7.72,7.7,54611"
2025-10-15T08:35:00.000-00:00,"7.7,7.69,7.7,7.69,173578"
2025-10-15T08:40:00.000-00:00,"7.7,7.69,7.7,7.68,129222"
2025-10-15T08:45:00.000-00:00,"7.68,7.68,7.69,7.68,46107"
2025-10-15T08:50:00.000-00:00,"7.68,7.69,7.7,7.68,28654"
2025-10-15T08:55:00.000-00:00,"7.68,7.68,7.69,7.68,6462"
2025-10-15T09:00:00.000-00:00,"7.69,7.69,7.7,7.68,71078"
2025-10-15T09:05:00.000-00:00,"7.7,7.69,7.7,7.68,53914"
2025-10-15T09:10:00.000-00:00,"7.68,7.7,7.7,7.68,105659"
2025-10-15T09:15:00.000-00:00,"7.69,7.7,7.71,7.69,467060"
2025-10-15T09:20:00.000-00:00,"7.7,7.71,7.72,7.7,89842"
2025-10-15T09:25:00.000-00:00,"7.72,7.74,7.74,7.72,285625"
2025-10-15T09:30:00.000-00:00,"7.73,7.75,7.75,7.73,363745"
2025-10-15T09:35:00.000-00:00,"7.74,7.76,7.77,7.74,355175"
2025-10-15T09:40:00.000-00:00,"7.76,7.81,7.81,7.76,1838601"
2025-10-15T09:45:00.000-00:00,"7.81,7.8,7.82,7.79,933565"
2025-10-15T09:50:00.000-00:00,"7.8,7.81,7.82,7.79,532396"
2025-10-15T09:55:00.000-00:00,"7.81,7.8,7.82,7.8,376253"
2025-10-15T10:00:00.000-00:00,"7.8,7.81,7.81,7.8,70365"
2025-10-15T10:05:00.000-00:00,"7.8,7.8,7.81,7.8,925390"
2025-10-15T10:10:00.000-00:00,"7.8,7.84,7.84,7.8,1866416"
2025-10-15T10:15:00.000-00:00,"7.84,7.77,7.84,7.77,1258521"
2025-10-15T10:20:00.000-00:00,"7.8,7.78,7.8,7.77,126498"
2025-10-15T10:25:00.000-00:00,"7.78,7.78,7.78,7.78,85222"
2025-10-15T10:30:00.000-00:00,"7.78,7.79,7.79,7.78,70521"
2025-10-15T10:35:00.000-00:00,"7.79,7.77,7.79,7.77,87709"
2025-10-15T10:40:00.000-00:00,"7.77,7.76,7.79,7.76,58833"
2025-10-15T10:45:00.000-00:00,"7.75,7.8,7.81,7.75,799370"
2025-10-15T10:50:00.000-00:00,"7.8,7.79,7.8,7.77,89585"
2025-10-15T10:55:00.000-00:00,"7.78,7.77,7.78,7.76,58847"
2025-10-15T11:00:00.000-00:00,"7.77,7.8,7.8,7.77,126680"
2025-10-15T11:05:00.000-00:00,"7.8,7.75,7.8,7.74,184536"
2025-10-15T11:10:00.000-00:00,"7.75,7.76,7.76,7.73,211686"
2025-10-15T11:25:00.000-00:00,"7.75,7.75,7.75,7.75,708614"
2025-10-16T07:00:00.000-00:00,"7.8,7.79,7.8,7.77,109170"
2025-10-16T07:05:00.000-00:00,"7.77,7.76,7.79,7.76,78526"
2025-10-16T07:10:00.000-00:00,"7.76,7.77,7.8,7.76,186573"
2025-10-16T07:15:00.000-00:00,"7.78,7.77,7.79,7.77,18569"
2025-10-16T07:20:00.000-00:00,"7.78,7.77,7.79,7.77,23582"
2025-10-16T07:25:00.000-00:00,"7.77,7.76,7.79,7.76,50347"
2025-10-16T07:30:00.000-00:00,"7.76,7.76,7.77,7.75,23278"
2025-10-16T07:35:00.000-00:00,"7.76,7.77,7.77,7.76,13065"
2025-10-16T07:40:00.000-00:00,"7.76,7.76,7.77,7.75,6714"
2025-10-16T07:45:00.000-00:00,"7.76,7.78,7.78,7.76,104675"
2025-10-16T07:50:00.000-00:00,"7.78,7.77,7.78,7.76,27830"
2025-10-16T07:55:00.000-00:00,"7.76,7.77,7.77,7.76,68382"
2025-10-16T08:00:00.000-00:00,"7.77,7.76,7.77,7.76,32072"
2025-10-16T08:05:00.000-00:00,"7.77,7.77,7.77,7.76,22034"
2025-10-16T08:10:00.000-00:00,"7.77,7.77,7.77,7.76,17559"
2025-10-16T08:15:00.000-00:00,"7.76,7.77,7.78,7.75,314468"
2025-10-16T08:20:00.000-00:00,"7.76,7.77,7.77,7.76,53256"
2025-10-16T08:25:00.000-00:00,"7.76,7.76,7.77,7.76,86928"
2025-10-16T08:30:00.000-00:00,"7.76,7.79,7.79,7.76,315697"
2025-10-16T08:35:00.000-00:00,"7.79,7.8,7.8,7.78,635089"
2025-10-16T08:40:00.000-00:00,"7.8,7.79,7.8,7.79,340540"
2025-10-16T08:45:00.000-00:00,"7.79,7.79,7.8,7.79,22078"
2025-10-16T08:50:00.000-00:00,"7.79,7.79,7.8,7.79,80562"
2025-10-16T08:55:00.000-00:00,"7.8,7.8,7.81,7.79,305522"
2025-10-16T09:00:00.000-00:00,"7.8,7.8,7.8,7.79,60658"
2025-10-16T09:05:00.000-00:00,"7.79,7.79,7.81,7.79,146955"
2025-10-16T09:10:00.000-00:00,"7.79,7.8,7.8,7.79,102877"
2025-10-16T09:15:00.000-00:00,"7.79,7.8,7.8,7.79,142325"
2025-10-16T09:20:00.000-00:00,"7.8,7.8,7.8,7.79,183018"
2025-10-16T09:25:00.000-00:00,"7.8,7.79,7.8,7.79,94889"
2025-10-16T09:30:00.000-00:00,"7.79,7.8,7.8,7.79,95019"
2025-10-16T09:35:00.000-00:00,"7.8,7.8,7.8,7.79,121692"
2025-10-16T09:40:00.000-00:00,"7.8,7.8,7.8,7.79,138518"
2025-10-16T09:45:00.000-00:00,"7.79,7.78,7.8,7.78,264355"
2025-10-16T09:50:00.000-00:00,"7.79,7.79,7.8,7.78,103542"
2025-10-16T09:55:00.000-00:00,"7.78,7.79,7.79,7.78,134908"
2025-10-16T10:00:00.000-00:00,"7.79,7.79,7.79,7.79,61258"
2025-10-16T10:05:00.000-00:00,"7.78,7.8,7.8,7.78,102757"
2025-10-16T10:10:00.000-00:00,"7.8,7.79,7.8,7.78,72386"
2025-10-16T10:15:00.000-00:00,"7.8,7.81,7.81,7.79,213248"
2025-10-16T10:20:00.000-00:00,"7.8,7.79,7.81,7.79,246383"
2025-10-16T10:25:00.000-00:00,"7.79,7.8,7.8,7.79,68748"
2025-10-16T10:30:00.000-00:00,"7.79,7.8,7.8,7.77,388019"
2025-10-16T10:35:00.000-00:00,"7.79,7.81,7.81,7.79,275389"
2025-10-16T10:40:00.000-00:00,"7.8,7.81,7.81,7.79,16508"
2025-10-16T10:45:00.000-00:00,"7.79,7.81,7.81,7.79,400060"
2025-10-16T10:50:00.000-00:00,"7.81,7.82,7.83,7.81,396083"
2025-10-16T10:55:00.000-00:00,"7.81,7.81,7.82,7.8,524703"
2025-10-16T11:00:00.000-00:00,"7.82,7.8,7.82,7.8,965725"
2025-10-16T11:05:00.000-00:00,"7.8,7.79,7.82,7.79,378449"
2025-10-16T11:10:00.000-00:00,"7.8,7.75,7.8,7.72,1194552"
2025-10-16T11:25:00.000-00:00,"7.73,7.73,7.73,7.73,3178619"
2025-10-19T07:00:00.000-00:00,"7.77,7.75,7.78,7.75,40984"
2025-10-19T07:05:00.000-00:00,"7.77,7.77,7.77,7.75,33373"
2025-10-19T07:10:00.000-00:00,"7.76,7.74,7.77,7.73,115284"
2025-10-19T07:15:00.000-00:00,"7.77,7.75,7.77,7.74,7933"
2025-10-19T07:20:00.000-00:00,"7.75,7.75,7.76,7.74,90153"
2025-10-19T07:25:00.000-00:00,"7.75,7.75,7.75,7.74,136302"
2025-10-19T07:30:00.000-00:00,"7.75,7.76,7.76,7.75,33568"
2025-10-19T07:35:00.000-00:00,"7.76,7.76,7.76,7.75,33006"
2025-10-19T07:40:00.000-00:00,"7.76,7.8,7.81,7.76,603558"
2025-10-19T07:45:00.000-00:00,"7.8,7.84,7.85,7.77,846732"
2025-10-19T07:50:00.000-00:00,"7.84,7.89,7.89,7.82,815670"
2025-10-19T07:55:00.000-00:00,"7.88,7.88,7.9,7.87,2084309"
2025-10-19T08:00:00.000-00:00,"7.88,7.86,7.88,7.86,417313"
2025-10-19T08:05:00.000-00:00,"7.86,7.85,7.86,7.84,271959"
2025-10-19T08:10:00.000-00:00,"7.85,7.86,7.86,7.85,145368"
2025-10-19T08:15:00.000-00:00,"7.86,7.85,7.86,7.85,394579"
2025-10-19T08:20:00.000-00:00,"7.85,7.84,7.85,7.84,283896"
2025-10-19T08:25:00.000-00:00,"7.84,7.86,7.87,7.84,294308"
2025-10-19T08:30:00.000-00:00,"7.86,7.85,7.87,7.85,650799"
2025-10-19T08:35:00.000-00:00,"7.87,7.84,7.87,7.84,81422"
2025-10-19T08:40:00.000-00:00,"7.85,7.85,7.85,7.84,184105"
2025-10-19T08:45:00.000-00:00,"7.85,7.85,7.85,7.84,6284"
2025-10-19T08:50:00.000-00:00,"7.85,7.87,7.87,7.85,110071"
2025-10-19T08:55:00.000-00:00,"7.87,7.86,7.87,7.85,105009"
2025-10-19T09:00:00.000-00:00,"7.86,7.87,7.87,7.86,81554"
2025-10-19T09:05:00.000-00:00,"7.87,7.87,7.88,7.86,131499"
2025-10-19T09:10:00.000-00:00,"7.87,7.88,7.88,7.86,144027"
2025-10-19T09:15:00.000-00:00,"7.87,7.88,7.9,7.87,647205"
2025-10-19T09:20:00.000-00:00,"7.89,7.89,7.9,7.88,121367"
2025-10-19T09:25:00.000-00:00,"7.89,7.87,7.89,7.87,291963"
2025-10-19T09:30:00.000-00:00,"7.87,7.92,7.92,7.87,1130954"
2025-10-19T09:35:00.000-00:00,"7.93,7.94,7.96,7.92,3042973"
2025-10-19T09:40:00.000-00:00,"7.94,7.94,7.95,7.93,638229"
2025-10-19T09:45:00.000-00:00,"7.94,7.95,7.95,7.94,419045"
2025-10-19T09:50:00.000-00:00,"7.95,7.95,7.96,7.93,499493"
2025-10-19T09:55:00.000-00:00,"7.94,7.94,7.95,7.94,182109"
2025-10-19T10:00:00.000-00:00,"7.94,7.95,7.96,7.94,165691"
2025-10-19T10:05:00.000-00:00,"7.95,7.96,7.96,7.95,448202"
2025-10-19T10:10:00.000-00:00,"7.96,7.96,7.97,7.96,653787"
2025-10-19T10:15:00.000-00:00,"7.97,7.98,7.99,7.96,1854664"
2025-10-19T10:20:00.000-00:00,"7.98,7.97,7.98,7.96,554950"
2025-10-19T10:25:00.000-00:00,"7.97,7.97,7.98,7.95,127158"
2025-10-19T10:30:00.000-00:00,"7.96,7.97,7.97,7.95,336348"
2025-10-19T10:35:00.000-00:00,"7.96,7.96,7.98,7.96,524531"
2025-10-19T10:40:00.000-00:00,"7.96,7.97,7.98,7.96,623673"
2025-10-19T10:45:00.000-00:00,"7.97,7.97,7.98,7.96,147681"
2025-10-19T10:50:00.000-00:00,"7.97,7.98,7.98,7.96,520102"
2025-10-19T10:55:00.000-00:00,"7.98,7.95,7.98,7.95,481256"
2025-10-19T11:00:00.000-00:00,"7.95,7.95,7.98,7.94,299548"
2025-10-19T11:05:00.000-00:00,"7.96,7.97,7.98,7.96,405927"
2025-10-19T11:10:00.000-00:00,"7.97,7.97,7.98,7.95,647496"
2025-10-19T11:25:00.000-00:00,"7.97,7.97,7.97,7.97,988322"
2025-10-20T07:00:00.000-00:00,"7.97,7.98,8,7.97,156736"
2025-10-20T07:05:00.000-00:00,"7.98,7.96,7.98,7.96,278679"
2025-10-20T07:10:00.000-00:00,"7.95,7.93,7.95,7.91,143990"
2025-10-20T07:15:00.000-00:00,"7.93,7.93,7.95,7.93,133226"
2025-10-20T07:20:00.000-00:00,"7.94,7.94,7.98,7.93,192746"
2025-10-20T07:25:00.000-00:00,"7.94,7.91,7.94,7.91,456327"
2025-10-20T07:30:00.000-00:00,"7.91,7.89,7.91,7.88,610248"
2025-10-20T07:35:00.000-00:00,"7.89,7.9,7.9,7.89,116997"
2025-10-20T07:40:00.000-00:00,"7.89,7.9,7.9,7.88,113311"
2025-10-20T07:45:00.000-00:00,"7.9,7.89,7.9,7.88,206776"
2025-10-20T07:50:00.000-00:00,"7.89,7.88,7.9,7.88,84131"
2025-10-20T07:55:00.000-00:00,"7.88,7.89,7.89,7.88,36791"
2025-10-20T08:00:00.000-00:00,"7.89,7.88,7.89,7.87,475959"
2025-10-20T08:05:00.000-00:00,"7.88,7.87,7.88,7.86,772099"
2025-10-20T08:10:00.000-00:00,"7.88,7.87,7.9,7.87,617439"
2025-10-20T08:15:00.000-00:00,"7.89,7.92,7.96,7.89,591192"
2025-10-20T08:20:00.000-00:00,"7.93,7.98,7.98,7.93,1297119"
2025-10-20T08:25:00.000-00:00,"7.98,7.95,7.98,7.95,823686"
2025-10-20T08:30:00.000-00:00,"7.96,7.95,7.96,7.94,133144"
2025-10-20T08:35:00.000-00:00,"7.95,7.94,7.95,7.93,44301"
2025-10-20T08:40:00.000-00:00,"7.94,7.93,7.95,7.93,60297"
2025-10-20T08:45:00.000-00:00,"7.93,7.94,7.95,7.93,267887"
2025-10-20T08:50:00.000-00:00,"7.94,7.95,7.95,7.94,141149"
2025-10-20T08:55:00.000-00:00,"7.94,7.89,7.94,7.89,1481497"
2025-10-20T09:00:00.000-00:00,"7.89,7.89,7.9,7.89,205865"
2025-10-20T09:05:00.000-00:00,"7.89,7.89,7.9,7.89,61228"
2025-10-20T09:10:00.000-00:00,"7.88,7.89,7.9,7.88,127897"
2025-10-20T09:15:00.000-00:00,"7.88,7.89,7.89,7.88,158637"
2025-10-20T09:20:00.000-00:00,"7.9,7.89,7.9,7.88,294636"
2025-10-20T09:25:00.000-00:00,"7.88,7.83,7.88,7.83,1555680"
2025-10-20T09:30:00.000-00:00,"7.83,7.85,7.85,7.83,181635"
2025-10-20T09:35:00.000-00:00,"7.85,7.85,7.86,7.84,120277"
2025-10-20T09:40:00.000-00:00,"7.86,7.86,7.87,7.85,701904"
2025-10-20T09:45:00.000-00:00,"7.86,7.86,7.86,7.84,61422"
2025-10-20T09:50:00.000-00:00,"7.87,7.87,7.87,7.85,52912"
2025-10-20T09:55:00.000-00:00,"7.85,7.86,7.87,7.85,89255"
2025-10-20T10:00:00.000-00:00,"7.86,7.88,7.88,7.86,51183"
2025-10-20T10:05:00.000-00:00,"7.87,7.83,7.88,7.83,736611"
2025-10-20T10:10:00.000-00:00,"7.84,7.9,7.9,7.84,172230"
2025-10-20T10:15:00.000-00:00,"7.89,7.91,7.91,7.89,421459"
2025-10-20T10:20:00.000-00:00,"7.91,7.91,7.91,7.9,129733"
2025-10-20T10:25:00.000-00:00,"7.91,7.9,7.91,7.9,165623"
2025-10-20T10:30:00.000-00:00,"7.89,7.9,7.9,7.87,226051"
2025-10-20T10:35:00.000-00:00,"7.91,7.91,7.92,7.9,93454"
2025-10-20T10:40:00.000-00:00,"7.91,7.97,7.97,7.91,703099"
2025-10-20T10:45:00.000-00:00,"7.96,8,8,7.95,2756370"
2025-10-20T10:50:00.000-00:00,"8,8.06,8.06,7.99,2287647"
2025-10-20T10:55:00.000-00:00,"8.05,8.01,8.06,8.01,1629706"
2025-10-20T11:00:00.000-00:00,"8.04,8.05,8.1,8.03,2641168"
2025-10-20T11:05:00.000-00:00,"8.05,8.02,8.05,8.02,484989"
2025-10-20T11:10:00.000-00:00,"8.03,8.06,8.06,8.02,241995"
2025-10-20T11:25:00.000-00:00,"8.03,8.03,8.03,8.03,2748646"
2025-10-21T07:00:00.000-00:00,"8.01,8.03,8.04,8.01,63324"
2025-10-21T07:05:00.000-00:00,"8.02,8.03,8.04,8,275130"
2025-10-21T07:10:00.000-00:00,"8.01,7.99,8.03,7.99,604155"
2025-10-21T07:15:00.000-00:00,"7.97,7.97,7.97,7.94,114737"
2025-10-21T07:20:00.000-00:00,"7.97,8,8,7.96,112634"
2025-10-21T07:25:00.000-00:00,"8,8,8,7.98,6887"
2025-10-21T07:30:00.000-00:00,"7.98,8,8,7.98,230376"
2025-10-21T07:35:00.000-00:00,"8,8.01,8.01,8,97193"
2025-10-21T07:40:00.000-00:00,"8,7.99,8.02,7.99,117600"
2025-10-21T07:45:00.000-00:00,"7.98,7.96,7.99,7.96,154976"
2025-10-21T07:50:00.000-00:00,"7.97,7.96,7.98,7.95,209472"
2025-10-21T07:55:00.000-00:00,"7.97,7.98,7.98,7.96,52750"
2025-10-21T08:00:00.000-00:00,"7.96,7.96,7.99,7.96,125468"
2025-10-21T08:05:00.000-00:00,"7.97,7.98,7.98,7.96,116404"
2025-10-21T08:10:00.000-00:00,"7.98,7.98,7.98,7.96,133168"
2025-10-21T08:15:00.000-00:00,"7.98,7.98,7.98,7.96,167619"
2025-10-21T08:20:00.000-00:00,"7.98,7.98,8,7.95,1599867"
2025-10-21T08:25:00.000-00:00,"7.96,7.92,7.96,7.9,1708009"
2025-10-21T08:30:00.000-00:00,"7.92,7.95,7.95,7.9,451910"
2025-10-21T08:35:00.000-00:00,"7.95,7.93,7.95,7.93,115668"
2025-10-21T08:40:00.000-00:00,"7.93,7.95,7.98,7.93,195608"
2025-10-21T08:45:00.000-00:00,"7.97,7.97,7.99,7.96,80825"
2025-10-21T08:50:00.000-00:00,"7.99,7.97,7.99,7.95,168385"
2025-10-21T08:55:00.000-00:00,"7.97,8,8,7.97,195620"
2025-10-21T09:00:00.000-00:00,"8,8,8.01,7.98,312342"
2025-10-21T09:05:00.000-00:00,"8,8.02,8.02,7.99,160070"
2025-10-21T09:10:00.000-00:00,"8.02,8,8.02,8,79694"
2025-10-21T09:15:00.000-00:00,"8,8,8.02,8,61275"
2025-10-21T09:20:00.000-00:00,"8.02,8.03,8.04,8.01,83750"
2025-10-21T09:25:00.000-00:00,"8.03,8.06,8.1,8.03,1521039"
2025-10-21T09:30:00.000-00:00,"8.06,8.07,8.1,8.04,400812"
2025-10-21T09:35:00.000-00:00,"8.06,8.08,8.08,8.06,200805"
2025-10-21T09:40:00.000-00:00,"8.08,8.08,8.09,8.05,622607"
2025-10-21T09:45:00.000-00:00,"8.09,8.04,8.1,8.04,817456"
2025-10-21T09:50:00.000-00:00,"8.04,8.03,8.04,8.03,56906"
2025-10-21T09:55:00.000-00:00,"8.03,8.04,8.05,8.03,126185"
2025-10-21T10:00:00.000-00:00,"8.04,8.04,8.05,8.04,193292"
2025-10-21T10:05:00.000-00:00,"8.05,8.04,8.05,8.04,113700"
2025-10-21T10:10:00.000-00:00,"8.04,8.08,8.1,8.04,872786"
2025-10-21T10:15:00.000-00:00,"8.08,8.06,8.08,8.06,120364"
2025-10-21T10:20:00.000-00:00,"8.06,8.07,8.07,8.03,263360"
2025-10-21T10:25:00.000-00:00,"8.07,8.1,8.1,8.04,759500"
2025-10-21T10:30:00.000-00:00,"8.09,8.1,8.1,8.08,951142"
2025-10-21T10:35:00.000-00:00,"8.1,8.09,8.1,8.09,869500"
2025-10-21T10:40:00.000-00:00,"8.09,8.1,8.1,8.08,408921"
2025-10-21T10:45:00.000-00:00,"8.1,8.13,8.13,8.1,642357"
2025-10-21T10:50:00.000-00:00,"8.12,8.1,8.14,8.09,739980"
2025-10-21T10:55:00.000-00:00,"8.1,8.1,8.1,8.08,349091"
2025-10-21T11:00:00.000-00:00,"8.08,8.06,8.1,8.05,563546"
2025-10-21T11:05:00.000-00:00,"8.07,8.05,8.08,8.04,699591"
2025-10-21T11:10:00.000-00:00,"8.05,8.01,8.07,8.01,1024718"
2025-10-21T11:25:00.000-00:00,"8.01,8.01,8.01,8.01,1443021"
2025-10-22T07:00:00.000-00:00,"8,8.04,8.05,8,49260"
2025-10-22T07:05:00.000-00:00,"8.04,8.01,8.05,8,25905"
2025-10-22T07:10:00.000-00:00,"8.01,8.03,8.03,8,29397"
2025-10-22T07:15:00.000-00:00,"8.03,8.01,8.05,8.01,36843"
2025-10-22T07:20:00.000-00:00,"8.04,8,8.04,8,79073"
2025-10-22T07:25:00.000-00:00,"7.99,8,8,7.98,11515"
2025-10-22T07:30:00.000-00:00,"8,8,8,7.99,43763"
2025-10-22T07:35:00.000-00:00,"8,8,8,8,10275"
2025-10-22T07:40:00.000-00:00,"8,7.99,8,7.99,57801"
2025-10-22T07:45:00.000-00:00,"7.99,7.99,7.99,7.97,43112"
2025-10-22T07:50:00.000-00:00,"7.98,7.99,7.99,7.95,162265"
2025-10-22T07:55:00.000-00:00,"7.97,7.98,7.99,7.97,10605"
2025-10-22T08:00:00.000-00:00,"7.98,8,8.02,7.98,47741"
2025-10-22T08:05:00.000-00:00,"8.02,8.02,8.02,8,59826"
2025-10-22T08:10:00.000-00:00,"8,7.99,8.02,7.98,6249"
2025-10-22T08:15:00.000-00:00,"8,8,8,7.99,24363"
2025-10-22T08:20:00.000-00:00,"8,7.97,8,7.97,83677"
2025-10-22T08:25:00.000-00:00,"7.97,7.97,7.99,7.97,25016"
2025-10-22T08:30:00.000-00:00,"7.97,7.96,7.97,7.96,76399"
2025-10-22T08:35:00.000-00:00,"7.97,7.97,7.97,7.96,18174"
2025-10-22T08:40:00.000-00:00,"7.97,7.98,7.98,7.97,39241"
2025-10-22T08:45:00.000-00:00,"7.99,7.99,7.99,7.99,2550"
2025-10-22T08:50:00.000-00:00,"7.97,7.98,7.99,7.97,2012"
2025-10-22T08:55:00.000-00:00,"7.98,8,8,7.98,55613"
2025-10-22T09:00:00.000-00:00,"8,7.99,8,7.99,74258"
2025-10-22T09:05:00.000-00:00,"7.99,8,8,7.98,5154"
2025-10-22T09:10:00.000-00:00,"7.99,7.99,7.99,7.98,7138"
2025-10-22T09:15:00.000-00:00,"7.99,8.01,8.01,7.99,139692"
2025-10-22T09:20:00.000-00:00,"8.01,8.01,8.02,8,18186"
2025-10-22T09:25:00.000-00:00,"8,8,8,8,77529"
2025-10-22T09:30:00.000-00:00,"8,7.99,8,7.99,44915"
2025-10-22T09:35:00.000-00:00,"8,8,8,7.99,6870"
2025-10-22T09:40:00.000-00:00,"8,8,8,8,2000"
2025-10-22T09:45:00.000-00:00,"7.99,7.98,7.99,7.98,105377"
2025-10-22T09:50:00.000-00:00,"7.98,7.97,7.98,7.97,133746"
2025-10-22T09:55:00.000-00:00,"8,7.99,8,7.96,52173"
2025-10-22T10:00:00.000-00:00,"7.99,7.96,7.99,7.96,273"
2025-10-22T10:05:00.000-00:00,"7.96,7.96,7.97,7.96,2666"
2025-10-22T10:10:00.000-00:00,"7.97,7.97,7.98,7.96,45339"
2025-10-22T10:15:00.000-00:00,"7.97,7.97,7.97,7.96,12300"
2025-10-22T10:20:00.000-00:00,"7.97,7.98,7.98,7.97,11538"
2025-10-22T10:25:00.000-00:00,"7.97,7.96,7.98,7.96,42291"
2025-10-22T10:30:00.000-00:00,"7.97,7.96,7.97,7.95,155480"
2025-10-22T10:35:00.000-00:00,"7.96,7.95,7.96,7.94,99317"
2025-10-22T10:40:00.000-00:00,"7.94,7.94,7.96,7.94,56024"
2025-10-22T10:45:00.000-00:00,"7.94,7.94,7.94,7.94,100296"
2025-10-22T10:50:00.000-00:00,"7.94,7.94,7.94,7.93,193011"
2025-10-22T10:55:00.000-00:00,"7.93,7.93,7.95,7.93,135539"
2025-10-22T11:00:00.000-00:00,"7.93,7.94,7.95,7.93,313296"
2025-10-22T11:05:00.000-00:00,"7.95,7.98,7.98,7.95,534308"
2025-10-22T11:10:00.000-00:00,"7.98,7.98,7.99,7.97,418426"
2025-10-22T11:25:00.000-00:00,"7.97,7.97,7.97,7.97,92832"
2025-10-23T07:00:00.000-00:00,"8,7.99,8,7.92,18572"
2025-10-23T07:05:00.000-00:00,"7.97,7.98,7.98,7.94,6021"
2025-10-23T07:10:00.000-00:00,"7.95,7.94,7.95,7.93,66289"
2025-10-23T07:15:00.000-00:00,"7.94,7.94,7.96,7.94,13542"
2025-10-23T07:20:00.000-00:00,"7.94,7.94,7.95,7.94,41279"
2025-10-23T07:25:00.000-00:00,"7.94,7.92,7.94,7.92,216501"
2025-10-23T07:30:00.000-00:00,"7.92,7.94,7.95,7.92,21938"
2025-10-23T07:35:00.000-00:00,"7.94,7.93,7.95,7.93,19217"
2025-10-23T07:40:00.000-00:00,"7.95,7.96,7.96,7.94,56905"
2025-10-23T07:45:00.000-00:00,"7.95,7.96,7.96,7.93,164387"
2025-10-23T07:50:00.000-00:00,"7.93,7.96,7.96,7.93,983"
2025-10-23T07:55:00.000-00:00,"7.93,7.96,7.96,7.93,12483"
2025-10-23T08:00:00.000-00:00,"7.96,7.93,7.96,7.93,60020"
2025-10-23T08:05:00.000-00:00,"7.95,7.96,7.96,7.92,31943"
2025-10-23T08:10:00.000-00:00,"7.93,7.93,7.93,7.93,400"
2025-10-23T08:15:00.000-00:00,"7.93,7.93,7.93,7.93,4250"
2025-10-23T08:20:00.000-00:00,"7.94,7.93,7.94,7.93,33050"
2025-10-23T08:25:00.000-00:00,"7.94,7.94,7.94,7.92,70868"
2025-10-23T08:30:00.000-00:00,"7.93,7.92,7.94,7.92,3796"
2025-10-23T08:35:00.000-00:00,"7.94,7.93,7.94,7.92,29862"
2025-10-23T08:40:00.000-00:00,"7.94,7.95,7.95,7.94,30938"
2025-10-23T08:45:00.000-00:00,"7.94,7.94,7.94,7.94,1118"
2025-10-23T08:50:00.000-00:00,"7.95,7.95,7.95,7.94,9786"
2025-10-23T08:55:00.000-00:00,"7.94,7.95,7.95,7.94,76565"
2025-10-23T09:00:00.000-00:00,"7.95,7.94,7.95,7.94,15367"
2025-10-23T09:05:00.000-00:00,"7.94,7.97,7.97,7.94,29376"
2025-10-23T09:10:00.000-00:00,"7.94,7.97,7.97,7.94,234"
2025-10-23T09:15:00.000-00:00,"7.97,7.94,7.97,7.94,141944"
2025-10-23T09:20:00.000-00:00,"7.94,7.94,7.94,7.94,120430"
2025-10-23T09:25:00.000-00:00,"7.96,7.94,7.96,7.94,1332"
2025-10-23T09:30:00.000-00:00,"7.94,7.94,7.94,7.94,32535"
2025-10-23T09:35:00.000-00:00,"7.96,7.95,7.96,7.94,2598"
2025-10-23T09:40:00.000-00:00,"7.96,7.98,7.98,7.95,54065"
2025-10-23T09:45:00.000-00:00,"7.98,7.96,7.98,7.95,63682"
2025-10-23T09:50:00.000-00:00,"7.95,7.94,7.95,7.93,247587"
2025-10-23T09:55:00.000-00:00,"7.94,7.94,7.94,7.93,60447"
2025-10-23T10:00:00.000-00:00,"7.96,7.94,7.96,7.94,2964"
2025-10-23T10:05:00.000-00:00,"7.95,7.94,7.95,7.94,4025"
2025-10-23T10:10:00.000-00:00,"7.95,7.94,7.95,7.93,64019"
2025-10-23T10:15:00.000-00:00,"7.95,7.94,7.95,7.93,15803"
2025-10-23T10:20:00.000-00:00,"7.94,7.95,7.96,7.93,123134"
2025-10-23T10:25:00.000-00:00,"7.95,7.95,7.96,7.93,166866"
2025-10-23T10:30:00.000-00:00,"7.96,7.95,7.96,7.95,39710"
2025-10-23T10:35:00.000-00:00,"7.95,7.95,7.96,7.94,90579"
2025-10-23T10:40:00.000-00:00,"7.94,7.93,7.95,7.93,135339"
2025-10-23T10:45:00.000-00:00,"7.95,7.93,7.95,7.93,158432"
2025-10-23T10:50:00.000-00:00,"7.93,7.86,7.94,7.86,713434"
2025-10-23T10:55:00.000-00:00,"7.92,7.9,7.93,7.9,45029"
2025-10-23T11:00:00.000-00:00,"7.92,7.9,7.93,7.9,161689"
2025-10-23T11:05:00.000-00:00,"7.9,7.9,7.93,7.9,75436"
2025-10-23T11:10:00.000-00:00,"7.9,7.92,7.93,7.9,99570"
2025-10-23T11:25:00.000-00:00,"7.93,7.93,7.93,7.93,425082"
2025-10-26T07:00:00.000-00:00,"7.91,7.91,7.95,7.91,22620"
2025-10-26T07:05:00.000-00:00,"7.94,7.91,7.94,7.9,198836"
2025-10-26T07:10:00.000-00:00,"7.91,7.91,7.91,7.9,68667"
2025-10-26T07:15:00.000-00:00,"7.91,7.9,7.91,7.89,30423"
2025-10-26T07:20:00.000-00:00,"7.89,7.9,7.9,7.89,95165"
2025-10-26T07:25:00.000-00:00,"7.92,7.9,7.92,7.9,94940"
2025-10-26T07:30:00.000-00:00,"7.9,7.92,7.92,7.89,110198"
2025-10-26T07:35:00.000-00:00,"7.94,7.94,7.98,7.94,419746"
2025-10-26T07:40:00.000-00:00,"7.95,7.97,7.97,7.95,3361"
2025-10-26T07:45:00.000-00:00,"7.95,7.96,7.96,7.93,107563"
2025-10-26T07:50:00.000-00:00,"7.95,7.96,7.96,7.94,7060"
2025-10-26T07:55:00.000-00:00,"7.94,7.96,7.96,7.93,93183"
2025-10-26T08:00:00.000-00:00,"7.94,7.93,7.96,7.93,12588"
2025-10-26T08:05:00.000-00:00,"7.94,7.94,7.94,7.93,51984"
2025-10-26T08:10:00.000-00:00,"7.94,7.96,7.96,7.94,156324"
2025-10-26T08:15:00.000-00:00,"7.96,7.95,7.96,7.94,13408"
2025-10-26T08:20:00.000-00:00,"7.96,7.95,7.96,7.95,35410"
2025-10-26T08:25:00.000-00:00,"7.94,7.94,7.96,7.93,130795"
2025-10-26T08:30:00.000-00:00,"7.96,7.96,7.97,7.96,173828"
2025-10-26T08:35:00.000-00:00,"7.95,8.01,8.02,7.95,610012"
2025-10-26T08:40:00.000-00:00,"8.02,8.02,8.03,7.98,444911"
2025-10-26T08:45:00.000-00:00,"8.02,8.08,8.09,8.01,705525"
2025-10-26T08:50:00.000-00:00,"8.08,8.08,8.1,8.05,837332"
2025-10-26T08:55:00.000-00:00,"8.06,8.06,8.06,8.01,462539"
2025-10-26T09:00:00.000-00:00,"8.06,8.02,8.06,8.02,86534"
2025-10-26T09:05:00.000-00:00,"8.02,8.03,8.03,8.02,48627"
2025-10-26T09:10:00.000-00:00,"8.03,8.05,8.06,8.03,407103"
2025-10-26T09:15:00.000-00:00,"8.05,8.04,8.05,8.02,45404"
2025-10-26T09:20:00.000-00:00,"8.02,8.04,8.05,8.02,64279"
2025-10-26T09:25:00.000-00:00,"8.03,8.05,8.07,8.03,163633"
2025-10-26T09:30:00.000-00:00,"8.03,8.03,8.05,8.03,70794"
2025-10-26T09:35:00.000-00:00,"8.03,8.03,8.04,8.03,83732"
2025-10-26T09:40:00.000-00:00,"8.03,8.02,8.04,8.02,100435"
2025-10-26T09:45:00.000-00:00,"8.02,8.02,8.02,8,534080"
2025-10-26T09:50:00.000-00:00,"8.01,8.02,8.04,8.01,16098"
2025-10-26T09:55:00.000-00:00,"8.02,8.02,8.04,8.02,72070"
2025-10-26T10:00:00.000-00:00,"8.02,8.03,8.04,8.01,24415"
2025-10-26T10:05:00.000-00:00,"8.03,8.01,8.04,8,119534"
2025-10-26T10:10:00.000-00:00,"8.01,8.04,8.04,8,50393"
2025-10-26T10:15:00.000-00:00,"8.01,8.03,8.03,8.01,74104"
2025-10-26T10:20:00.000-00:00,"8.02,8.02,8.03,8.02,80866"
2025-10-26T10:25:00.000-00:00,"8.02,8.02,8.02,8.01,38713"
2025-10-26T10:30:00.000-00:00,"8.02,8.03,8.03,8.01,25142"
2025-10-26T10:35:00.000-00:00,"8.02,8.02,8.02,8.02,40237"
2025-10-26T10:40:00.000-00:00,"8.02,8.02,8.03,8.02,155651"
2025-10-26T10:45:00.000-00:00,"8.02,8.01,8.03,8.01,32940"
2025-10-26T10:50:00.000-00:00,"8.02,8,8.02,8,442819"
2025-10-26T10:55:00.000-00:00,"8.01,8.01,8.02,8,202652"
2025-10-26T11:00:00.000-00:00,"8.01,8.02,8.03,8.01,144248"
2025-10-26T11:05:00.000-00:00,"8.02,8.02,8.03,8.01,428796"
2025-10-26T11:10:00.000-00:00,"8.02,8.04,8.05,8.01,412995"
2025-10-26T11:25:00.000-00:00,"8.07,8.07,8.07,8.07,1486979"
2025-10-27T07:00:00.000-00:00,"8.1,8.1,8.13,8.07,531561"
2025-10-27T07:05:00.000-00:00,"8.11,8.13,8.15,8.11,589162"
2025-10-27T07:10:00.000-00:00,"8.13,8.1,8.13,8.1,571094"
2025-10-27T07:15:00.000-00:00,"8.1,8.06,8.1,8.05,661944"
2025-10-27T07:20:00.000-00:00,"8.06,8.05,8.09,8.04,462812"
2025-10-27T07:25:00.000-00:00,"8.05,8.09,8.09,8.05,364788"
2025-10-27T07:30:00.000-00:00,"8.09,8.1,8.1,8.08,212026"
2025-10-27T07:35:00.000-00:00,"8.1,8.12,8.13,8.09,504977"
2025-10-27T07:40:00.000-00:00,"8.12,8.1,8.13,8.1,352791"
2025-10-27T07:45:00.000-00:00,"8.1,8.11,8.11,8.09,59506"
2025-10-27T07:50:00.000-00:00,"8.11,8.1,8.11,8.1,66435"
2025-10-27T07:55:00.000-00:00,"8.11,8.1,8.11,8.1,129080"
2025-10-27T08:00:00.000-00:00,"8.1,8.1,8.1,8.09,55446"
2025-10-27T08:05:00.000-00:00,"8.09,8.08,8.1,8.07,225201"
2025-10-27T08:10:00.000-00:00,"8.08,8.08,8.08,8.07,31311"
2025-10-27T08:15:00.000-00:00,"8.08,8.05,8.08,8.04,776696"
2025-10-27T08:20:00.000-00:00,"8.06,8.05,8.08,8.05,45519"
2025-10-27T08:25:00.000-00:00,"8.04,8.07,8.07,8.04,109482"
2025-10-27T08:30:00.000-00:00,"8.07,8.05,8.07,8.05,8058"
2025-10-27T08:35:00.000-00:00,"8.06,8.05,8.06,8.05,258200"
2025-10-27T08:40:00.000-00:00,"8.05,8.06,8.06,8.05,187842"
2025-10-27T08:45:00.000-00:00,"8.06,8.06,8.07,8.05,98323"
2025-10-27T08:50:00.000-00:00,"8.06,8.08,8.08,8.06,221347"
2025-10-27T08:55:00.000-00:00,"8.09,8.08,8.09,8.08,88476"
2025-10-27T09:00:00.000-00:00,"8.08,8.09,8.09,8.08,180593"
2025-10-27T09:05:00.000-00:00,"8.09,8.09,8.1,8.08,305312"
2025-10-27T09:10:00.000-00:00,"8.1,8.08,8.1,8.08,136938"
2025-10-27T09:15:00.000-00:00,"8.08,8.08,8.09,8.07,260687"
2025-10-27T09:20:00.000-00:00,"8.08,8.09,8.09,8.06,263395"
2025-10-27T09:25:00.000-00:00,"8.08,8.1,8.1,8.08,176867"
2025-10-27T09:30:00.000-00:00,"8.1,8.09,8.1,8.08,144179"
2025-10-27T09:35:00.000-00:00,"8.09,8.08,8.09,8.08,17565"
2025-10-27T09:40:00.000-00:00,"8.09,8.08,8.09,8.08,126853"
2025-10-27T09:45:00.000-00:00,"8.08,8.08,8.1,8.08,336600"
2025-10-27T09:50:00.000-00:00,"8.07,8.09,8.09,8.07,26004"
2025-10-27T09:55:00.000-00:00,"8.08,8.08,8.09,8.08,13500"
2025-10-27T10:00:00.000-00:00,"8.08,8.06,8.09,8.06,189000"
2025-10-27T10:05:00.000-00:00,"8.06,8.08,8.08,8.06,147031"
2025-10-27T10:10:00.000-00:00,"8.08,8.07,8.08,8.07,679960"
2025-10-27T10:15:00.000-00:00,"8.07,8.07,8.08,8.06,224687"
2025-10-27T10:20:00.000-00:00,"8.08,8.1,8.11,8.08,1166463"
2025-10-27T10:25:00.000-00:00,"8.1,8.08,8.1,8.08,19001"
2025-10-27T10:30:00.000-00:00,"8.08,8.07,8.08,8.06,38743"
2025-10-27T10:35:00.000-00:00,"8.06,8.06,8.07,8.05,741181"
2025-10-27T10:40:00.000-00:00,"8.07,8.06,8.07,8.06,149004"
2025-10-27T10:45:00.000-00:00,"8.06,8.07,8.07,8.05,82976"
2025-10-27T10:50:00.000-00:00,"8.06,8.05,8.07,8.05,334804"
2025-10-27T10:55:00.000-00:00,"8.06,8.07,8.07,8.05,155756"
2025-10-27T11:00:00.000-00:00,"8.07,8.03,8.07,8.03,289672"
2025-10-27T11:05:00.000-00:00,"8.05,8,8.05,8,984959"
2025-10-27T11:10:00.000-00:00,"8.02,8.02,8.04,8.01,839130"
2025-10-27T11:25:00.000-00:00,"8.01,8.01,8.01,8.01,574388"
2025-10-28T07:00:00.000-00:00,"8.01,8.01,8.05,8.01,127943"
2025-10-28T07:05:00.000-00:00,"8,8.02,8.02,7.98,54473"
2025-10-28T07:10:00.000-00:00,"8.02,8.03,8.03,8.01,109899"
2025-10-28T07:15:00.000-00:00,"8.04,8.04,8.04,8.03,51092"
2025-10-28T07:20:00.000-00:00,"8.04,8.05,8.05,8.04,69426"
2025-10-28T07:25:00.000-00:00,"8.04,8.06,8.06,8.04,89204"
2025-10-28T07:30:00.000-00:00,"8.06,8.08,8.08,8.06,103084"
2025-10-28T07:35:00.000-00:00,"8.06,8.05,8.06,8.05,166779"
2025-10-28T07:40:00.000-00:00,"8.05,8.05,8.06,8.04,51037"
2025-10-28T07:45:00.000-00:00,"8.05,8.07,8.07,8.05,79166"
2025-10-28T07:50:00.000-00:00,"8.08,8.08,8.08,8.06,62684"
2025-10-28T07:55:00.000-00:00,"8.08,8.07,8.08,8.07,53367"
2025-10-28T08:00:00.000-00:00,"8.07,8.07,8.08,8.07,105186"
2025-10-28T08:05:00.000-00:00,"8.08,8.09,8.09,8.08,154564"
2025-10-28T08:10:00.000-00:00,"8.09,8.09,8.1,8.09,28479"
2025-10-28T08:15:00.000-00:00,"8.09,8.09,8.1,8.09,179533"
2025-10-28T08:20:00.000-00:00,"8.09,8.08,8.09,8.08,62508"
2025-10-28T08:25:00.000-00:00,"8.09,8.09,8.1,8.08,428008"
2025-10-28T08:30:00.000-00:00,"8.09,8.09,8.1,8.09,64693"
2025-10-28T08:35:00.000-00:00,"8.1,8.09,8.1,8.08,123371"
2025-10-28T08:40:00.000-00:00,"8.09,8.08,8.09,8.07,68461"
2025-10-28T08:45:00.000-00:00,"8.08,8.08,8.08,8.07,115497"
2025-10-28T08:50:00.000-00:00,"8.06,8.08,8.08,8.06,82620"
2025-10-28T08:55:00.000-00:00,"8.07,8.06,8.07,8.06,26680"
2025-10-28T09:00:00.000-00:00,"8.07,8.06,8.07,8.06,125367"
2025-10-28T09:05:00.000-00:00,"8.06,8.07,8.07,8.05,59696"
2025-10-28T09:10:00.000-00:00,"8.08,8.08,8.08,8.07,61835"
2025-10-28T09:15:00.000-00:00,"8.08,8.07,8.09,8.07,67573"
2025-10-28T09:20:00.000-00:00,"8.07,8.03,8.08,8.03,244667"
2025-10-28T09:25:00.000-00:00,"8.06,8,8.07,8,556603"
2025-10-28T09:30:00.000-00:00,"8,8,8.05,7.99,283572"
2025-10-28T09:35:00.000-00:00,"8,8.01,8.03,8,89721"
2025-10-28T09:40:00.000-00:00,"8.02,8,8.04,8,175840"
2025-10-28T09:45:00.000-00:00,"8,8,8.02,7.99,136891"
2025-10-28T09:50:00.000-00:00,"7.99,8,8,7.98,107661"
2025-10-28T09:55:00.000-00:00,"7.99,7.99,8,7.99,188470"
2025-10-28T10:00:00.000-00:00,"7.99,8,8,7.97,214461"
2025-10-28T10:05:00.000-00:00,"8,8.02,8.02,8,336629"
2025-10-28T10:10:00.000-00:00,"8,8,8,7.99,65408"
2025-10-28T10:15:00.000-00:00,"8,7.99,8,7.99,79288"
2025-10-28T10:20:00.000-00:00,"8,7.99,8,7.99,102697"
2025-10-28T10:25:00.000-00:00,"7.99,7.98,7.99,7.98,101838"
2025-10-28T10:30:00.000-00:00,"7.98,7.99,7.99,7.98,110162"
2025-10-28T10:35:00.000-00:00,"8,7.98,8,7.98,121004"
2025-10-28T10:40:00.000-00:00,"7.98,8,8,7.98,269681"
2025-10-28T10:45:00.000-00:00,"8,7.98,8,7.97,224853"
2025-10-28T10:50:00.000-00:00,"7.99,7.99,7.99,7.98,97173"
2025-10-28T10:55:00.000-00:00,"7.99,8,8,7.98,83137"
2025-10-28T11:00:00.000-00:00,"7.99,7.98,8,7.98,74120"
2025-10-28T11:05:00.000-00:00,"7.98,8,8,7.98,336769"
2025-10-28T11:10:00.000-00:00,"8,7.99,8,7.98,259678"
2025-10-28T11:25:00.000-00:00,"8,8,8,8,587859"
2025-10-29T07:00:00.000-00:00,"8.01,8.04,8.04,8,13452"
2025-10-29T07:05:00.000-00:00,"8.04,8,8.04,7.98,27087"
2025-10-29T07:10:00.000-00:00,"8.02,8.01,8.02,7.98,42996"
2025-10-29T07:15:00.000-00:00,"8.01,7.99,8.02,7.99,29296"
2025-10-29T07:20:00.000-00:00,"7.99,8,8,7.99,18514"
2025-10-29T07:25:00.000-00:00,"7.99,7.99,7.99,7.97,76063"
2025-10-29T07:30:00.000-00:00,"7.99,7.98,8,7.98,13996"
2025-10-29T07:35:00.000-00:00,"7.98,7.97,7.98,7.97,5791"
2025-10-29T07:40:00.000-00:00,"7.97,7.98,7.98,7.97,13020"
2025-10-29T07:45:00.000-00:00,"7.97,7.99,7.99,7.97,3662"
2025-10-29T07:50:00.000-00:00,"7.99,8,8,7.97,3123"
2025-10-29T07:55:00.000-00:00,"7.99,7.99,7.99,7.97,19259"
2025-10-29T08:00:00.000-00:00,"7.99,8,8,7.99,5626"
2025-10-29T08:05:00.000-00:00,"7.98,8,8,7.98,214193"
2025-10-29T08:10:00.000-00:00,"8.01,8.01,8.01,8.01,4445"
2025-10-29T08:15:00.000-00:00,"8.02,8.02,8.02,8.02,36996"
2025-10-29T08:20:00.000-00:00,"8.02,8.02,8.03,8.02,2026"
2025-10-29T08:25:00.000-00:00,"8.02,8,8.02,8,30066"
2025-10-29T08:30:00.000-00:00,"8,8,8.01,8,65466"
2025-10-29T08:35:00.000-00:00,"8,7.99,8.01,7.99,23255"
2025-10-29T08:40:00.000-00:00,"7.99,8,8,7.99,22368"
2025-10-29T08:45:00.000-00:00,"8,7.99,8,7.99,6915"
2025-10-29T08:50:00.000-00:00,"7.99,7.98,8,7.97,221011"
2025-10-29T08:55:00.000-00:00,"7.97,7.99,7.99,7.94,97415"
2025-10-29T09:00:00.000-00:00,"7.99,7.94,7.99,7.94,94060"
2025-10-29T09:05:00.000-00:00,"7.94,7.95,7.99,7.93,30187"
2025-10-29T09:10:00.000-00:00,"7.96,7.96,7.99,7.95,45327"
2025-10-29T09:15:00.000-00:00,"7.96,7.95,7.96,7.93,62004"
2025-10-29T09:20:00.000-00:00,"7.95,7.95,7.95,7.9,509938"
2025-10-29T09:25:00.000-00:00,"7.91,7.91,7.95,7.91,2138"
2025-10-29T09:30:00.000-00:00,"7.93,7.93,7.93,7.91,78689"
2025-10-29T09:35:00.000-00:00,"7.92,7.93,7.93,7.91,9953"
2025-10-29T09:40:00.000-00:00,"7.93,7.95,7.95,7.93,16079"
2025-10-29T09:45:00.000-00:00,"7.95,7.94,7.95,7.93,157402"
2025-10-29T09:50:00.000-00:00,"7.94,7.94,7.95,7.94,35293"
2025-10-29T09:55:00.000-00:00,"7.95,7.95,7.95,7.95,25005"
2025-10-29T10:00:00.000-00:00,"7.95,7.97,7.97,7.94,29825"
2025-10-29T10:05:00.000-00:00,"7.97,8,8,7.97,351957"
2025-10-29T10:10:00.000-00:00,"8,8,8,8,185974"
2025-10-29T10:15:00.000-00:00,"8,7.99,8,7.99,62026"
2025-10-29T10:20:00.000-00:00,"8,7.98,8,7.98,133749"
2025-10-29T10:25:00.000-00:00,"7.98,8,8,7.97,140958"
2025-10-29T10:30:00.000-00:00,"8,8,8,7.96,215500"
2025-10-29T10:35:00.000-00:00,"8.01,8,8.01,8,72894"
2025-10-29T10:40:00.000-00:00,"8,8.01,8.02,8,94961"
2025-10-29T10:45:00.000-00:00,"8.02,8,8.02,8,190684"
2025-10-29T10:50:00.000-00:00,"8,7.97,8,7.97,330657"
2025-10-29T10:55:00.000-00:00,"7.97,7.96,7.97,7.95,420710"
2025-10-29T11:00:00.000-00:00,"7.97,8,8,7.97,332594"
2025-10-29T11:05:00.000-00:00,"7.98,7.98,8,7.97,52181"
2025-10-29T11:10:00.000-00:00,"7.97,7.97,7.98,7.96,38063"
2025-10-29T11:25:00.000-00:00,"8,8,8,8,468867"
2025-10-30T07:00:00.000-00:00,"8,7.98,8.04,7.98,103289"
2025-10-30T07:05:00.000-00:00,"8,8,8,7.98,17047"
2025-10-30T07:10:00.000-00:00,"7.99,8,8,7.98,75716"
2025-10-30T07:15:00.000-00:00,"7.99,7.98,8,7.98,33063"
2025-10-30T07:20:00.000-00:00,"7.98,7.97,7.98,7.97,3378"
2025-10-30T07:25:00.000-00:00,"7.98,8,8,7.98,2528"
2025-10-30T07:30:00.000-00:00,"8,8,8,7.98,36174"
2025-10-30T07:35:00.000-00:00,"7.99,8,8,7.99,132827"
2025-10-30T07:40:00.000-00:00,"7.99,8,8,7.99,2153"
2025-10-30T07:45:00.000-00:00,"7.99,7.99,8,7.99,67017"
2025-10-30T07:50:00.000-00:00,"8,8,8,8,100000"
2025-10-30T07:55:00.000-00:00,"8,7.99,8,7.99,19923"
2025-10-30T08:00:00.000-00:00,"8,8,8,8,117343"
2025-10-30T08:05:00.000-00:00,"8,7.99,8,7.99,48248"
2025-10-30T08:10:00.000-00:00,"8,8,8,7.99,36192"
2025-10-30T08:15:00.000-00:00,"7.99,8,8,7.99,46097"
2025-10-30T08:20:00.000-00:00,"7.99,7.98,8,7.98,45385"
2025-10-30T08:25:00.000-00:00,"8,8,8.01,7.98,224353"
2025-10-30T08:30:00.000-00:00,"8,7.99,8,7.99,178528"
2025-10-30T08:35:00.000-00:00,"7.99,8,8,7.99,25155"
2025-10-30T08:40:00.000-00:00,"8,8,8,7.99,7426"
2025-10-30T08:45:00.000-00:00,"8,8,8,8,188527"
2025-10-30T08:50:00.000-00:00,"8,8,8,7.99,115163"
2025-10-30T08:55:00.000-00:00,"7.99,8,8,7.99,23790"
2025-10-30T09:00:00.000-00:00,"7.99,7.99,7.99,7.95,462334"
2025-10-30T09:05:00.000-00:00,"7.99,7.98,7.99,7.97,30244"
2025-10-30T09:10:00.000-00:00,"7.98,7.99,7.99,7.98,135848"
2025-10-30T09:15:00.000-00:00,"7.98,7.97,7.98,7.97,65721"
2025-10-30T09:20:00.000-00:00,"7.98,7.9,7.98,7.9,1150077"
2025-10-30T09:25:00.000-00:00,"7.9,7.9,7.95,7.88,1262224"
2025-10-30T09:30:00.000-00:00,"7.9,7.85,7.9,7.85,1378739"
2025-10-30T09:35:00.000-00:00,"7.85,7.88,7.89,7.84,769350"
2025-10-30T09:40:00.000-00:00,"7.88,7.89,7.9,7.87,311469"
2025-10-30T09:45:00.000-00:00,"7.89,7.89,7.9,7.88,145690"
2025-10-30T09:50:00.000-00:00,"7.89,7.88,7.9,7.88,106752"
2025-10-30T09:55:00.000-00:00,"7.88,7.89,7.9,7.88,270113"
2025-10-30T10:00:00.000-00:00,"7.88,7.89,7.9,7.87,338152"
2025-10-30T10:05:00.000-00:00,"7.9,7.9,7.91,7.89,713475"
2025-10-30T10:10:00.000-00:00,"7.9,7.89,7.9,7.89,68722"
2025-10-30T10:15:00.000-00:00,"7.89,7.9,7.9,7.89,179182"
2025-10-30T10:20:00.000-00:00,"7.9,7.88,7.9,7.88,178751"
2025-10-30T10:25:00.000-00:00,"7.9,7.85,7.9,7.84,1271113"
2025-10-30T10:30:00.000-00:00,"7.85,7.85,7.88,7.83,531317"
2025-10-30T10:35:00.000-00:00,"7.85,7.87,7.87,7.85,52630"
2025-10-30T10:40:00.000-00:00,"7.88,7.87,7.88,7.87,36469"
2025-10-30T10:45:00.000-00:00,"7.87,7.83,7.89,7.83,582793"
2025-10-30T10:50:00.000-00:00,"7.87,7.86,7.87,7.83,56672"
2025-10-30T10:55:00.000-00:00,"7.86,7.88,7.89,7.85,207471"
2025-10-30T11:00:00.000-00:00,"7.88,7.89,7.89,7.86,72307"
2025-10-30T11:05:00.000-00:00,"7.89,7.87,7.9,7.87,145969"
2025-10-30T11:10:00.000-00:00,"7.88,7.86,7.88,7.86,197395"
2025-10-30T11:25:00.000-00:00,"7.86,7.86,7.86,7.86,348359"
2025-11-02T08:00:00.000-00:00,"7.94,7.88,7.94,7.88,125785"
2025-11-02T08:05:00.000-00:00,"7.9,7.89,7.9,7.88,32728"
2025-11-02T08:10:00.000-00:00,"7.89,7.88,7.89,7.88,30922"
2025-11-02T08:15:00.000-00:00,"7.88,7.89,7.9,7.87,109742"
2025-11-02T08:20:00.000-00:00,"7.89,7.85,7.89,7.85,210013"
2025-11-02T08:25:00.000-00:00,"7.85,7.85,7.85,7.83,155507"
2025-11-02T08:30:00.000-00:00,"7.85,7.87,7.87,7.85,111337"
2025-11-02T08:35:00.000-00:00,"7.86,7.87,7.87,7.85,84078"
2025-11-02T08:40:00.000-00:00,"7.87,7.88,7.88,7.87,19182"
2025-11-02T08:45:00.000-00:00,"7.87,7.87,7.88,7.87,29115"
2025-11-02T08:50:00.000-00:00,"7.88,7.88,7.88,7.88,30539"
2025-11-02T08:55:00.000-00:00,"7.88,7.85,7.89,7.85,134404"
2025-11-02T09:00:00.000-00:00,"7.86,7.86,7.88,7.86,41279"
2025-11-02T09:05:00.000-00:00,"7.86,7.86,7.87,7.86,27036"
2025-11-02T09:10:00.000-00:00,"7.86,7.83,7.86,7.83,218306"
2025-11-02T09:15:00.000-00:00,"7.85,7.85,7.85,7.83,109707"
2025-11-02T09:20:00.000-00:00,"7.85,7.81,7.85,7.81,201961"
2025-11-02T09:25:00.000-00:00,"7.8,7.81,7.83,7.8,115549"
2025-11-02T09:30:00.000-00:00,"7.81,7.82,7.82,7.79,158384"
2025-11-02T09:35:00.000-00:00,"7.81,7.8,7.81,7.79,102804"
2025-11-02T09:40:00.000-00:00,"7.79,7.8,7.81,7.79,57539"
2025-11-02T09:45:00.000-00:00,"7.8,7.77,7.8,7.75,312639"
2025-11-02T09:50:00.000-00:00,"7.76,7.78,7.78,7.75,156510"
2025-11-02T09:55:00.000-00:00,"7.78,7.78,7.78,7.77,32416"
2025-11-02T10:00:00.000-00:00,"7.78,7.77,7.78,7.77,97823"
2025-11-02T10:05:00.000-00:00,"7.78,7.78,7.78,7.78,15830"
2025-11-02T10:10:00.000-00:00,"7.78,7.78,7.79,7.78,123681"
2025-11-02T10:15:00.000-00:00,"7.78,7.77,7.78,7.77,53720"
2025-11-02T10:20:00.000-00:00,"7.78,7.77,7.78,7.77,9852"
2025-11-02T10:25:00.000-00:00,"7.77,7.77,7.78,7.76,120766"
2025-11-02T10:30:00.000-00:00,"7.76,7.77,7.78,7.76,29178"
2025-11-02T10:35:00.000-00:00,"7.78,7.78,7.78,7.77,66270"
2025-11-02T10:40:00.000-00:00,"7.77,7.76,7.77,7.75,98552"
2025-11-02T10:45:00.000-00:00,"7.77,7.75,7.77,7.75,138334"
2025-11-02T10:50:00.000-00:00,"7.76,7.76,7.77,7.76,33053"
2025-11-02T10:55:00.000-00:00,"7.76,7.75,7.76,7.75,91266"
2025-11-02T11:00:00.000-00:00,"7.76,7.76,7.77,7.76,35102"
2025-11-02T11:05:00.000-00:00,"7.77,7.77,7.77,7.75,93025"
2025-11-02T11:10:00.000-00:00,"7.75,7.76,7.76,7.75,24328"
2025-11-02T11:15:00.000-00:00,"7.76,7.77,7.77,7.76,15045"
2025-11-02T11:20:00.000-00:00,"7.76,7.76,7.77,7.76,34970"
2025-11-02T11:25:00.000-00:00,"7.76,7.75,7.76,7.75,94054"
2025-11-02T11:30:00.000-00:00,"7.76,7.75,7.77,7.75,14521"
2025-11-02T11:35:00.000-00:00,"7.77,7.76,7.77,7.75,51221"
2025-11-02T11:40:00.000-00:00,"7.75,7.78,7.78,7.74,278710"
2025-11-02T11:45:00.000-00:00,"7.78,7.77,7.79,7.77,144874"
2025-11-02T11:50:00.000-00:00,"7.78,7.77,7.78,7.77,77265"
2025-11-02T11:55:00.000-00:00,"7.77,7.78,7.78,7.77,398615"
2025-11-02T12:00:00.000-00:00,"7.78,7.78,7.8,7.78,111448"
2025-11-02T12:05:00.000-00:00,"7.78,7.79,7.79,7.78,332560"
2025-11-02T12:10:00.000-00:00,"7.79,7.76,7.79,7.75,311331"
2025-11-02T12:25:00.000-00:00,"7.77,7.77,7.77,7.77,560600"
2025-11-03T08:00:00.000-00:00,"7.8,7.8,7.82,7.78,66727"
2025-11-03T08:05:00.000-00:00,"7.82,7.81,7.82,7.8,47914"
2025-11-03T08:10:00.000-00:00,"7.81,7.82,7.82,7.8,50586"
2025-11-03T08:15:00.000-00:00,"7.82,7.82,7.82,7.8,94896"
2025-11-03T08:20:00.000-00:00,"7.82,7.8,7.82,7.8,79309"
2025-11-03T08:25:00.000-00:00,"7.79,7.77,7.8,7.77,42080"
2025-11-03T08:30:00.000-00:00,"7.78,7.79,7.8,7.77,35830"
2025-11-03T08:35:00.000-00:00,"7.78,7.78,7.79,7.77,39596"
2025-11-03T08:40:00.000-00:00,"7.79,7.78,7.79,7.78,32924"
2025-11-03T08:45:00.000-00:00,"7.77,7.77,7.77,7.77,10008"
2025-11-03T08:50:00.000-00:00,"7.77,7.77,7.79,7.77,70020"
2025-11-03T08:55:00.000-00:00,"7.77,7.74,7.79,7.74,192241"
2025-11-03T09:00:00.000-00:00,"7.75,7.76,7.78,7.74,29570"
2025-11-03T09:05:00.000-00:00,"7.76,7.75,7.77,7.75,259781"
2025-11-03T09:10:00.000-00:00,"7.75,7.8,7.8,7.75,135417"
2025-11-03T09:15:00.000-00:00,"7.81,7.8,7.82,7.78,138873"
2025-11-03T09:20:00.000-00:00,"7.8,7.81,7.81,7.8,83368"
2025-11-03T09:25:00.000-00:00,"7.79,7.78,7.81,7.78,25232"
2025-11-03T09:30:00.000-00:00,"7.81,7.8,7.81,7.79,20671"
2025-11-03T09:35:00.000-00:00,"7.81,7.79,7.81,7.78,48483"
2025-11-03T09:40:00.000-00:00,"7.8,7.81,7.81,7.8,51368"
2025-11-03T09:45:00.000-00:00,"7.82,7.81,7.82,7.79,116025"
2025-11-03T09:50:00.000-00:00,"7.81,7.8,7.81,7.8,108677"
2025-11-03T09:55:00.000-00:00,"7.8,7.83,7.83,7.8,98255"
2025-11-03T10:00:00.000-00:00,"7.81,7.86,7.87,7.81,330870"
2025-11-03T10:05:00.000-00:00,"7.86,7.89,7.89,7.84,295886"
2025-11-03T10:10:00.000-00:00,"7.88,7.86,7.88,7.86,119224"
2025-11-03T10:15:00.000-00:00,"7.85,7.84,7.85,7.84,20000"
2025-11-03T10:20:00.000-00:00,"7.84,7.84,7.84,7.84,3"
2025-11-03T10:25:00.000-00:00,"7.84,7.85,7.86,7.84,2532"
2025-11-03T10:30:00.000-00:00,"7.85,7.86,7.86,7.85,3011"
2025-11-03T10:35:00.000-00:00,"7.86,7.86,7.86,7.82,177016"
2025-11-03T10:40:00.000-00:00,"7.85,7.86,7.86,7.85,54601"
2025-11-03T10:45:00.000-00:00,"7.86,7.87,7.88,7.85,19723"
2025-11-03T10:50:00.000-00:00,"7.87,7.92,7.92,7.87,426484"
2025-11-03T10:55:00.000-00:00,"7.91,7.91,7.92,7.9,300386"
2025-11-03T11:00:00.000-00:00,"7.91,7.9,7.91,7.9,320900"
2025-11-03T11:05:00.000-00:00,"7.91,7.92,7.93,7.9,201317"
2025-11-03T11:10:00.000-00:00,"7.93,7.94,7.94,7.92,139762"
2025-11-03T11:15:00.000-00:00,"7.94,8,8.02,7.93,3023337"
2025-11-03T11:20:00.000-00:00,"8,7.98,8.03,7.98,771363"
2025-11-03T11:25:00.000-00:00,"7.98,8.01,8.03,7.98,986564"
2025-11-03T11:30:00.000-00:00,"8.02,8.03,8.03,8.01,432156"
2025-11-03T11:35:00.000-00:00,"8.02,8.01,8.03,8,357878"
2025-11-03T11:40:00.000-00:00,"8,8.02,8.04,8,184904"
2025-11-03T11:45:00.000-00:00,"8.04,8.05,8.09,8.04,1310999"
2025-11-03T11:50:00.000-00:00,"8.08,8.08,8.1,8.06,761763"
2025-11-03T11:55:00.000-00:00,"8.08,8.09,8.13,8.08,4224216"
2025-11-03T12:00:00.000-00:00,"8.09,8.09,8.1,8.09,169175"
2025-11-03T12:05:00.000-00:00,"8.09,8.09,8.1,8.09,94822"
2025-11-03T12:10:00.000-00:00,"8.09,8.1,8.1,8.09,391577"
2025-11-03T12:25:00.000-00:00,"8.12,8.12,8.12,8.12,224860"
2025-11-04T08:00:00.000-00:00,"8.13,8.23,8.28,8.13,3027932"
2025-11-04T08:05:00.000-00:00,"8.22,8.2,8.23,8.18,572100"
2025-11-04T08:10:00.000-00:00,"8.19,8.22,8.24,8.17,1107628"
2025-11-04T08:15:00.000-00:00,"8.24,8.27,8.31,8.23,7697444"
2025-11-04T08:20:00.000-00:00,"8.26,8.25,8.27,8.22,892764"
2025-11-04T08:25:00.000-00:00,"8.25,8.25,8.29,8.25,825350"
2025-11-04T08:30:00.000-00:00,"8.25,8.24,8.27,8.24,504154"
2025-11-04T08:35:00.000-00:00,"8.24,8.22,8.25,8.22,355483"
2025-11-04T08:40:00.000-00:00,"8.22,8.24,8.24,8.2,1990449"
2025-11-04T08:45:00.000-00:00,"8.24,8.24,8.25,8.23,597349"
2025-11-04T08:50:00.000-00:00,"8.24,8.23,8.25,8.22,231444"
2025-11-04T08:55:00.000-00:00,"8.23,8.24,8.25,8.22,743424"
2025-11-04T09:00:00.000-00:00,"8.24,8.22,8.25,8.22,428788"
2025-11-04T09:05:00.000-00:00,"8.23,8.2,8.23,8.19,2503466"
2025-11-04T09:10:00.000-00:00,"8.2,8.18,8.2,8.17,2417898"
2025-11-04T09:15:00.000-00:00,"8.17,8.19,8.2,8.17,1495376"
2025-11-04T09:20:00.000-00:00,"8.2,8.21,8.21,8.19,90217"
2025-11-04T09:25:00.000-00:00,"8.2,8.19,8.21,8.19,61441"
2025-11-04T09:30:00.000-00:00,"8.2,8.2,8.2,8.19,618465"
2025-11-04T09:35:00.000-00:00,"8.19,8.2,8.21,8.19,1169470"
2025-11-04T09:40:00.000-00:00,"8.19,8.2,8.2,8.19,123882"
2025-11-04T09:45:00.000-00:00,"8.19,8.19,8.2,8.19,527586"
2025-11-04T09:50:00.000-00:00,"8.2,8.2,8.2,8.19,67398"
2025-11-04T09:55:00.000-00:00,"8.2,8.19,8.2,8.19,379358"
2025-11-04T10:00:00.000-00:00,"8.2,8.19,8.2,8.17,684363"
2025-11-04T10:05:00.000-00:00,"8.19,8.18,8.19,8.17,514937"
2025-11-04T10:10:00.000-00:00,"8.18,8.19,8.19,8.17,341801"
2025-11-04T10:15:00.000-00:00,"8.19,8.2,8.2,8.18,141509"
2025-11-04T10:20:00.000-00:00,"8.2,8.2,8.2,8.19,41277"
2025-11-04T10:25:00.000-00:00,"8.2,8.2,8.21,8.19,1275757"
2025-11-04T10:30:00.000-00:00,"8.2,8.19,8.2,8.19,174388"
2025-11-04T10:35:00.000-00:00,"8.19,8.2,8.21,8.19,175887"
2025-11-04T10:40:00.000-00:00,"8.2,8.2,8.21,8.19,180021"
2025-11-04T10:45:00.000-00:00,"8.2,8.23,8.23,8.2,817831"
2025-11-04T10:50:00.000-00:00,"8.23,8.22,8.24,8.22,39294"
2025-11-04T10:55:00.000-00:00,"8.22,8.25,8.26,8.21,1167525"
2025-11-04T11:00:00.000-00:00,"8.24,8.24,8.25,8.23,134107"
2025-11-04T11:05:00.000-00:00,"8.24,8.22,8.24,8.22,174798"
2025-11-04T11:10:00.000-00:00,"8.23,8.24,8.25,8.22,284313"
2025-11-04T11:15:00.000-00:00,"8.23,8.23,8.24,8.22,146600"
2025-11-04T11:20:00.000-00:00,"8.23,8.25,8.25,8.22,222868"
2025-11-04T11:25:00.000-00:00,"8.24,8.25,8.25,8.24,208723"
2025-11-04T11:30:00.000-00:00,"8.24,8.25,8.25,8.24,697575"
2025-11-04T11:35:00.000-00:00,"8.25,8.23,8.25,8.23,74650"
2025-11-04T11:40:00.000-00:00,"8.24,8.25,8.25,8.24,112412"
2025-11-04T11:45:00.000-00:00,"8.24,8.25,8.25,8.23,78581"
2025-11-04T11:50:00.000-00:00,"8.25,8.28,8.28,8.25,503080"
2025-11-04T11:55:00.000-00:00,"8.27,8.28,8.29,8.26,1049481"
2025-11-04T12:00:00.000-00:00,"8.28,8.25,8.29,8.25,294572"
2025-11-04T12:05:00.000-00:00,"8.25,8.26,8.26,8.24,208800"
2025-11-04T12:10:00.000-00:00,"8.26,8.24,8.26,8.21,1643736"
2025-11-04T12:25:00.000-00:00,"8.2,8.2,8.2,8.2,3787095"
2025-11-05T08:00:00.000-00:00,"8.25,8.29,8.3,8.22,1061327"
2025-11-05T08:05:00.000-00:00,"8.29,8.29,8.3,8.26,354500"
2025-11-05T08:10:00.000-00:00,"8.28,8.3,8.32,8.28,1625681"
2025-11-05T08:15:00.000-00:00,"8.3,8.29,8.3,8.29,4897803"
2025-11-05T08:20:00.000-00:00,"8.28,8.26,8.3,8.25,348129"
2025-11-05T08:25:00.000-00:00,"8.26,8.3,8.31,8.26,633538"
2025-11-05T08:30:00.000-00:00,"8.3,8.29,8.31,8.26,186536"
2025-11-05T08:35:00.000-00:00,"8.29,8.28,8.29,8.28,289682"
2025-11-05T08:40:00.000-00:00,"8.28,8.27,8.28,8.27,77258"
2025-11-05T08:45:00.000-00:00,"8.27,8.27,8.28,8.27,32872"
2025-11-05T08:50:00.000-00:00,"8.27,8.28,8.29,8.27,45998"
2025-11-05T08:55:00.000-00:00,"8.29,8.29,8.29,8.28,108765"
2025-11-05T09:00:00.000-00:00,"8.29,8.35,8.35,8.29,2120165"
2025-11-05T09:05:00.000-00:00,"8.35,8.34,8.35,8.31,319026"
2025-11-05T09:10:00.000-00:00,"8.34,8.33,8.34,8.32,5273110"
2025-11-05T09:15:00.000-00:00,"8.33,8.33,8.34,8.33,183839"
2025-11-05T09:20:00.000-00:00,"8.33,8.35,8.35,8.33,605061"
2025-11-05T09:25:00.000-00:00,"8.36,8.35,8.37,8.35,4121273"
2025-11-05T09:30:00.000-00:00,"8.35,8.33,8.36,8.32,369670"
2025-11-05T09:35:00.000-00:00,"8.33,8.34,8.35,8.33,340126"
2025-11-05T09:40:00.000-00:00,"8.34,8.34,8.34,8.32,390182"
2025-11-05T09:45:00.000-00:00,"8.34,8.38,8.4,8.34,3379964"
2025-11-05T09:50:00.000-00:00,"8.38,8.36,8.4,8.36,1089565"
2025-11-05T09:55:00.000-00:00,"8.36,8.35,8.36,8.34,297821"
2025-11-05T10:00:00.000-00:00,"8.35,8.33,8.36,8.33,184672"
2025-11-05T10:05:00.000-00:00,"8.33,8.33,8.33,8.31,491568"
2025-11-05T10:10:00.000-00:00,"8.32,8.34,8.35,8.32,349219"
2025-11-05T10:15:00.000-00:00,"8.34,8.34,8.35,8.33,173854"
2025-11-05T10:20:00.000-00:00,"8.34,8.34,8.35,8.34,33947"
2025-11-05T10:25:00.000-00:00,"8.35,8.35,8.35,8.33,115446"
2025-11-05T10:30:00.000-00:00,"8.35,8.34,8.35,8.34,143386"
2025-11-05T10:35:00.000-00:00,"8.34,8.33,8.35,8.33,105823"
2025-11-05T10:40:00.000-00:00,"8.35,8.35,8.35,8.33,24776"
2025-11-05T10:45:00.000-00:00,"8.34,8.33,8.35,8.33,453604"
2025-11-05T10:50:00.000-00:00,"8.33,8.28,8.35,8.27,3442502"
2025-11-05T10:55:00.000-00:00,"8.28,8.25,8.28,8.2,2691903"
2025-11-05T11:00:00.000-00:00,"8.25,8.24,8.27,8.24,1127504"
2025-11-05T11:05:00.000-00:00,"8.25,8.23,8.25,8.22,162316"
2025-11-05T11:10:00.000-00:00,"8.23,8.24,8.24,8.21,5281476"
2025-11-05T11:15:00.000-00:00,"8.23,8.27,8.27,8.23,139614"
2025-11-05T11:20:00.000-00:00,"8.27,8.27,8.27,8.25,174124"
2025-11-05T11:25:00.000-00:00,"8.27,8.26,8.27,8.22,782182"
2025-11-05T11:30:00.000-00:00,"8.25,8.27,8.27,8.25,43931"
2025-11-05T11:35:00.000-00:00,"8.27,8.28,8.28,8.25,326758"
2025-11-05T11:40:00.000-00:00,"8.26,8.3,8.31,8.26,1610403"
2025-11-05T11:45:00.000-00:00,"8.3,8.31,8.32,8.29,1154735"
2025-11-05T11:50:00.000-00:00,"8.31,8.32,8.35,8.3,1021061"
2025-11-05T11:55:00.000-00:00,"8.33,8.31,8.33,8.28,685739"
2025-11-05T12:00:00.000-00:00,"8.33,8.29,8.33,8.29,202666"
2025-11-05T12:05:00.000-00:00,"8.29,8.3,8.31,8.29,877860"
2025-11-05T12:10:00.000-00:00,"8.3,8.32,8.35,8.3,1868659"
2025-11-05T12:25:00.000-00:00,"8.35,8.35,8.35,8.35,1247680"
2025-11-06T08:00:00.000-00:00,"8.36,8.35,8.38,8.29,459628"
2025-11-06T08:05:00.000-00:00,"8.36,8.35,8.37,8.31,63463"
2025-11-06T08:10:00.000-00:00,"8.35,8.35,8.36,8.34,108443"
2025-11-06T08:15:00.000-00:00,"8.35,8.37,8.38,8.35,203689"
2025-11-06T08:20:00.000-00:00,"8.37,8.37,8.37,8.36,88720"
2025-11-06T08:25:00.000-00:00,"8.37,8.37,8.38,8.37,351719"
2025-11-06T08:30:00.000-00:00,"8.37,8.4,8.4,8.37,738304"
2025-11-06T08:35:00.000-00:00,"8.4,8.43,8.43,8.39,4274952"
2025-11-06T08:40:00.000-00:00,"8.42,8.42,8.44,8.41,1152605"
2025-11-06T08:45:00.000-00:00,"8.41,8.43,8.43,8.41,626126"
2025-11-06T08:50:00.000-00:00,"8.43,8.45,8.45,8.42,2159293"
2025-11-06T08:55:00.000-00:00,"8.44,8.44,8.46,8.43,736164"
2025-11-06T09:00:00.000-00:00,"8.44,8.43,8.45,8.43,392067"
2025-11-06T09:05:00.000-00:00,"8.43,8.42,8.43,8.41,278651"
2025-11-06T09:10:00.000-00:00,"8.41,8.42,8.42,8.39,122140"
2025-11-06T09:15:00.000-00:00,"8.4,8.41,8.42,8.4,394289"
2025-11-06T09:20:00.000-00:00,"8.41,8.41,8.42,8.4,633706"
2025-11-06T09:25:00.000-00:00,"8.42,8.42,8.42,8.4,752635"
2025-11-06T09:30:00.000-00:00,"8.42,8.42,8.43,8.41,362301"
2025-11-06T09:35:00.000-00:00,"8.42,8.4,8.42,8.39,1952776"
2025-11-06T09:40:00.000-00:00,"8.4,8.36,8.4,8.36,434146"
2025-11-06T09:45:00.000-00:00,"8.38,8.38,8.38,8.35,97120"
2025-11-06T09:50:00.000-00:00,"8.37,8.38,8.4,8.37,1044069"
2025-11-06T09:55:00.000-00:00,"8.38,8.38,8.4,8.37,94005"
2025-11-06T10:00:00.000-00:00,"8.37,8.36,8.38,8.36,520419"
2025-11-06T10:05:00.000-00:00,"8.38,8.33,8.38,8.33,1488045"
2025-11-06T10:10:00.000-00:00,"8.33,8.35,8.35,8.33,174147"
2025-11-06T10:15:00.000-00:00,"8.34,8.34,8.34,8.33,41244"
2025-11-06T10:20:00.000-00:00,"8.35,8.38,8.39,8.35,128703"
2025-11-06T10:25:00.000-00:00,"8.38,8.38,8.38,8.36,15779"
2025-11-06T10:30:00.000-00:00,"8.36,8.36,8.38,8.36,196153"
2025-11-06T10:35:00.000-00:00,"8.38,8.38,8.38,8.36,119799"
2025-11-06T10:40:00.000-00:00,"8.36,8.36,8.36,8.36,700"
2025-11-06T10:45:00.000-00:00,"8.36,8.35,8.37,8.35,56404"
2025-11-06T10:50:00.000-00:00,"8.35,8.36,8.36,8.35,11319"
2025-11-06T10:55:00.000-00:00,"8.35,8.36,8.36,8.35,43743"
2025-11-06T11:00:00.000-00:00,"8.36,8.35,8.37,8.35,123835"
2025-11-06T11:05:00.000-00:00,"8.36,8.37,8.37,8.35,373508"
2025-11-06T11:10:00.000-00:00,"8.37,8.36,8.37,8.36,99509"
2025-11-06T11:15:00.000-00:00,"8.36,8.34,8.38,8.34,1166582"
2025-11-06T11:20:00.000-00:00,"8.35,8.34,8.37,8.34,269070"
2025-11-06T11:25:00.000-00:00,"8.34,8.33,8.35,8.32,380133"
2025-11-06T11:30:00.000-00:00,"8.33,8.33,8.34,8.32,21959"
2025-11-06T11:35:00.000-00:00,"8.32,8.33,8.33,8.31,324771"
2025-11-06T11:40:00.000-00:00,"8.31,8.3,8.32,8.3,570213"
2025-11-06T11:45:00.000-00:00,"8.3,8.36,8.37,8.28,784956"
2025-11-06T11:50:00.000-00:00,"8.36,8.34,8.36,8.34,239093"
2025-11-06T11:55:00.000-00:00,"8.35,8.35,8.35,8.34,71850"
2025-11-06T12:00:00.000-00:00,"8.34,8.3,8.34,8.3,529693"
2025-11-06T12:05:00.000-00:00,"8.33,8.32,8.33,8.3,599427"
2025-11-06T12:10:00.000-00:00,"8.32,8.27,8.32,8.26,1983532"
2025-11-06T12:25:00.000-00:00,"8.28,8.28,8.28,8.28,965566"
2025-11-09T08:00:00.000-00:00,"8.3,8.29,8.32,8.29,105645"
2025-11-09T08:05:00.000-00:00,"8.29,8.24,8.29,8.21,160493"
2025-11-09T08:10:00.000-00:00,"8.24,8.23,8.29,8.23,55267"
2025-11-09T08:15:00.000-00:00,"8.28,8.25,8.28,8.24,48861"
2025-11-09T08:20:00.000-00:00,"8.25,8.24,8.26,8.23,117875"
2025-11-09T08:25:00.000-00:00,"8.23,8.25,8.26,8.23,235598"
2025-11-09T08:30:00.000-00:00,"8.24,8.24,8.24,8.22,143101"
2025-11-09T08:35:00.000-00:00,"8.24,8.25,8.25,8.23,391027"
2025-11-09T08:40:00.000-00:00,"8.27,8.27,8.27,8.25,99838"
2025-11-09T08:45:00.000-00:00,"8.27,8.26,8.29,8.25,146441"
2025-11-09T08:50:00.000-00:00,"8.26,8.32,8.32,8.25,503875"
2025-11-09T08:55:00.000-00:00,"8.32,8.29,8.32,8.29,60543"
2025-11-09T09:00:00.000-00:00,"8.3,8.32,8.32,8.29,186818"
2025-11-09T09:05:00.000-00:00,"8.31,8.28,8.31,8.28,42783"
2025-11-09T09:10:00.000-00:00,"8.3,8.29,8.3,8.27,76673"
2025-11-09T09:15:00.000-00:00,"8.29,8.3,8.34,8.29,305588"
2025-11-09T09:20:00.000-00:00,"8.3,8.31,8.33,8.28,16484"
2025-11-09T09:25:00.000-00:00,"8.33,8.35,8.36,8.31,350526"
2025-11-09T09:30:00.000-00:00,"8.34,8.34,8.35,8.33,64627"
2025-11-09T09:35:00.000-00:00,"8.34,8.31,8.34,8.31,186433"
2025-11-09T09:40:00.000-00:00,"8.31,8.31,8.31,8.31,13801"
2025-11-09T09:45:00.000-00:00,"8.3,8.34,8.34,8.3,58634"
2025-11-09T09:50:00.000-00:00,"8.34,8.33,8.34,8.33,39484"
2025-11-09T09:55:00.000-00:00,"8.33,8.35,8.35,8.33,91333"
2025-11-09T10:00:00.000-00:00,"8.35,8.34,8.36,8.34,63565"
2025-11-09T10:05:00.000-00:00,"8.34,8.36,8.36,8.34,253082"
2025-11-09T10:10:00.000-00:00,"8.34,8.37,8.37,8.34,138494"
2025-11-09T10:15:00.000-00:00,"8.37,8.38,8.38,8.37,239764"
2025-11-09T10:20:00.000-00:00,"8.37,8.34,8.38,8.34,325905"
2025-11-09T10:25:00.000-00:00,"8.34,8.34,8.34,8.33,122107"
2025-11-09T10:30:00.000-00:00,"8.33,8.34,8.35,8.33,185445"
2025-11-09T10:35:00.000-00:00,"8.34,8.33,8.35,8.32,125566"
2025-11-09T10:40:00.000-00:00,"8.34,8.34,8.34,8.33,5449"
2025-11-09T10:45:00.000-00:00,"8.34,8.33,8.34,8.31,145385"
2025-11-09T10:50:00.000-00:00,"8.33,8.31,8.33,8.31,64551"
2025-11-09T10:55:00.000-00:00,"8.31,8.3,8.31,8.29,244129"
2025-11-09T11:00:00.000-00:00,"8.3,8.32,8.32,8.3,33398"
2025-11-09T11:05:00.000-00:00,"8.3,8.3,8.3,8.28,107656"
2025-11-09T11:10:00.000-00:00,"8.3,8.3,8.3,8.29,49137"
2025-11-09T11:15:00.000-00:00,"8.3,8.29,8.3,8.28,330976"
2025-11-09T11:20:00.000-00:00,"8.29,8.28,8.3,8.28,200391"
2025-11-09T11:25:00.000-00:00,"8.28,8.29,8.29,8.28,8212"
2025-11-09T11:30:00.000-00:00,"8.29,8.3,8.3,8.29,47605"
2025-11-09T11:35:00.000-00:00,"8.29,8.3,8.31,8.27,551285"
2025-11-09T11:40:00.000-00:00,"8.3,8.33,8.33,8.28,968602"
2025-11-09T11:45:00.000-00:00,"8.3,8.3,8.35,8.3,367473"
2025-11-09T11:50:00.000-00:00,"8.34,8.33,8.34,8.3,198716"
2025-11-09T11:55:00.000-00:00,"8.31,8.3,8.31,8.3,37482"
2025-11-09T12:00:00.000-00:00,"8.29,8.25,8.29,8.25,662650"
2025-11-09T12:05:00.000-00:00,"8.28,8.29,8.29,8.25,212033"
2025-11-09T12:10:00.000-00:00,"8.29,8.3,8.3,8.28,680697"
2025-11-09T12:25:00.000-00:00,"8.3,8.3,8.3,8.3,317356"
2025-11-10T08:00:00.000-00:00,"8.33,8.26,8.34,8.26,48700"
2025-11-10T08:05:00.000-00:00,"8.27,8.29,8.29,8.24,158692"
2025-11-10T08:10:00.000-00:00,"8.28,8.3,8.3,8.27,41883"
2025-11-10T08:15:00.000-00:00,"8.29,8.28,8.3,8.28,206634"
2025-11-10T08:20:00.000-00:00,"8.29,8.28,8.3,8.26,186354"
2025-11-10T08:25:00.000-00:00,"8.27,8.25,8.29,8.25,296402"
2025-11-10T08:30:00.000-00:00,"8.25,8.26,8.27,8.25,187469"
2025-11-10T08:35:00.000-00:00,"8.25,8.22,8.25,8.21,369061"
2025-11-10T08:40:00.000-00:00,"8.22,8.18,8.22,8.18,1134021"
2025-11-10T08:45:00.000-00:00,"8.19,8.17,8.2,8.15,374494"
2025-11-10T08:50:00.000-00:00,"8.15,8.15,8.17,8.15,395590"
2025-11-10T08:55:00.000-00:00,"8.16,8.19,8.19,8.15,273623"
2025-11-10T09:00:00.000-00:00,"8.18,8.19,8.19,8.17,210972"
2025-11-10T09:05:00.000-00:00,"8.19,8.19,8.2,8.18,205484"
2025-11-10T09:10:00.000-00:00,"8.19,8.2,8.21,8.19,394904"
2025-11-10T09:15:00.000-00:00,"8.2,8.22,8.22,8.2,359584"
2025-11-10T09:20:00.000-00:00,"8.22,8.2,8.22,8.19,175905"
2025-11-10T09:25:00.000-00:00,"8.2,8.18,8.2,8.18,249101"
2025-11-10T09:30:00.000-00:00,"8.2,8.17,8.2,8.17,160896"
2025-11-10T09:35:00.000-00:00,"8.18,8.14,8.18,8.12,1278647"
2025-11-10T09:40:00.000-00:00,"8.15,8.16,8.17,8.14,119588"
2025-11-10T09:45:00.000-00:00,"8.17,8.17,8.18,8.16,109270"
2025-11-10T09:50:00.000-00:00,"8.17,8.16,8.17,8.15,245044"
2025-11-10T09:55:00.000-00:00,"8.17,8.19,8.2,8.17,341637"
2025-11-10T10:00:00.000-00:00,"8.18,8.19,8.2,8.17,246710"
2025-11-10T10:05:00.000-00:00,"8.19,8.19,8.19,8.16,260608"
2025-11-10T10:10:00.000-00:00,"8.16,8.17,8.19,8.16,13195"
2025-11-10T10:15:00.000-00:00,"8.17,8.16,8.17,8.16,154662"
2025-11-10T10:20:00.000-00:00,"8.15,8.17,8.17,8.15,133133"
2025-11-10T10:25:00.000-00:00,"8.17,8.17,8.18,8.16,256132"
2025-11-10T10:30:00.000-00:00,"8.18,8.15,8.18,8.15,168491"
2025-11-10T10:35:00.000-00:00,"8.16,8.13,8.16,8.13,952367"
2025-11-10T10:40:00.000-00:00,"8.12,8.13,8.13,8.11,281431"
2025-11-10T10:45:00.000-00:00,"8.13,8.13,8.14,8.13,124256"
2025-11-10T10:50:00.000-00:00,"8.13,8.13,8.13,8.12,47339"
2025-11-10T10:55:00.000-00:00,"8.14,8.14,8.14,8.13,65897"
2025-11-10T11:00:00.000-00:00,"8.13,8.11,8.13,8.11,312817"
2025-11-10T11:05:00.000-00:00,"8.11,8.05,8.11,8.04,1098452"
2025-11-10T11:10:00.000-00:00,"8.07,8.08,8.08,8.05,254703"
2025-11-10T11:15:00.000-00:00,"8.07,8.07,8.07,8.05,153685"
2025-11-10T11:20:00.000-00:00,"8.06,8.05,8.07,8.05,200775"
2025-11-10T11:25:00.000-00:00,"8.05,8.06,8.07,8.05,150249"
2025-11-10T11:30:00.000-00:00,"8.06,8.06,8.07,8.05,32536"
2025-11-10T11:35:00.000-00:00,"8.07,8.08,8.08,8.06,162204"
2025-11-10T11:40:00.000-00:00,"8.08,8.07,8.08,8.07,145796"
2025-11-10T11:45:00.000-00:00,"8.07,8.09,8.09,8.07,105416"
2025-11-10T11:50:00.000-00:00,"8.09,8.08,8.09,8.08,28638"
2025-11-10T11:55:00.000-00:00,"8.09,8.08,8.1,8.08,195271"
2025-11-10T12:00:00.000-00:00,"8.08,8.06,8.08,8.06,606988"
2025-11-10T12:05:00.000-00:00,"8.06,8.04,8.07,8.03,726477"
2025-11-10T12:10:00.000-00:00,"8.07,8.07,8.08,8.05,141479"
2025-11-10T12:15:00.000-00:00,"8.07,8.07,8.07,8.07,300"
2025-11-10T12:25:00.000-00:00,"8.07,8.07,8.07,8.07,880684"
2025-11-11T08:00:00.000-00:00,"8.09,8.09,8.09,8.07,54343"
2025-11-11T08:05:00.000-00:00,"8.08,8.07,8.08,8.07,23320"
2025-11-11T08:10:00.000-00:00,"8.06,8.06,8.07,8.06,46954"
2025-11-11T08:15:00.000-00:00,"8.07,8.08,8.08,8.06,56317"
2025-11-11T08:20:00.000-00:00,"8.07,8.07,8.08,8.07,144585"
2025-11-11T08:25:00.000-00:00,"8.08,8.09,8.09,8.07,180836"
2025-11-11T08:30:00.000-00:00,"8.08,8.09,8.1,8.08,62990"
2025-11-11T08:35:00.000-00:00,"8.09,8.1,8.11,8.09,48101"
2025-11-11T08:40:00.000-00:00,"8.11,8.1,8.11,8.1,69758"
2025-11-11T08:45:00.000-00:00,"8.1,8.08,8.11,8.08,614272"
2025-11-11T08:50:00.000-00:00,"8.09,8.11,8.11,8.09,340338"
2025-11-11T08:55:00.000-00:00,"8.1,8.1,8.11,8.1,88288"
2025-11-11T09:00:00.000-00:00,"8.09,8.1,8.1,8.09,21429"
2025-11-11T09:05:00.000-00:00,"8.09,8.07,8.1,8.07,294411"
2025-11-11T09:10:00.000-00:00,"8.07,8.06,8.07,8.06,83016"
2025-11-11T09:15:00.000-00:00,"8.06,8.04,8.06,8.03,488497"
2025-11-11T09:20:00.000-00:00,"8.04,8.06,8.06,8.03,242967"
2025-11-11T09:25:00.000-00:00,"8.05,8.06,8.06,8.05,59862"
2025-11-11T09:30:00.000-00:00,"8.05,8.07,8.07,8.05,179495"
2025-11-11T09:35:00.000-00:00,"8.07,8.07,8.08,8.06,68414"
2025-11-11T09:40:00.000-00:00,"8.08,8.1,8.11,8.08,602719"
2025-11-11T09:45:00.000-00:00,"8.09,8.08,8.1,8.08,64725"
2025-11-11T09:50:00.000-00:00,"8.08,8.07,8.09,8.07,104444"
2025-11-11T09:55:00.000-00:00,"8.07,8.08,8.08,8.06,16871"
2025-11-11T10:00:00.000-00:00,"8.07,8.07,8.09,8.07,60371"
2025-11-11T10:05:00.000-00:00,"8.07,8.08,8.08,8.07,9494"
2025-11-11T10:10:00.000-00:00,"8.08,8.07,8.08,8.07,29461"
2025-11-11T10:15:00.000-00:00,"8.06,8.08,8.08,8.06,154982"
2025-11-11T10:20:00.000-00:00,"8.07,8.08,8.08,8.06,160877"
2025-11-11T10:25:00.000-00:00,"8.08,8.08,8.08,8.07,55834"
2025-11-11T10:30:00.000-00:00,"8.08,8.08,8.09,8.07,58928"
2025-11-11T10:35:00.000-00:00,"8.08,8.09,8.09,8.08,86294"
2025-11-11T10:40:00.000-00:00,"8.08,8.1,8.1,8.07,204269"
2025-11-11T10:45:00.000-00:00,"8.1,8.09,8.11,8.09,218644"
2025-11-11T10:50:00.000-00:00,"8.09,8.1,8.1,8.08,84139"
2025-11-11T10:55:00.000-00:00,"8.09,8.09,8.09,8.07,66559"
2025-11-11T11:00:00.000-00:00,"8.09,8.09,8.09,8.07,194716"
2025-11-11T11:05:00.000-00:00,"8.09,8.09,8.09,8.08,296005"
2025-11-11T11:10:00.000-00:00,"8.09,8.08,8.09,8.08,206383"
2025-11-11T11:15:00.000-00:00,"8.08,8.07,8.08,8.07,156396"
2025-11-11T11:20:00.000-00:00,"8.08,8.05,8.08,8.04,607360"
2025-11-11T11:25:00.000-00:00,"8.05,8.04,8.07,8.04,138772"
2025-11-11T11:30:00.000-00:00,"8.04,8,8.04,7.96,2202097"
2025-11-11T11:35:00.000-00:00,"7.97,7.96,7.99,7.91,727251"
2025-11-11T11:40:00.000-00:00,"7.96,7.96,7.96,7.94,293534"
2025-11-11T11:45:00.000-00:00,"7.96,7.9,7.96,7.9,822390"
2025-11-11T11:50:00.000-00:00,"7.93,7.9,7.94,7.89,584073"
2025-11-11T11:55:00.000-00:00,"7.9,7.82,7.9,7.75,2649628"
2025-11-11T12:00:00.000-00:00,"7.83,7.87,7.88,7.83,434825"
2025-11-11T12:05:00.000-00:00,"7.88,7.9,7.93,7.88,803510"
2025-11-11T12:10:00.000-00:00,"7.9,7.93,7.95,7.9,544320"
2025-11-11T12:25:00.000-00:00,"7.9,7.9,7.9,7.9,3044131"
2025-11-12T08:00:00.000-00:00,"7.91,7.91,7.94,7.9,89914"
2025-11-12T08:05:00.000-00:00,"7.91,7.9,7.93,7.9,173468"
2025-11-12T08:10:00.000-00:00,"7.9,7.89,7.91,7.88,148985"
2025-11-12T08:15:00.000-00:00,"7.89,7.9,7.9,7.88,71018"
2025-11-12T08:20:00.000-00:00,"7.9,7.92,7.92,7.9,240871"
2025-11-12T08:25:00.000-00:00,"7.9,7.92,7.93,7.9,20167"
2025-11-12T08:30:00.000-00:00,"7.92,8,8,7.91,1027423"
2025-11-12T08:35:00.000-00:00,"8,8.03,8.03,7.92,847548"
2025-11-12T08:40:00.000-00:00,"8.04,8,8.06,8,463158"
2025-11-12T08:45:00.000-00:00,"8,8.02,8.02,8,274514"
2025-11-12T08:50:00.000-00:00,"8.01,8,8.02,8,344906"
2025-11-12T08:55:00.000-00:00,"8.01,8,8.01,8,544905"
2025-11-12T09:00:00.000-00:00,"8,8,8.01,7.98,527834"
2025-11-12T09:05:00.000-00:00,"8,8.01,8.01,8,206804"
2025-11-12T09:10:00.000-00:00,"8,8,8.02,8,224369"
2025-11-12T09:15:00.000-00:00,"8.01,8,8.01,8,47742"
2025-11-12T09:20:00.000-00:00,"8,8.03,8.03,8,69260"
2025-11-12T09:25:00.000-00:00,"8.02,8.02,8.03,8,162513"
2025-11-12T09:30:00.000-00:00,"8,7.99,8.02,7.96,155771"
2025-11-12T09:35:00.000-00:00,"7.98,8,8,7.98,315495"
2025-11-12T09:40:00.000-00:00,"8.01,8,8.01,8,46157"
2025-11-12T09:45:00.000-00:00,"8.01,8.01,8.01,8,249445"
2025-11-12T09:50:00.000-00:00,"8.01,8.1,8.12,8.01,1841349"
2025-11-12T09:55:00.000-00:00,"8.1,8.1,8.1,8.03,639754"
2025-11-12T10:00:00.000-00:00,"8.1,8.09,8.1,8.05,71849"
2025-11-12T10:05:00.000-00:00,"8.08,8.08,8.08,8.04,176631"
2025-11-12T10:10:00.000-00:00,"8.05,8.1,8.1,8.05,805155"
2025-11-12T10:15:00.000-00:00,"8.09,8.08,8.1,8.08,167023"
2025-11-12T10:20:00.000-00:00,"8.08,8.08,8.09,8.08,60799"
2025-11-12T10:25:00.000-00:00,"8.07,8,8.08,8,483350"
2025-11-12T10:30:00.000-00:00,"8.07,8.05,8.07,8.01,13760"
2025-11-12T10:35:00.000-00:00,"8.06,8.07,8.07,8.05,174125"
2025-11-12T10:40:00.000-00:00,"8.07,8.14,8.14,8.07,1750829"
2025-11-12T10:45:00.000-00:00,"8.13,8.18,8.2,8.13,2303954"
2025-11-12T10:50:00.000-00:00,"8.16,8.15,8.21,8.14,2562109"
2025-11-12T10:55:00.000-00:00,"8.17,8.18,8.21,8.16,784539"
2025-11-12T11:00:00.000-00:00,"8.19,8.18,8.19,8.18,102339"
2025-11-12T11:05:00.000-00:00,"8.18,8.18,8.18,8.16,217477"
2025-11-12T11:10:00.000-00:00,"8.18,8.18,8.19,8.17,130994"
2025-11-12T11:15:00.000-00:00,"8.19,8.18,8.19,8.18,184549"
2025-11-12T11:20:00.000-00:00,"8.19,8.18,8.19,8.16,262377"
2025-11-12T11:25:00.000-00:00,"8.18,8.16,8.18,8.16,120001"
2025-11-12T11:30:00.000-00:00,"8.15,8.19,8.19,8.15,813186"
2025-11-12T11:35:00.000-00:00,"8.18,8.2,8.21,8.17,1877845"
2025-11-12T11:40:00.000-00:00,"8.21,8.21,8.22,8.21,216102"
2025-11-12T11:45:00.000-00:00,"8.21,8.2,8.23,8.2,572024"
2025-11-12T11:50:00.000-00:00,"8.2,8.1,8.2,8.1,738525"
2025-11-12T11:55:00.000-00:00,"8.1,8.11,8.17,8.1,564392"
2025-11-12T12:00:00.000-00:00,"8.11,8.11,8.16,8.1,737742"
2025-11-12T12:05:00.000-00:00,"8.1,8.11,8.15,8.1,587298"
2025-11-12T12:10:00.000-00:00,"8.12,8.11,8.15,8.1,454345"
2025-11-12T12:25:00.000-00:00,"8.16,8.16,8.16,8.16,366249"
2025-11-13T08:00:00.000-00:00,"8.18,8.2,8.2,8.17,85866"
2025-11-13T08:05:00.000-00:00,"8.2,8.16,8.2,8.16,235294"
2025-11-13T08:10:00.000-00:00,"8.16,8.22,8.23,8.16,499540"
2025-11-13T08:15:00.000-00:00,"8.22,8.25,8.26,8.21,801475"
2025-11-13T08:20:00.000-00:00,"8.25,8.29,8.31,8.25,1256093"
2025-11-13T08:25:00.000-00:00,"8.3,8.26,8.3,8.26,311483"
2025-11-13T08:30:00.000-00:00,"8.27,8.3,8.31,8.26,1134073"
2025-11-13T08:35:00.000-00:00,"8.31,8.29,8.31,8.28,524637"
2025-11-13T08:40:00.000-00:00,"8.28,8.26,8.29,8.26,202833"
2025-11-13T08:45:00.000-00:00,"8.26,8.25,8.27,8.25,114386"
2025-11-13T08:50:00.000-00:00,"8.25,8.26,8.27,8.25,37052"
2025-11-13T08:55:00.000-00:00,"8.25,8.24,8.26,8.23,248061"
2025-11-13T09:00:00.000-00:00,"8.23,8.24,8.26,8.23,104462"
2025-11-13T09:05:00.000-00:00,"8.25,8.23,8.25,8.23,240482"
2025-11-13T09:10:00.000-00:00,"8.23,8.23,8.25,8.23,169726"
2025-11-13T09:15:00.000-00:00,"8.25,8.25,8.25,8.23,179745"
2025-11-13T09:20:00.000-00:00,"8.25,8.25,8.26,8.24,124709"
2025-11-13T09:25:00.000-00:00,"8.25,8.24,8.26,8.24,85056"
2025-11-13T09:30:00.000-00:00,"8.24,8.23,8.24,8.23,17978"
2025-11-13T09:35:00.000-00:00,"8.23,8.23,8.24,8.23,12063"
2025-11-13T09:40:00.000-00:00,"8.23,8.2,8.24,8.19,538531"
2025-11-13T09:45:00.000-00:00,"8.2,8.19,8.2,8.18,113006"
2025-11-13T09:50:00.000-00:00,"8.2,8.18,8.2,8.18,121687"
2025-11-13T09:55:00.000-00:00,"8.18,8.18,8.19,8.18,63864"
2025-11-13T10:00:00.000-00:00,"8.19,8.2,8.21,8.18,688424"
2025-11-13T10:05:00.000-00:00,"8.2,8.2,8.29,8.19,1201472"
2025-11-13T10:10:00.000-00:00,"8.2,8.2,8.2,8.19,58852"
2025-11-13T10:15:00.000-00:00,"8.2,8.19,8.2,8.17,119000"
2025-11-13T10:20:00.000-00:00,"8.18,8.18,8.19,8.18,9343"
2025-11-13T10:25:00.000-00:00,"8.18,8.18,8.18,8.16,123838"
2025-11-13T10:30:00.000-00:00,"8.18,8.18,8.19,8.17,59664"
2025-11-13T10:35:00.000-00:00,"8.18,8.12,8.18,8.12,345733"
2025-11-13T10:40:00.000-00:00,"8.12,8.16,8.16,8.11,243607"
2025-11-13T10:45:00.000-00:00,"8.15,8.15,8.16,8.13,72170"
2025-11-13T10:50:00.000-00:00,"8.14,8.13,8.15,8.12,53969"
2025-11-13T10:55:00.000-00:00,"8.13,8.13,8.14,8.12,40325"
2025-11-13T11:00:00.000-00:00,"8.14,8.14,8.14,8.13,115238"
2025-11-13T11:05:00.000-00:00,"8.14,8.13,8.19,8.12,262112"
2025-11-13T11:10:00.000-00:00,"8.13,8.11,8.15,8.11,401840"
2025-11-13T11:15:00.000-00:00,"8.12,8.13,8.14,8.12,53886"
2025-11-13T11:20:00.000-00:00,"8.13,8.14,8.14,8.12,16317"
2025-11-13T11:25:00.000-00:00,"8.14,8.12,8.14,8.11,96957"
2025-11-13T11:30:00.000-00:00,"8.12,8.1,8.15,8.08,1024544"
2025-11-13T11:35:00.000-00:00,"8.09,8.09,8.1,8.08,180458"
2025-11-13T11:40:00.000-00:00,"8.09,8.11,8.12,8.09,129460"
2025-11-13T11:45:00.000-00:00,"8.11,8.1,8.11,8.09,27192"
2025-11-13T11:50:00.000-00:00,"8.1,8.11,8.12,8.1,28972"
2025-11-13T11:55:00.000-00:00,"8.11,8.07,8.11,8.06,86404"
2025-11-13T12:00:00.000-00:00,"8.09,8.13,8.14,8.09,293424"
2025-11-13T12:05:00.000-00:00,"8.13,8.1,8.14,8.1,159446"
2025-11-13T12:10:00.000-00:00,"8.13,8.11,8.19,8.1,1707325"
2025-11-13T12:25:00.000-00:00,"8.18,8.18,8.18,8.18,479600"
2025-11-16T08:00:00.000-00:00,"8.2,8.18,8.22,8.18,105866"
2025-11-16T08:05:00.000-00:00,"8.19,8.19,8.2,8.18,57782"
2025-11-16T08:10:00.000-00:00,"8.19,8.19,8.2,8.18,79565"
2025-11-16T08:15:00.000-00:00,"8.18,8.19,8.19,8.18,77973"
2025-11-16T08:20:00.000-00:00,"8.19,8.18,8.19,8.17,20433"
2025-11-16T08:25:00.000-00:00,"8.17,8.18,8.18,8.17,5195"
2025-11-16T08:30:00.000-00:00,"8.17,8.14,8.18,8.13,30605"
2025-11-16T08:35:00.000-00:00,"8.14,8.15,8.19,8.14,140398"
2025-11-16T08:40:00.000-00:00,"8.15,8.14,8.17,8.14,45511"
2025-11-16T08:45:00.000-00:00,"8.14,8.1,8.15,8.1,359113"
2025-11-16T08:50:00.000-00:00,"8.13,8.12,8.17,8.11,91790"
2025-11-16T08:55:00.000-00:00,"8.12,8.1,8.14,8.08,139445"
2025-11-16T09:00:00.000-00:00,"8.1,8.13,8.13,8.1,14819"
2025-11-16T09:05:00.000-00:00,"8.11,8.12,8.14,8.09,86674"
2025-11-16T09:10:00.000-00:00,"8.12,8.09,8.13,8.09,183532"
2025-11-16T09:15:00.000-00:00,"8.09,8.08,8.1,8.05,2823417"
2025-11-16T09:20:00.000-00:00,"8.1,8.09,8.12,8.08,78369"
2025-11-16T09:25:00.000-00:00,"8.09,8.09,8.1,8.08,97839"
2025-11-16T09:30:00.000-00:00,"8.1,8.1,8.1,8.09,104760"
2025-11-16T09:35:00.000-00:00,"8.1,8.08,8.1,8.08,73999"
2025-11-16T09:40:00.000-00:00,"8.1,8.1,8.1,8.06,170039"
2025-11-16T09:45:00.000-00:00,"8.08,8.1,8.1,8.08,2818110"
2025-11-16T09:50:00.000-00:00,"8.1,8.12,8.12,8.1,68245"
2025-11-16T09:55:00.000-00:00,"8.1,8.09,8.1,8.09,19118"
2025-11-16T10:00:00.000-00:00,"8.09,8.13,8.13,8.08,240043"
2025-11-16T10:05:00.000-00:00,"8.1,8.1,8.13,8.09,32607"
2025-11-16T10:10:00.000-00:00,"8.1,8.1,8.1,8.09,37621"
2025-11-16T10:15:00.000-00:00,"8.1,8.12,8.13,8.1,87930"
2025-11-16T10:20:00.000-00:00,"8.11,8.12,8.12,8.11,28025"
2025-11-16T10:25:00.000-00:00,"8.13,8.14,8.15,8.11,134144"
2025-11-16T10:30:00.000-00:00,"8.14,8.09,8.14,8.09,268363"
2025-11-16T10:35:00.000-00:00,"8.09,8.09,8.1,8.08,287557"
2025-11-16T10:40:00.000-00:00,"8.09,8.14,8.14,8.08,612629"
2025-11-16T10:45:00.000-00:00,"8.11,8.1,8.11,8.09,221063"
2025-11-16T10:50:00.000-00:00,"8.1,8.1,8.13,8.1,368059"
2025-11-16T10:55:00.000-00:00,"8.1,8.1,8.11,8.08,1025426"
2025-11-16T11:00:00.000-00:00,"8.1,8.09,8.11,8.09,912831"
2025-11-16T11:05:00.000-00:00,"8.09,8.06,8.09,8.06,1341519"
2025-11-16T11:10:00.000-00:00,"8.06,8.08,8.08,8.06,95724"
2025-11-16T11:15:00.000-00:00,"8.08,8.07,8.08,8.07,34200"
2025-11-16T11:20:00.000-00:00,"8.08,8.09,8.09,8.06,121668"
2025-11-16T11:25:00.000-00:00,"8.07,8.1,8.1,8.07,190095"
2025-11-16T11:30:00.000-00:00,"8.09,8.1,8.1,8.07,419004"
2025-11-16T11:35:00.000-00:00,"8.1,8.11,8.11,8.1,275183"
2025-11-16T11:40:00.000-00:00,"8.11,8.15,8.16,8.11,802899"
2025-11-16T11:45:00.000-00:00,"8.14,8.15,8.15,8.13,864106"
2025-11-16T11:50:00.000-00:00,"8.14,8.16,8.16,8.14,577651"
2025-11-16T11:55:00.000-00:00,"8.16,8.15,8.16,8.14,221229"
2025-11-16T12:00:00.000-00:00,"8.15,8.14,8.15,8.13,159679"
2025-11-16T12:05:00.000-00:00,"8.14,8.16,8.16,8.14,388473"
2025-11-16T12:10:00.000-00:00,"8.15,8.16,8.17,8.14,809547"
2025-11-16T12:15:00.000-00:00,"8.16,8.16,8.16,8.16,1000"
2025-11-16T12:25:00.000-00:00,"8.17,8.17,8.17,8.17,3012968"
2025-11-17T08:00:00.000-00:00,"8.2,8.31,8.31,8.19,1102094"
2025-11-17T08:05:00.000-00:00,"8.29,8.27,8.31,8.25,1932185"
2025-11-17T08:10:00.000-00:00,"8.27,8.28,8.3,8.25,835259"
2025-11-17T08:15:00.000-00:00,"8.28,8.35,8.36,8.27,3493905"
2025-11-17T08:20:00.000-00:00,"8.34,8.37,8.39,8.32,3999659"
2025-11-17T08:25:00.000-00:00,"8.36,8.35,8.39,8.33,1440557"
2025-11-17T08:30:00.000-00:00,"8.35,8.31,8.35,8.3,1088560"
2025-11-17T08:35:00.000-00:00,"8.33,8.35,8.35,8.31,875768"
2025-11-17T08:40:00.000-00:00,"8.35,8.35,8.36,8.34,818536"
2025-11-17T08:45:00.000-00:00,"8.35,8.35,8.35,8.33,313848"
2025-11-17T08:50:00.000-00:00,"8.34,8.33,8.35,8.33,846822"
2025-11-17T08:55:00.000-00:00,"8.34,8.4,8.4,8.34,3143098"
2025-11-17T09:00:00.000-00:00,"8.4,8.4,8.43,8.39,2718621"
2025-11-17T09:05:00.000-00:00,"8.39,8.39,8.4,8.38,500018"
2025-11-17T09:10:00.000-00:00,"8.4,8.39,8.4,8.38,294159"
2025-11-17T09:15:00.000-00:00,"8.39,8.38,8.4,8.38,794146"
2025-11-17T09:20:00.000-00:00,"8.38,8.38,8.39,8.37,138936"
2025-11-17T09:25:00.000-00:00,"8.38,8.36,8.39,8.36,675824"
2025-11-17T09:30:00.000-00:00,"8.36,8.37,8.4,8.36,597270"
2025-11-17T09:35:00.000-00:00,"8.37,8.37,8.38,8.37,283631"
2025-11-17T09:40:00.000-00:00,"8.37,8.33,8.38,8.33,884760"
2025-11-17T09:45:00.000-00:00,"8.32,8.35,8.35,8.3,368607"
2025-11-17T09:50:00.000-00:00,"8.35,8.35,8.35,8.3,713768"
2025-11-17T09:55:00.000-00:00,"8.33,8.3,8.33,8.3,20439"
2025-11-17T10:00:00.000-00:00,"8.32,8.35,8.35,8.3,114591"
2025-11-17T10:05:00.000-00:00,"8.35,8.38,8.4,8.31,1041238"
2025-11-17T10:10:00.000-00:00,"8.35,8.38,8.39,8.35,215418"
2025-11-17T10:15:00.000-00:00,"8.37,8.35,8.37,8.35,256206"
2025-11-17T10:20:00.000-00:00,"8.35,8.36,8.37,8.35,211981"
2025-11-17T10:25:00.000-00:00,"8.35,8.35,8.36,8.34,52670"
2025-11-17T10:30:00.000-00:00,"8.35,8.35,8.36,8.34,80710"
2025-11-17T10:35:00.000-00:00,"8.34,8.36,8.36,8.34,70976"
2025-11-17T10:40:00.000-00:00,"8.36,8.36,8.36,8.34,76383"
2025-11-17T10:45:00.000-00:00,"8.35,8.36,8.37,8.35,111095"
2025-11-17T10:50:00.000-00:00,"8.36,8.35,8.37,8.34,124110"
2025-11-17T10:55:00.000-00:00,"8.35,8.37,8.37,8.35,331933"
2025-11-17T11:00:00.000-00:00,"8.37,8.4,8.4,8.37,758442"
2025-11-17T11:05:00.000-00:00,"8.39,8.41,8.42,8.39,1041849"
2025-11-17T11:10:00.000-00:00,"8.42,8.38,8.42,8.38,169710"
2025-11-17T11:15:00.000-00:00,"8.38,8.36,8.4,8.35,246147"
2025-11-17T11:20:00.000-00:00,"8.38,8.39,8.39,8.37,285711"
2025-11-17T11:25:00.000-00:00,"8.39,8.39,8.41,8.38,910218"
2025-11-17T11:30:00.000-00:00,"8.39,8.37,8.39,8.36,268537"
2025-11-17T11:35:00.000-00:00,"8.36,8.37,8.38,8.36,124799"
2025-11-17T11:40:00.000-00:00,"8.36,8.35,8.36,8.35,589542"
2025-11-17T11:45:00.000-00:00,"8.36,8.37,8.38,8.36,132047"
2025-11-17T11:50:00.000-00:00,"8.37,8.37,8.39,8.37,289796"
2025-11-17T11:55:00.000-00:00,"8.37,8.36,8.38,8.36,129414"
2025-11-17T12:00:00.000-00:00,"8.36,8.36,8.37,8.35,198271"
2025-11-17T12:05:00.000-00:00,"8.35,8.36,8.38,8.34,464090"
2025-11-17T12:10:00.000-00:00,"8.37,8.38,8.38,8.35,288110"
2025-11-17T12:25:00.000-00:00,"8.36,8.36,8.36,8.36,983570"
2025-11-18T08:00:00.000-00:00,"8.38,8.43,8.45,8.37,766728"
2025-11-18T08:05:00.000-00:00,"8.44,8.42,8.45,8.41,288444"
2025-11-18T08:10:00.000-00:00,"8.42,8.39,8.43,8.39,334047"
2025-11-18T08:15:00.000-00:00,"8.4,8.39,8.41,8.39,243768"
2025-11-18T08:20:00.000-00:00,"8.39,8.38,8.39,8.36,252966"
2025-11-18T08:25:00.000-00:00,"8.37,8.41,8.41,8.37,276369"
2025-11-18T08:30:00.000-00:00,"8.42,8.4,8.42,8.4,129270"
2025-11-18T08:35:00.000-00:00,"8.41,8.4,8.42,8.4,49516"
2025-11-18T08:40:00.000-00:00,"8.41,8.42,8.42,8.4,51385"
2025-11-18T08:45:00.000-00:00,"8.41,8.41,8.42,8.4,67460"
2025-11-18T08:50:00.000-00:00,"8.41,8.39,8.42,8.39,562360"
2025-11-18T08:55:00.000-00:00,"8.4,8.42,8.42,8.4,480320"
2025-11-18T09:00:00.000-00:00,"8.41,8.43,8.43,8.41,130912"
2025-11-18T09:05:00.000-00:00,"8.42,8.43,8.43,8.42,61085"
2025-11-18T09:10:00.000-00:00,"8.43,8.4,8.43,8.4,1045433"
2025-11-18T09:15:00.000-00:00,"8.42,8.4,8.42,8.39,595098"
2025-11-18T09:20:00.000-00:00,"8.4,8.38,8.4,8.37,358498"
2025-11-18T09:25:00.000-00:00,"8.37,8.37,8.38,8.37,165640"
2025-11-18T09:30:00.000-00:00,"8.37,8.4,8.4,8.37,185057"
2025-11-18T09:35:00.000-00:00,"8.4,8.4,8.41,8.38,238617"
2025-11-18T09:40:00.000-00:00,"8.4,8.38,8.4,8.38,26659"
2025-11-18T09:45:00.000-00:00,"8.38,8.37,8.39,8.37,112245"
2025-11-18T09:50:00.000-00:00,"8.37,8.37,8.38,8.36,63760"
2025-11-18T09:55:00.000-00:00,"8.37,8.36,8.39,8.36,133029"
2025-11-18T10:00:00.000-00:00,"8.36,8.4,8.4,8.36,147394"
2025-11-18T10:05:00.000-00:00,"8.38,8.35,8.38,8.29,1791264"
2025-11-18T10:10:00.000-00:00,"8.34,8.33,8.35,8.29,694005"
2025-11-18T10:15:00.000-00:00,"8.32,8.3,8.32,8.3,2144187"
2025-11-18T10:20:00.000-00:00,"8.31,8.3,8.32,8.3,840198"
2025-11-18T10:25:00.000-00:00,"8.29,8.3,8.3,8.29,330513"
2025-11-18T10:30:00.000-00:00,"8.3,8.3,8.31,8.28,326396"
2025-11-18T10:35:00.000-00:00,"8.3,8.31,8.33,8.3,69270"
2025-11-18T10:40:00.000-00:00,"8.32,8.3,8.32,8.3,1330307"
2025-11-18T10:45:00.000-00:00,"8.3,8.27,8.3,8.27,297119"
2025-11-18T10:50:00.000-00:00,"8.28,8.27,8.28,8.27,312141"
2025-11-18T10:55:00.000-00:00,"8.28,8.27,8.28,8.27,14461"
2025-11-18T11:00:00.000-00:00,"8.27,8.3,8.3,8.27,385500"
2025-11-18T11:05:00.000-00:00,"8.29,8.33,8.35,8.28,514656"
2025-11-18T11:10:00.000-00:00,"8.33,8.3,8.33,8.3,238142"
2025-11-18T11:15:00.000-00:00,"8.3,8.29,8.34,8.29,66453"
2025-11-18T11:20:00.000-00:00,"8.33,8.31,8.33,8.3,43420"
2025-11-18T11:25:00.000-00:00,"8.31,8.31,8.34,8.31,44325"
2025-11-18T11:30:00.000-00:00,"8.31,8.3,8.31,8.3,44030"
2025-11-18T11:35:00.000-00:00,"8.3,8.28,8.31,8.28,750646"
2025-11-18T11:40:00.000-00:00,"8.28,8.27,8.29,8.27,107272"
2025-11-18T11:45:00.000-00:00,"8.27,8.26,8.28,8.26,79055"
2025-11-18T11:50:00.000-00:00,"8.27,8.28,8.29,8.27,214496"
2025-11-18T11:55:00.000-00:00,"8.29,8.28,8.29,8.28,47238"
2025-11-18T12:00:00.000-00:00,"8.27,8.26,8.28,8.26,41607"
2025-11-18T12:05:00.000-00:00,"8.26,8.25,8.27,8.24,481904"
2025-11-18T12:10:00.000-00:00,"8.24,8.23,8.27,8.23,504357"
2025-11-18T12:25:00.000-00:00,"8.23,8.23,8.23,8.23,793490"
2025-11-19T08:00:00.000-00:00,"8.27,8.24,8.27,8.24,102509"
2025-11-19T08:05:00.000-00:00,"8.26,8.24,8.26,8.24,49207"
2025-11-19T08:10:00.000-00:00,"8.25,8.25,8.25,8.23,100159"
2025-11-19T08:15:00.000-00:00,"8.25,8.23,8.26,8.23,637440"
2025-11-19T08:20:00.000-00:00,"8.23,8.2,8.23,8.19,123116"
2025-11-19T08:25:00.000-00:00,"8.19,8.23,8.23,8.19,76243"
2025-11-19T08:30:00.000-00:00,"8.21,8.24,8.24,8.2,41334"
2025-11-19T08:35:00.000-00:00,"8.24,8.23,8.24,8.21,18785"
2025-11-19T08:40:00.000-00:00,"8.23,8.25,8.25,8.21,28343"
2025-11-19T08:45:00.000-00:00,"8.24,8.23,8.24,8.21,8424"
2025-11-19T08:50:00.000-00:00,"8.24,8.22,8.25,8.21,190144"
2025-11-19T08:55:00.000-00:00,"8.22,8.22,8.23,8.2,111994"
2025-11-19T09:00:00.000-00:00,"8.22,8.22,8.23,8.21,37555"
2025-11-19T09:05:00.000-00:00,"8.21,8.22,8.22,8.2,45727"
2025-11-19T09:10:00.000-00:00,"8.22,8.19,8.22,8.19,55078"
2025-11-19T09:15:00.000-00:00,"8.19,8.17,8.2,8.17,58413"
2025-11-19T09:20:00.000-00:00,"8.18,8.2,8.2,8.17,200557"
2025-11-19T09:25:00.000-00:00,"8.18,8.18,8.2,8.18,5340"
2025-11-19T09:30:00.000-00:00,"8.18,8.15,8.18,8.13,204011"
2025-11-19T09:35:00.000-00:00,"8.16,8.19,8.19,8.15,16436"
2025-11-19T09:40:00.000-00:00,"8.19,8.16,8.19,8.16,85210"
2025-11-19T09:45:00.000-00:00,"8.16,8.16,8.16,8.15,110939"
2025-11-19T09:50:00.000-00:00,"8.16,8.19,8.2,8.16,68054"
2025-11-19T09:55:00.000-00:00,"8.19,8.18,8.19,8.18,4042"
2025-11-19T10:00:00.000-00:00,"8.18,8.2,8.2,8.16,247616"
2025-11-19T10:05:00.000-00:00,"8.19,8.23,8.23,8.19,135256"
2025-11-19T10:10:00.000-00:00,"8.23,8.27,8.28,8.23,255001"
2025-11-19T10:15:00.000-00:00,"8.26,8.24,8.26,8.22,16067"
2025-11-19T10:20:00.000-00:00,"8.24,8.22,8.25,8.22,2914"
2025-11-19T10:25:00.000-00:00,"8.25,8.24,8.25,8.21,20650"
2025-11-19T10:30:00.000-00:00,"8.24,8.22,8.24,8.22,5873"
2025-11-19T10:35:00.000-00:00,"8.24,8.24,8.24,8.23,30036"
2025-11-19T10:40:00.000-00:00,"8.22,8.21,8.23,8.21,46181"
2025-11-19T10:45:00.000-00:00,"8.21,8.21,8.23,8.21,63611"
2025-11-19T10:50:00.000-00:00,"8.22,8.2,8.22,8.2,157282"
2025-11-19T10:55:00.000-00:00,"8.21,8.19,8.21,8.19,55362"
2025-11-19T11:00:00.000-00:00,"8.19,8.18,8.2,8.18,53468"
2025-11-19T11:05:00.000-00:00,"8.18,8.18,8.18,8.18,5"
2025-11-19T11:10:00.000-00:00,"8.18,8.17,8.19,8.16,64830"
2025-11-19T11:15:00.000-00:00,"8.18,8.2,8.2,8.18,157218"
2025-11-19T11:20:00.000-00:00,"8.19,8.2,8.2,8.18,25404"
2025-11-19T11:25:00.000-00:00,"8.2,8.21,8.23,8.2,136550"
2025-11-19T11:30:00.000-00:00,"8.21,8.23,8.23,8.21,32249"
2025-11-19T11:35:00.000-00:00,"8.23,8.25,8.25,8.23,249022"
2025-11-19T11:40:00.000-00:00,"8.25,8.24,8.26,8.23,46676"
2025-11-19T11:45:00.000-00:00,"8.24,8.22,8.25,8.22,35010"
2025-11-19T11:50:00.000-00:00,"8.24,8.27,8.27,8.24,172250"
2025-11-19T11:55:00.000-00:00,"8.27,8.3,8.34,8.25,1206090"
2025-11-19T12:00:00.000-00:00,"8.3,8.3,8.3,8.23,27309"
2025-11-19T12:05:00.000-00:00,"8.3,8.28,8.3,8.28,64157"
2025-11-19T12:10:00.000-00:00,"8.28,8.28,8.28,8.25,467246"
2025-11-19T12:15:00.000-00:00,"8.26,8.26,8.26,8.26,50"
2025-11-19T12:25:00.000-00:00,"8.24,8.24,8.24,8.24,239748"
2025-11-20T08:00:00.000-00:00,"8.28,8.3,8.32,8.26,64497"
2025-11-20T08:05:00.000-00:00,"8.31,8.28,8.32,8.28,47927"
2025-11-20T08:10:00.000-00:00,"8.28,8.27,8.28,8.27,78872"
2025-11-20T08:15:00.000-00:00,"8.27,8.25,8.27,8.25,150250"
2025-11-20T08:20:00.000-00:00,"8.25,8.26,8.27,8.25,21823"
2025-11-20T08:25:00.000-00:00,"8.26,8.3,8.3,8.25,106374"
2025-11-20T08:30:00.000-00:00,"8.3,8.3,8.3,8.28,50039"
2025-11-20T08:35:00.000-00:00,"8.3,8.27,8.3,8.27,15501"
2025-11-20T08:40:00.000-00:00,"8.27,8.26,8.27,8.26,8031"
2025-11-20T08:45:00.000-00:00,"8.26,8.28,8.3,8.26,330488"
2025-11-20T08:50:00.000-00:00,"8.28,8.26,8.29,8.26,18852"
2025-11-20T08:55:00.000-00:00,"8.27,8.28,8.28,8.26,27673"
2025-11-20T09:00:00.000-00:00,"8.27,8.26,8.27,8.24,153096"
2025-11-20T09:05:00.000-00:00,"8.26,8.26,8.26,8.25,65252"
2025-11-20T09:10:00.000-00:00,"8.26,8.26,8.26,8.26,9100"
2025-11-20T09:15:00.000-00:00,"8.26,8.25,8.26,8.25,10104"
2025-11-20T09:20:00.000-00:00,"8.25,8.26,8.26,8.25,4522"
2025-11-20T09:25:00.000-00:00,"8.25,8.24,8.27,8.24,56231"
2025-11-20T09:30:00.000-00:00,"8.25,8.25,8.25,8.24,40546"
2025-11-20T09:35:00.000-00:00,"8.25,8.29,8.29,8.25,17339"
2025-11-20T09:40:00.000-00:00,"8.29,8.31,8.31,8.29,232672"
2025-11-20T09:45:00.000-00:00,"8.3,8.3,8.3,8.3,11274"
2025-11-20T09:50:00.000-00:00,"8.27,8.27,8.27,8.27,91"
2025-11-20T09:55:00.000-00:00,"8.27,8.27,8.27,8.27,5000"
2025-11-20T10:10:00.000-00:00,"8.29,8.27,8.29,8.27,1080"
2025-11-20T10:15:00.000-00:00,"8.27,8.27,8.27,8.23,124920"
2025-11-20T10:20:00.000-00:00,"8.28,8.27,8.28,8.23,82360"
2025-11-20T10:25:00.000-00:00,"8.27,8.27,8.27,8.27,165"
2025-11-20T10:30:00.000-00:00,"8.24,8.22,8.24,8.22,110461"
2025-11-20T10:35:00.000-00:00,"8.24,8.23,8.24,8.22,40610"
2025-11-20T10:40:00.000-00:00,"8.22,8.22,8.22,8.21,111878"
2025-11-20T10:45:00.000-00:00,"8.22,8.2,8.22,8.19,521922"
2025-11-20T10:50:00.000-00:00,"8.19,8.2,8.2,8.18,256678"
2025-11-20T10:55:00.000-00:00,"8.19,8.18,8.2,8.18,25630"
2025-11-20T11:00:00.000-00:00,"8.18,8.21,8.21,8.18,33436"
2025-11-20T11:05:00.000-00:00,"8.2,8.2,8.23,8.2,6384"
2025-11-20T11:10:00.000-00:00,"8.21,8.19,8.22,8.19,19471"
2025-11-20T11:15:00.000-00:00,"8.2,8.24,8.24,8.2,25949"
2025-11-20T11:20:00.000-00:00,"8.21,8.24,8.24,8.2,12082"
2025-11-20T11:25:00.000-00:00,"8.2,8.24,8.24,8.2,5939"
2025-11-20T11:30:00.000-00:00,"8.21,8.2,8.23,8.2,12791"
2025-11-20T11:35:00.000-00:00,"8.23,8.2,8.23,8.19,48004"
2025-11-20T11:40:00.000-00:00,"8.2,8.2,8.22,8.19,35916"
2025-11-20T11:45:00.000-00:00,"8.19,8.19,8.2,8.19,29539"
2025-11-20T11:50:00.000-00:00,"8.19,8.2,8.21,8.19,61724"
2025-11-20T11:55:00.000-00:00,"8.2,8.19,8.2,8.19,102456"
2025-11-20T12:00:00.000-00:00,"8.19,8.2,8.2,8.19,15602"
2025-11-20T12:05:00.000-00:00,"8.2,8.19,8.2,8.18,94245"
2025-11-20T12:10:00.000-00:00,"8.19,8.17,8.23,8.16,273511"
2025-11-20T12:25:00.000-00:00,"8.14,8.14,8.14,8.14,1227022"
2025-11-23T08:00:00.000-00:00,"8.19,8.16,8.2,8.15,18955"
2025-11-23T08:05:00.000-00:00,"8.18,8.16,8.18,8.15,15930"
2025-11-23T08:10:00.000-00:00,"8.16,8.15,8.18,8.12,193987"
2025-11-23T08:15:00.000-00:00,"8.15,8.13,8.15,8.13,29937"
2025-11-23T08:20:00.000-00:00,"8.12,8.15,8.18,8.1,279271"
2025-11-23T08:25:00.000-00:00,"8.14,8.11,8.14,8.11,10695"
2025-11-23T08:30:00.000-00:00,"8.11,8.17,8.17,8.07,259254"
2025-11-23T08:35:00.000-00:00,"8.16,8.11,8.16,8.1,8317"
2025-11-23T08:40:00.000-00:00,"8.11,8.15,8.15,8.11,68"
2025-11-23T08:45:00.000-00:00,"8.14,8.12,8.14,8.08,84959"
2025-11-23T08:50:00.000-00:00,"8.12,8.09,8.12,8.09,21621"
2025-11-23T08:55:00.000-00:00,"8.09,8.08,8.09,8.08,83949"
2025-11-23T09:00:00.000-00:00,"8.09,8.09,8.09,8.08,34643"
2025-11-23T09:05:00.000-00:00,"8.09,8.09,8.09,8.08,40908"
2025-11-23T09:10:00.000-00:00,"8.09,8.08,8.09,8.07,72998"
2025-11-23T09:15:00.000-00:00,"8.09,8.09,8.11,8.08,97697"
2025-11-23T09:20:00.000-00:00,"8.11,8.11,8.11,8.09,26453"
2025-11-23T09:25:00.000-00:00,"8.11,8.09,8.11,8.09,41747"
2025-11-23T09:30:00.000-00:00,"8.11,8.12,8.12,8.1,112134"
2025-11-23T09:35:00.000-00:00,"8.12,8.1,8.13,8.09,297115"
2025-11-23T09:40:00.000-00:00,"8.1,8.11,8.13,8.1,81202"
2025-11-23T09:45:00.000-00:00,"8.11,8.12,8.12,8.11,8618"
2025-11-23T09:50:00.000-00:00,"8.12,8.11,8.12,8.11,111476"
2025-11-23T09:55:00.000-00:00,"8.11,8.11,8.11,8.1,25131"
2025-11-23T10:00:00.000-00:00,"8.1,8.1,8.11,8.09,185586"
2025-11-23T10:05:00.000-00:00,"8.11,8.1,8.11,8.1,71191"
2025-11-23T10:10:00.000-00:00,"8.1,8.09,8.11,8.09,114729"
2025-11-23T10:15:00.000-00:00,"8.09,8.09,8.1,8.08,85989"
2025-11-23T10:20:00.000-00:00,"8.08,8.09,8.1,8.08,48744"
2025-11-23T10:25:00.000-00:00,"8.1,8.1,8.1,8.09,5521"
2025-11-23T10:30:00.000-00:00,"8.1,8.08,8.1,8.08,51450"
2025-11-23T10:35:00.000-00:00,"8.08,8.09,8.1,8.08,38228"
2025-11-23T10:40:00.000-00:00,"8.1,8.1,8.11,8.1,233694"
2025-11-23T10:45:00.000-00:00,"8.1,8.1,8.1,8.09,113459"
2025-11-23T10:50:00.000-00:00,"8.09,8.09,8.09,8.09,11018"
2025-11-23T10:55:00.000-00:00,"8.09,8.1,8.1,8.08,5081123"
2025-11-23T11:00:00.000-00:00,"8.11,8.09,8.11,8.09,32231"
2025-11-23T11:05:00.000-00:00,"8.08,8.1,8.1,8.08,662204"
2025-11-23T11:10:00.000-00:00,"8.1,8.15,8.16,8.1,259202"
2025-11-23T11:15:00.000-00:00,"8.15,8.15,8.16,8.14,77459"
2025-11-23T11:20:00.000-00:00,"8.15,8.14,8.15,8.14,11566"
2025-11-23T11:25:00.000-00:00,"8.13,8.14,8.14,8.11,137300"
2025-11-23T11:30:00.000-00:00,"8.14,8.11,8.14,8.11,102181"
2025-11-23T11:35:00.000-00:00,"8.11,8.1,8.12,8.1,264870"
2025-11-23T11:40:00.000-00:00,"8.1,8.1,8.12,8.09,177095"
2025-11-23T11:45:00.000-00:00,"8.12,8.11,8.12,8.1,30468"
2025-11-23T11:50:00.000-00:00,"8.11,8.11,8.12,8.1,174582"
2025-11-23T11:55:00.000-00:00,"8.1,8.11,8.11,8.1,184653"
2025-11-23T12:00:00.000-00:00,"8.11,8.09,8.11,8.09,246839"
2025-11-23T12:05:00.000-00:00,"8.09,8.1,8.1,8.09,60279"
2025-11-23T12:10:00.000-00:00,"8.09,8.08,8.1,8.07,184800"
2025-11-23T12:25:00.000-00:00,"8.09,8.09,8.09,8.09,228128"
2025-11-24T08:00:00.000-00:00,"8.11,8.11,8.13,8.11,8982"
2025-11-24T08:05:00.000-00:00,"8.11,8.1,8.12,8.1,103897"
2025-11-24T08:10:00.000-00:00,"8.1,8.1,8.11,8.09,329211"
2025-11-24T08:15:00.000-00:00,"8.1,8.04,8.1,8.04,750058"
2025-11-24T08:20:00.000-00:00,"8.07,8.06,8.08,8.05,46437"
2025-11-24T08:25:00.000-00:00,"8.06,8.06,8.07,8.06,59140"
2025-11-24T08:30:00.000-00:00,"8.06,8.04,8.06,8.03,182373"
2025-11-24T08:35:00.000-00:00,"8.03,8.04,8.07,8.02,1142608"
2025-11-24T08:40:00.000-00:00,"8.05,8.03,8.05,8.02,106388"
2025-11-24T08:45:00.000-00:00,"8.02,8.03,8.04,8.02,61462"
2025-11-24T08:50:00.000-00:00,"8.03,8.03,8.03,8.01,134247"
2025-11-24T08:55:00.000-00:00,"8.01,8,8.02,7.99,564828"
2025-11-24T09:00:00.000-00:00,"8.01,8,8.02,7.99,175855"
2025-11-24T09:05:00.000-00:00,"8,8.01,8.01,7.99,83016"
2025-11-24T09:10:00.000-00:00,"8.01,8.01,8.01,7.99,257948"
2025-11-24T09:15:00.000-00:00,"8.01,8,8.02,8,220001"
2025-11-24T09:20:00.000-00:00,"8,8,8.02,7.99,200167"
2025-11-24T09:25:00.000-00:00,"8,7.99,8,7.99,150425"
2025-11-24T09:30:00.000-00:00,"7.99,7.98,8,7.98,104310"
2025-11-24T09:35:00.000-00:00,"7.98,7.97,7.99,7.97,70881"
2025-11-24T09:40:00.000-00:00,"7.97,7.99,7.99,7.97,1061879"
2025-11-24T09:45:00.000-00:00,"7.98,7.98,7.99,7.97,24406"
2025-11-24T09:50:00.000-00:00,"7.97,7.93,7.98,7.93,538272"
2025-11-24T09:55:00.000-00:00,"7.94,7.94,7.94,7.92,62733"
2025-11-24T10:00:00.000-00:00,"7.94,7.94,7.95,7.93,55767"
2025-11-24T10:05:00.000-00:00,"7.94,7.97,7.97,7.94,71752"
2025-11-24T10:10:00.000-00:00,"7.96,7.96,7.97,7.96,29561"
2025-11-24T10:15:00.000-00:00,"7.97,7.98,7.98,7.96,12302"
2025-11-24T10:20:00.000-00:00,"7.98,7.94,7.98,7.94,211965"
2025-11-24T10:25:00.000-00:00,"7.94,7.93,7.95,7.93,157467"
2025-11-24T10:30:00.000-00:00,"7.93,7.87,7.94,7.87,855678"
2025-11-24T10:35:00.000-00:00,"7.88,7.88,7.89,7.86,274238"
2025-11-24T10:40:00.000-00:00,"7.88,7.9,7.9,7.87,533864"
2025-11-24T10:45:00.000-00:00,"7.9,7.97,7.97,7.9,608022"
2025-11-24T10:50:00.000-00:00,"7.97,7.97,7.99,7.95,500384"
2025-11-24T10:55:00.000-00:00,"7.96,7.95,7.96,7.93,269270"
2025-11-24T11:00:00.000-00:00,"7.96,7.95,7.96,7.95,538887"
2025-11-24T11:05:00.000-00:00,"7.95,7.92,7.95,7.92,5411291"
2025-11-24T11:10:00.000-00:00,"7.92,7.9,7.93,7.89,618271"
2025-11-24T11:15:00.000-00:00,"7.9,7.94,7.95,7.9,342373"
2025-11-24T11:20:00.000-00:00,"7.95,7.96,7.96,7.92,402906"
2025-11-24T11:25:00.000-00:00,"7.96,7.99,7.99,7.91,608254"
2025-11-24T11:30:00.000-00:00,"7.98,7.97,7.98,7.95,105533"
2025-11-24T11:35:00.000-00:00,"7.95,7.96,7.98,7.95,184487"
2025-11-24T11:40:00.000-00:00,"7.96,7.95,7.97,7.95,81596"
2025-11-24T11:45:00.000-00:00,"7.97,7.94,7.97,7.94,189841"
2025-11-24T11:50:00.000-00:00,"7.95,7.95,8,7.93,634919"
2025-11-24T11:55:00.000-00:00,"7.95,7.95,7.95,7.94,113810"
2025-11-24T12:00:00.000-00:00,"7.96,7.94,7.97,7.93,206187"
2025-11-24T12:05:00.000-00:00,"7.94,7.95,7.96,7.91,113332"
2025-11-24T12:10:00.000-00:00,"7.92,7.97,7.97,7.91,389429"
2025-11-24T12:25:00.000-00:00,"7.9,7.9,7.9,7.9,581275"
2025-11-25T08:00:00.000-00:00,"7.96,7.96,7.96,7.91,121531"
2025-11-25T08:05:00.000-00:00,"7.95,7.94,7.95,7.93,9085"
2025-11-25T08:10:00.000-00:00,"7.94,7.94,7.95,7.93,102629"
2025-11-25T08:15:00.000-00:00,"7.94,7.92,7.95,7.92,90731"
2025-11-25T08:20:00.000-00:00,"7.93,7.9,7.94,7.9,270119"
2025-11-25T08:25:00.000-00:00,"7.9,7.89,7.92,7.89,88035"
2025-11-25T08:30:00.000-00:00,"7.89,7.89,7.9,7.89,41481"
2025-11-25T08:35:00.000-00:00,"7.9,7.9,7.91,7.88,352904"
2025-11-25T08:40:00.000-00:00,"7.9,7.88,7.92,7.88,58197"
2025-11-25T08:45:00.000-00:00,"7.88,7.9,7.9,7.88,59996"
2025-11-25T08:50:00.000-00:00,"7.9,7.9,7.9,7.89,215761"
2025-11-25T08:55:00.000-00:00,"7.9,7.89,7.9,7.89,124816"
2025-11-25T09:00:00.000-00:00,"7.89,7.9,7.9,7.89,105745"
2025-11-25T09:05:00.000-00:00,"7.92,7.91,7.92,7.9,41222"
2025-11-25T09:10:00.000-00:00,"7.91,7.9,7.91,7.9,107646"
2025-11-25T09:15:00.000-00:00,"7.91,7.92,7.92,7.9,130152"
2025-11-25T09:20:00.000-00:00,"7.92,7.93,7.95,7.92,478636"
2025-11-25T09:25:00.000-00:00,"7.94,7.93,7.95,7.93,216893"
2025-11-25T09:30:00.000-00:00,"7.93,7.94,7.96,7.93,288807"
2025-11-25T09:35:00.000-00:00,"7.94,7.97,7.97,7.93,232440"
2025-11-25T09:40:00.000-00:00,"7.98,7.98,7.98,7.95,145293"
2025-11-25T09:45:00.000-00:00,"7.97,7.95,7.98,7.95,233159"
2025-11-25T09:50:00.000-00:00,"7.95,7.96,7.98,7.95,45478"
2025-11-25T09:55:00.000-00:00,"7.96,7.99,7.99,7.95,97045"
2025-11-25T10:00:00.000-00:00,"7.99,8.01,8.01,7.99,964070"
2025-11-25T10:05:00.000-00:00,"8,8,8.01,8,72353"
2025-11-25T10:10:00.000-00:00,"8,8,8.01,8,122490"
2025-11-25T10:15:00.000-00:00,"8,8,8.01,7.99,665394"
2025-11-25T10:20:00.000-00:00,"7.99,8,8.01,7.99,176212"
2025-11-25T10:25:00.000-00:00,"8,8,8,7.99,550305"
2025-11-25T10:30:00.000-00:00,"8,7.97,8,7.97,63876"
2025-11-25T10:35:00.000-00:00,"7.99,8,8,7.97,497508"
2025-11-25T10:40:00.000-00:00,"7.99,8,8,7.97,74022"
2025-11-25T10:45:00.000-00:00,"8,7.96,8,7.96,27345"
2025-11-25T10:50:00.000-00:00,"7.96,7.96,8,7.96,153105"
2025-11-25T10:55:00.000-00:00,"8,7.98,8,7.95,210100"
2025-11-25T11:00:00.000-00:00,"7.96,7.96,7.96,7.95,57457"
2025-11-25T11:05:00.000-00:00,"7.96,7.97,7.97,7.95,367876"
2025-11-25T11:10:00.000-00:00,"7.98,7.95,7.98,7.95,152825"
2025-11-25T11:15:00.000-00:00,"7.96,7.95,7.99,7.95,457450"
2025-11-25T11:20:00.000-00:00,"7.96,7.98,7.98,7.95,112968"
2025-11-25T11:25:00.000-00:00,"7.98,7.98,8.01,7.98,349460"
2025-11-25T11:30:00.000-00:00,"7.98,7.94,7.98,7.94,96686"
2025-11-25T11:35:00.000-00:00,"7.95,7.96,7.97,7.91,301206"
2025-11-25T11:40:00.000-00:00,"7.95,7.92,7.95,7.92,65308"
2025-11-25T11:45:00.000-00:00,"7.92,7.93,7.93,7.92,100512"
2025-11-25T11:50:00.000-00:00,"7.92,7.92,7.94,7.92,93906"
2025-11-25T11:55:00.000-00:00,"7.93,7.93,7.98,7.92,420659"
2025-11-25T12:00:00.000-00:00,"7.93,7.98,7.99,7.92,522368"
2025-11-25T12:05:00.000-00:00,"7.98,7.96,8,7.96,319001"
2025-11-25T12:10:00.000-00:00,"7.96,8,8,7.95,230257"
2025-11-25T12:25:00.000-00:00,"8,8,8,8,105037"
2025-11-26T08:00:00.000-00:00,"8,8,8.06,8,17838"
2025-11-26T08:05:00.000-00:00,"8,7.94,8,7.94,57202"
2025-11-26T08:10:00.000-00:00,"7.95,7.96,8,7.95,8734"
2025-11-26T08:15:00.000-00:00,"7.98,7.99,7.99,7.95,54371"
2025-11-26T08:20:00.000-00:00,"7.98,7.95,7.99,7.95,816526"
2025-11-26T08:25:00.000-00:00,"7.98,8,8,7.96,392135"
2025-11-26T08:30:00.000-00:00,"8,8,8.02,7.99,116362"
2025-11-26T08:35:00.000-00:00,"8,8.02,8.02,8,36339"
2025-11-26T08:40:00.000-00:00,"8.02,8.04,8.05,8.01,167288"
2025-11-26T08:45:00.000-00:00,"8.04,8.01,8.04,8.01,56951"
2025-11-26T08:50:00.000-00:00,"8.01,8,8.02,8,430010"
2025-11-26T08:55:00.000-00:00,"8.01,8.08,8.08,8,337006"
2025-11-26T09:00:00.000-00:00,"8.07,8.07,8.09,8.06,173688"
2025-11-26T09:05:00.000-00:00,"8.08,8.07,8.1,8.02,773643"
2025-11-26T09:10:00.000-00:00,"8.05,8.05,8.06,8.05,42301"
2025-11-26T09:15:00.000-00:00,"8.05,8.05,8.05,8.05,33929"
2025-11-26T09:20:00.000-00:00,"8.05,8.05,8.07,8.05,21120"
2025-11-26T09:25:00.000-00:00,"8.05,8.04,8.06,8.04,53967"
2025-11-26T09:30:00.000-00:00,"8.04,8.05,8.05,8.04,32186"
2025-11-26T09:35:00.000-00:00,"8.05,8.05,8.05,8.05,11103"
2025-11-26T09:40:00.000-00:00,"8.05,8.04,8.06,8.04,179631"
2025-11-26T09:45:00.000-00:00,"8.03,7.99,8.03,7.99,627371"
2025-11-26T09:50:00.000-00:00,"7.99,7.98,8,7.98,13852"
2025-11-26T09:55:00.000-00:00,"7.98,7.98,7.99,7.98,121000"
2025-11-26T10:00:00.000-00:00,"7.99,8,8,7.99,30383"
2025-11-26T10:05:00.000-00:00,"7.99,8,8,7.99,74223"
2025-11-26T10:10:00.000-00:00,"8,8,8,7.99,95421"
2025-11-26T10:15:00.000-00:00,"7.99,7.99,7.99,7.99,9892"
2025-11-26T10:20:00.000-00:00,"7.99,8,8,7.98,200716"
2025-11-26T10:25:00.000-00:00,"8,7.99,8,7.99,14481"
2025-11-26T10:30:00.000-00:00,"8,7.99,8,7.99,74249"
2025-11-26T10:35:00.000-00:00,"8,8,8.02,8,153438"
2025-11-26T10:40:00.000-00:00,"8,8,8,8,15163"
2025-11-26T10:45:00.000-00:00,"8.02,8,8.02,8,71682"
2025-11-26T10:50:00.000-00:00,"8,8.01,8.01,8,38790"
2025-11-26T10:55:00.000-00:00,"8.01,8,8.02,8,374320"
2025-11-26T11:00:00.000-00:00,"8,7.99,8,7.99,255198"
2025-11-26T11:05:00.000-00:00,"7.99,8.01,8.01,7.99,82934"
2025-11-26T11:10:00.000-00:00,"8.01,8.01,8.08,8.01,275928"
2025-11-26T11:15:00.000-00:00,"8.03,8.07,8.07,8.03,151000"
2025-11-26T11:20:00.000-00:00,"8.07,8.04,8.07,8.04,11763"
2025-11-26T11:25:00.000-00:00,"8.04,8,8.04,8,1588045"
2025-11-26T11:30:00.000-00:00,"8.01,7.98,8.05,7.98,550469"
2025-11-26T11:35:00.000-00:00,"7.99,7.98,7.99,7.97,62990"
2025-11-26T11:40:00.000-00:00,"7.99,8.03,8.03,7.98,70336"
2025-11-26T11:45:00.000-00:00,"8.02,8.02,8.05,8,132337"
2025-11-26T11:50:00.000-00:00,"8.02,8,8.04,8,313794"
2025-11-26T11:55:00.000-00:00,"7.99,7.98,7.99,7.96,47965"
2025-11-26T12:00:00.000-00:00,"7.96,7.96,7.96,7.96,60225"
2025-11-26T12:05:00.000-00:00,"7.97,7.93,7.98,7.93,786265"
2025-11-26T12:10:00.000-00:00,"7.93,7.93,7.93,7.9,300868"
2025-11-26T12:25:00.000-00:00,"7.92,7.92,7.92,7.92,974292"
2025-11-27T08:00:00.000-00:00,"7.93,7.94,7.95,7.91,11513"
2025-11-27T08:05:00.000-00:00,"7.92,7.93,7.95,7.92,34607"
2025-11-27T08:10:00.000-00:00,"7.96,7.95,7.96,7.95,31733"
2025-11-27T08:15:00.000-00:00,"7.93,7.93,7.94,7.93,37771"
2025-11-27T08:20:00.000-00:00,"7.93,7.92,7.93,7.92,54969"
2025-11-27T08:25:00.000-00:00,"7.92,7.93,7.94,7.92,29546"
2025-11-27T08:30:00.000-00:00,"7.93,7.94,7.94,7.92,83280"
2025-11-27T08:35:00.000-00:00,"7.94,7.96,7.96,7.93,93988"
2025-11-27T08:40:00.000-00:00,"7.95,7.95,7.96,7.95,95184"
2025-11-27T08:45:00.000-00:00,"7.95,8.02,8.02,7.95,726052"
2025-11-27T08:50:00.000-00:00,"8.02,8,8.02,8,218046"
2025-11-27T08:55:00.000-00:00,"8,8.07,8.07,8,418523"
2025-11-27T09:00:00.000-00:00,"8.05,8.07,8.1,8.05,1312417"
2025-11-27T09:05:00.000-00:00,"8.08,8.05,8.08,8.02,280688"
2025-11-27T09:10:00.000-00:00,"8.05,8.05,8.07,8.05,41711"
2025-11-27T09:15:00.000-00:00,"8.05,8.05,8.05,8.04,82017"
2025-11-27T09:20:00.000-00:00,"8.05,8.06,8.07,8.05,307534"
2025-11-27T09:25:00.000-00:00,"8.07,8.1,8.12,8.07,1588194"
2025-11-27T09:30:00.000-00:00,"8.1,8.12,8.13,8.1,1000615"
2025-11-27T09:35:00.000-00:00,"8.12,8.13,8.2,8.11,3276825"
2025-11-27T09:40:00.000-00:00,"8.13,8.14,8.14,8.12,445078"
2025-11-27T09:45:00.000-00:00,"8.13,8.13,8.14,8.12,55635"
2025-11-27T09:50:00.000-00:00,"8.13,8.16,8.17,8.13,569219"
2025-11-27T09:55:00.000-00:00,"8.16,8.16,8.18,8.15,366283"
2025-11-27T10:00:00.000-00:00,"8.16,8.12,8.16,8.12,879105"
2025-11-27T10:05:00.000-00:00,"8.13,8.09,8.14,8.09,1781550"
2025-11-27T10:10:00.000-00:00,"8.08,8.1,8.1,8.06,264498"
2025-11-27T10:15:00.000-00:00,"8.1,8.1,8.1,8.08,173287"
2025-11-27T10:20:00.000-00:00,"8.11,8.11,8.12,8.11,30014"
2025-11-27T10:25:00.000-00:00,"8.13,8.14,8.14,8.12,156491"
2025-11-27T10:30:00.000-00:00,"8.15,8.13,8.16,8.13,174356"
2025-11-27T10:35:00.000-00:00,"8.14,8.14,8.14,8.13,157839"
2025-11-27T10:40:00.000-00:00,"8.14,8.13,8.14,8.13,81026"
2025-11-27T10:45:00.000-00:00,"8.13,8.13,8.15,8.12,265255"
2025-11-27T10:50:00.000-00:00,"8.13,8.15,8.15,8.13,189186"
2025-11-27T10:55:00.000-00:00,"8.15,8.13,8.15,8.13,156289"
2025-11-27T11:00:00.000-00:00,"8.14,8.11,8.15,8.11,411607"
2025-11-27T11:05:00.000-00:00,"8.11,8.11,8.14,8.1,817517"
2025-11-27T11:10:00.000-00:00,"8.1,8.1,8.14,8.1,400783"
2025-11-27T11:15:00.000-00:00,"8.1,8.09,8.1,8.08,508366"
2025-11-27T11:20:00.000-00:00,"8.09,8.11,8.11,8.08,162569"
2025-11-27T11:25:00.000-00:00,"8.11,8.12,8.13,8.11,388226"
2025-11-27T11:30:00.000-00:00,"8.11,8.1,8.11,8.05,2191497"
2025-11-27T11:35:00.000-00:00,"8.08,8.09,8.09,8.04,1679634"
2025-11-27T11:40:00.000-00:00,"8.06,8.08,8.08,8.03,574568"
2025-11-27T11:45:00.000-00:00,"8.09,8.1,8.1,8.09,454286"
2025-11-27T11:50:00.000-00:00,"8.09,8.1,8.1,8.07,66518"
2025-11-27T11:55:00.000-00:00,"8.09,8.08,8.12,8.08,577035"
2025-11-27T12:00:00.000-00:00,"8.09,8.1,8.11,8.08,532035"
2025-11-27T12:05:00.000-00:00,"8.09,8.09,8.1,8.07,382382"
2025-11-27T12:10:00.000-00:00,"8.09,8.06,8.09,8.04,434443"
2025-11-27T12:25:00.000-00:00,"8.09,8.09,8.09,8.09,665150"
2025-11-30T08:00:00.000-00:00,"8.12,8.17,8.17,8.12,94572"
2025-11-30T08:05:00.000-00:00,"8.16,8.2,8.2,8.15,1655598"
2025-11-30T08:10:00.000-00:00,"8.19,8.2,8.21,8.18,578282"
2025-11-30T08:15:00.000-00:00,"8.21,8.19,8.21,8.18,118592"
2025-11-30T08:20:00.000-00:00,"8.19,8.2,8.21,8.19,366676"
2025-11-30T08:25:00.000-00:00,"8.19,8.2,8.2,8.18,205282"
2025-11-30T08:30:00.000-00:00,"8.2,8.19,8.2,8.18,143680"
2025-11-30T08:35:00.000-00:00,"8.18,8.19,8.19,8.18,79469"
2025-11-30T08:40:00.000-00:00,"8.19,8.19,8.19,8.16,172776"
2025-11-30T08:45:00.000-00:00,"8.18,8.2,8.21,8.18,699282"
2025-11-30T08:50:00.000-00:00,"8.2,8.18,8.2,8.18,9982"
2025-11-30T08:55:00.000-00:00,"8.18,8.19,8.19,8.17,45581"
2025-11-30T09:00:00.000-00:00,"8.19,8.22,8.22,8.19,238213"
2025-11-30T09:05:00.000-00:00,"8.23,8.22,8.23,8.22,135740"
2025-11-30T09:10:00.000-00:00,"8.23,8.22,8.23,8.22,74755"
2025-11-30T09:15:00.000-00:00,"8.23,8.2,8.23,8.2,219826"
2025-11-30T09:20:00.000-00:00,"8.21,8.24,8.27,8.21,1374549"
2025-11-30T09:25:00.000-00:00,"8.24,8.22,8.24,8.22,80004"
2025-11-30T09:30:00.000-00:00,"8.22,8.23,8.24,8.22,60200"
2025-11-30T09:35:00.000-00:00,"8.24,8.24,8.25,8.24,629184"
2025-11-30T09:40:00.000-00:00,"8.24,8.23,8.24,8.23,27531"
2025-11-30T09:45:00.000-00:00,"8.23,8.22,8.23,8.22,34207"
2025-11-30T09:50:00.000-00:00,"8.22,8.22,8.23,8.22,28089"
2025-11-30T09:55:00.000-00:00,"8.21,8.21,8.21,8.2,13435"
2025-11-30T10:00:00.000-00:00,"8.21,8.21,8.21,8.21,20911"
2025-11-30T10:05:00.000-00:00,"8.21,8.21,8.22,8.21,16990"
2025-11-30T10:10:00.000-00:00,"8.22,8.22,8.22,8.21,1715"
2025-11-30T10:15:00.000-00:00,"8.21,8.2,8.21,8.2,56040"
2025-11-30T10:20:00.000-00:00,"8.21,8.21,8.22,8.2,1005776"
2025-11-30T10:25:00.000-00:00,"8.22,8.25,8.25,8.22,257811"
2025-11-30T10:30:00.000-00:00,"8.25,8.27,8.28,8.25,542336"
2025-11-30T10:35:00.000-00:00,"8.28,8.28,8.3,8.26,1639170"
2025-11-30T10:40:00.000-00:00,"8.27,8.23,8.27,8.23,1072644"
2025-11-30T10:45:00.000-00:00,"8.25,8.28,8.3,8.25,1500014"
2025-11-30T10:50:00.000-00:00,"8.28,8.3,8.3,8.26,747690"
2025-11-30T10:55:00.000-00:00,"8.28,8.27,8.28,8.27,131"
2025-11-30T11:00:00.000-00:00,"8.27,8.27,8.29,8.27,3681"
2025-11-30T11:05:00.000-00:00,"8.28,8.28,8.28,8.27,9799"
2025-11-30T11:10:00.000-00:00,"8.27,8.27,8.27,8.27,3924"
2025-11-30T11:15:00.000-00:00,"8.27,8.27,8.28,8.27,111225"
2025-11-30T11:20:00.000-00:00,"8.26,8.27,8.27,8.26,6690"
2025-11-30T11:25:00.000-00:00,"8.27,8.26,8.27,8.26,11803"
2025-11-30T11:30:00.000-00:00,"8.26,8.27,8.27,8.26,69962"
2025-11-30T11:35:00.000-00:00,"8.27,8.26,8.27,8.26,27860"
2025-11-30T11:40:00.000-00:00,"8.26,8.26,8.27,8.26,360538"
2025-11-30T11:45:00.000-00:00,"8.26,8.25,8.27,8.25,353484"
2025-11-30T11:50:00.000-00:00,"8.26,8.26,8.26,8.26,108024"
2025-11-30T11:55:00.000-00:00,"8.27,8.27,8.27,8.26,24335"
2025-11-30T12:00:00.000-00:00,"8.27,8.28,8.28,8.26,73881"
2025-11-30T12:05:00.000-00:00,"8.28,8.28,8.28,8.26,135802"
2025-11-30T12:10:00.000-00:00,"8.28,8.3,8.3,8.27,578058"
2025-11-30T12:25:00.000-00:00,"8.29,8.29,8.29,8.29,1016715"
2025-12-01T08:00:00.000-00:00,"8.3,8.33,8.35,8.27,328908"
2025-12-01T08:05:00.000-00:00,"8.3,8.36,8.36,8.3,540161"
2025-12-01T08:10:00.000-00:00,"8.36,8.38,8.38,8.35,880677"
2025-12-01T08:15:00.000-00:00,"8.38,8.36,8.39,8.36,251826"
2025-12-01T08:20:00.000-00:00,"8.37,8.35,8.37,8.35,281171"
2025-12-01T08:25:00.000-00:00,"8.35,8.34,8.36,8.33,479344"
2025-12-01T08:30:00.000-00:00,"8.34,8.34,8.36,8.34,204870"
2025-12-01T08:35:00.000-00:00,"8.35,8.3,8.35,8.3,631967"
2025-12-01T08:40:00.000-00:00,"8.34,8.3,8.34,8.29,720011"
2025-12-01T08:45:00.000-00:00,"8.3,8.3,8.3,8.27,369730"
2025-12-01T08:50:00.000-00:00,"8.3,8.29,8.3,8.28,35400"
2025-12-01T08:55:00.000-00:00,"8.29,8.3,8.3,8.29,192431"
2025-12-01T09:00:00.000-00:00,"8.3,8.28,8.3,8.25,375699"
2025-12-01T09:05:00.000-00:00,"8.28,8.28,8.28,8.26,24939"
2025-12-01T09:10:00.000-00:00,"8.29,8.29,8.3,8.28,35250"
2025-12-01T09:15:00.000-00:00,"8.3,8.27,8.31,8.27,1122605"
2025-12-01T09:20:00.000-00:00,"8.27,8.29,8.29,8.26,236480"
2025-12-01T09:25:00.000-00:00,"8.27,8.27,8.28,8.27,16530"
2025-12-01T09:30:00.000-00:00,"8.28,8.27,8.3,8.27,102492"
2025-12-01T09:35:00.000-00:00,"8.27,8.29,8.3,8.26,133825"
2025-12-01T09:40:00.000-00:00,"8.29,8.27,8.3,8.27,32844"
2025-12-01T09:45:00.000-00:00,"8.29,8.3,8.31,8.28,328759"
2025-12-01T09:50:00.000-00:00,"8.31,8.3,8.31,8.3,128206"
2025-12-01T09:55:00.000-00:00,"8.3,8.28,8.3,8.28,43323"
2025-12-01T10:00:00.000-00:00,"8.28,8.26,8.29,8.26,289487"
2025-12-01T10:05:00.000-00:00,"8.26,8.27,8.27,8.26,121254"
2025-12-01T10:10:00.000-00:00,"8.28,8.24,8.28,8.18,1569909"
2025-12-01T10:15:00.000-00:00,"8.23,8.25,8.25,8.23,129526"
2025-12-01T10:20:00.000-00:00,"8.23,8.23,8.25,8.23,40492"
2025-12-01T10:25:00.000-00:00,"8.23,8.23,8.24,8.23,11064"
2025-12-01T10:30:00.000-00:00,"8.23,8.19,8.23,8.19,524047"
2025-12-01T10:35:00.000-00:00,"8.2,8.2,8.2,8.19,375445"
2025-12-01T10:40:00.000-00:00,"8.2,8.2,8.22,8.19,122697"
2025-12-01T10:45:00.000-00:00,"8.2,8.2,8.2,8.19,83736"
2025-12-01T10:50:00.000-00:00,"8.2,8.2,8.2,8.19,22728"
2025-12-01T10:55:00.000-00:00,"8.2,8.19,8.2,8.19,69908"
2025-12-01T11:00:00.000-00:00,"8.2,8.18,8.21,8.18,77126"
2025-12-01T11:05:00.000-00:00,"8.19,8.19,8.21,8.17,187659"
2025-12-01T11:10:00.000-00:00,"8.18,8.18,8.19,8.16,170451"
2025-12-01T11:15:00.000-00:00,"8.17,8.19,8.19,8.15,265010"
2025-12-01T11:20:00.000-00:00,"8.18,8.1,8.18,8.1,1342906"
2025-12-01T11:25:00.000-00:00,"8.1,8.14,8.14,8.05,1107355"
2025-12-01T11:30:00.000-00:00,"8.15,8.12,8.15,8.12,59493"
2025-12-01T11:35:00.000-00:00,"8.11,8.1,8.12,8.08,699996"
2025-12-01T11:40:00.000-00:00,"8.12,8.14,8.15,8.1,206390"
2025-12-01T11:45:00.000-00:00,"8.13,8.1,8.13,8.1,46314"
2025-12-01T11:50:00.000-00:00,"8.11,8.14,8.14,8.1,99445"
2025-12-01T11:55:00.000-00:00,"8.14,8.15,8.15,8.12,308118"
2025-12-01T12:00:00.000-00:00,"8.15,8.15,8.15,8.12,34200"
2025-12-01T12:05:00.000-00:00,"8.15,8.16,8.17,8.15,19522"
2025-12-01T12:10:00.000-00:00,"8.17,8.17,8.18,8.16,207753"
2025-12-01T12:25:00.000-00:00,"8.16,8.16,8.16,8.16,591010"
2025-12-02T08:00:00.000-00:00,"8.16,8.19,8.19,8.12,20646"
2025-12-02T08:05:00.000-00:00,"8.19,8.16,8.19,8.14,21894"
2025-12-02T08:10:00.000-00:00,"8.16,8.19,8.2,8.16,53037"
2025-12-02T08:15:00.000-00:00,"8.17,8.17,8.19,8.17,22051"
2025-12-02T08:20:00.000-00:00,"8.17,8.15,8.17,8.15,118243"
2025-12-02T08:25:00.000-00:00,"8.17,8.17,8.19,8.16,114503"
2025-12-02T08:30:00.000-00:00,"8.17,8.19,8.19,8.17,24423"
2025-12-02T08:35:00.000-00:00,"8.19,8.2,8.2,8.18,235025"
2025-12-02T08:40:00.000-00:00,"8.18,8.17,8.18,8.17,124934"
2025-12-02T08:45:00.000-00:00,"8.17,8.18,8.18,8.17,29660"
2025-12-02T08:50:00.000-00:00,"8.17,8.16,8.17,8.16,39100"
2025-12-02T08:55:00.000-00:00,"8.18,8.18,8.18,8.17,61420"
2025-12-02T09:00:00.000-00:00,"8.18,8.18,8.18,8.18,64780"
2025-12-02T09:05:00.000-00:00,"8.18,8.17,8.19,8.17,50250"
2025-12-02T09:10:00.000-00:00,"8.18,8.19,8.19,8.17,59396"
2025-12-02T09:15:00.000-00:00,"8.19,8.18,8.19,8.18,14473"
2025-12-02T09:20:00.000-00:00,"8.19,8.19,8.19,8.18,9353"
2025-12-02T09:25:00.000-00:00,"8.19,8.19,8.2,8.19,114480"
2025-12-02T09:30:00.000-00:00,"8.19,8.17,8.19,8.17,86360"
2025-12-02T09:35:00.000-00:00,"8.17,8.17,8.18,8.16,127724"
2025-12-02T09:40:00.000-00:00,"8.16,8.16,8.17,8.15,34099"
2025-12-02T09:45:00.000-00:00,"8.17,8.17,8.17,8.15,42945"
2025-12-02T09:50:00.000-00:00,"8.17,8.17,8.17,8.17,43141"
2025-12-02T09:55:00.000-00:00,"8.17,8.18,8.18,8.17,65433"
2025-12-02T10:00:00.000-00:00,"8.17,8.16,8.18,8.16,46607"
2025-12-02T10:05:00.000-00:00,"8.17,8.19,8.19,8.17,159734"
2025-12-02T10:10:00.000-00:00,"8.19,8.18,8.19,8.18,49661"
2025-12-02T10:15:00.000-00:00,"8.17,8.16,8.17,8.16,8749"
2025-12-02T10:20:00.000-00:00,"8.16,8.17,8.17,8.16,86800"
2025-12-02T10:25:00.000-00:00,"8.17,8.18,8.18,8.17,16532"
2025-12-02T10:30:00.000-00:00,"8.17,8.17,8.17,8.17,5159"
2025-12-02T10:35:00.000-00:00,"8.17,8.17,8.17,8.16,27885"
2025-12-02T10:40:00.000-00:00,"8.17,8.17,8.18,8.17,73315"
2025-12-02T10:45:00.000-00:00,"8.17,8.18,8.19,8.17,154708"
2025-12-02T10:50:00.000-00:00,"8.18,8.18,8.18,8.18,3620"
2025-12-02T10:55:00.000-00:00,"8.18,8.14,8.18,8.13,435668"
2025-12-02T11:00:00.000-00:00,"8.13,8.16,8.16,8.13,199223"
2025-12-02T11:05:00.000-00:00,"8.14,8.12,8.15,8.12,169763"
2025-12-02T11:10:00.000-00:00,"8.13,8.09,8.13,8.09,475933"
2025-12-02T11:15:00.000-00:00,"8.09,8.1,8.1,8.07,66561"
2025-12-02T11:20:00.000-00:00,"8.1,8.1,8.1,8.09,155200"
2025-12-02T11:25:00.000-00:00,"8.11,8.1,8.11,8.09,131037"
2025-12-02T11:30:00.000-00:00,"8.09,8.09,8.1,8.09,63375"
2025-12-02T11:35:00.000-00:00,"8.09,8.1,8.1,8.08,163646"
2025-12-02T11:40:00.000-00:00,"8.1,8.09,8.1,8.08,202620"
2025-12-02T11:45:00.000-00:00,"8.08,8.07,8.09,8.05,170001"
2025-12-02T11:50:00.000-00:00,"8.09,8.07,8.1,8.07,43961"
2025-12-02T11:55:00.000-00:00,"8.07,8.09,8.1,8.07,36970"
2025-12-02T12:00:00.000-00:00,"8.09,8.1,8.12,8.08,848734"
2025-12-02T12:05:00.000-00:00,"8.1,8.11,8.12,8.1,154243"
2025-12-02T12:10:00.000-00:00,"8.11,8.02,8.11,8.02,573390"
2025-12-02T12:25:00.000-00:00,"8.05,8.05,8.05,8.05,290610"
2025-12-03T08:00:00.000-00:00,"8.05,8.1,8.1,8.05,201435"
2025-12-03T08:05:00.000-00:00,"8.1,8.1,8.11,8.1,120007"
2025-12-03T08:10:00.000-00:00,"8.1,8.11,8.11,8.1,23593"
2025-12-03T08:15:00.000-00:00,"8.11,8.1,8.11,8.1,14060"
2025-12-03T08:20:00.000-00:00,"8.11,8.2,8.2,8.11,882508"
2025-12-03T08:25:00.000-00:00,"8.15,8.14,8.16,8.14,248467"
2025-12-03T08:30:00.000-00:00,"8.14,8.13,8.15,8.13,194237"
2025-12-03T08:35:00.000-00:00,"8.12,8.12,8.14,8.12,436"
2025-12-03T08:40:00.000-00:00,"8.12,8.14,8.14,8.12,6061"
2025-12-03T08:45:00.000-00:00,"8.13,8.11,8.13,8.11,75397"
2025-12-03T08:50:00.000-00:00,"8.11,8.12,8.12,8.11,18076"
2025-12-03T08:55:00.000-00:00,"8.11,8.11,8.12,8.11,31400"
2025-12-03T09:00:00.000-00:00,"8.12,8.12,8.12,8.11,3162"
2025-12-03T09:05:00.000-00:00,"8.12,8.11,8.12,8.11,32449"
2025-12-03T09:10:00.000-00:00,"8.12,8.12,8.13,8.12,107457"
2025-12-03T09:15:00.000-00:00,"8.13,8.12,8.13,8.11,62783"
2025-12-03T09:20:00.000-00:00,"8.12,8.13,8.13,8.11,100141"
2025-12-03T09:25:00.000-00:00,"8.14,8.15,8.15,8.13,74111"
2025-12-03T09:30:00.000-00:00,"8.15,8.14,8.15,8.14,54555"
2025-12-03T09:35:00.000-00:00,"8.14,8.13,8.14,8.13,36810"
2025-12-03T09:40:00.000-00:00,"8.13,8.12,8.13,8.12,65537"
2025-12-03T09:45:00.000-00:00,"8.12,8.13,8.13,8.12,60738"
2025-12-03T09:50:00.000-00:00,"8.12,8.12,8.12,8.12,10"
2025-12-03T09:55:00.000-00:00,"8.13,8.14,8.14,8.12,44321"
2025-12-03T10:00:00.000-00:00,"8.12,8.12,8.12,8.12,10"
2025-12-03T10:05:00.000-00:00,"8.14,8.15,8.15,8.13,103718"
2025-12-03T10:10:00.000-00:00,"8.16,8.15,8.16,8.15,115579"
2025-12-03T10:15:00.000-00:00,"8.14,8.15,8.15,8.13,74338"
2025-12-03T10:20:00.000-00:00,"8.15,8.15,8.15,8.15,79256"
2025-12-03T10:25:00.000-00:00,"8.15,8.15,8.15,8.15,7104"
2025-12-03T10:30:00.000-00:00,"8.13,8.14,8.14,8.13,19612"
2025-12-03T10:35:00.000-00:00,"8.14,8.12,8.14,8.12,12882"
2025-12-03T10:40:00.000-00:00,"8.12,8.12,8.12,8.12,4071"
2025-12-03T10:45:00.000-00:00,"8.12,8.12,8.12,8.12,75"
2025-12-03T10:50:00.000-00:00,"8.12,8.12,8.14,8.12,79"
2025-12-03T11:00:00.000-00:00,"8.14,8.12,8.14,8.12,12141"
2025-12-03T11:05:00.000-00:00,"8.14,8.14,8.14,8.14,300"
2025-12-03T11:10:00.000-00:00,"8.12,8.14,8.14,8.12,30369"
2025-12-03T11:15:00.000-00:00,"8.12,8.11,8.12,8.11,5098"
2025-12-03T11:20:00.000-00:00,"8.11,8.12,8.13,8.11,19131"
2025-12-03T11:25:00.000-00:00,"8.11,8.12,8.12,8.11,10017"
2025-12-03T11:30:00.000-00:00,"8.13,8.13,8.13,8.13,20100"
2025-12-03T11:35:00.000-00:00,"8.12,8.14,8.14,8.12,22780"
2025-12-03T11:40:00.000-00:00,"8.14,8.14,8.15,8.11,311755"
2025-12-03T11:45:00.000-00:00,"8.15,8.14,8.15,8.13,51102"
2025-12-03T11:50:00.000-00:00,"8.13,8.12,8.15,8.12,97467"
2025-12-03T11:55:00.000-00:00,"8.14,8.13,8.14,8.12,70201"
2025-12-03T12:00:00.000-00:00,"8.13,8.09,8.14,8.09,1001137"
2025-12-03T12:05:00.000-00:00,"8.09,8.1,8.13,8.09,232244"
2025-12-03T12:10:00.000-00:00,"8.1,8.08,8.1,8.08,166879"
2025-12-03T12:25:00.000-00:00,"8.1,8.1,8.1,8.1,358902"
2025-12-04T08:00:00.000-00:00,"8.13,8.11,8.16,8.1,31471"
2025-12-04T08:05:00.000-00:00,"8.14,8.15,8.15,8.11,24545"
2025-12-04T08:10:00.000-00:00,"8.12,8.17,8.17,8.12,37542"
2025-12-04T08:15:00.000-00:00,"8.16,8.16,8.17,8.16,64090"
2025-12-04T08:20:00.000-00:00,"8.16,8.14,8.16,8.14,44256"
2025-12-04T08:25:00.000-00:00,"8.14,8.13,8.14,8.12,27226"
2025-12-04T08:30:00.000-00:00,"8.13,8.15,8.15,8.12,11086"
2025-12-04T08:35:00.000-00:00,"8.13,8.11,8.15,8.11,208699"
2025-12-04T08:40:00.000-00:00,"8.12,8.12,8.12,8.11,16951"
2025-12-04T08:45:00.000-00:00,"8.11,8.14,8.16,8.11,57079"
2025-12-04T08:50:00.000-00:00,"8.14,8.12,8.15,8.12,90125"
2025-12-04T08:55:00.000-00:00,"8.12,8.12,8.12,8.1,271473"
2025-12-04T09:00:00.000-00:00,"8.12,8.13,8.14,8.12,24026"
2025-12-04T09:05:00.000-00:00,"8.12,8.12,8.13,8.12,38278"
2025-12-04T09:10:00.000-00:00,"8.12,8.11,8.12,8.11,49665"
2025-12-04T09:15:00.000-00:00,"8.11,8.12,8.13,8.11,29573"
2025-12-04T09:20:00.000-00:00,"8.12,8.11,8.12,8.11,30179"
2025-12-04T09:25:00.000-00:00,"8.11,8.11,8.11,8.1,241526"
2025-12-04T09:30:00.000-00:00,"8.11,8.13,8.13,8.1,172968"
2025-12-04T09:35:00.000-00:00,"8.13,8.12,8.13,8.1,68247"
2025-12-04T09:40:00.000-00:00,"8.11,8.11,8.12,8.11,12284"
2025-12-04T09:45:00.000-00:00,"8.11,8.11,8.13,8.11,21109"
2025-12-04T09:50:00.000-00:00,"8.11,8.12,8.12,8.11,27971"
2025-12-04T09:55:00.000-00:00,"8.13,8.12,8.13,8.12,20527"
2025-12-04T10:00:00.000-00:00,"8.13,8.12,8.13,8.11,53082"
2025-12-04T10:05:00.000-00:00,"8.11,8.1,8.13,8.1,179947"
2025-12-04T10:10:00.000-00:00,"8.11,8.09,8.13,8.09,126695"
2025-12-04T10:15:00.000-00:00,"8.09,8.1,8.1,8.09,18520"
2025-12-04T10:20:00.000-00:00,"8.1,8.11,8.12,8.09,56048"
2025-12-04T10:25:00.000-00:00,"8.1,8.09,8.1,8.09,221815"
2025-12-04T10:30:00.000-00:00,"8.09,8.1,8.1,8.09,39329"
2025-12-04T10:35:00.000-00:00,"8.1,8.12,8.12,8.09,113063"
2025-12-04T10:40:00.000-00:00,"8.11,8.1,8.14,8.09,375954"
2025-12-04T10:45:00.000-00:00,"8.12,8.1,8.12,8.1,33842"
2025-12-04T10:50:00.000-00:00,"8.1,8.12,8.12,8.09,45903"
2025-12-04T10:55:00.000-00:00,"8.09,8.09,8.1,8.09,54685"
2025-12-04T11:00:00.000-00:00,"8.1,8.1,8.1,8.09,38221"
2025-12-04T11:05:00.000-00:00,"8.11,8.1,8.11,8.1,17684"
2025-12-04T11:10:00.000-00:00,"8.11,8.12,8.12,8.11,37078"
2025-12-04T11:15:00.000-00:00,"8.11,8.11,8.13,8.11,64633"
2025-12-04T11:20:00.000-00:00,"8.11,8.11,8.11,8.11,17684"
2025-12-04T11:25:00.000-00:00,"8.12,8.12,8.12,8.11,17693"
2025-12-04T11:30:00.000-00:00,"8.11,8.1,8.11,8.1,139460"
2025-12-04T11:35:00.000-00:00,"8.1,8.11,8.11,8.1,36015"
2025-12-04T11:40:00.000-00:00,"8.1,8.11,8.11,8.1,43262"
2025-12-04T11:45:00.000-00:00,"8.11,8.12,8.14,8.11,362335"
2025-12-04T11:50:00.000-00:00,"8.12,8.14,8.14,8.12,75352"
2025-12-04T11:55:00.000-00:00,"8.13,8.13,8.14,8.13,102814"
2025-12-04T12:00:00.000-00:00,"8.12,8.12,8.13,8.12,253539"
2025-12-04T12:05:00.000-00:00,"8.13,8.1,8.13,8.09,810108"
2025-12-04T12:10:00.000-00:00,"8.09,8.1,8.1,8.07,164032"
2025-12-04T12:25:00.000-00:00,"8.08,8.08,8.08,8.08,369095"
2025-12-07T08:00:00.000-00:00,"8.18,8.3,8.3,8.15,2991629"
2025-12-07T08:05:00.000-00:00,"8.3,8.41,8.41,8.28,5327395"
2025-12-07T08:10:00.000-00:00,"8.41,8.34,8.45,8.33,1297458"
2025-12-07T08:15:00.000-00:00,"8.34,8.4,8.41,8.34,1621547"
2025-12-07T08:20:00.000-00:00,"8.4,8.35,8.41,8.33,1841726"
2025-12-07T08:25:00.000-00:00,"8.37,8.34,8.37,8.32,986908"
2025-12-07T08:30:00.000-00:00,"8.33,8.36,8.37,8.33,220578"
2025-12-07T08:35:00.000-00:00,"8.36,8.41,8.41,8.35,1109576"
2025-12-07T08:40:00.000-00:00,"8.4,8.4,8.4,8.38,565245"
2025-12-07T08:45:00.000-00:00,"8.39,8.45,8.46,8.38,2437469"
2025-12-07T08:50:00.000-00:00,"8.46,8.45,8.48,8.45,1556458"
2025-12-07T08:55:00.000-00:00,"8.46,8.46,8.47,8.44,409339"
2025-12-07T09:00:00.000-00:00,"8.46,8.52,8.52,8.46,2606531"
2025-12-07T09:05:00.000-00:00,"8.52,8.51,8.53,8.5,1801041"
2025-12-07T09:10:00.000-00:00,"8.53,8.57,8.57,8.5,3361164"
2025-12-07T09:15:00.000-00:00,"8.58,8.54,8.58,8.54,742768"
2025-12-07T09:20:00.000-00:00,"8.55,8.55,8.59,8.54,1490442"
2025-12-07T09:25:00.000-00:00,"8.55,8.56,8.57,8.54,2155824"
2025-12-07T09:30:00.000-00:00,"8.57,8.61,8.64,8.57,1765510"
2025-12-07T09:35:00.000-00:00,"8.62,8.61,8.63,8.6,161948"
2025-12-07T09:40:00.000-00:00,"8.61,8.6,8.63,8.58,1102346"
2025-12-07T09:45:00.000-00:00,"8.6,8.6,8.62,8.58,764909"
2025-12-07T09:50:00.000-00:00,"8.6,8.6,8.61,8.6,351162"
2025-12-07T09:55:00.000-00:00,"8.61,8.6,8.61,8.6,321259"
2025-12-07T10:00:00.000-00:00,"8.6,8.59,8.6,8.58,212034"
2025-12-07T10:05:00.000-00:00,"8.59,8.56,8.59,8.55,247049"
2025-12-07T10:10:00.000-00:00,"8.56,8.55,8.56,8.54,76774"
2025-12-07T10:15:00.000-00:00,"8.55,8.55,8.57,8.54,33653"
2025-12-07T10:20:00.000-00:00,"8.56,8.55,8.57,8.55,132111"
2025-12-07T10:25:00.000-00:00,"8.55,8.57,8.57,8.53,235411"
2025-12-07T10:30:00.000-00:00,"8.55,8.47,8.56,8.47,667869"
2025-12-07T10:35:00.000-00:00,"8.5,8.52,8.52,8.5,2867"
2025-12-07T10:40:00.000-00:00,"8.54,8.54,8.54,8.51,43036"
2025-12-07T10:45:00.000-00:00,"8.54,8.53,8.54,8.5,51790"
2025-12-07T10:50:00.000-00:00,"8.51,8.52,8.53,8.5,308566"
2025-12-07T10:55:00.000-00:00,"8.52,8.55,8.55,8.5,308992"
2025-12-07T11:00:00.000-00:00,"8.55,8.55,8.57,8.52,206164"
2025-12-07T11:05:00.000-00:00,"8.55,8.56,8.58,8.55,141234"
2025-12-07T11:10:00.000-00:00,"8.57,8.56,8.57,8.56,80503"
2025-12-07T11:15:00.000-00:00,"8.56,8.57,8.57,8.55,93740"
2025-12-07T11:20:00.000-00:00,"8.56,8.57,8.57,8.55,78401"
2025-12-07T11:25:00.000-00:00,"8.57,8.58,8.58,8.55,140449"
2025-12-07T11:30:00.000-00:00,"8.53,8.57,8.58,8.53,44348"
2025-12-07T11:35:00.000-00:00,"8.55,8.55,8.57,8.55,57312"
2025-12-07T11:40:00.000-00:00,"8.56,8.56,8.59,8.56,185203"
2025-12-07T11:45:00.000-00:00,"8.56,8.59,8.59,8.56,301793"
2025-12-07T11:50:00.000-00:00,"8.59,8.6,8.6,8.57,722815"
2025-12-07T11:55:00.000-00:00,"8.6,8.62,8.65,8.6,1567008"
2025-12-07T12:00:00.000-00:00,"8.62,8.63,8.63,8.6,259451"
2025-12-07T12:05:00.000-00:00,"8.64,8.62,8.64,8.62,360619"
2025-12-07T12:10:00.000-00:00,"8.63,8.58,8.63,8.58,340722"
2025-12-07T12:25:00.000-00:00,"8.6,8.6,8.6,8.6,1038061"
2025-12-08T08:00:00.000-00:00,"8.62,8.65,8.66,8.57,627514"
2025-12-08T08:05:00.000-00:00,"8.64,8.68,8.7,8.61,868720"
2025-12-08T08:10:00.000-00:00,"8.68,8.67,8.7,8.66,4506441"
2025-12-08T08:15:00.000-00:00,"8.66,8.68,8.69,8.66,59192"
2025-12-08T08:20:00.000-00:00,"8.68,8.65,8.68,8.65,287546"
2025-12-08T08:25:00.000-00:00,"8.66,8.65,8.67,8.65,50718"
2025-12-08T08:30:00.000-00:00,"8.64,8.64,8.64,8.59,315729"
2025-12-08T08:35:00.000-00:00,"8.61,8.63,8.63,8.6,330719"
2025-12-08T08:40:00.000-00:00,"8.61,8.59,8.61,8.59,367691"
2025-12-08T08:45:00.000-00:00,"8.6,8.57,8.6,8.57,325743"
2025-12-08T08:50:00.000-00:00,"8.58,8.58,8.59,8.58,25517"
2025-12-08T08:55:00.000-00:00,"8.59,8.57,8.59,8.56,311934"
2025-12-08T09:00:00.000-00:00,"8.57,8.55,8.57,8.54,260800"
2025-12-08T09:05:00.000-00:00,"8.57,8.56,8.57,8.56,3035"
2025-12-08T09:10:00.000-00:00,"8.56,8.55,8.57,8.55,49007"
2025-12-08T09:15:00.000-00:00,"8.55,8.51,8.55,8.5,304161"
2025-12-08T09:20:00.000-00:00,"8.55,8.55,8.56,8.55,59543"
2025-12-08T09:25:00.000-00:00,"8.54,8.53,8.57,8.53,36252"
2025-12-08T09:30:00.000-00:00,"8.54,8.56,8.56,8.54,980"
2025-12-08T09:35:00.000-00:00,"8.56,8.57,8.57,8.56,152367"
2025-12-08T09:40:00.000-00:00,"8.57,8.58,8.58,8.56,11930"
2025-12-08T09:45:00.000-00:00,"8.58,8.57,8.58,8.56,36431"
2025-12-08T09:50:00.000-00:00,"8.57,8.56,8.57,8.55,349046"
2025-12-08T09:55:00.000-00:00,"8.55,8.56,8.56,8.55,6876"
2025-12-08T10:00:00.000-00:00,"8.56,8.56,8.56,8.55,21932"
2025-12-08T10:05:00.000-00:00,"8.55,8.54,8.55,8.52,199813"
2025-12-08T10:10:00.000-00:00,"8.54,8.55,8.55,8.54,10147"
2025-12-08T10:15:00.000-00:00,"8.55,8.56,8.56,8.54,12971"
2025-12-08T10:20:00.000-00:00,"8.56,8.56,8.56,8.54,75012"
2025-12-08T10:25:00.000-00:00,"8.55,8.48,8.55,8.48,1012285"
2025-12-08T10:30:00.000-00:00,"8.5,8.5,8.5,8.48,386593"
2025-12-08T10:35:00.000-00:00,"8.5,8.49,8.5,8.45,906015"
2025-12-08T10:40:00.000-00:00,"8.46,8.49,8.49,8.45,176561"
2025-12-08T10:45:00.000-00:00,"8.49,8.49,8.49,8.48,158207"
2025-12-08T10:50:00.000-00:00,"8.49,8.52,8.53,8.49,72487"
2025-12-08T10:55:00.000-00:00,"8.52,8.51,8.55,8.5,78478"
2025-12-08T11:00:00.000-00:00,"8.51,8.5,8.53,8.5,40844"
2025-12-08T11:05:00.000-00:00,"8.5,8.49,8.5,8.47,41603"
2025-12-08T11:10:00.000-00:00,"8.49,8.48,8.49,8.47,83633"
2025-12-08T11:15:00.000-00:00,"8.49,8.48,8.49,8.47,94521"
2025-12-08T11:20:00.000-00:00,"8.47,8.48,8.48,8.47,40697"
2025-12-08T11:25:00.000-00:00,"8.48,8.45,8.48,8.43,879120"
2025-12-08T11:30:00.000-00:00,"8.45,8.44,8.47,8.44,526855"
2025-12-08T11:35:00.000-00:00,"8.45,8.46,8.46,8.44,308596"
2025-12-08T11:40:00.000-00:00,"8.46,8.52,8.52,8.46,311634"
2025-12-08T11:45:00.000-00:00,"8.53,8.53,8.57,8.52,562528"
2025-12-08T11:50:00.000-00:00,"8.53,8.56,8.57,8.53,301817"
2025-12-08T11:55:00.000-00:00,"8.56,8.6,8.61,8.56,1100449"
2025-12-08T12:00:00.000-00:00,"8.6,8.65,8.67,8.6,435212"
2025-12-08T12:05:00.000-00:00,"8.65,8.63,8.65,8.6,634472"
2025-12-08T12:10:00.000-00:00,"8.6,8.58,8.61,8.57,567171"
2025-12-08T12:25:00.000-00:00,"8.63,8.63,8.63,8.63,933558"
2025-12-09T08:00:00.000-00:00,"8.65,8.63,8.65,8.63,15693"
2025-12-09T08:05:00.000-00:00,"8.63,8.65,8.65,8.63,16698"
2025-12-09T08:10:00.000-00:00,"8.65,8.57,8.65,8.57,91453"
2025-12-09T08:15:00.000-00:00,"8.57,8.57,8.6,8.57,40228"
2025-12-09T08:20:00.000-00:00,"8.57,8.6,8.6,8.57,125058"
2025-12-09T08:25:00.000-00:00,"8.6,8.62,8.63,8.6,54400"
2025-12-09T08:30:00.000-00:00,"8.62,8.7,8.7,8.62,750296"
2025-12-09T08:35:00.000-00:00,"8.7,8.69,8.71,8.69,433456"
2025-12-09T08:40:00.000-00:00,"8.69,8.64,8.7,8.64,439249"
2025-12-09T08:45:00.000-00:00,"8.64,8.6,8.65,8.6,289051"
2025-12-09T08:50:00.000-00:00,"8.61,8.62,8.62,8.6,154335"
2025-12-09T08:55:00.000-00:00,"8.63,8.65,8.65,8.62,81639"
2025-12-09T09:00:00.000-00:00,"8.64,8.63,8.65,8.62,95861"
2025-12-09T09:05:00.000-00:00,"8.64,8.62,8.64,8.62,2023"
2025-12-09T09:10:00.000-00:00,"8.64,8.6,8.64,8.6,100200"
2025-12-09T09:15:00.000-00:00,"8.6,8.6,8.63,8.6,102702"
2025-12-09T09:20:00.000-00:00,"8.61,8.63,8.63,8.6,144829"
2025-12-09T09:25:00.000-00:00,"8.62,8.6,8.62,8.6,69000"
2025-12-09T09:30:00.000-00:00,"8.61,8.61,8.63,8.6,29434"
2025-12-09T09:35:00.000-00:00,"8.6,8.61,8.61,8.6,51893"
2025-12-09T09:40:00.000-00:00,"8.6,8.6,8.61,8.6,3007543"
2025-12-09T09:45:00.000-00:00,"8.6,8.6,8.61,8.6,3808"
2025-12-09T09:50:00.000-00:00,"8.61,8.6,8.62,8.6,96814"
2025-12-09T09:55:00.000-00:00,"8.62,8.6,8.62,8.6,81157"
2025-12-09T10:00:00.000-00:00,"8.61,8.6,8.61,8.6,12316"
2025-12-09T10:05:00.000-00:00,"8.6,8.59,8.6,8.59,91217"
2025-12-09T10:10:00.000-00:00,"8.58,8.58,8.58,8.57,56058"
2025-12-09T10:15:00.000-00:00,"8.57,8.59,8.59,8.57,15961"
2025-12-09T10:20:00.000-00:00,"8.59,8.6,8.6,8.58,33297"
2025-12-09T10:25:00.000-00:00,"8.6,8.61,8.62,8.6,46865"
2025-12-09T10:30:00.000-00:00,"8.62,8.6,8.62,8.6,2721"
2025-12-09T10:35:00.000-00:00,"8.6,8.58,8.6,8.58,657037"
2025-12-09T10:40:00.000-00:00,"8.58,8.59,8.59,8.58,12560"
2025-12-09T10:45:00.000-00:00,"8.58,8.6,8.6,8.58,6089"
2025-12-09T10:50:00.000-00:00,"8.6,8.6,8.6,8.6,120010"
2025-12-09T10:55:00.000-00:00,"8.6,8.59,8.6,8.59,114028"
2025-12-09T11:00:00.000-00:00,"8.6,8.6,8.6,8.59,144000"
2025-12-09T11:05:00.000-00:00,"8.59,8.6,8.6,8.59,3821"
2025-12-09T11:10:00.000-00:00,"8.6,8.55,8.61,8.55,847837"
2025-12-09T11:15:00.000-00:00,"8.55,8.55,8.58,8.54,13043"
2025-12-09T11:20:00.000-00:00,"8.55,8.55,8.58,8.55,74967"
2025-12-09T11:25:00.000-00:00,"8.55,8.53,8.55,8.51,274257"
2025-12-09T11:30:00.000-00:00,"8.53,8.52,8.54,8.52,81146"
2025-12-09T11:35:00.000-00:00,"8.54,8.55,8.55,8.51,236935"
2025-12-09T11:40:00.000-00:00,"8.58,8.58,8.58,8.55,131280"
2025-12-09T11:45:00.000-00:00,"8.58,8.55,8.59,8.55,114111"
2025-12-09T11:50:00.000-00:00,"8.58,8.6,8.6,8.55,199554"
2025-12-09T11:55:00.000-00:00,"8.6,8.6,8.61,8.6,262932"
2025-12-09T12:00:00.000-00:00,"8.6,8.6,8.6,8.6,102594"
2025-12-09T12:05:00.000-00:00,"8.6,8.62,8.62,8.6,355053"
2025-12-09T12:10:00.000-00:00,"8.61,8.6,8.61,8.55,425638"
2025-12-09T12:25:00.000-00:00,"8.6,8.6,8.6,8.6,143679"
2025-12-10T08:00:00.000-00:00,"8.61,8.61,8.65,8.6,105728"
2025-12-10T08:05:00.000-00:00,"8.64,8.64,8.64,8.64,3004"
2025-12-10T08:10:00.000-00:00,"8.62,8.61,8.62,8.6,38441"
2025-12-10T08:15:00.000-00:00,"8.62,8.63,8.64,8.61,20660"
2025-12-10T08:20:00.000-00:00,"8.6,8.6,8.6,8.57,54282"
2025-12-10T08:25:00.000-00:00,"8.6,8.61,8.61,8.6,38868"
2025-12-10T08:30:00.000-00:00,"8.61,8.62,8.62,8.6,30986"
2025-12-10T08:35:00.000-00:00,"8.6,8.58,8.6,8.58,30899"
2025-12-10T08:40:00.000-00:00,"8.59,8.6,8.6,8.56,62339"
2025-12-10T08:45:00.000-00:00,"8.57,8.57,8.57,8.57,58"
2025-12-10T08:50:00.000-00:00,"8.57,8.56,8.57,8.56,36083"
2025-12-10T08:55:00.000-00:00,"8.56,8.57,8.58,8.56,61189"
2025-12-10T09:00:00.000-00:00,"8.57,8.57,8.58,8.57,38585"
2025-12-10T09:05:00.000-00:00,"8.57,8.55,8.57,8.55,89022"
2025-12-10T09:10:00.000-00:00,"8.58,8.55,8.58,8.55,51479"
2025-12-10T09:15:00.000-00:00,"8.54,8.54,8.55,8.53,139878"
2025-12-10T09:20:00.000-00:00,"8.56,8.56,8.56,8.53,28317"
2025-12-10T09:25:00.000-00:00,"8.56,8.53,8.56,8.53,11500"
2025-12-10T09:30:00.000-00:00,"8.53,8.55,8.55,8.53,50074"
2025-12-10T09:35:00.000-00:00,"8.55,8.54,8.55,8.54,36454"
2025-12-10T09:40:00.000-00:00,"8.53,8.52,8.57,8.51,261295"
2025-12-10T09:45:00.000-00:00,"8.55,8.56,8.56,8.55,11525"
2025-12-10T09:50:00.000-00:00,"8.56,8.56,8.56,8.56,2825"
2025-12-10T09:55:00.000-00:00,"8.56,8.53,8.56,8.53,36344"
2025-12-10T10:00:00.000-00:00,"8.55,8.55,8.55,8.55,248"
2025-12-10T10:05:00.000-00:00,"8.53,8.55,8.55,8.53,278"
2025-12-10T10:10:00.000-00:00,"8.55,8.53,8.55,8.53,1220"
2025-12-10T10:15:00.000-00:00,"8.53,8.55,8.55,8.53,32522"
2025-12-10T10:20:00.000-00:00,"8.55,8.53,8.56,8.53,148971"
2025-12-10T10:30:00.000-00:00,"8.56,8.55,8.56,8.52,85420"
2025-12-10T10:35:00.000-00:00,"8.55,8.55,8.55,8.53,5200"
2025-12-10T10:40:00.000-00:00,"8.55,8.54,8.55,8.54,2100"
2025-12-10T10:45:00.000-00:00,"8.54,8.53,8.54,8.53,26500"
2025-12-10T10:50:00.000-00:00,"8.55,8.54,8.55,8.54,1107"
2025-12-10T10:55:00.000-00:00,"8.55,8.55,8.55,8.54,699"
2025-12-10T11:00:00.000-00:00,"8.54,8.53,8.54,8.53,22248"
2025-12-10T11:05:00.000-00:00,"8.53,8.5,8.54,8.49,564119"
2025-12-10T11:10:00.000-00:00,"8.5,8.48,8.5,8.46,96937"
2025-12-10T11:15:00.000-00:00,"8.48,8.51,8.51,8.48,95462"
2025-12-10T11:20:00.000-00:00,"8.5,8.5,8.51,8.48,94795"
2025-12-10T11:25:00.000-00:00,"8.48,8.49,8.5,8.48,58437"
2025-12-10T11:30:00.000-00:00,"8.5,8.5,8.51,8.49,154942"
2025-12-10T11:35:00.000-00:00,"8.5,8.5,8.51,8.49,96416"
2025-12-10T11:40:00.000-00:00,"8.49,8.51,8.55,8.49,157538"
2025-12-10T11:45:00.000-00:00,"8.51,8.54,8.55,8.51,106806"
2025-12-10T11:50:00.000-00:00,"8.54,8.53,8.55,8.53,46415"
2025-12-10T11:55:00.000-00:00,"8.54,8.53,8.55,8.53,145115"
2025-12-10T12:00:00.000-00:00,"8.55,8.52,8.55,8.52,159940"
2025-12-10T12:05:00.000-00:00,"8.52,8.51,8.55,8.5,541810"
2025-12-10T12:10:00.000-00:00,"8.51,8.5,8.53,8.47,408048"
2025-12-10T12:25:00.000-00:00,"8.5,8.5,8.5,8.5,163500"
2025-12-11T08:00:00.000-00:00,"8.52,8.54,8.54,8.5,17810"
2025-12-11T08:05:00.000-00:00,"8.52,8.55,8.55,8.52,17515"
2025-12-11T08:10:00.000-00:00,"8.54,8.53,8.54,8.53,3042"
2025-12-11T08:15:00.000-00:00,"8.54,8.53,8.54,8.53,17759"
2025-12-11T08:20:00.000-00:00,"8.53,8.56,8.56,8.52,73763"
2025-12-11T08:25:00.000-00:00,"8.56,8.56,8.58,8.56,5674"
2025-12-11T08:30:00.000-00:00,"8.56,8.58,8.58,8.56,51738"
2025-12-11T08:35:00.000-00:00,"8.59,8.66,8.75,8.59,1938736"
2025-12-11T08:40:00.000-00:00,"8.66,8.66,8.7,8.65,236308"
2025-12-11T08:45:00.000-00:00,"8.66,8.66,8.67,8.6,266641"
2025-12-11T08:50:00.000-00:00,"8.64,8.64,8.64,8.64,3521"
2025-12-11T08:55:00.000-00:00,"8.64,8.65,8.66,8.64,267936"
2025-12-11T09:00:00.000-00:00,"8.65,8.64,8.66,8.62,1062430"
2025-12-11T09:05:00.000-00:00,"8.62,8.61,8.62,8.61,33000"
2025-12-11T09:10:00.000-00:00,"8.63,8.65,8.66,8.62,403889"
2025-12-11T09:15:00.000-00:00,"8.66,8.68,8.68,8.66,383751"
2025-12-11T09:20:00.000-00:00,"8.69,8.69,8.69,8.68,122991"
2025-12-11T09:25:00.000-00:00,"8.69,8.68,8.7,8.68,1479325"
2025-12-11T09:30:00.000-00:00,"8.65,8.66,8.68,8.64,13853"
2025-12-11T09:35:00.000-00:00,"8.66,8.7,8.71,8.66,537134"
2025-12-11T09:40:00.000-00:00,"8.67,8.69,8.7,8.65,291310"
2025-12-11T09:45:00.000-00:00,"8.68,8.68,8.68,8.66,2026"
2025-12-11T09:50:00.000-00:00,"8.67,8.69,8.69,8.64,88072"
2025-12-11T09:55:00.000-00:00,"8.69,8.69,8.7,8.69,104806"
2025-12-11T10:00:00.000-00:00,"8.7,8.69,8.7,8.67,69704"
2025-12-11T10:05:00.000-00:00,"8.69,8.69,8.69,8.62,1173192"
2025-12-11T10:10:00.000-00:00,"8.63,8.68,8.68,8.63,35888"
2025-12-11T10:15:00.000-00:00,"8.67,8.61,8.67,8.6,379115"
2025-12-11T10:20:00.000-00:00,"8.61,8.6,8.61,8.6,36054"
2025-12-11T10:25:00.000-00:00,"8.6,8.59,8.6,8.59,28194"
2025-12-11T10:30:00.000-00:00,"8.6,8.6,8.6,8.59,170426"
2025-12-11T10:35:00.000-00:00,"8.65,8.57,8.65,8.57,142283"
2025-12-11T10:40:00.000-00:00,"8.6,8.59,8.6,8.58,90385"
2025-12-11T10:45:00.000-00:00,"8.57,8.66,8.66,8.57,2192993"
2025-12-11T10:50:00.000-00:00,"8.6,8.59,8.64,8.59,1631"
2025-12-11T10:55:00.000-00:00,"8.59,8.6,8.6,8.59,10728"
2025-12-11T11:00:00.000-00:00,"8.59,8.6,8.6,8.59,22011"
2025-12-11T11:05:00.000-00:00,"8.6,8.6,8.65,8.59,287810"
2025-12-11T11:10:00.000-00:00,"8.6,8.65,8.65,8.59,355430"
2025-12-11T11:15:00.000-00:00,"8.64,8.6,8.64,8.6,78570"
2025-12-11T11:20:00.000-00:00,"8.61,8.6,8.61,8.6,104112"
2025-12-11T11:25:00.000-00:00,"8.6,8.59,8.61,8.59,226263"
2025-12-11T11:30:00.000-00:00,"8.59,8.59,8.6,8.59,43078"
2025-12-11T11:35:00.000-00:00,"8.59,8.6,8.6,8.58,16621"
2025-12-11T11:40:00.000-00:00,"8.59,8.58,8.6,8.51,654641"
2025-12-11T11:45:00.000-00:00,"8.55,8.59,8.59,8.55,37730"
2025-12-11T11:50:00.000-00:00,"8.58,8.58,8.59,8.58,14689"
2025-12-11T11:55:00.000-00:00,"8.58,8.6,8.6,8.58,43564"
2025-12-11T12:00:00.000-00:00,"8.6,8.6,8.6,8.59,118568"
2025-12-11T12:05:00.000-00:00,"8.6,8.59,8.6,8.58,303432"
2025-12-11T12:10:00.000-00:00,"8.59,8.5,8.59,8.5,1167249"
2025-12-11T12:25:00.000-00:00,"8.5,8.5,8.5,8.5,262187"
2025-12-14T08:00:00.000-00:00,"8.55,8.54,8.56,8.53,46340"
2025-12-14T08:05:00.000-00:00,"8.56,8.51,8.56,8.51,75219"
2025-12-14T08:10:00.000-00:00,"8.51,8.58,8.58,8.5,92163"
2025-12-14T08:15:00.000-00:00,"8.56,8.55,8.56,8.54,26676"
2025-12-14T08:20:00.000-00:00,"8.55,8.51,8.55,8.5,126560"
2025-12-14T08:25:00.000-00:00,"8.51,8.5,8.53,8.5,81515"
2025-12-14T08:30:00.000-00:00,"8.52,8.51,8.54,8.51,6208"
2025-12-14T08:35:00.000-00:00,"8.52,8.53,8.53,8.5,146438"
2025-12-14T08:40:00.000-00:00,"8.51,8.54,8.54,8.51,28328"
2025-12-14T08:45:00.000-00:00,"8.53,8.51,8.53,8.51,41905"
2025-12-14T08:50:00.000-00:00,"8.51,8.47,8.51,8.47,412653"
2025-12-14T08:55:00.000-00:00,"8.48,8.48,8.5,8.47,107697"
2025-12-14T09:00:00.000-00:00,"8.47,8.49,8.49,8.45,120814"
2025-12-14T09:05:00.000-00:00,"8.49,8.49,8.51,8.48,156422"
2025-12-14T09:10:00.000-00:00,"8.49,8.48,8.5,8.46,244640"
2025-12-14T09:15:00.000-00:00,"8.48,8.49,8.49,8.48,18916"
2025-12-14T09:20:00.000-00:00,"8.49,8.47,8.49,8.46,117706"
2025-12-14T09:25:00.000-00:00,"8.48,8.49,8.49,8.48,28693"
2025-12-14T09:30:00.000-00:00,"8.49,8.49,8.49,8.48,21925"
2025-12-14T09:35:00.000-00:00,"8.49,8.5,8.5,8.49,23758"
2025-12-14T09:40:00.000-00:00,"8.49,8.5,8.5,8.47,315745"
2025-12-14T09:45:00.000-00:00,"8.51,8.5,8.51,8.48,78256"
2025-12-14T09:50:00.000-00:00,"8.5,8.5,8.5,8.5,108913"
2025-12-14T09:55:00.000-00:00,"8.5,8.49,8.5,8.49,28150"
2025-12-14T10:00:00.000-00:00,"8.49,8.47,8.49,8.47,130100"
2025-12-14T10:05:00.000-00:00,"8.47,8.48,8.49,8.47,10442"
2025-12-14T10:10:00.000-00:00,"8.49,8.47,8.49,8.46,135834"
2025-12-14T10:15:00.000-00:00,"8.48,8.47,8.48,8.46,70187"
2025-12-14T10:20:00.000-00:00,"8.47,8.43,8.47,8.43,232645"
2025-12-14T10:25:00.000-00:00,"8.43,8.42,8.49,8.4,846071"
2025-12-14T10:30:00.000-00:00,"8.45,8.4,8.45,8.4,1040472"
2025-12-14T10:35:00.000-00:00,"8.42,8.41,8.42,8.4,28287"
2025-12-14T10:40:00.000-00:00,"8.41,8.41,8.42,8.38,299819"
2025-12-14T10:45:00.000-00:00,"8.41,8.42,8.42,8.41,11951"
2025-12-14T10:50:00.000-00:00,"8.44,8.43,8.44,8.4,139943"
2025-12-14T10:55:00.000-00:00,"8.41,8.43,8.43,8.4,29092"
2025-12-14T11:00:00.000-00:00,"8.43,8.41,8.43,8.4,5877"
2025-12-14T11:05:00.000-00:00,"8.41,8.43,8.43,8.39,154798"
2025-12-14T11:10:00.000-00:00,"8.4,8.41,8.42,8.38,85392"
2025-12-14T11:15:00.000-00:00,"8.4,8.4,8.4,8.39,1038"
2025-12-14T11:20:00.000-00:00,"8.4,8.42,8.46,8.4,186728"
2025-12-14T11:25:00.000-00:00,"8.45,8.44,8.45,8.43,26135"
2025-12-14T11:30:00.000-00:00,"8.44,8.42,8.44,8.4,39513"
2025-12-14T11:35:00.000-00:00,"8.44,8.43,8.44,8.4,243469"
2025-12-14T11:40:00.000-00:00,"8.43,8.4,8.44,8.4,158185"
2025-12-14T11:45:00.000-00:00,"8.43,8.41,8.46,8.41,224840"
2025-12-14T11:50:00.000-00:00,"8.41,8.42,8.44,8.41,10422"
2025-12-14T11:55:00.000-00:00,"8.43,8.42,8.43,8.42,25808"
2025-12-14T12:00:00.000-00:00,"8.42,8.42,8.43,8.41,122979"
2025-12-14T12:05:00.000-00:00,"8.43,8.47,8.47,8.43,222068"
2025-12-14T12:10:00.000-00:00,"8.47,8.46,8.47,8.45,32006"
2025-12-14T12:25:00.000-00:00,"8.43,8.43,8.43,8.43,259042"
2025-12-15T08:00:00.000-00:00,"8.45,8.61,8.65,8.45,1165218"
2025-12-15T08:05:00.000-00:00,"8.62,8.7,8.7,8.6,2412679"
2025-12-15T08:10:00.000-00:00,"8.71,8.68,8.75,8.65,1005203"
2025-12-15T08:15:00.000-00:00,"8.67,8.7,8.7,8.64,1195711"
2025-12-15T08:20:00.000-00:00,"8.7,8.81,8.81,8.7,2405193"
2025-12-15T08:25:00.000-00:00,"8.81,8.76,8.81,8.75,1473067"
2025-12-15T08:30:00.000-00:00,"8.76,8.73,8.77,8.73,142184"
2025-12-15T08:35:00.000-00:00,"8.73,8.7,8.73,8.68,985923"
2025-12-15T08:40:00.000-00:00,"8.72,8.73,8.75,8.7,128210"
2025-12-15T08:45:00.000-00:00,"8.72,8.69,8.72,8.68,101319"
2025-12-15T08:50:00.000-00:00,"8.69,8.66,8.69,8.66,70500"
2025-12-15T08:55:00.000-00:00,"8.7,8.7,8.73,8.66,358982"
2025-12-15T09:00:00.000-00:00,"8.72,8.7,8.72,8.7,19186"
2025-12-15T09:05:00.000-00:00,"8.72,8.72,8.72,8.7,110030"
2025-12-15T09:10:00.000-00:00,"8.72,8.71,8.72,8.7,261358"
2025-12-15T09:15:00.000-00:00,"8.7,8.69,8.71,8.68,592820"
2025-12-15T09:20:00.000-00:00,"8.69,8.65,8.7,8.65,1325346"
2025-12-15T09:25:00.000-00:00,"8.69,8.71,8.73,8.67,245031"
2025-12-15T09:30:00.000-00:00,"8.72,8.69,8.72,8.69,602080"
2025-12-15T09:35:00.000-00:00,"8.68,8.7,8.71,8.68,714452"
2025-12-15T09:40:00.000-00:00,"8.7,8.69,8.7,8.69,22702"
2025-12-15T09:45:00.000-00:00,"8.69,8.69,8.7,8.69,35848"
2025-12-15T09:50:00.000-00:00,"8.69,8.74,8.74,8.69,568699"
2025-12-15T09:55:00.000-00:00,"8.74,8.73,8.74,8.72,387961"
2025-12-15T10:00:00.000-00:00,"8.74,8.72,8.74,8.72,121747"
2025-12-15T10:05:00.000-00:00,"8.72,8.71,8.74,8.7,481172"
2025-12-15T10:10:00.000-00:00,"8.74,8.75,8.75,8.71,630205"
2025-12-15T10:15:00.000-00:00,"8.75,8.74,8.76,8.74,56882"
2025-12-15T10:20:00.000-00:00,"8.74,8.7,8.74,8.7,194508"
2025-12-15T10:25:00.000-00:00,"8.7,8.74,8.74,8.7,138924"
2025-12-15T10:30:00.000-00:00,"8.74,8.73,8.74,8.69,111865"
2025-12-15T10:35:00.000-00:00,"8.73,8.7,8.73,8.7,96464"
2025-12-15T10:40:00.000-00:00,"8.7,8.68,8.7,8.68,39844"
2025-12-15T10:45:00.000-00:00,"8.68,8.68,8.7,8.68,118073"
2025-12-15T10:50:00.000-00:00,"8.68,8.7,8.7,8.68,29156"
2025-12-15T10:55:00.000-00:00,"8.68,8.7,8.7,8.67,180909"
2025-12-15T11:00:00.000-00:00,"8.7,8.69,8.7,8.68,4243"
2025-12-15T11:05:00.000-00:00,"8.69,8.69,8.69,8.68,15126"
2025-12-15T11:10:00.000-00:00,"8.69,8.67,8.69,8.67,23620"
2025-12-15T11:15:00.000-00:00,"8.68,8.65,8.68,8.64,328309"
2025-12-15T11:20:00.000-00:00,"8.67,8.66,8.67,8.64,164171"
2025-12-15T11:25:00.000-00:00,"8.66,8.63,8.66,8.63,113848"
2025-12-15T11:30:00.000-00:00,"8.64,8.65,8.65,8.63,156107"
2025-12-15T11:35:00.000-00:00,"8.65,8.65,8.65,8.64,126285"
2025-12-15T11:40:00.000-00:00,"8.65,8.64,8.66,8.64,417932"
2025-12-15T11:45:00.000-00:00,"8.65,8.65,8.65,8.64,122415"
2025-12-15T11:50:00.000-00:00,"8.64,8.65,8.65,8.6,1374724"
2025-12-15T11:55:00.000-00:00,"8.64,8.65,8.65,8.61,151570"
2025-12-15T12:00:00.000-00:00,"8.63,8.63,8.64,8.62,38168"
2025-12-15T12:05:00.000-00:00,"8.62,8.62,8.64,8.61,85992"
2025-12-15T12:10:00.000-00:00,"8.62,8.7,8.7,8.61,1088883"
2025-12-15T12:25:00.000-00:00,"8.67,8.67,8.67,8.67,367563"
2025-12-16T08:00:00.000-00:00,"8.68,8.66,8.69,8.65,205306"
2025-12-16T08:05:00.000-00:00,"8.66,8.66,8.67,8.63,174393"
2025-12-16T08:10:00.000-00:00,"8.66,8.68,8.68,8.64,179533"
2025-12-16T08:15:00.000-00:00,"8.68,8.68,8.68,8.66,88096"
2025-12-16T08:20:00.000-00:00,"8.68,8.69,8.69,8.67,50387"
2025-12-16T08:25:00.000-00:00,"8.68,8.69,8.7,8.68,185128"
2025-12-16T08:30:00.000-00:00,"8.68,8.68,8.69,8.68,35793"
2025-12-16T08:35:00.000-00:00,"8.67,8.67,8.67,8.67,48435"
2025-12-16T08:40:00.000-00:00,"8.68,8.68,8.69,8.68,12303"
2025-12-16T08:45:00.000-00:00,"8.68,8.69,8.7,8.68,48781"
2025-12-16T08:50:00.000-00:00,"8.69,8.69,8.72,8.69,259206"
2025-12-16T08:55:00.000-00:00,"8.69,8.65,8.7,8.65,187575"
2025-12-16T09:00:00.000-00:00,"8.65,8.68,8.68,8.65,74091"
2025-12-16T09:05:00.000-00:00,"8.68,8.65,8.68,8.63,170924"
2025-12-16T09:10:00.000-00:00,"8.65,8.66,8.66,8.65,45495"
2025-12-16T09:15:00.000-00:00,"8.67,8.64,8.67,8.64,146376"
2025-12-16T09:20:00.000-00:00,"8.66,8.62,8.66,8.61,338764"
2025-12-16T09:25:00.000-00:00,"8.62,8.6,8.62,8.6,239458"
2025-12-16T09:30:00.000-00:00,"8.63,8.6,8.64,8.6,29601"
2025-12-16T09:35:00.000-00:00,"8.63,8.64,8.64,8.63,50677"
2025-12-16T09:40:00.000-00:00,"8.61,8.62,8.62,8.6,127253"
2025-12-16T09:45:00.000-00:00,"8.61,8.61,8.61,8.59,145650"
2025-12-16T09:50:00.000-00:00,"8.62,8.6,8.63,8.6,43181"
2025-12-16T09:55:00.000-00:00,"8.62,8.62,8.63,8.62,48139"
2025-12-16T10:00:00.000-00:00,"8.62,8.61,8.62,8.61,28711"
2025-12-16T10:05:00.000-00:00,"8.62,8.61,8.62,8.61,48372"
2025-12-16T10:10:00.000-00:00,"8.62,8.63,8.63,8.62,5438"
2025-12-16T10:15:00.000-00:00,"8.63,8.62,8.63,8.62,61789"
2025-12-16T10:20:00.000-00:00,"8.63,8.65,8.66,8.62,90048"
2025-12-16T10:25:00.000-00:00,"8.65,8.63,8.65,8.63,93999"
2025-12-16T10:30:00.000-00:00,"8.63,8.65,8.65,8.63,11668"
2025-12-16T10:35:00.000-00:00,"8.64,8.63,8.64,8.62,151836"
2025-12-16T10:40:00.000-00:00,"8.62,8.63,8.63,8.62,2871"
2025-12-16T10:45:00.000-00:00,"8.63,8.63,8.63,8.63,2266"
2025-12-16T10:50:00.000-00:00,"8.63,8.64,8.64,8.62,142795"
2025-12-16T10:55:00.000-00:00,"8.63,8.61,8.64,8.61,38424"
2025-12-16T11:00:00.000-00:00,"8.61,8.6,8.62,8.6,374149"
2025-12-16T11:05:00.000-00:00,"8.6,8.59,8.6,8.59,141991"
2025-12-16T11:10:00.000-00:00,"8.59,8.59,8.59,8.57,123708"
2025-12-16T11:15:00.000-00:00,"8.59,8.58,8.59,8.56,226336"
2025-12-16T11:20:00.000-00:00,"8.57,8.57,8.57,8.55,32451"
2025-12-16T11:25:00.000-00:00,"8.56,8.56,8.58,8.55,163419"
2025-12-16T11:30:00.000-00:00,"8.55,8.56,8.57,8.55,76752"
2025-12-16T11:35:00.000-00:00,"8.56,8.58,8.58,8.56,20952"
2025-12-16T11:40:00.000-00:00,"8.58,8.57,8.6,8.57,35565"
2025-12-16T11:45:00.000-00:00,"8.58,8.58,8.58,8.57,20235"
2025-12-16T11:50:00.000-00:00,"8.57,8.58,8.58,8.56,19629"
2025-12-16T11:55:00.000-00:00,"8.57,8.55,8.57,8.55,42349"
2025-12-16T12:00:00.000-00:00,"8.55,8.54,8.56,8.54,182318"
2025-12-16T12:05:00.000-00:00,"8.54,8.69,8.69,8.52,758150"
2025-12-16T12:10:00.000-00:00,"8.64,8.68,8.68,8.57,388806"
2025-12-16T12:25:00.000-00:00,"8.55,8.55,8.55,8.55,895345"
2025-12-17T08:00:00.000-00:00,"8.58,8.56,8.6,8.55,74533"
2025-12-17T08:05:00.000-00:00,"8.56,8.56,8.6,8.56,37709"
2025-12-17T08:10:00.000-00:00,"8.56,8.55,8.56,8.53,241529"
2025-12-17T08:15:00.000-00:00,"8.53,8.51,8.54,8.51,135523"
2025-12-17T08:20:00.000-00:00,"8.54,8.54,8.55,8.52,33064"
2025-12-17T08:25:00.000-00:00,"8.54,8.54,8.55,8.53,26197"
2025-12-17T08:30:00.000-00:00,"8.54,8.52,8.56,8.52,138867"
2025-12-17T08:35:00.000-00:00,"8.54,8.55,8.55,8.53,16950"
2025-12-17T08:40:00.000-00:00,"8.55,8.54,8.55,8.53,14450"
2025-12-17T08:45:00.000-00:00,"8.54,8.53,8.54,8.53,20000"
2025-12-17T08:50:00.000-00:00,"8.53,8.54,8.54,8.53,16831"
2025-12-17T08:55:00.000-00:00,"8.55,8.53,8.56,8.53,92273"
2025-12-17T09:00:00.000-00:00,"8.53,8.55,8.55,8.53,34844"
2025-12-17T09:05:00.000-00:00,"8.55,8.55,8.6,8.54,183481"
2025-12-17T09:10:00.000-00:00,"8.55,8.55,8.55,8.54,9657"
2025-12-17T09:15:00.000-00:00,"8.54,8.53,8.54,8.53,32823"
2025-12-17T09:20:00.000-00:00,"8.54,8.52,8.54,8.52,192291"
2025-12-17T09:25:00.000-00:00,"8.52,8.53,8.53,8.52,3894"
2025-12-17T09:30:00.000-00:00,"8.52,8.5,8.53,8.5,394931"
2025-12-17T09:35:00.000-00:00,"8.52,8.51,8.53,8.51,26994"
2025-12-17T09:40:00.000-00:00,"8.53,8.53,8.53,8.52,14981"
2025-12-17T09:45:00.000-00:00,"8.52,8.52,8.52,8.5,68468"
2025-12-17T09:50:00.000-00:00,"8.53,8.51,8.53,8.51,20768"
2025-12-17T09:55:00.000-00:00,"8.51,8.52,8.52,8.51,3371"
2025-12-17T10:00:00.000-00:00,"8.52,8.54,8.54,8.51,19155"
2025-12-17T10:05:00.000-00:00,"8.54,8.51,8.54,8.51,3285"
2025-12-17T10:10:00.000-00:00,"8.54,8.51,8.54,8.51,1195"
2025-12-17T10:15:00.000-00:00,"8.51,8.5,8.51,8.5,192829"
2025-12-17T10:20:00.000-00:00,"8.51,8.54,8.54,8.5,63445"
2025-12-17T10:25:00.000-00:00,"8.54,8.54,8.54,8.53,40179"
2025-12-17T10:30:00.000-00:00,"8.53,8.53,8.53,8.52,56289"
2025-12-17T10:35:00.000-00:00,"8.54,8.53,8.54,8.53,33607"
2025-12-17T10:40:00.000-00:00,"8.52,8.52,8.53,8.52,2797"
2025-12-17T10:45:00.000-00:00,"8.53,8.53,8.53,8.53,58"
2025-12-17T10:50:00.000-00:00,"8.53,8.53,8.54,8.53,25346"
2025-12-17T10:55:00.000-00:00,"8.53,8.53,8.54,8.53,269523"
2025-12-17T11:00:00.000-00:00,"8.53,8.51,8.53,8.51,3003"
2025-12-17T11:05:00.000-00:00,"8.52,8.51,8.52,8.51,20501"
2025-12-17T11:10:00.000-00:00,"8.51,8.51,8.51,8.51,23436"
2025-12-17T11:15:00.000-00:00,"8.51,8.5,8.51,8.5,27751"
2025-12-17T11:20:00.000-00:00,"8.5,8.5,8.5,8.49,145364"
2025-12-17T11:25:00.000-00:00,"8.5,8.49,8.5,8.48,41182"
2025-12-17T11:30:00.000-00:00,"8.49,8.49,8.49,8.49,9612"
2025-12-17T11:35:00.000-00:00,"8.49,8.49,8.49,8.48,4399"
2025-12-17T11:40:00.000-00:00,"8.49,8.48,8.51,8.48,152197"
2025-12-17T11:45:00.000-00:00,"8.48,8.5,8.5,8.48,8214"
2025-12-17T11:50:00.000-00:00,"8.5,8.51,8.56,8.5,377292"
2025-12-17T11:55:00.000-00:00,"8.51,8.51,8.54,8.51,30018"
2025-12-17T12:00:00.000-00:00,"8.53,8.5,8.53,8.5,45764"
2025-12-17T12:05:00.000-00:00,"8.52,8.48,8.52,8.47,446044"
2025-12-17T12:10:00.000-00:00,"8.49,8.52,8.52,8.39,1847074"
2025-12-17T12:25:00.000-00:00,"8.45,8.45,8.45,8.45,735667"
2025-12-18T08:00:00.000-00:00,"8.46,8.46,8.51,8.46,116154"
2025-12-18T08:05:00.000-00:00,"8.49,8.46,8.5,8.46,16720"
2025-12-18T08:10:00.000-00:00,"8.46,8.48,8.49,8.46,10969"
2025-12-18T08:15:00.000-00:00,"8.49,8.51,8.51,8.49,70914"
2025-12-18T08:20:00.000-00:00,"8.51,8.5,8.51,8.49,11158"
2025-12-18T08:25:00.000-00:00,"8.5,8.49,8.51,8.49,10085"
2025-12-18T08:30:00.000-00:00,"8.49,8.46,8.49,8.46,61119"
2025-12-18T08:35:00.000-00:00,"8.46,8.49,8.5,8.45,35448"
2025-12-18T08:40:00.000-00:00,"8.46,8.46,8.46,8.46,23000"
2025-12-18T08:50:00.000-00:00,"8.48,8.45,8.48,8.45,39914"
2025-12-18T08:55:00.000-00:00,"8.46,8.47,8.47,8.46,9902"
2025-12-18T09:00:00.000-00:00,"8.47,8.45,8.47,8.43,123087"
2025-12-18T09:05:00.000-00:00,"8.45,8.43,8.47,8.42,157224"
2025-12-18T09:10:00.000-00:00,"8.43,8.43,8.45,8.43,11289"
2025-12-18T09:15:00.000-00:00,"8.43,8.4,8.44,8.39,479650"
2025-12-18T09:20:00.000-00:00,"8.4,8.4,8.4,8.38,65290"
2025-12-18T09:25:00.000-00:00,"8.4,8.4,8.4,8.39,114423"
2025-12-18T09:30:00.000-00:00,"8.4,8.39,8.4,8.39,11819"
2025-12-18T09:35:00.000-00:00,"8.4,8.4,8.45,8.4,23989"
2025-12-18T09:40:00.000-00:00,"8.42,8.41,8.48,8.4,157485"
2025-12-18T09:45:00.000-00:00,"8.41,8.41,8.45,8.41,68584"
2025-12-18T09:50:00.000-00:00,"8.41,8.4,8.42,8.4,140418"
2025-12-18T09:55:00.000-00:00,"8.4,8.42,8.44,8.4,521711"
2025-12-18T10:00:00.000-00:00,"8.42,8.44,8.44,8.42,7077"
2025-12-18T10:05:00.000-00:00,"8.43,8.42,8.44,8.42,20084"
2025-12-18T10:10:00.000-00:00,"8.44,8.4,8.44,8.4,36299"
2025-12-18T10:15:00.000-00:00,"8.4,8.45,8.46,8.4,716004"
2025-12-18T10:20:00.000-00:00,"8.45,8.47,8.47,8.45,121199"
2025-12-18T10:25:00.000-00:00,"8.46,8.45,8.46,8.45,13812"
2025-12-18T10:30:00.000-00:00,"8.45,8.45,8.46,8.45,13826"
2025-12-18T10:35:00.000-00:00,"8.45,8.42,8.45,8.42,75807"
2025-12-18T10:40:00.000-00:00,"8.45,8.45,8.45,8.45,41000"
2025-12-18T10:45:00.000-00:00,"8.42,8.42,8.45,8.4,695607"
2025-12-18T10:50:00.000-00:00,"8.41,8.44,8.44,8.4,2426"
2025-12-18T10:55:00.000-00:00,"8.41,8.4,8.42,8.4,94558"
2025-12-18T11:00:00.000-00:00,"8.42,8.4,8.42,8.4,30436"
2025-12-18T11:05:00.000-00:00,"8.41,8.41,8.43,8.41,1655"
2025-12-18T11:10:00.000-00:00,"8.42,8.42,8.42,8.41,18035"
2025-12-18T11:15:00.000-00:00,"8.42,8.41,8.42,8.4,71310"
2025-12-18T11:20:00.000-00:00,"8.42,8.41,8.42,8.4,5902"
2025-12-18T11:25:00.000-00:00,"8.41,8.41,8.42,8.41,31590"
2025-12-18T11:30:00.000-00:00,"8.4,8.38,8.4,8.36,290248"
2025-12-18T11:35:00.000-00:00,"8.38,8.35,8.39,8.33,291985"
2025-12-18T11:40:00.000-00:00,"8.34,8.33,8.35,8.33,53780"
2025-12-18T11:45:00.000-00:00,"8.34,8.33,8.34,8.32,491460"
2025-12-18T11:50:00.000-00:00,"8.33,8.35,8.35,8.32,227041"
2025-12-18T11:55:00.000-00:00,"8.35,8.34,8.35,8.32,367807"
2025-12-18T12:00:00.000-00:00,"8.35,8.37,8.37,8.33,1256038"
2025-12-18T12:05:00.000-00:00,"8.35,8.36,8.36,8.34,542413"
2025-12-18T12:10:00.000-00:00,"8.36,8.39,8.39,8.35,246756"
2025-12-18T12:25:00.000-00:00,"8.3,8.3,8.3,8.3,1184891"
2025-12-21T08:00:00.000-00:00,"8.3,8.33,8.34,8.3,24994"
2025-12-21T08:05:00.000-00:00,"8.31,8.32,8.32,8.25,277682"
2025-12-21T08:10:00.000-00:00,"8.3,8.33,8.33,8.3,144886"
2025-12-21T08:15:00.000-00:00,"8.33,8.32,8.34,8.3,101936"
2025-12-21T08:20:00.000-00:00,"8.33,8.33,8.34,8.3,302941"
2025-12-21T08:25:00.000-00:00,"8.33,8.32,8.34,8.31,168768"
2025-12-21T08:30:00.000-00:00,"8.31,8.31,8.34,8.31,45832"
2025-12-21T08:35:00.000-00:00,"8.31,8.33,8.34,8.31,34029"
2025-12-21T08:40:00.000-00:00,"8.33,8.33,8.34,8.32,42587"
2025-12-21T08:45:00.000-00:00,"8.32,8.31,8.33,8.3,170715"
2025-12-21T08:50:00.000-00:00,"8.31,8.3,8.33,8.3,31239"
2025-12-21T08:55:00.000-00:00,"8.33,8.29,8.33,8.29,37027"
2025-12-21T09:00:00.000-00:00,"8.29,8.3,8.31,8.29,48846"
2025-12-21T09:05:00.000-00:00,"8.3,8.27,8.3,8.27,57530"
2025-12-21T09:10:00.000-00:00,"8.27,8.26,8.28,8.26,73304"
2025-12-21T09:15:00.000-00:00,"8.27,8.28,8.28,8.26,22802"
2025-12-21T09:20:00.000-00:00,"8.27,8.27,8.29,8.26,82605"
2025-12-21T09:25:00.000-00:00,"8.27,8.31,8.31,8.27,262577"
2025-12-21T09:30:00.000-00:00,"8.3,8.3,8.31,8.29,26551"
2025-12-21T09:35:00.000-00:00,"8.31,8.3,8.31,8.3,76300"
2025-12-21T09:40:00.000-00:00,"8.3,8.32,8.32,8.3,60826"
2025-12-21T09:45:00.000-00:00,"8.32,8.3,8.32,8.3,5291"
2025-12-21T09:50:00.000-00:00,"8.31,8.3,8.31,8.3,34711"
2025-12-21T09:55:00.000-00:00,"8.31,8.28,8.31,8.28,64737"
2025-12-21T10:00:00.000-00:00,"8.28,8.3,8.3,8.28,74732"
2025-12-21T10:05:00.000-00:00,"8.29,8.29,8.29,8.27,13206"
2025-12-21T10:10:00.000-00:00,"8.29,8.27,8.29,8.27,39569"
2025-12-21T10:15:00.000-00:00,"8.26,8.27,8.27,8.26,38666"
2025-12-21T10:20:00.000-00:00,"8.27,8.3,8.3,8.27,60501"
2025-12-21T10:25:00.000-00:00,"8.3,8.29,8.3,8.28,6315"
2025-12-21T10:30:00.000-00:00,"8.3,8.25,8.3,8.25,660879"
2025-12-21T10:35:00.000-00:00,"8.27,8.25,8.27,8.25,82585"
2025-12-21T10:40:00.000-00:00,"8.25,8.24,8.25,8.22,157628"
2025-12-21T10:45:00.000-00:00,"8.23,8.24,8.26,8.23,218851"
2025-12-21T10:50:00.000-00:00,"8.24,8.24,8.26,8.24,17635"
2025-12-21T10:55:00.000-00:00,"8.25,8.25,8.25,8.23,53760"
2025-12-21T11:00:00.000-00:00,"8.24,8.25,8.25,8.24,46622"
2025-12-21T11:05:00.000-00:00,"8.25,8.25,8.25,8.24,46395"
2025-12-21T11:10:00.000-00:00,"8.25,8.25,8.26,8.24,31016"
2025-12-21T11:15:00.000-00:00,"8.25,8.24,8.25,8.24,7525"
2025-12-21T11:20:00.000-00:00,"8.24,8.25,8.25,8.23,60077"
2025-12-21T11:25:00.000-00:00,"8.26,8.22,8.26,8.22,123973"
2025-12-21T11:30:00.000-00:00,"8.22,8.24,8.24,8.22,63509"
2025-12-21T11:35:00.000-00:00,"8.24,8.28,8.29,8.23,86196"
2025-12-21T11:40:00.000-00:00,"8.25,8.25,8.25,8.24,44068"
2025-12-21T11:45:00.000-00:00,"8.27,8.31,8.31,8.27,297994"
2025-12-21T11:50:00.000-00:00,"8.31,8.31,8.31,8.3,650919"
2025-12-21T11:55:00.000-00:00,"8.3,8.3,8.31,8.3,260072"
2025-12-21T12:00:00.000-00:00,"8.3,8.32,8.32,8.3,409808"
2025-12-21T12:05:00.000-00:00,"8.32,8.31,8.32,8.3,507630"
2025-12-21T12:10:00.000-00:00,"8.32,8.3,8.32,8.3,324090"
2025-12-21T12:25:00.000-00:00,"8.3,8.3,8.3,8.3,113510"
2025-12-22T08:00:00.000-00:00,"8.32,8.32,8.33,8.31,62174"
2025-12-22T08:05:00.000-00:00,"8.34,8.34,8.34,8.31,34733"
2025-12-22T08:10:00.000-00:00,"8.32,8.33,8.35,8.31,75202"
2025-12-22T08:15:00.000-00:00,"8.34,8.35,8.36,8.34,174174"
2025-12-22T08:20:00.000-00:00,"8.35,8.35,8.36,8.35,35788"
2025-12-22T08:25:00.000-00:00,"8.35,8.35,8.35,8.33,121144"
2025-12-22T08:30:00.000-00:00,"8.35,8.35,8.36,8.35,134007"
2025-12-22T08:35:00.000-00:00,"8.35,8.4,8.4,8.35,774393"
2025-12-22T08:40:00.000-00:00,"8.41,8.43,8.49,8.4,996122"
2025-12-22T08:45:00.000-00:00,"8.43,8.42,8.45,8.42,138551"
2025-12-22T08:50:00.000-00:00,"8.44,8.42,8.44,8.42,62156"
2025-12-22T08:55:00.000-00:00,"8.42,8.42,8.42,8.41,11529"
2025-12-22T09:00:00.000-00:00,"8.42,8.43,8.43,8.42,13219"
2025-12-22T09:05:00.000-00:00,"8.43,8.44,8.44,8.43,36672"
2025-12-22T09:10:00.000-00:00,"8.43,8.41,8.44,8.41,98247"
2025-12-22T09:15:00.000-00:00,"8.41,8.42,8.42,8.4,90712"
2025-12-22T09:20:00.000-00:00,"8.4,8.41,8.42,8.4,15076"
2025-12-22T09:25:00.000-00:00,"8.41,8.41,8.42,8.4,109467"
2025-12-22T09:30:00.000-00:00,"8.41,8.41,8.42,8.4,29545"
2025-12-22T09:35:00.000-00:00,"8.42,8.42,8.42,8.4,46703"
2025-12-22T09:40:00.000-00:00,"8.4,8.39,8.41,8.39,104666"
2025-12-22T09:45:00.000-00:00,"8.39,8.4,8.4,8.39,138463"
2025-12-22T09:50:00.000-00:00,"8.4,8.4,8.41,8.4,4664"
2025-12-22T09:55:00.000-00:00,"8.41,8.42,8.42,8.41,26871"
2025-12-22T10:00:00.000-00:00,"8.41,8.43,8.43,8.41,48519"
2025-12-22T10:05:00.000-00:00,"8.43,8.44,8.44,8.43,29827"
2025-12-22T10:10:00.000-00:00,"8.41,8.42,8.44,8.41,65239"
2025-12-22T10:15:00.000-00:00,"8.42,8.41,8.42,8.4,91023"
2025-12-22T10:20:00.000-00:00,"8.42,8.41,8.42,8.41,22838"
2025-12-22T10:25:00.000-00:00,"8.4,8.41,8.41,8.4,145378"
2025-12-22T10:30:00.000-00:00,"8.42,8.41,8.42,8.4,58175"
2025-12-22T10:35:00.000-00:00,"8.42,8.42,8.42,8.41,111711"
2025-12-22T10:40:00.000-00:00,"8.42,8.42,8.42,8.4,56281"
2025-12-22T10:45:00.000-00:00,"8.42,8.4,8.42,8.4,444466"
2025-12-22T10:50:00.000-00:00,"8.4,8.43,8.43,8.4,21695"
2025-12-22T10:55:00.000-00:00,"8.42,8.42,8.42,8.4,18054"
2025-12-22T11:00:00.000-00:00,"8.41,8.4,8.41,8.4,19030"
2025-12-22T11:05:00.000-00:00,"8.41,8.39,8.42,8.39,19323"
2025-12-22T11:10:00.000-00:00,"8.39,8.37,8.39,8.37,140664"
2025-12-22T11:15:00.000-00:00,"8.36,8.36,8.37,8.35,110149"
2025-12-22T11:20:00.000-00:00,"8.37,8.37,8.37,8.35,98827"
2025-12-22T11:25:00.000-00:00,"8.37,8.39,8.39,8.37,92547"
2025-12-22T11:30:00.000-00:00,"8.39,8.4,8.4,8.39,234061"
2025-12-22T11:35:00.000-00:00,"8.4,8.42,8.42,8.4,33584"
2025-12-22T11:40:00.000-00:00,"8.42,8.4,8.42,8.4,210514"
2025-12-22T11:45:00.000-00:00,"8.4,8.37,8.4,8.37,38111"
2025-12-22T11:50:00.000-00:00,"8.38,8.35,8.39,8.35,95414"
2025-12-22T11:55:00.000-00:00,"8.37,8.36,8.4,8.36,486411"
2025-12-22T12:00:00.000-00:00,"8.38,8.36,8.39,8.36,6300"
2025-12-22T12:05:00.000-00:00,"8.38,8.38,8.39,8.34,281094"
2025-12-22T12:10:00.000-00:00,"8.37,8.35,8.37,8.35,201745"
2025-12-22T12:25:00.000-00:00,"8.37,8.37,8.37,8.37,101972"
2025-12-23T08:00:00.000-00:00,"8.37,8.4,8.42,8.37,38373"
2025-12-23T08:05:00.000-00:00,"8.42,8.42,8.42,8.4,3240"
2025-12-23T08:10:00.000-00:00,"8.42,8.38,8.42,8.38,124356"
2025-12-23T08:15:00.000-00:00,"8.38,8.4,8.4,8.38,7086"
2025-12-23T08:20:00.000-00:00,"8.4,8.4,8.4,8.4,1283"
2025-12-23T08:25:00.000-00:00,"8.38,8.37,8.38,8.37,55051"
2025-12-23T08:30:00.000-00:00,"8.37,8.37,8.37,8.37,7777"
2025-12-23T08:35:00.000-00:00,"8.38,8.37,8.38,8.37,1208"
2025-12-23T08:40:00.000-00:00,"8.37,8.37,8.39,8.37,4047"
2025-12-23T08:45:00.000-00:00,"8.39,8.39,8.39,8.37,4166"
2025-12-23T08:50:00.000-00:00,"8.37,8.37,8.37,8.37,4928"
2025-12-23T08:55:00.000-00:00,"8.36,8.35,8.37,8.35,16623"
2025-12-23T09:00:00.000-00:00,"8.37,8.35,8.37,8.35,9253"
2025-12-23T09:05:00.000-00:00,"8.36,8.36,8.37,8.35,5515"
2025-12-23T09:10:00.000-00:00,"8.36,8.36,8.36,8.36,5907"
2025-12-23T09:15:00.000-00:00,"8.36,8.35,8.37,8.35,41039"
2025-12-23T09:20:00.000-00:00,"8.36,8.37,8.37,8.36,3226"
2025-12-23T09:25:00.000-00:00,"8.36,8.37,8.37,8.36,16047"
2025-12-23T09:30:00.000-00:00,"8.37,8.37,8.38,8.37,35639"
2025-12-23T09:35:00.000-00:00,"8.37,8.35,8.37,8.35,99598"
2025-12-23T09:40:00.000-00:00,"8.35,8.34,8.35,8.34,3463"
2025-12-23T09:45:00.000-00:00,"8.35,8.34,8.35,8.34,39374"
2025-12-23T09:50:00.000-00:00,"8.36,8.34,8.36,8.34,13933"
2025-12-23T09:55:00.000-00:00,"8.34,8.35,8.35,8.33,19450"
2025-12-23T10:00:00.000-00:00,"8.35,8.34,8.35,8.33,17133"
2025-12-23T10:05:00.000-00:00,"8.33,8.32,8.34,8.32,118519"
2025-12-23T10:10:00.000-00:00,"8.32,8.34,8.34,8.3,218326"
2025-12-23T10:15:00.000-00:00,"8.3,8.33,8.33,8.3,1408"
2025-12-23T10:20:00.000-00:00,"8.31,8.33,8.35,8.31,144217"
2025-12-23T10:25:00.000-00:00,"8.33,8.34,8.34,8.33,20184"
2025-12-23T10:30:00.000-00:00,"8.33,8.3,8.33,8.29,83059"
2025-12-23T10:35:00.000-00:00,"8.3,8.3,8.3,8.3,101872"
2025-12-23T10:40:00.000-00:00,"8.29,8.29,8.3,8.29,7324"
2025-12-23T10:45:00.000-00:00,"8.29,8.27,8.29,8.27,39840"
2025-12-23T10:50:00.000-00:00,"8.28,8.28,8.28,8.28,3445"
2025-12-23T10:55:00.000-00:00,"8.28,8.28,8.29,8.27,164097"
2025-12-23T11:00:00.000-00:00,"8.28,8.28,8.29,8.27,141360"
2025-12-23T11:05:00.000-00:00,"8.28,8.29,8.29,8.28,54940"
2025-12-23T11:10:00.000-00:00,"8.29,8.3,8.3,8.28,196543"
2025-12-23T11:15:00.000-00:00,"8.3,8.3,8.3,8.3,172498"
2025-12-23T11:20:00.000-00:00,"8.3,8.3,8.3,8.29,14467"
2025-12-23T11:25:00.000-00:00,"8.3,8.29,8.3,8.29,26507"
2025-12-23T11:30:00.000-00:00,"8.29,8.28,8.29,8.28,62506"
2025-12-23T11:35:00.000-00:00,"8.28,8.24,8.28,8.24,457554"
2025-12-23T11:40:00.000-00:00,"8.25,8.26,8.26,8.25,157781"
2025-12-23T11:45:00.000-00:00,"8.26,8.32,8.32,8.26,105068"
2025-12-23T11:50:00.000-00:00,"8.32,8.28,8.33,8.28,27159"
2025-12-23T11:55:00.000-00:00,"8.3,8.29,8.3,8.28,9105"
2025-12-23T12:00:00.000-00:00,"8.28,8.27,8.29,8.26,179384"
2025-12-23T12:05:00.000-00:00,"8.27,8.27,8.28,8.25,317879"
2025-12-23T12:10:00.000-00:00,"8.26,8.27,8.28,8.25,366659"
2025-12-23T12:25:00.000-00:00,"8.25,8.25,8.25,8.25,1048334"
2025-12-24T08:00:00.000-00:00,"8.28,8.26,8.3,8.26,24346"
2025-12-24T08:05:00.000-00:00,"8.27,8.31,8.31,8.27,96974"
2025-12-24T08:10:00.000-00:00,"8.32,8.33,8.33,8.3,151193"
2025-12-24T08:15:00.000-00:00,"8.34,8.36,8.36,8.33,244500"
2025-12-24T08:20:00.000-00:00,"8.36,8.37,8.39,8.35,191058"
2025-12-24T08:25:00.000-00:00,"8.37,8.35,8.37,8.33,7213"
2025-12-24T08:30:00.000-00:00,"8.33,8.32,8.33,8.32,9740"
2025-12-24T08:35:00.000-00:00,"8.32,8.35,8.35,8.32,5024"
2025-12-24T08:40:00.000-00:00,"8.34,8.35,8.35,8.33,67119"
2025-12-24T08:45:00.000-00:00,"8.32,8.32,8.32,8.32,658"
2025-12-24T08:50:00.000-00:00,"8.32,8.34,8.34,8.32,1404"
2025-12-24T08:55:00.000-00:00,"8.33,8.33,8.33,8.32,17455"
2025-12-24T09:00:00.000-00:00,"8.34,8.31,8.34,8.31,65660"
2025-12-24T09:05:00.000-00:00,"8.31,8.31,8.33,8.3,336135"
2025-12-24T09:10:00.000-00:00,"8.31,8.31,8.31,8.3,56699"
2025-12-24T09:15:00.000-00:00,"8.31,8.31,8.31,8.3,4572"
2025-12-24T09:20:00.000-00:00,"8.31,8.3,8.32,8.3,5116"
2025-12-24T09:25:00.000-00:00,"8.32,8.3,8.32,8.28,108989"
2025-12-24T09:30:00.000-00:00,"8.3,8.29,8.3,8.28,56780"
2025-12-24T09:35:00.000-00:00,"8.29,8.3,8.3,8.29,69216"
2025-12-24T09:40:00.000-00:00,"8.3,8.3,8.3,8.3,66468"
2025-12-24T09:45:00.000-00:00,"8.3,8.3,8.31,8.3,37360"
2025-12-24T09:50:00.000-00:00,"8.3,8.3,8.31,8.3,11019"
2025-12-24T09:55:00.000-00:00,"8.31,8.31,8.31,8.3,5287"
2025-12-24T10:00:00.000-00:00,"8.31,8.31,8.31,8.3,163411"
2025-12-24T10:05:00.000-00:00,"8.31,8.31,8.31,8.31,26884"
2025-12-24T10:10:00.000-00:00,"8.32,8.32,8.32,8.31,48086"
2025-12-24T10:15:00.000-00:00,"8.32,8.31,8.33,8.31,27157"
2025-12-24T10:20:00.000-00:00,"8.32,8.33,8.39,8.32,522915"
2025-12-24T10:25:00.000-00:00,"8.35,8.35,8.35,8.35,14297"
2025-12-24T10:30:00.000-00:00,"8.35,8.33,8.37,8.33,142210"
2025-12-24T10:35:00.000-00:00,"8.33,8.35,8.35,8.33,55369"
2025-12-24T10:40:00.000-00:00,"8.34,8.34,8.35,8.34,236589"
2025-12-24T10:45:00.000-00:00,"8.33,8.33,8.33,8.33,43894"
2025-12-24T10:50:00.000-00:00,"8.33,8.31,8.33,8.3,386792"
2025-12-24T10:55:00.000-00:00,"8.31,8.32,8.32,8.3,64176"
2025-12-24T11:00:00.000-00:00,"8.31,8.32,8.32,8.31,11076"
2025-12-24T11:05:00.000-00:00,"8.32,8.32,8.32,8.31,26020"
2025-12-24T11:10:00.000-00:00,"8.32,8.33,8.34,8.32,49505"
2025-12-24T11:15:00.000-00:00,"8.33,8.35,8.35,8.33,140901"
2025-12-24T11:20:00.000-00:00,"8.35,8.34,8.35,8.33,69790"
2025-12-24T11:25:00.000-00:00,"8.33,8.34,8.36,8.33,205729"
2025-12-24T11:30:00.000-00:00,"8.35,8.35,8.36,8.34,237688"
2025-12-24T11:35:00.000-00:00,"8.35,8.35,8.36,8.35,17031"
2025-12-24T11:40:00.000-00:00,"8.35,8.36,8.36,8.35,69758"
2025-12-24T11:45:00.000-00:00,"8.35,8.36,8.37,8.35,128845"
2025-12-24T11:50:00.000-00:00,"8.35,8.33,8.35,8.33,132652"
2025-12-24T11:55:00.000-00:00,"8.34,8.35,8.35,8.34,159800"
2025-12-24T12:00:00.000-00:00,"8.35,8.37,8.4,8.32,738613"
2025-12-24T12:05:00.000-00:00,"8.36,8.33,8.38,8.33,388250"
2025-12-24T12:10:00.000-00:00,"8.34,8.32,8.34,8.31,61425"
2025-12-24T12:25:00.000-00:00,"8.35,8.35,8.35,8.35,469678"
2025-12-25T08:00:00.000-00:00,"8.37,8.36,8.4,8.35,34529"
2025-12-25T08:05:00.000-00:00,"8.36,8.36,8.37,8.36,11902"
2025-12-25T08:10:00.000-00:00,"8.35,8.35,8.4,8.35,222817"
2025-12-25T08:15:00.000-00:00,"8.35,8.34,8.35,8.32,30762"
2025-12-25T08:20:00.000-00:00,"8.33,8.35,8.35,8.33,16708"
2025-12-25T08:25:00.000-00:00,"8.35,8.32,8.35,8.32,92285"
2025-12-25T08:30:00.000-00:00,"8.33,8.34,8.34,8.32,15610"
2025-12-25T08:35:00.000-00:00,"8.34,8.33,8.34,8.33,7053"
2025-12-25T08:40:00.000-00:00,"8.34,8.34,8.34,8.34,1500"
2025-12-25T08:45:00.000-00:00,"8.34,8.34,8.34,8.33,14417"
2025-12-25T08:50:00.000-00:00,"8.34,8.32,8.34,8.32,62346"
2025-12-25T08:55:00.000-00:00,"8.32,8.32,8.32,8.31,56208"
2025-12-25T09:00:00.000-00:00,"8.32,8.33,8.33,8.31,179289"
2025-12-25T09:05:00.000-00:00,"8.32,8.32,8.32,8.32,3251"
2025-12-25T09:10:00.000-00:00,"8.31,8.32,8.32,8.3,304658"
2025-12-25T09:15:00.000-00:00,"8.31,8.3,8.32,8.3,119430"
2025-12-25T09:20:00.000-00:00,"8.31,8.31,8.31,8.3,9549"
2025-12-25T09:25:00.000-00:00,"8.31,8.33,8.33,8.31,26282"
2025-12-25T09:30:00.000-00:00,"8.33,8.38,8.4,8.31,586240"
2025-12-25T09:35:00.000-00:00,"8.35,8.35,8.37,8.34,50627"
2025-12-25T09:40:00.000-00:00,"8.33,8.35,8.35,8.33,105"
2025-12-25T09:45:00.000-00:00,"8.33,8.34,8.35,8.33,17440"
2025-12-25T09:50:00.000-00:00,"8.34,8.36,8.36,8.34,36300"
2025-12-25T09:55:00.000-00:00,"8.35,8.35,8.35,8.35,27110"
2025-12-25T10:00:00.000-00:00,"8.35,8.34,8.37,8.34,34434"
2025-12-25T10:05:00.000-00:00,"8.37,8.35,8.37,8.35,5476"
2025-12-25T10:10:00.000-00:00,"8.36,8.37,8.37,8.35,11296"
2025-12-25T10:15:00.000-00:00,"8.37,8.35,8.37,8.35,1720"
2025-12-25T10:20:00.000-00:00,"8.35,8.36,8.37,8.35,4394"
2025-12-25T10:25:00.000-00:00,"8.35,8.36,8.36,8.35,32340"
2025-12-25T10:30:00.000-00:00,"8.36,8.36,8.36,8.35,121403"
2025-12-25T10:35:00.000-00:00,"8.35,8.35,8.38,8.35,167917"
2025-12-25T10:40:00.000-00:00,"8.36,8.35,8.37,8.35,21098"
2025-12-25T10:45:00.000-00:00,"8.35,8.37,8.37,8.35,143533"
2025-12-25T10:50:00.000-00:00,"8.37,8.37,8.38,8.37,101093"
2025-12-25T10:55:00.000-00:00,"8.37,8.37,8.37,8.37,72040"
2025-12-25T11:00:00.000-00:00,"8.37,8.35,8.38,8.35,26489"
2025-12-25T11:05:00.000-00:00,"8.35,8.35,8.35,8.35,60"
2025-12-25T11:10:00.000-00:00,"8.36,8.37,8.37,8.35,13841"
2025-12-25T11:15:00.000-00:00,"8.37,8.37,8.37,8.36,127811"
2025-12-25T11:20:00.000-00:00,"8.36,8.37,8.38,8.36,4547"
2025-12-25T11:25:00.000-00:00,"8.38,8.36,8.38,8.36,10085"
2025-12-25T11:30:00.000-00:00,"8.38,8.38,8.38,8.35,68106"
2025-12-25T11:35:00.000-00:00,"8.37,8.38,8.38,8.35,23625"
2025-12-25T11:40:00.000-00:00,"8.37,8.35,8.37,8.35,1000579"
2025-12-25T11:45:00.000-00:00,"8.35,8.35,8.37,8.35,62019"
2025-12-25T11:50:00.000-00:00,"8.35,8.37,8.37,8.35,48375"
2025-12-25T11:55:00.000-00:00,"8.37,8.35,8.37,8.35,19402"
2025-12-25T12:00:00.000-00:00,"8.35,8.37,8.37,8.35,93157"
2025-12-25T12:05:00.000-00:00,"8.37,8.37,8.38,8.35,125931"
2025-12-25T12:10:00.000-00:00,"8.37,8.4,8.41,8.37,550251"
2025-12-25T12:25:00.000-00:00,"8.4,8.4,8.4,8.4,231355"
2025-12-28T08:00:00.000-00:00,"8.4,8.44,8.44,8.37,56261"
2025-12-28T08:05:00.000-00:00,"8.43,8.42,8.44,8.4,240484"
2025-12-28T08:10:00.000-00:00,"8.42,8.4,8.42,8.4,8362"
2025-12-28T08:15:00.000-00:00,"8.4,8.41,8.41,8.4,38545"
2025-12-28T08:20:00.000-00:00,"8.41,8.42,8.42,8.41,33210"
2025-12-28T08:25:00.000-00:00,"8.42,8.43,8.43,8.42,8210"
2025-12-28T08:30:00.000-00:00,"8.42,8.42,8.43,8.39,219319"
2025-12-28T08:35:00.000-00:00,"8.42,8.4,8.42,8.4,5257"
2025-12-28T08:40:00.000-00:00,"8.41,8.46,8.46,8.41,255799"
2025-12-28T08:45:00.000-00:00,"8.41,8.45,8.45,8.41,4066"
2025-12-28T08:50:00.000-00:00,"8.44,8.41,8.44,8.41,6293"
2025-12-28T08:55:00.000-00:00,"8.41,8.42,8.44,8.41,52525"
2025-12-28T09:00:00.000-00:00,"8.43,8.43,8.43,8.42,157627"
2025-12-28T09:05:00.000-00:00,"8.43,8.43,8.43,8.42,13278"
2025-12-28T09:10:00.000-00:00,"8.43,8.45,8.46,8.43,218394"
2025-12-28T09:15:00.000-00:00,"8.45,8.5,8.5,8.45,1404909"
2025-12-28T09:20:00.000-00:00,"8.51,8.5,8.53,8.5,290715"
2025-12-28T09:25:00.000-00:00,"8.5,8.48,8.51,8.48,241786"
2025-12-28T09:30:00.000-00:00,"8.48,8.48,8.49,8.48,205070"
2025-12-28T09:35:00.000-00:00,"8.49,8.52,8.52,8.49,142046"
2025-12-28T09:40:00.000-00:00,"8.52,8.52,8.52,8.51,4148"
2025-12-28T09:45:00.000-00:00,"8.52,8.5,8.53,8.5,218192"
2025-12-28T09:50:00.000-00:00,"8.52,8.51,8.52,8.51,27339"
2025-12-28T09:55:00.000-00:00,"8.5,8.51,8.52,8.5,165402"
2025-12-28T10:00:00.000-00:00,"8.51,8.51,8.52,8.5,205837"
2025-12-28T10:05:00.000-00:00,"8.51,8.5,8.52,8.5,274338"
2025-12-28T10:10:00.000-00:00,"8.5,8.49,8.5,8.49,197967"
2025-12-28T10:15:00.000-00:00,"8.49,8.5,8.53,8.49,448708"
2025-12-28T10:20:00.000-00:00,"8.5,8.53,8.55,8.5,249534"
2025-12-28T10:25:00.000-00:00,"8.54,8.54,8.54,8.53,72995"
2025-12-28T10:30:00.000-00:00,"8.53,8.53,8.54,8.53,31515"
2025-12-28T10:35:00.000-00:00,"8.53,8.52,8.53,8.52,68352"
2025-12-28T10:40:00.000-00:00,"8.52,8.51,8.52,8.51,89456"
2025-12-28T10:45:00.000-00:00,"8.51,8.51,8.52,8.51,16076"
2025-12-28T10:50:00.000-00:00,"8.51,8.51,8.52,8.51,46973"
2025-12-28T10:55:00.000-00:00,"8.52,8.51,8.52,8.51,20304"
2025-12-28T11:00:00.000-00:00,"8.51,8.51,8.52,8.5,97612"
2025-12-28T11:05:00.000-00:00,"8.52,8.5,8.52,8.5,70479"
2025-12-28T11:10:00.000-00:00,"8.5,8.48,8.5,8.48,120945"
2025-12-28T11:15:00.000-00:00,"8.48,8.46,8.49,8.46,130416"
2025-12-28T11:20:00.000-00:00,"8.49,8.5,8.5,8.49,180107"
2025-12-28T11:25:00.000-00:00,"8.5,8.52,8.52,8.5,58826"
2025-12-28T11:30:00.000-00:00,"8.5,8.51,8.52,8.5,135071"
2025-12-28T11:35:00.000-00:00,"8.51,8.54,8.54,8.5,185883"
2025-12-28T11:40:00.000-00:00,"8.52,8.51,8.52,8.51,51099"
2025-12-28T11:45:00.000-00:00,"8.5,8.51,8.51,8.5,200888"
2025-12-28T11:50:00.000-00:00,"8.51,8.5,8.51,8.5,68917"
2025-12-28T11:55:00.000-00:00,"8.51,8.51,8.53,8.5,107766"
2025-12-28T12:00:00.000-00:00,"8.51,8.55,8.56,8.5,555500"
2025-12-28T12:05:00.000-00:00,"8.55,8.56,8.57,8.5,211392"
2025-12-28T12:10:00.000-00:00,"8.55,8.52,8.55,8.5,299768"
2025-12-28T12:25:00.000-00:00,"8.55,8.55,8.55,8.55,479841"
2025-12-29T08:00:00.000-00:00,"8.56,8.56,8.59,8.55,55376"
2025-12-29T08:05:00.000-00:00,"8.56,8.56,8.57,8.55,5148"
2025-12-29T08:10:00.000-00:00,"8.57,8.56,8.57,8.56,28484"
2025-12-29T08:15:00.000-00:00,"8.56,8.56,8.56,8.55,18302"
2025-12-29T08:20:00.000-00:00,"8.55,8.56,8.56,8.55,15952"
2025-12-29T08:25:00.000-00:00,"8.56,8.55,8.57,8.55,34416"
2025-12-29T08:30:00.000-00:00,"8.55,8.57,8.57,8.55,12246"
2025-12-29T08:35:00.000-00:00,"8.56,8.55,8.56,8.55,13384"
2025-12-29T08:40:00.000-00:00,"8.55,8.54,8.56,8.53,17857"
2025-12-29T08:45:00.000-00:00,"8.55,8.53,8.55,8.53,31401"
2025-12-29T08:50:00.000-00:00,"8.53,8.5,8.53,8.5,55071"
2025-12-29T08:55:00.000-00:00,"8.49,8.47,8.49,8.42,242685"
2025-12-29T09:00:00.000-00:00,"8.46,8.46,8.47,8.45,156541"
2025-12-29T09:05:00.000-00:00,"8.45,8.45,8.46,8.45,349482"
2025-12-29T09:10:00.000-00:00,"8.45,8.46,8.47,8.45,220125"
2025-12-29T09:15:00.000-00:00,"8.46,8.46,8.46,8.46,5493"
2025-12-29T09:20:00.000-00:00,"8.46,8.45,8.47,8.45,18002"
2025-12-29T09:25:00.000-00:00,"8.46,8.44,8.46,8.44,89839"
2025-12-29T09:30:00.000-00:00,"8.44,8.45,8.46,8.44,61352"
2025-12-29T09:35:00.000-00:00,"8.46,8.46,8.47,8.45,39793"
2025-12-29T09:40:00.000-00:00,"8.46,8.47,8.47,8.46,17228"
2025-12-29T09:45:00.000-00:00,"8.47,8.47,8.48,8.46,55591"
2025-12-29T09:50:00.000-00:00,"8.47,8.45,8.47,8.45,17960"
2025-12-29T09:55:00.000-00:00,"8.45,8.46,8.46,8.45,48735"
2025-12-29T10:00:00.000-00:00,"8.47,8.46,8.47,8.46,85575"
2025-12-29T10:05:00.000-00:00,"8.46,8.46,8.46,8.45,67902"
2025-12-29T10:10:00.000-00:00,"8.46,8.47,8.48,8.46,79222"
2025-12-29T10:15:00.000-00:00,"8.48,8.5,8.5,8.47,194296"
2025-12-29T10:20:00.000-00:00,"8.49,8.49,8.5,8.48,72800"
2025-12-29T10:25:00.000-00:00,"8.49,8.53,8.53,8.48,120500"
2025-12-29T10:30:00.000-00:00,"8.52,8.5,8.52,8.48,20649"
2025-12-29T10:35:00.000-00:00,"8.5,8.5,8.51,8.5,34051"
2025-12-29T10:40:00.000-00:00,"8.5,8.52,8.52,8.5,35801"
2025-12-29T10:45:00.000-00:00,"8.52,8.52,8.54,8.5,101343"
2025-12-29T10:50:00.000-00:00,"8.52,8.5,8.52,8.5,43060"
2025-12-29T10:55:00.000-00:00,"8.5,8.5,8.5,8.5,43222"
2025-12-29T11:00:00.000-00:00,"8.51,8.5,8.51,8.5,8744"
2025-12-29T11:05:00.000-00:00,"8.5,8.48,8.5,8.48,218353"
2025-12-29T11:10:00.000-00:00,"8.48,8.5,8.5,8.48,88308"
2025-12-29T11:15:00.000-00:00,"8.5,8.5,8.5,8.49,24563"
2025-12-29T11:20:00.000-00:00,"8.49,8.49,8.5,8.49,33059"
2025-12-29T11:25:00.000-00:00,"8.49,8.48,8.49,8.48,50263"
2025-12-29T11:30:00.000-00:00,"8.48,8.5,8.5,8.48,10210"
2025-12-29T11:35:00.000-00:00,"8.49,8.48,8.49,8.48,149970"
2025-12-29T11:40:00.000-00:00,"8.48,8.48,8.49,8.47,79389"
2025-12-29T11:45:00.000-00:00,"8.48,8.5,8.5,8.48,19067"
2025-12-29T11:50:00.000-00:00,"8.5,8.5,8.51,8.48,505128"
2025-12-29T11:55:00.000-00:00,"8.51,8.47,8.52,8.47,380541"
2025-12-29T12:00:00.000-00:00,"8.49,8.47,8.5,8.47,62019"
2025-12-29T12:05:00.000-00:00,"8.47,8.48,8.49,8.47,117587"
2025-12-29T12:10:00.000-00:00,"8.48,8.47,8.49,8.47,141613"
2025-12-29T12:25:00.000-00:00,"8.49,8.49,8.49,8.49,98609"
2025-12-30T08:00:00.000-00:00,"8.49,8.47,8.53,8.47,22619"
2025-12-30T08:05:00.000-00:00,"8.47,8.47,8.49,8.47,14605"
2025-12-30T08:10:00.000-00:00,"8.48,8.48,8.48,8.47,7402"
2025-12-30T08:15:00.000-00:00,"8.47,8.45,8.47,8.45,30087"
2025-12-30T08:20:00.000-00:00,"8.45,8.49,8.49,8.45,22044"
2025-12-30T08:25:00.000-00:00,"8.5,8.48,8.51,8.48,22521"
2025-12-30T08:30:00.000-00:00,"8.49,8.55,8.55,8.49,472526"
2025-12-30T08:35:00.000-00:00,"8.54,8.52,8.55,8.51,75565"
2025-12-30T08:40:00.000-00:00,"8.51,8.5,8.52,8.5,99362"
2025-12-30T08:45:00.000-00:00,"8.52,8.5,8.52,8.5,2212"
2025-12-30T08:50:00.000-00:00,"8.51,8.51,8.51,8.5,9821"
2025-12-30T08:55:00.000-00:00,"8.52,8.52,8.53,8.52,118986"
2025-12-30T09:00:00.000-00:00,"8.52,8.52,8.52,8.52,14600"
2025-12-30T09:05:00.000-00:00,"8.52,8.52,8.52,8.5,43676"
2025-12-30T09:10:00.000-00:00,"8.52,8.51,8.52,8.5,142359"
2025-12-30T09:15:00.000-00:00,"8.51,8.5,8.51,8.5,41330"
2025-12-30T09:20:00.000-00:00,"8.5,8.5,8.52,8.5,9213"
2025-12-30T09:25:00.000-00:00,"8.5,8.54,8.54,8.5,201568"
2025-12-30T09:30:00.000-00:00,"8.53,8.52,8.53,8.51,66769"
2025-12-30T09:35:00.000-00:00,"8.52,8.51,8.52,8.51,95644"
2025-12-30T09:40:00.000-00:00,"8.51,8.51,8.51,8.51,41355"
2025-12-30T09:45:00.000-00:00,"8.51,8.5,8.51,8.49,445686"
2025-12-30T09:50:00.000-00:00,"8.51,8.49,8.51,8.49,84346"
2025-12-30T09:55:00.000-00:00,"8.49,8.49,8.5,8.48,373338"
2025-12-30T10:00:00.000-00:00,"8.49,8.47,8.5,8.47,410298"
2025-12-30T10:05:00.000-00:00,"8.47,8.5,8.5,8.46,311039"
2025-12-30T10:10:00.000-00:00,"8.5,8.49,8.5,8.49,3577"
2025-12-30T10:15:00.000-00:00,"8.49,8.49,8.5,8.49,41938"
2025-12-30T10:20:00.000-00:00,"8.49,8.49,8.5,8.49,131295"
2025-12-30T10:25:00.000-00:00,"8.49,8.5,8.5,8.49,112391"
2025-12-30T10:30:00.000-00:00,"8.5,8.49,8.5,8.49,66464"
2025-12-30T10:35:00.000-00:00,"8.49,8.5,8.5,8.48,78925"
2025-12-30T10:40:00.000-00:00,"8.5,8.5,8.5,8.49,5331"
2025-12-30T10:45:00.000-00:00,"8.49,8.49,8.49,8.49,27100"
2025-12-30T10:50:00.000-00:00,"8.49,8.53,8.53,8.49,358940"
2025-12-30T10:55:00.000-00:00,"8.53,8.52,8.53,8.52,114226"
2025-12-30T11:00:00.000-00:00,"8.52,8.52,8.53,8.51,122702"
2025-12-30T11:05:00.000-00:00,"8.52,8.52,8.52,8.52,50481"
2025-12-30T11:10:00.000-00:00,"8.52,8.51,8.54,8.51,314593"
2025-12-30T11:15:00.000-00:00,"8.53,8.52,8.55,8.51,120358"
2025-12-30T11:20:00.000-00:00,"8.53,8.53,8.53,8.52,150438"
2025-12-30T11:25:00.000-00:00,"8.52,8.53,8.53,8.52,24411"
2025-12-30T11:30:00.000-00:00,"8.53,8.52,8.54,8.52,106158"
2025-12-30T11:35:00.000-00:00,"8.53,8.53,8.53,8.51,226042"
2025-12-30T11:40:00.000-00:00,"8.53,8.51,8.53,8.51,16879"
2025-12-30T11:45:00.000-00:00,"8.51,8.55,8.55,8.51,500207"
2025-12-30T11:50:00.000-00:00,"8.52,8.53,8.56,8.52,107595"
2025-12-30T11:55:00.000-00:00,"8.52,8.53,8.53,8.52,59143"
2025-12-30T12:00:00.000-00:00,"8.53,8.52,8.55,8.52,342437"
2025-12-30T12:05:00.000-00:00,"8.54,8.55,8.55,8.52,358347"
2025-12-30T12:10:00.000-00:00,"8.52,8.52,8.55,8.51,343859"
2025-12-30T12:15:00.000-00:00,"8.54,8.58,8.58,8.54,350000"
2025-12-30T12:25:00.000-00:00,"8.51,8.51,8.51,8.51,421616"
2025-12-31T08:00:00.000-00:00,"8.52,8.52,8.55,8.52,71668"
2025-12-31T08:05:00.000-00:00,"8.52,8.53,8.57,8.52,13435"
2025-12-31T08:10:00.000-00:00,"8.52,8.54,8.55,8.52,73206"
2025-12-31T08:15:00.000-00:00,"8.53,8.53,8.54,8.53,12804"
2025-12-31T08:20:00.000-00:00,"8.53,8.53,8.54,8.53,44012"
2025-12-31T08:25:00.000-00:00,"8.53,8.52,8.53,8.52,26278"
2025-12-31T08:30:00.000-00:00,"8.53,8.53,8.54,8.53,77039"
2025-12-31T08:35:00.000-00:00,"8.52,8.52,8.52,8.51,208454"
2025-12-31T08:40:00.000-00:00,"8.51,8.51,8.52,8.51,3937"
2025-12-31T08:45:00.000-00:00,"8.51,8.51,8.52,8.51,52013"
2025-12-31T08:50:00.000-00:00,"8.51,8.51,8.52,8.5,45228"
2025-12-31T08:55:00.000-00:00,"8.51,8.54,8.54,8.51,246308"
2025-12-31T09:00:00.000-00:00,"8.54,8.53,8.54,8.52,41850"
2025-12-31T09:05:00.000-00:00,"8.52,8.55,8.55,8.52,131242"
2025-12-31T09:10:00.000-00:00,"8.52,8.54,8.56,8.52,582970"
2025-12-31T09:15:00.000-00:00,"8.54,8.55,8.55,8.54,25550"
2025-12-31T09:20:00.000-00:00,"8.56,8.56,8.57,8.55,152253"
2025-12-31T09:25:00.000-00:00,"8.56,8.57,8.58,8.56,322199"
2025-12-31T09:30:00.000-00:00,"8.57,8.58,8.58,8.56,40360"
2025-12-31T09:35:00.000-00:00,"8.57,8.57,8.58,8.57,27265"
2025-12-31T09:40:00.000-00:00,"8.57,8.58,8.6,8.57,608365"
2025-12-31T09:45:00.000-00:00,"8.58,8.57,8.59,8.57,214296"
2025-12-31T09:50:00.000-00:00,"8.57,8.65,8.65,8.57,1146425"
2025-12-31T09:55:00.000-00:00,"8.66,8.6,8.67,8.6,371814"
2025-12-31T10:00:00.000-00:00,"8.6,8.61,8.62,8.6,188202"
2025-12-31T10:05:00.000-00:00,"8.62,8.62,8.62,8.61,29970"
2025-12-31T10:10:00.000-00:00,"8.62,8.61,8.62,8.61,11696"
2025-12-31T10:15:00.000-00:00,"8.61,8.6,8.62,8.6,141006"
2025-12-31T10:20:00.000-00:00,"8.6,8.6,8.6,8.59,19580"
2025-12-31T10:25:00.000-00:00,"8.6,8.59,8.6,8.59,12433"
2025-12-31T10:30:00.000-00:00,"8.6,8.59,8.61,8.59,16827"
2025-12-31T10:35:00.000-00:00,"8.59,8.58,8.6,8.58,95278"
2025-12-31T10:40:00.000-00:00,"8.58,8.58,8.58,8.58,21500"
2025-12-31T10:45:00.000-00:00,"8.58,8.58,8.58,8.58,12000"
2025-12-31T10:50:00.000-00:00,"8.58,8.58,8.59,8.57,41524"
2025-12-31T10:55:00.000-00:00,"8.58,8.6,8.6,8.58,126161"
2025-12-31T11:00:00.000-00:00,"8.6,8.58,8.6,8.58,7550"
2025-12-31T11:05:00.000-00:00,"8.59,8.58,8.59,8.58,12242"
2025-12-31T11:10:00.000-00:00,"8.58,8.58,8.59,8.58,34682"
2025-12-31T11:15:00.000-00:00,"8.58,8.58,8.59,8.58,76507"
2025-12-31T11:20:00.000-00:00,"8.58,8.58,8.58,8.58,88205"
2025-12-31T11:25:00.000-00:00,"8.58,8.56,8.58,8.56,72604"
2025-12-31T11:30:00.000-00:00,"8.56,8.57,8.57,8.56,66875"
2025-12-31T11:35:00.000-00:00,"8.57,8.56,8.58,8.56,314614"
2025-12-31T11:40:00.000-00:00,"8.58,8.58,8.59,8.58,4129"
2025-12-31T11:45:00.000-00:00,"8.58,8.57,8.58,8.56,151567"
2025-12-31T11:50:00.000-00:00,"8.58,8.57,8.59,8.57,43731"
2025-12-31T11:55:00.000-00:00,"8.57,8.57,8.58,8.57,60454"
2025-12-31T12:00:00.000-00:00,"8.58,8.6,8.62,8.58,915698"
2025-12-31T12:05:00.000-00:00,"8.6,8.61,8.62,8.58,354214"
2025-12-31T12:10:00.000-00:00,"8.61,8.57,8.65,8.57,902613"
2025-12-31T12:25:00.000-00:00,"8.61,8.61,8.61,8.61,103323"
2026-01-04T08:00:00.000-00:00,"8.61,8.65,8.66,8.61,116478"
2026-01-04T08:05:00.000-00:00,"8.65,8.65,8.65,8.62,28082"
2026-01-04T08:10:00.000-00:00,"8.64,8.63,8.65,8.62,65394"
2026-01-04T08:15:00.000-00:00,"8.63,8.62,8.63,8.62,35773"
2026-01-04T08:20:00.000-00:00,"8.63,8.63,8.63,8.61,35000"
2026-01-04T08:25:00.000-00:00,"8.63,8.58,8.63,8.58,139455"
2026-01-04T08:30:00.000-00:00,"8.59,8.58,8.62,8.58,143170"
2026-01-04T08:35:00.000-00:00,"8.57,8.57,8.57,8.55,67034"
2026-01-04T08:40:00.000-00:00,"8.57,8.56,8.58,8.56,54788"
2026-01-04T08:45:00.000-00:00,"8.56,8.58,8.58,8.56,26966"
2026-01-04T08:50:00.000-00:00,"8.58,8.59,8.6,8.58,46863"
2026-01-04T08:55:00.000-00:00,"8.58,8.55,8.59,8.55,148527"
2026-01-04T09:00:00.000-00:00,"8.55,8.55,8.55,8.54,65451"
2026-01-04T09:05:00.000-00:00,"8.54,8.56,8.56,8.54,53578"
2026-01-04T09:10:00.000-00:00,"8.57,8.49,8.57,8.49,462522"
2026-01-04T09:15:00.000-00:00,"8.49,8.52,8.52,8.49,98179"
2026-01-04T09:20:00.000-00:00,"8.52,8.51,8.52,8.51,22475"
2026-01-04T09:25:00.000-00:00,"8.51,8.51,8.51,8.49,132441"
2026-01-04T09:30:00.000-00:00,"8.51,8.5,8.52,8.5,66588"
2026-01-04T09:35:00.000-00:00,"8.5,8.5,8.5,8.49,13637"
2026-01-04T09:40:00.000-00:00,"8.5,8.51,8.51,8.49,46005"
2026-01-04T09:45:00.000-00:00,"8.51,8.49,8.51,8.49,160688"
2026-01-04T09:50:00.000-00:00,"8.49,8.48,8.5,8.48,48995"
2026-01-04T09:55:00.000-00:00,"8.49,8.48,8.5,8.48,64882"
2026-01-04T10:00:00.000-00:00,"8.48,8.49,8.5,8.48,68288"
2026-01-04T10:05:00.000-00:00,"8.49,8.5,8.51,8.49,39516"
2026-01-04T10:10:00.000-00:00,"8.5,8.5,8.51,8.5,56763"
2026-01-04T10:15:00.000-00:00,"8.5,8.5,8.51,8.5,34767"
2026-01-04T10:20:00.000-00:00,"8.5,8.51,8.51,8.5,26301"
2026-01-04T10:25:00.000-00:00,"8.5,8.5,8.51,8.5,99283"
2026-01-04T10:30:00.000-00:00,"8.5,8.49,8.5,8.49,5647"
2026-01-04T10:35:00.000-00:00,"8.5,8.5,8.51,8.5,43025"
2026-01-04T10:40:00.000-00:00,"8.5,8.51,8.51,8.5,57706"
2026-01-04T10:45:00.000-00:00,"8.5,8.49,8.5,8.49,94611"
2026-01-04T10:50:00.000-00:00,"8.49,8.5,8.5,8.49,2383"
2026-01-04T10:55:00.000-00:00,"8.5,8.5,8.51,8.48,77703"
2026-01-04T11:00:00.000-00:00,"8.49,8.48,8.5,8.48,158237"
2026-01-04T11:05:00.000-00:00,"8.48,8.48,8.51,8.48,125954"
2026-01-04T11:10:00.000-00:00,"8.48,8.5,8.5,8.48,17112"
2026-01-04T11:15:00.000-00:00,"8.5,8.47,8.5,8.46,165576"
2026-01-04T11:20:00.000-00:00,"8.48,8.48,8.48,8.46,61911"
2026-01-04T11:25:00.000-00:00,"8.46,8.48,8.48,8.45,128630"
2026-01-04T11:30:00.000-00:00,"8.48,8.49,8.49,8.48,21886"
2026-01-04T11:35:00.000-00:00,"8.48,8.47,8.5,8.47,45763"
2026-01-04T11:40:00.000-00:00,"8.5,8.5,8.51,8.47,72705"
2026-01-04T11:45:00.000-00:00,"8.5,8.5,8.5,8.48,77365"
2026-01-04T11:50:00.000-00:00,"8.51,8.5,8.52,8.49,76020"
2026-01-04T11:55:00.000-00:00,"8.5,8.5,8.51,8.5,51717"
2026-01-04T12:00:00.000-00:00,"8.5,8.49,8.5,8.49,50342"
2026-01-04T12:05:00.000-00:00,"8.49,8.49,8.49,8.47,104514"
2026-01-04T12:10:00.000-00:00,"8.49,8.49,8.51,8.49,262303"
2026-01-04T12:25:00.000-00:00,"8.48,8.48,8.48,8.48,89143"
2026-01-05T08:00:00.000-00:00,"8.5,8.52,8.53,8.48,42699"
2026-01-05T08:05:00.000-00:00,"8.52,8.48,8.52,8.46,30077"
2026-01-05T08:10:00.000-00:00,"8.48,8.45,8.48,8.42,144744"
2026-01-05T08:15:00.000-00:00,"8.45,8.41,8.45,8.4,157267"
2026-01-05T08:20:00.000-00:00,"8.41,8.39,8.41,8.39,140829"
2026-01-05T08:25:00.000-00:00,"8.4,8.36,8.4,8.36,70521"
2026-01-05T08:30:00.000-00:00,"8.36,8.36,8.39,8.35,79589"
2026-01-05T08:35:00.000-00:00,"8.35,8.3,8.36,8.3,349659"
2026-01-05T08:40:00.000-00:00,"8.31,8.3,8.31,8.26,261964"
2026-01-05T08:45:00.000-00:00,"8.3,8.27,8.3,8.26,165923"
2026-01-05T08:50:00.000-00:00,"8.3,8.35,8.35,8.26,242640"
2026-01-05T08:55:00.000-00:00,"8.3,8.31,8.35,8.3,16163"
2026-01-05T09:00:00.000-00:00,"8.31,8.33,8.35,8.3,188039"
2026-01-05T09:05:00.000-00:00,"8.33,8.33,8.33,8.32,32270"
2026-01-05T09:10:00.000-00:00,"8.33,8.31,8.34,8.31,85152"
2026-01-05T09:15:00.000-00:00,"8.31,8.3,8.31,8.3,159209"
2026-01-05T09:20:00.000-00:00,"8.3,8.3,8.3,8.29,73549"
2026-01-05T09:25:00.000-00:00,"8.3,8.3,8.3,8.29,42782"
2026-01-05T09:30:00.000-00:00,"8.3,8.28,8.3,8.28,72292"
2026-01-05T09:35:00.000-00:00,"8.29,8.29,8.29,8.28,77340"
2026-01-05T09:40:00.000-00:00,"8.29,8.29,8.29,8.28,193271"
2026-01-05T09:45:00.000-00:00,"8.29,8.31,8.31,8.29,324362"
2026-01-05T09:50:00.000-00:00,"8.32,8.31,8.32,8.3,114412"
2026-01-05T09:55:00.000-00:00,"8.31,8.31,8.31,8.31,135900"
2026-01-05T10:00:00.000-00:00,"8.31,8.34,8.34,8.31,110922"
2026-01-05T10:05:00.000-00:00,"8.34,8.35,8.35,8.34,72603"
2026-01-05T10:10:00.000-00:00,"8.35,8.37,8.37,8.35,116106"
2026-01-05T10:15:00.000-00:00,"8.35,8.37,8.37,8.34,21830"
2026-01-05T10:20:00.000-00:00,"8.37,8.35,8.38,8.35,115784"
2026-01-05T10:25:00.000-00:00,"8.36,8.35,8.36,8.34,271417"
2026-01-05T10:30:00.000-00:00,"8.35,8.38,8.39,8.35,102423"
2026-01-05T10:35:00.000-00:00,"8.38,8.36,8.38,8.36,50447"
2026-01-05T10:40:00.000-00:00,"8.36,8.38,8.38,8.36,57857"
2026-01-05T10:45:00.000-00:00,"8.38,8.37,8.4,8.37,370955"
2026-01-05T10:50:00.000-00:00,"8.37,8.37,8.37,8.37,15388"
2026-01-05T10:55:00.000-00:00,"8.36,8.37,8.37,8.36,42309"
2026-01-05T11:00:00.000-00:00,"8.37,8.36,8.39,8.36,100587"
2026-01-05T11:05:00.000-00:00,"8.36,8.36,8.37,8.35,90389"
2026-01-05T11:10:00.000-00:00,"8.35,8.32,8.35,8.32,128915"
2026-01-05T11:15:00.000-00:00,"8.31,8.3,8.32,8.3,423322"
2026-01-05T11:20:00.000-00:00,"8.35,8.29,8.35,8.29,186876"
2026-01-05T11:25:00.000-00:00,"8.3,8.3,8.33,8.29,546440"
2026-01-05T11:30:00.000-00:00,"8.3,8.3,8.3,8.29,170291"
2026-01-05T11:35:00.000-00:00,"8.29,8.3,8.33,8.29,90772"
2026-01-05T11:40:00.000-00:00,"8.33,8.33,8.33,8.3,21040"
2026-01-05T11:45:00.000-00:00,"8.31,8.29,8.33,8.29,388407"
2026-01-05T11:50:00.000-00:00,"8.29,8.3,8.32,8.29,392711"
2026-01-05T11:55:00.000-00:00,"8.3,8.29,8.3,8.29,123137"
2026-01-05T12:00:00.000-00:00,"8.29,8.29,8.3,8.29,126212"
2026-01-05T12:05:00.000-00:00,"8.3,8.31,8.32,8.28,230216"
2026-01-05T12:10:00.000-00:00,"8.31,8.3,8.33,8.3,455089"
2026-01-05T12:25:00.000-00:00,"8.4,8.4,8.4,8.4,1031810"
2026-01-06T08:00:00.000-00:00,"8.39,8.35,8.4,8.31,37385"
2026-01-06T08:05:00.000-00:00,"8.35,8.37,8.37,8.35,11982"
2026-01-06T08:10:00.000-00:00,"8.36,8.36,8.36,8.35,17221"
2026-01-06T08:15:00.000-00:00,"8.36,8.36,8.37,8.36,2992"
2026-01-06T08:20:00.000-00:00,"8.37,8.35,8.37,8.35,14561"
2026-01-06T08:25:00.000-00:00,"8.35,8.35,8.35,8.33,5112"
2026-01-06T08:30:00.000-00:00,"8.35,8.35,8.35,8.35,15158"
2026-01-06T08:35:00.000-00:00,"8.35,8.35,8.35,8.33,24251"
2026-01-06T08:40:00.000-00:00,"8.36,8.36,8.36,8.35,9669"
2026-01-06T08:45:00.000-00:00,"8.36,8.36,8.36,8.36,500"
2026-01-06T08:50:00.000-00:00,"8.35,8.36,8.36,8.34,17915"
2026-01-06T08:55:00.000-00:00,"8.36,8.35,8.36,8.35,1397"
2026-01-06T09:00:00.000-00:00,"8.35,8.35,8.36,8.35,3617"
2026-01-06T09:05:00.000-00:00,"8.36,8.37,8.37,8.36,1669"
2026-01-06T09:10:00.000-00:00,"8.37,8.4,8.4,8.37,256846"
2026-01-06T09:15:00.000-00:00,"8.38,8.36,8.4,8.36,17187"
2026-01-06T09:20:00.000-00:00,"8.4,8.37,8.4,8.37,3965"
2026-01-06T09:25:00.000-00:00,"8.4,8.4,8.4,8.4,34477"
2026-01-06T09:30:00.000-00:00,"8.4,8.4,8.41,8.4,37475"
2026-01-06T09:35:00.000-00:00,"8.4,8.4,8.4,8.38,64658"
2026-01-06T09:40:00.000-00:00,"8.4,8.43,8.43,8.4,77660"
2026-01-06T09:45:00.000-00:00,"8.43,8.43,8.43,8.42,39147"
2026-01-06T09:50:00.000-00:00,"8.43,8.49,8.49,8.42,347823"
2026-01-06T09:55:00.000-00:00,"8.47,8.45,8.47,8.45,20072"
2026-01-06T10:00:00.000-00:00,"8.45,8.47,8.47,8.44,14016"
2026-01-06T10:05:00.000-00:00,"8.47,8.44,8.48,8.44,65341"
2026-01-06T10:10:00.000-00:00,"8.44,8.42,8.45,8.42,101900"
2026-01-06T10:15:00.000-00:00,"8.44,8.43,8.45,8.43,33987"
2026-01-06T10:20:00.000-00:00,"8.43,8.43,8.44,8.43,10056"
2026-01-06T10:25:00.000-00:00,"8.43,8.43,8.44,8.42,245450"
2026-01-06T10:30:00.000-00:00,"8.42,8.41,8.43,8.41,462977"
2026-01-06T10:35:00.000-00:00,"8.4,8.38,8.4,8.38,1006028"
2026-01-06T10:40:00.000-00:00,"8.38,8.38,8.38,8.37,148752"
2026-01-06T10:45:00.000-00:00,"8.38,8.39,8.39,8.38,53450"
2026-01-06T10:50:00.000-00:00,"8.39,8.38,8.39,8.38,34800"
2026-01-06T10:55:00.000-00:00,"8.39,8.4,8.4,8.39,71537"
2026-01-06T11:00:00.000-00:00,"8.39,8.39,8.4,8.39,17457"
2026-01-06T11:05:00.000-00:00,"8.39,8.39,8.4,8.38,115964"
2026-01-06T11:10:00.000-00:00,"8.38,8.38,8.39,8.38,2214"
2026-01-06T11:15:00.000-00:00,"8.39,8.37,8.39,8.37,130198"
2026-01-06T11:20:00.000-00:00,"8.37,8.36,8.38,8.36,61565"
2026-01-06T11:25:00.000-00:00,"8.37,8.36,8.37,8.36,29109"
2026-01-06T11:30:00.000-00:00,"8.36,8.36,8.38,8.36,21194"
2026-01-06T11:35:00.000-00:00,"8.39,8.38,8.39,8.36,95821"
2026-01-06T11:40:00.000-00:00,"8.36,8.36,8.37,8.36,84680"
2026-01-06T11:45:00.000-00:00,"8.37,8.38,8.38,8.37,68871"
2026-01-06T11:50:00.000-00:00,"8.38,8.37,8.38,8.37,165572"
2026-01-06T11:55:00.000-00:00,"8.38,8.39,8.39,8.38,99703"
2026-01-06T12:00:00.000-00:00,"8.38,8.38,8.4,8.37,356279"
2026-01-06T12:05:00.000-00:00,"8.38,8.38,8.38,8.37,225578"
2026-01-06T12:10:00.000-00:00,"8.38,8.38,8.39,8.36,444945"
2026-01-06T12:25:00.000-00:00,"8.37,8.37,8.37,8.37,593999"
2026-01-08T08:00:00.000-00:00,"8.38,8.36,8.38,8.26,439943"
2026-01-08T08:05:00.000-00:00,"8.36,8.31,8.36,8.29,223722"
2026-01-08T08:10:00.000-00:00,"8.34,8.32,8.35,8.32,22689"
2026-01-08T08:15:00.000-00:00,"8.35,8.35,8.35,8.35,1510"
2026-01-08T08:20:00.000-00:00,"8.35,8.35,8.35,8.33,56306"
2026-01-08T08:25:00.000-00:00,"8.35,8.36,8.37,8.35,81805"
2026-01-08T08:30:00.000-00:00,"8.36,8.35,8.36,8.35,27293"
2026-01-08T08:35:00.000-00:00,"8.35,8.37,8.37,8.35,65266"
2026-01-08T08:40:00.000-00:00,"8.36,8.36,8.36,8.35,7153"
2026-01-08T08:45:00.000-00:00,"8.36,8.36,8.37,8.35,135834"
2026-01-08T08:50:00.000-00:00,"8.37,8.36,8.37,8.35,14615"
2026-01-08T08:55:00.000-00:00,"8.36,8.35,8.36,8.34,24695"
2026-01-08T09:00:00.000-00:00,"8.35,8.36,8.36,8.35,15729"
2026-01-08T09:05:00.000-00:00,"8.35,8.35,8.35,8.34,14712"
2026-01-08T09:10:00.000-00:00,"8.35,8.34,8.35,8.34,34090"
2026-01-08T09:15:00.000-00:00,"8.35,8.37,8.37,8.34,75612"
2026-01-08T09:20:00.000-00:00,"8.37,8.36,8.37,8.35,36523"
2026-01-08T09:25:00.000-00:00,"8.35,8.34,8.35,8.34,97079"
2026-01-08T09:30:00.000-00:00,"8.35,8.34,8.35,8.34,28946"
2026-01-08T09:35:00.000-00:00,"8.34,8.34,8.35,8.34,28871"
2026-01-08T09:40:00.000-00:00,"8.34,8.34,8.34,8.33,4614"
2026-01-08T09:45:00.000-00:00,"8.33,8.34,8.34,8.33,55519"
2026-01-08T09:50:00.000-00:00,"8.34,8.34,8.34,8.33,44867"
2026-01-08T09:55:00.000-00:00,"8.34,8.33,8.34,8.31,164029"
2026-01-08T10:00:00.000-00:00,"8.33,8.32,8.34,8.32,3802"
2026-01-08T10:05:00.000-00:00,"8.34,8.34,8.34,8.33,5398"
2026-01-08T10:10:00.000-00:00,"8.33,8.32,8.33,8.32,22561"
2026-01-08T10:15:00.000-00:00,"8.32,8.29,8.32,8.29,585693"
2026-01-08T10:20:00.000-00:00,"8.29,8.28,8.3,8.28,201125"
2026-01-08T10:25:00.000-00:00,"8.28,8.33,8.33,8.28,81696"
2026-01-08T10:30:00.000-00:00,"8.33,8.33,8.33,8.3,7327"
2026-01-08T10:35:00.000-00:00,"8.3,8.32,8.32,8.3,2727"
2026-01-08T10:40:00.000-00:00,"8.32,8.3,8.32,8.3,15517"
2026-01-08T10:45:00.000-00:00,"8.3,8.31,8.31,8.3,91154"
2026-01-08T10:50:00.000-00:00,"8.31,8.3,8.31,8.3,17273"
2026-01-08T10:55:00.000-00:00,"8.3,8.28,8.3,8.27,68009"
2026-01-08T11:00:00.000-00:00,"8.28,8.27,8.28,8.26,209826"
2026-01-08T11:05:00.000-00:00,"8.27,8.27,8.27,8.25,171558"
2026-01-08T11:10:00.000-00:00,"8.27,8.29,8.3,8.26,407703"
2026-01-08T11:15:00.000-00:00,"8.29,8.3,8.3,8.28,13710"
2026-01-08T11:20:00.000-00:00,"8.29,8.28,8.29,8.28,5197"
2026-01-08T11:25:00.000-00:00,"8.28,8.3,8.3,8.28,13075"
2026-01-08T11:30:00.000-00:00,"8.3,8.27,8.3,8.27,62691"
2026-01-08T11:35:00.000-00:00,"8.27,8.29,8.29,8.27,105094"
2026-01-08T11:40:00.000-00:00,"8.29,8.29,8.3,8.29,35235"
2026-01-08T11:45:00.000-00:00,"8.3,8.3,8.3,8.28,43292"
2026-01-08T11:50:00.000-00:00,"8.3,8.28,8.3,8.28,1814"
2026-01-08T11:55:00.000-00:00,"8.28,8.22,8.28,8.19,1380041"
2026-01-08T12:00:00.000-00:00,"8.22,8.22,8.24,8.21,229995"
2026-01-08T12:05:00.000-00:00,"8.22,8.21,8.23,8.2,476657"
2026-01-08T12:10:00.000-00:00,"8.21,8.22,8.23,8.2,166048"
2026-01-08T12:25:00.000-00:00,"8.2,8.2,8.2,8.2,919007"
2026-01-11T08:00:00.000-00:00,"8.24,8.42,8.43,8.24,1288144"
2026-01-11T08:05:00.000-00:00,"8.42,8.38,8.43,8.37,1105846"
2026-01-11T08:10:00.000-00:00,"8.38,8.39,8.39,8.37,285160"
2026-01-11T08:15:00.000-00:00,"8.39,8.41,8.41,8.38,1369287"
2026-01-11T08:20:00.000-00:00,"8.41,8.43,8.43,8.4,1066034"
2026-01-11T08:25:00.000-00:00,"8.44,8.46,8.52,8.44,1764353"
2026-01-11T08:30:00.000-00:00,"8.46,8.47,8.48,8.46,70691"
2026-01-11T08:35:00.000-00:00,"8.47,8.46,8.47,8.45,147304"
2026-01-11T08:40:00.000-00:00,"8.47,8.48,8.48,8.45,361217"
2026-01-11T08:45:00.000-00:00,"8.48,8.53,8.53,8.47,1255743"
2026-01-11T08:50:00.000-00:00,"8.53,8.47,8.55,8.47,1113540"
2026-01-11T08:55:00.000-00:00,"8.49,8.48,8.51,8.48,249194"
2026-01-11T09:00:00.000-00:00,"8.5,8.48,8.5,8.48,171765"
2026-01-11T09:05:00.000-00:00,"8.49,8.5,8.5,8.49,89102"
2026-01-11T09:10:00.000-00:00,"8.49,8.51,8.51,8.47,735350"
2026-01-11T09:15:00.000-00:00,"8.51,8.51,8.52,8.5,325716"
2026-01-11T09:20:00.000-00:00,"8.51,8.5,8.52,8.5,317853"
2026-01-11T09:25:00.000-00:00,"8.5,8.5,8.5,8.5,721798"
2026-01-11T09:30:00.000-00:00,"8.48,8.5,8.51,8.48,575001"
2026-01-11T09:35:00.000-00:00,"8.51,8.55,8.55,8.5,836383"
2026-01-11T09:40:00.000-00:00,"8.56,8.55,8.56,8.55,265220"
2026-01-11T09:45:00.000-00:00,"8.56,8.56,8.58,8.55,1367807"
2026-01-11T09:50:00.000-00:00,"8.57,8.6,8.6,8.56,2970288"
2026-01-11T09:55:00.000-00:00,"8.6,8.53,8.6,8.53,334480"
2026-01-11T10:00:00.000-00:00,"8.52,8.53,8.54,8.52,26787"
2026-01-11T10:05:00.000-00:00,"8.53,8.5,8.53,8.5,385668"
2026-01-11T10:10:00.000-00:00,"8.5,8.5,8.53,8.5,97568"
2026-01-11T10:15:00.000-00:00,"8.52,8.5,8.53,8.5,75466"
2026-01-11T10:20:00.000-00:00,"8.5,8.51,8.52,8.5,98828"
2026-01-11T10:25:00.000-00:00,"8.51,8.5,8.52,8.5,249970"
2026-01-11T10:30:00.000-00:00,"8.49,8.5,8.5,8.49,26543"
2026-01-11T10:35:00.000-00:00,"8.5,8.48,8.5,8.46,370578"
2026-01-11T10:40:00.000-00:00,"8.47,8.48,8.48,8.45,263004"
2026-01-11T10:45:00.000-00:00,"8.48,8.49,8.5,8.48,51506"
2026-01-11T10:50:00.000-00:00,"8.48,8.45,8.48,8.45,240695"
2026-01-11T10:55:00.000-00:00,"8.45,8.49,8.49,8.45,67262"
2026-01-11T11:00:00.000-00:00,"8.49,8.48,8.49,8.47,17172"
2026-01-11T11:05:00.000-00:00,"8.47,8.65,8.65,8.47,3391192"
2026-01-11T11:10:00.000-00:00,"8.61,8.66,8.7,8.61,3187820"
2026-01-11T11:15:00.000-00:00,"8.68,8.71,8.75,8.67,3943160"
2026-01-11T11:20:00.000-00:00,"8.72,8.68,8.8,8.68,1762793"
2026-01-11T11:25:00.000-00:00,"8.69,8.7,8.7,8.67,223522"
2026-01-11T11:30:00.000-00:00,"8.7,8.74,8.8,8.7,2420706"
2026-01-11T11:35:00.000-00:00,"8.75,8.79,8.8,8.75,1762262"
2026-01-11T11:40:00.000-00:00,"8.79,8.74,8.79,8.7,316636"
2026-01-11T11:45:00.000-00:00,"8.71,8.66,8.74,8.66,146030"
2026-01-11T11:50:00.000-00:00,"8.66,8.69,8.72,8.66,131599"
2026-01-11T11:55:00.000-00:00,"8.7,8.75,8.75,8.69,333831"
2026-01-11T12:00:00.000-00:00,"8.75,8.76,8.78,8.74,844910"
2026-01-11T12:05:00.000-00:00,"8.76,8.79,8.79,8.75,510190"
2026-01-11T12:10:00.000-00:00,"8.78,8.79,8.8,8.77,1106368"
2026-01-11T12:25:00.000-00:00,"8.79,8.79,8.79,8.79,543417"
2026-01-12T08:00:00.000-00:00,"8.76,8.85,9,8.75,3503560"
2026-01-12T08:05:00.000-00:00,"8.83,8.85,8.88,8.83,989162"
2026-01-12T08:10:00.000-00:00,"8.85,8.87,8.87,8.8,1118581"
2026-01-12T08:15:00.000-00:00,"8.87,8.94,8.95,8.87,1152115"
2026-01-12T08:20:00.000-00:00,"8.94,8.86,8.95,8.86,890718"
2026-01-12T08:25:00.000-00:00,"8.86,8.83,8.88,8.83,526169"
2026-01-12T08:30:00.000-00:00,"8.83,8.86,8.87,8.82,277514"
2026-01-12T08:35:00.000-00:00,"8.86,8.86,8.87,8.85,175616"
2026-01-12T08:40:00.000-00:00,"8.86,8.87,8.87,8.85,163914"
2026-01-12T08:45:00.000-00:00,"8.86,8.87,8.89,8.86,210857"
2026-01-12T08:50:00.000-00:00,"8.89,8.89,8.9,8.87,103578"
2026-01-12T08:55:00.000-00:00,"8.88,8.9,8.95,8.87,2561844"
2026-01-12T09:00:00.000-00:00,"8.9,8.91,8.91,8.89,491302"
2026-01-12T09:05:00.000-00:00,"8.91,8.96,8.97,8.91,1843424"
2026-01-12T09:10:00.000-00:00,"8.96,9,9,8.96,5382999"
2026-01-12T09:15:00.000-00:00,"9,9.01,9.09,9,2189473"
2026-01-12T09:20:00.000-00:00,"9.01,8.92,9.01,8.91,195703"
2026-01-12T09:25:00.000-00:00,"8.98,8.94,8.98,8.92,65573"
2026-01-12T09:30:00.000-00:00,"8.93,8.91,8.94,8.9,701052"
2026-01-12T09:35:00.000-00:00,"8.91,8.95,8.95,8.91,161222"
2026-01-12T09:40:00.000-00:00,"8.95,8.95,8.95,8.94,129000"
2026-01-12T09:45:00.000-00:00,"8.94,8.91,8.94,8.91,170900"
2026-01-12T09:50:00.000-00:00,"8.91,8.88,8.92,8.86,947610"
2026-01-12T09:55:00.000-00:00,"8.88,8.89,8.9,8.87,112736"
2026-01-12T10:00:00.000-00:00,"8.89,8.88,8.9,8.87,68381"
2026-01-12T10:05:00.000-00:00,"8.89,8.89,8.89,8.89,382"
2026-01-12T10:10:00.000-00:00,"8.88,8.84,8.88,8.84,268925"
2026-01-12T10:15:00.000-00:00,"8.84,8.86,8.87,8.84,148227"
2026-01-12T10:20:00.000-00:00,"8.87,8.86,8.89,8.86,13130"
2026-01-12T10:25:00.000-00:00,"8.86,8.84,8.87,8.83,350141"
2026-01-12T10:30:00.000-00:00,"8.84,8.82,8.84,8.81,172518"
2026-01-12T10:35:00.000-00:00,"8.82,8.81,8.84,8.81,122226"
2026-01-12T10:40:00.000-00:00,"8.81,8.83,8.87,8.81,162349"
2026-01-12T10:45:00.000-00:00,"8.85,8.81,8.85,8.81,539324"
2026-01-12T10:50:00.000-00:00,"8.81,8.76,8.81,8.75,316266"
2026-01-12T10:55:00.000-00:00,"8.77,8.8,8.8,8.77,221749"
2026-01-12T11:00:00.000-00:00,"8.78,8.74,8.8,8.72,920481"
2026-01-12T11:05:00.000-00:00,"8.74,8.72,8.76,8.72,161289"
2026-01-12T11:10:00.000-00:00,"8.72,8.74,8.75,8.72,253276"
2026-01-12T11:15:00.000-00:00,"8.75,8.74,8.75,8.73,237983"
2026-01-12T11:20:00.000-00:00,"8.73,8.71,8.74,8.71,374498"
2026-01-12T11:25:00.000-00:00,"8.71,8.71,8.72,8.7,560441"
2026-01-12T11:30:00.000-00:00,"8.71,8.69,8.72,8.69,169295"
2026-01-12T11:35:00.000-00:00,"8.69,8.69,8.7,8.67,441886"
2026-01-12T11:40:00.000-00:00,"8.67,8.66,8.7,8.65,190209"
2026-01-12T11:45:00.000-00:00,"8.66,8.67,8.68,8.66,116728"
2026-01-12T11:50:00.000-00:00,"8.67,8.68,8.7,8.65,294763"
2026-01-12T11:55:00.000-00:00,"8.68,8.69,8.7,8.68,363924"
2026-01-12T12:00:00.000-00:00,"8.7,8.71,8.71,8.68,231001"
2026-01-12T12:05:00.000-00:00,"8.69,8.72,8.72,8.69,252033"
2026-01-12T12:10:00.000-00:00,"8.73,8.7,8.73,8.7,627150"
2026-01-12T12:25:00.000-00:00,"8.7,8.7,8.7,8.7,842652"
2026-01-13T08:00:00.000-00:00,"8.7,8.68,8.75,8.65,158915"
2026-01-13T08:05:00.000-00:00,"8.68,8.66,8.7,8.66,108518"
2026-01-13T08:10:00.000-00:00,"8.69,8.67,8.7,8.66,60491"
2026-01-13T08:15:00.000-00:00,"8.67,8.64,8.67,8.64,253843"
2026-01-13T08:20:00.000-00:00,"8.64,8.65,8.65,8.64,183142"
2026-01-13T08:25:00.000-00:00,"8.67,8.65,8.68,8.65,66430"
2026-01-13T08:30:00.000-00:00,"8.65,8.64,8.65,8.64,156426"
2026-01-13T08:35:00.000-00:00,"8.63,8.6,8.65,8.6,291651"
2026-01-13T08:40:00.000-00:00,"8.61,8.57,8.65,8.57,639919"
2026-01-13T08:45:00.000-00:00,"8.58,8.6,8.62,8.57,274199"
2026-01-13T08:50:00.000-00:00,"8.6,8.6,8.61,8.6,216002"
2026-01-13T08:55:00.000-00:00,"8.61,8.61,8.63,8.6,355892"
2026-01-13T09:00:00.000-00:00,"8.62,8.57,8.62,8.57,604161"
2026-01-13T09:05:00.000-00:00,"8.57,8.53,8.59,8.53,504843"
2026-01-13T09:10:00.000-00:00,"8.55,8.56,8.57,8.54,50168"
2026-01-13T09:15:00.000-00:00,"8.57,8.58,8.58,8.56,97153"
2026-01-13T09:20:00.000-00:00,"8.56,8.54,8.58,8.54,186871"
2026-01-13T09:25:00.000-00:00,"8.54,8.57,8.57,8.53,144764"
2026-01-13T09:30:00.000-00:00,"8.58,8.62,8.62,8.57,719742"
2026-01-13T09:35:00.000-00:00,"8.62,8.63,8.64,8.6,645692"
2026-01-13T09:40:00.000-00:00,"8.63,8.61,8.63,8.61,191594"
2026-01-13T09:45:00.000-00:00,"8.63,8.54,8.63,8.54,215315"
2026-01-13T09:50:00.000-00:00,"8.58,8.57,8.58,8.54,242441"
2026-01-13T09:55:00.000-00:00,"8.57,8.6,8.63,8.54,757647"
2026-01-13T10:00:00.000-00:00,"8.59,8.57,8.6,8.56,55760"
2026-01-13T10:05:00.000-00:00,"8.56,8.55,8.58,8.54,356651"
2026-01-13T10:10:00.000-00:00,"8.54,8.55,8.55,8.52,236538"
2026-01-13T10:15:00.000-00:00,"8.56,8.55,8.56,8.53,219831"
2026-01-13T10:20:00.000-00:00,"8.53,8.51,8.55,8.51,484477"
2026-01-13T10:25:00.000-00:00,"8.51,8.52,8.55,8.5,89020"
2026-01-13T10:30:00.000-00:00,"8.55,8.59,8.6,8.55,541848"
2026-01-13T10:35:00.000-00:00,"8.55,8.59,8.59,8.55,41559"
2026-01-13T10:40:00.000-00:00,"8.6,8.59,8.6,8.59,216447"
2026-01-13T10:45:00.000-00:00,"8.59,8.58,8.59,8.58,114750"
2026-01-13T10:50:00.000-00:00,"8.55,8.55,8.55,8.55,783"
2026-01-13T10:55:00.000-00:00,"8.55,8.53,8.57,8.52,128915"
2026-01-13T11:00:00.000-00:00,"8.56,8.53,8.56,8.51,10989"
2026-01-13T11:05:00.000-00:00,"8.51,8.52,8.52,8.5,187220"
2026-01-13T11:10:00.000-00:00,"8.53,8.52,8.57,8.52,18971"
2026-01-13T11:15:00.000-00:00,"8.53,8.51,8.55,8.5,296690"
2026-01-13T11:20:00.000-00:00,"8.5,8.47,8.5,8.45,784505"
2026-01-13T11:25:00.000-00:00,"8.45,8.45,8.47,8.45,153266"
2026-01-13T11:30:00.000-00:00,"8.45,8.44,8.45,8.39,438979"
2026-01-13T11:35:00.000-00:00,"8.44,8.45,8.46,8.4,343321"
2026-01-13T11:40:00.000-00:00,"8.44,8.44,8.45,8.41,294523"
2026-01-13T11:45:00.000-00:00,"8.44,8.4,8.45,8.4,562514"
2026-01-13T11:50:00.000-00:00,"8.41,8.41,8.42,8.39,214237"
2026-01-13T11:55:00.000-00:00,"8.42,8.41,8.45,8.41,244188"
2026-01-13T12:00:00.000-00:00,"8.41,8.4,8.43,8.39,669378"
2026-01-13T12:05:00.000-00:00,"8.4,8.39,8.42,8.38,327999"
2026-01-13T12:10:00.000-00:00,"8.4,8.4,8.43,8.39,213755"
2026-01-13T12:25:00.000-00:00,"8.4,8.4,8.4,8.4,912079"
2026-01-14T08:00:00.000-00:00,"8.43,8.4,8.46,8.4,286413"
2026-01-14T08:05:00.000-00:00,"8.4,8.3,8.4,8.3,523578"
2026-01-14T08:10:00.000-00:00,"8.28,8.35,8.35,8.28,263830"
2026-01-14T08:15:00.000-00:00,"8.35,8.4,8.43,8.31,474778"
2026-01-14T08:20:00.000-00:00,"8.39,8.46,8.46,8.37,355945"
2026-01-14T08:25:00.000-00:00,"8.45,8.5,8.52,8.45,349319"
2026-01-14T08:30:00.000-00:00,"8.5,8.52,8.54,8.5,193010"
2026-01-14T08:35:00.000-00:00,"8.52,8.53,8.54,8.51,125430"
2026-01-14T08:40:00.000-00:00,"8.53,8.52,8.53,8.5,89910"
2026-01-14T08:45:00.000-00:00,"8.52,8.5,8.52,8.48,281929"
2026-01-14T08:50:00.000-00:00,"8.5,8.55,8.56,8.49,419222"
2026-01-14T08:55:00.000-00:00,"8.55,8.53,8.55,8.53,140312"
2026-01-14T09:00:00.000-00:00,"8.55,8.52,8.55,8.52,38987"
2026-01-14T09:05:00.000-00:00,"8.53,8.52,8.53,8.5,458896"
2026-01-14T09:10:00.000-00:00,"8.52,8.5,8.53,8.5,562651"
2026-01-14T09:15:00.000-00:00,"8.51,8.49,8.51,8.49,547179"
2026-01-14T09:20:00.000-00:00,"8.49,8.49,8.5,8.48,75255"
2026-01-14T09:25:00.000-00:00,"8.48,8.45,8.48,8.45,238006"
2026-01-14T09:30:00.000-00:00,"8.47,8.46,8.48,8.46,95799"
2026-01-14T09:35:00.000-00:00,"8.47,8.46,8.47,8.46,4624"
2026-01-14T09:40:00.000-00:00,"8.46,8.47,8.47,8.45,147003"
2026-01-14T09:45:00.000-00:00,"8.46,8.45,8.47,8.44,60616"
2026-01-14T09:50:00.000-00:00,"8.45,8.45,8.46,8.44,92135"
2026-01-14T09:55:00.000-00:00,"8.45,8.45,8.46,8.42,2573023"
2026-01-14T10:00:00.000-00:00,"8.45,8.58,8.6,8.45,1671445"
2026-01-14T10:05:00.000-00:00,"8.57,8.63,8.63,8.54,919430"
2026-01-14T10:10:00.000-00:00,"8.63,8.65,8.65,8.61,346822"
2026-01-14T10:15:00.000-00:00,"8.65,8.68,8.68,8.65,900253"
2026-01-14T10:20:00.000-00:00,"8.68,8.75,8.75,8.67,2649348"
2026-01-14T10:25:00.000-00:00,"8.71,8.6,8.73,8.6,991213"
2026-01-14T10:30:00.000-00:00,"8.6,8.58,8.61,8.57,138511"
2026-01-14T10:35:00.000-00:00,"8.58,8.58,8.58,8.57,49914"
2026-01-14T10:40:00.000-00:00,"8.58,8.47,8.58,8.47,526871"
2026-01-14T10:45:00.000-00:00,"8.48,8.5,8.54,8.47,173323"
2026-01-14T10:50:00.000-00:00,"8.5,8.47,8.5,8.47,61246"
2026-01-14T10:55:00.000-00:00,"8.48,8.4,8.48,8.4,826466"
2026-01-14T11:00:00.000-00:00,"8.43,8.43,8.44,8.42,102326"
2026-01-14T11:05:00.000-00:00,"8.43,8.44,8.48,8.43,202826"
2026-01-14T11:10:00.000-00:00,"8.44,8.42,8.44,8.42,94274"
2026-01-14T11:15:00.000-00:00,"8.42,8.38,8.42,8.35,1487601"
2026-01-14T11:20:00.000-00:00,"8.38,8.39,8.39,8.37,18835"
2026-01-14T11:25:00.000-00:00,"8.39,8.41,8.41,8.38,198697"
2026-01-14T11:30:00.000-00:00,"8.4,8.47,8.5,8.4,454521"
2026-01-14T11:35:00.000-00:00,"8.47,8.44,8.47,8.43,96037"
2026-01-14T11:40:00.000-00:00,"8.44,8.44,8.44,8.43,144122"
2026-01-14T11:45:00.000-00:00,"8.44,8.41,8.44,8.4,486674"
2026-01-14T11:50:00.000-00:00,"8.42,8.48,8.49,8.42,189568"
2026-01-14T11:55:00.000-00:00,"8.47,8.46,8.48,8.45,50184"
2026-01-14T12:00:00.000-00:00,"8.48,8.48,8.5,8.47,343419"
2026-01-14T12:05:00.000-00:00,"8.48,8.5,8.5,8.48,156821"
2026-01-14T12:10:00.000-00:00,"8.49,8.46,8.49,8.45,240918"
2026-01-14T12:25:00.000-00:00,"8.44,8.44,8.44,8.44,277497"
2026-01-15T08:00:00.000-00:00,"8.5,8.49,8.5,8.47,95305"
2026-01-15T08:05:00.000-00:00,"8.49,8.47,8.49,8.46,135892"
2026-01-15T08:10:00.000-00:00,"8.46,8.45,8.47,8.43,76035"
2026-01-15T08:15:00.000-00:00,"8.46,8.49,8.49,8.44,18946"
2026-01-15T08:20:00.000-00:00,"8.47,8.45,8.47,8.45,1880"
2026-01-15T08:25:00.000-00:00,"8.45,8.45,8.46,8.44,33431"
2026-01-15T08:30:00.000-00:00,"8.45,8.45,8.45,8.44,42251"
2026-01-15T08:35:00.000-00:00,"8.45,8.43,8.45,8.43,76860"
2026-01-15T08:40:00.000-00:00,"8.44,8.42,8.44,8.4,108573"
2026-01-15T08:45:00.000-00:00,"8.43,8.54,8.55,8.43,314041"
2026-01-15T08:50:00.000-00:00,"8.54,8.54,8.54,8.51,66141"
2026-01-15T08:55:00.000-00:00,"8.53,8.55,8.55,8.53,208755"
2026-01-15T09:00:00.000-00:00,"8.54,8.54,8.54,8.54,81233"
2026-01-15T09:05:00.000-00:00,"8.54,8.55,8.57,8.54,68510"
2026-01-15T09:10:00.000-00:00,"8.55,8.57,8.58,8.55,255317"
2026-01-15T09:15:00.000-00:00,"8.57,8.54,8.57,8.54,61323"
2026-01-15T09:20:00.000-00:00,"8.54,8.53,8.54,8.52,19966"
2026-01-15T09:25:00.000-00:00,"8.52,8.52,8.53,8.51,175121"
2026-01-15T09:30:00.000-00:00,"8.52,8.47,8.53,8.47,47143"
2026-01-15T09:35:00.000-00:00,"8.5,8.47,8.5,8.47,36636"
2026-01-15T09:40:00.000-00:00,"8.47,8.51,8.51,8.46,54619"
2026-01-15T09:45:00.000-00:00,"8.5,8.5,8.5,8.45,18056"
2026-01-15T09:50:00.000-00:00,"8.5,8.49,8.5,8.45,23293"
2026-01-15T09:55:00.000-00:00,"8.46,8.47,8.47,8.44,54115"
2026-01-15T10:00:00.000-00:00,"8.44,8.45,8.46,8.43,34368"
2026-01-15T10:05:00.000-00:00,"8.45,8.47,8.47,8.43,114918"
2026-01-15T10:10:00.000-00:00,"8.47,8.49,8.5,8.47,66153"
2026-01-15T10:15:00.000-00:00,"8.49,8.49,8.49,8.46,14154"
2026-01-15T10:20:00.000-00:00,"8.49,8.45,8.49,8.45,12714"
2026-01-15T10:25:00.000-00:00,"8.44,8.41,8.44,8.41,91365"
2026-01-15T10:30:00.000-00:00,"8.41,8.41,8.44,8.4,205652"
2026-01-15T10:35:00.000-00:00,"8.44,8.44,8.44,8.41,4720"
2026-01-15T10:40:00.000-00:00,"8.43,8.4,8.43,8.4,115438"
2026-01-15T10:45:00.000-00:00,"8.41,8.41,8.41,8.4,53282"
2026-01-15T10:50:00.000-00:00,"8.41,8.4,8.41,8.4,176823"
2026-01-15T10:55:00.000-00:00,"8.4,8.39,8.42,8.39,391148"
2026-01-15T11:00:00.000-00:00,"8.38,8.37,8.38,8.35,195089"
2026-01-15T11:05:00.000-00:00,"8.37,8.35,8.38,8.35,197572"
2026-01-15T11:10:00.000-00:00,"8.36,8.39,8.39,8.36,25340"
2026-01-15T11:15:00.000-00:00,"8.39,8.36,8.39,8.36,53316"
2026-01-15T11:20:00.000-00:00,"8.39,8.36,8.39,8.36,26883"
2026-01-15T11:25:00.000-00:00,"8.37,8.37,8.38,8.36,30514"
2026-01-15T11:30:00.000-00:00,"8.38,8.38,8.38,8.37,95913"
2026-01-15T11:35:00.000-00:00,"8.37,8.43,8.43,8.37,60918"
2026-01-15T11:40:00.000-00:00,"8.42,8.37,8.43,8.37,13053"
2026-01-15T11:45:00.000-00:00,"8.37,8.4,8.4,8.37,35450"
2026-01-15T11:50:00.000-00:00,"8.4,8.36,8.4,8.36,89218"
2026-01-15T11:55:00.000-00:00,"8.37,8.38,8.4,8.35,134044"
2026-01-15T12:00:00.000-00:00,"8.38,8.37,8.38,8.35,129753"
2026-01-15T12:05:00.000-00:00,"8.37,8.4,8.42,8.37,313827"
2026-01-15T12:10:00.000-00:00,"8.38,8.38,8.42,8.36,584812"
2026-01-15T12:25:00.000-00:00,"8.46,8.46,8.46,8.46,788527"
2026-01-18T08:00:00.000-00:00,"8.5,8.58,8.6,8.5,161810"
2026-01-18T08:05:00.000-00:00,"8.55,8.55,8.57,8.55,181983"
2026-01-18T08:10:00.000-00:00,"8.53,8.55,8.55,8.51,136696"
2026-01-18T08:15:00.000-00:00,"8.55,8.67,8.67,8.55,509677"
2026-01-18T08:20:00.000-00:00,"8.65,8.6,8.67,8.6,174825"
2026-01-18T08:25:00.000-00:00,"8.63,8.68,8.69,8.6,811475"
2026-01-18T08:30:00.000-00:00,"8.66,8.64,8.67,8.64,135039"
2026-01-18T08:35:00.000-00:00,"8.64,8.6,8.64,8.58,534652"
2026-01-18T08:40:00.000-00:00,"8.6,8.6,8.63,8.6,44926"
2026-01-18T08:45:00.000-00:00,"8.59,8.59,8.6,8.59,70796"
2026-01-18T08:50:00.000-00:00,"8.58,8.58,8.59,8.58,29884"
2026-01-18T08:55:00.000-00:00,"8.59,8.59,8.59,8.57,163665"
2026-01-18T09:00:00.000-00:00,"8.59,8.59,8.59,8.57,216823"
2026-01-18T09:05:00.000-00:00,"8.58,8.59,8.59,8.58,193450"
2026-01-18T09:10:00.000-00:00,"8.59,8.59,8.59,8.58,14190"
2026-01-18T09:15:00.000-00:00,"8.58,8.59,8.59,8.58,36296"
2026-01-18T09:20:00.000-00:00,"8.59,8.58,8.59,8.58,200913"
2026-01-18T09:25:00.000-00:00,"8.58,8.58,8.58,8.58,9618"
2026-01-18T09:30:00.000-00:00,"8.58,8.55,8.58,8.55,51445"
2026-01-18T09:35:00.000-00:00,"8.55,8.55,8.57,8.55,186843"
2026-01-18T09:40:00.000-00:00,"8.55,8.54,8.55,8.51,59928"
2026-01-18T09:45:00.000-00:00,"8.54,8.52,8.54,8.52,67666"
2026-01-18T09:50:00.000-00:00,"8.54,8.55,8.55,8.51,81942"
2026-01-18T09:55:00.000-00:00,"8.51,8.48,8.53,8.48,228378"
2026-01-18T10:00:00.000-00:00,"8.49,8.49,8.5,8.49,77498"
2026-01-18T10:05:00.000-00:00,"8.5,8.48,8.5,8.48,46857"
2026-01-18T10:10:00.000-00:00,"8.49,8.47,8.5,8.47,108716"
2026-01-18T10:15:00.000-00:00,"8.48,8.45,8.48,8.45,98805"
2026-01-18T10:20:00.000-00:00,"8.49,8.42,8.49,8.42,148600"
2026-01-18T10:25:00.000-00:00,"8.49,8.38,8.49,8.38,380958"
2026-01-18T10:30:00.000-00:00,"8.42,8.38,8.42,8.35,169101"
2026-01-18T10:35:00.000-00:00,"8.4,8.4,8.42,8.36,479396"
2026-01-18T10:40:00.000-00:00,"8.4,8.42,8.42,8.4,197903"
2026-01-18T10:45:00.000-00:00,"8.43,8.42,8.43,8.42,22262"
2026-01-18T10:50:00.000-00:00,"8.41,8.43,8.43,8.4,105551"
2026-01-18T10:55:00.000-00:00,"8.41,8.43,8.43,8.41,28969"
2026-01-18T11:00:00.000-00:00,"8.45,8.44,8.45,8.43,27742"
2026-01-18T11:05:00.000-00:00,"8.44,8.43,8.44,8.4,245042"
2026-01-18T11:10:00.000-00:00,"8.43,8.43,8.43,8.41,22671"
2026-01-18T11:15:00.000-00:00,"8.43,8.42,8.43,8.4,121763"
2026-01-18T11:20:00.000-00:00,"8.43,8.41,8.43,8.41,42167"
2026-01-18T11:25:00.000-00:00,"8.4,8.4,8.43,8.4,97979"
2026-01-18T11:30:00.000-00:00,"8.4,8.41,8.41,8.4,75176"
2026-01-18T11:35:00.000-00:00,"8.4,8.4,8.41,8.4,130981"
2026-01-18T11:40:00.000-00:00,"8.41,8.41,8.41,8.4,63226"
2026-01-18T11:45:00.000-00:00,"8.41,8.4,8.42,8.4,209536"
2026-01-18T11:50:00.000-00:00,"8.4,8.4,8.41,8.4,145162"
2026-01-18T11:55:00.000-00:00,"8.4,8.41,8.42,8.39,80736"
2026-01-18T12:00:00.000-00:00,"8.42,8.41,8.42,8.4,252981"
2026-01-18T12:05:00.000-00:00,"8.41,8.43,8.44,8.41,62974"
2026-01-18T12:10:00.000-00:00,"8.43,8.48,8.48,8.42,544209"
2026-01-18T12:25:00.000-00:00,"8.5,8.5,8.5,8.5,330213"
2026-01-19T08:00:00.000-00:00,"8.51,8.5,8.57,8.5,185014"
2026-01-19T08:05:00.000-00:00,"8.5,8.54,8.54,8.5,63081"
2026-01-19T08:10:00.000-00:00,"8.54,8.52,8.54,8.52,12060"
2026-01-19T08:15:00.000-00:00,"8.52,8.52,8.52,8.52,1071"
2026-01-19T08:20:00.000-00:00,"8.53,8.51,8.55,8.51,43432"
2026-01-19T08:25:00.000-00:00,"8.51,8.53,8.58,8.5,300111"
2026-01-19T08:30:00.000-00:00,"8.55,8.6,8.6,8.53,405697"
2026-01-19T08:35:00.000-00:00,"8.59,8.59,8.59,8.56,13346"
2026-01-19T08:40:00.000-00:00,"8.57,8.57,8.57,8.56,43205"
2026-01-19T08:45:00.000-00:00,"8.58,8.58,8.58,8.56,44958"
2026-01-19T08:50:00.000-00:00,"8.58,8.6,8.6,8.56,652897"
2026-01-19T08:55:00.000-00:00,"8.6,8.6,8.6,8.56,72830"
2026-01-19T09:00:00.000-00:00,"8.59,8.6,8.6,8.57,137013"
2026-01-19T09:05:00.000-00:00,"8.6,8.63,8.63,8.6,145466"
2026-01-19T09:10:00.000-00:00,"8.63,8.63,8.63,8.62,210958"
2026-01-19T09:15:00.000-00:00,"8.63,8.64,8.64,8.63,5150379"
2026-01-19T09:20:00.000-00:00,"8.64,8.62,8.64,8.61,180474"
2026-01-19T09:25:00.000-00:00,"8.62,8.62,8.63,8.61,268030"
2026-01-19T09:30:00.000-00:00,"8.62,8.63,8.63,8.61,138853"
2026-01-19T09:35:00.000-00:00,"8.62,8.62,8.63,8.61,105515"
2026-01-19T09:40:00.000-00:00,"8.62,8.62,8.63,8.62,181152"
2026-01-19T09:45:00.000-00:00,"8.62,8.6,8.63,8.6,334731"
2026-01-19T09:50:00.000-00:00,"8.62,8.58,8.62,8.58,209309"
2026-01-19T09:55:00.000-00:00,"8.58,8.59,8.6,8.57,86042"
2026-01-19T10:00:00.000-00:00,"8.59,8.6,8.6,8.58,116831"
2026-01-19T10:05:00.000-00:00,"8.59,8.6,8.61,8.58,259058"
2026-01-19T10:10:00.000-00:00,"8.61,8.6,8.61,8.6,82412"
2026-01-19T10:15:00.000-00:00,"8.6,8.61,8.61,8.6,99584"
2026-01-19T10:20:00.000-00:00,"8.6,8.6,8.61,8.6,101574"
2026-01-19T10:25:00.000-00:00,"8.6,8.6,8.6,8.59,66396"
2026-01-19T10:30:00.000-00:00,"8.61,8.6,8.62,8.58,263609"
2026-01-19T10:35:00.000-00:00,"8.61,8.61,8.62,8.6,88429"
2026-01-19T10:40:00.000-00:00,"8.61,8.63,8.63,8.61,162810"
2026-01-19T10:45:00.000-00:00,"8.63,8.61,8.63,8.61,54595"
2026-01-19T10:50:00.000-00:00,"8.62,8.62,8.63,8.61,35178"
2026-01-19T10:55:00.000-00:00,"8.62,8.61,8.62,8.61,39254"
2026-01-19T11:00:00.000-00:00,"8.61,8.6,8.62,8.6,45301"
2026-01-19T11:05:00.000-00:00,"8.6,8.59,8.6,8.58,76672"
2026-01-19T11:10:00.000-00:00,"8.59,8.59,8.59,8.58,116252"
2026-01-19T11:15:00.000-00:00,"8.58,8.58,8.59,8.58,126855"
2026-01-19T11:20:00.000-00:00,"8.59,8.59,8.59,8.58,51263"
2026-01-19T11:25:00.000-00:00,"8.59,8.56,8.59,8.56,488107"
2026-01-19T11:30:00.000-00:00,"8.56,8.51,8.57,8.51,587942"
2026-01-19T11:35:00.000-00:00,"8.54,8.56,8.56,8.52,160538"
2026-01-19T11:40:00.000-00:00,"8.56,8.56,8.57,8.55,48174"
2026-01-19T11:45:00.000-00:00,"8.56,8.52,8.56,8.52,137468"
2026-01-19T11:50:00.000-00:00,"8.52,8.5,8.53,8.49,649829"
2026-01-19T11:55:00.000-00:00,"8.5,8.51,8.51,8.49,360180"
2026-01-19T12:00:00.000-00:00,"8.5,8.5,8.51,8.49,468135"
2026-01-19T12:05:00.000-00:00,"8.5,8.55,8.55,8.5,706278"
2026-01-19T12:10:00.000-00:00,"8.54,8.54,8.56,8.52,396908"
2026-01-19T12:25:00.000-00:00,"8.57,8.57,8.57,8.57,709845"
2026-01-20T08:00:00.000-00:00,"8.6,8.65,8.68,8.6,819919"
2026-01-20T08:05:00.000-00:00,"8.66,8.65,8.66,8.63,405590"
2026-01-20T08:10:00.000-00:00,"8.65,8.66,8.67,8.64,570892"
2026-01-20T08:15:00.000-00:00,"8.67,8.69,8.69,8.65,690367"
2026-01-20T08:20:00.000-00:00,"8.68,8.67,8.7,8.66,359833"
2026-01-20T08:25:00.000-00:00,"8.67,8.7,8.73,8.67,1449053"
2026-01-20T08:30:00.000-00:00,"8.71,8.7,8.71,8.68,517286"
2026-01-20T08:35:00.000-00:00,"8.71,8.71,8.72,8.7,383873"
2026-01-20T08:40:00.000-00:00,"8.71,8.7,8.72,8.7,129181"
2026-01-20T08:45:00.000-00:00,"8.7,8.7,8.71,8.69,423716"
2026-01-20T08:50:00.000-00:00,"8.69,8.69,8.7,8.68,82901"
2026-01-20T08:55:00.000-00:00,"8.68,8.69,8.7,8.67,252678"
2026-01-20T09:00:00.000-00:00,"8.69,8.75,8.75,8.68,1521531"
2026-01-20T09:05:00.000-00:00,"8.75,8.76,8.76,8.71,540153"
2026-01-20T09:10:00.000-00:00,"8.74,8.78,8.78,8.74,406527"
2026-01-20T09:15:00.000-00:00,"8.77,8.8,8.8,8.77,1367566"
2026-01-20T09:20:00.000-00:00,"8.8,8.86,8.86,8.78,1506847"
2026-01-20T09:25:00.000-00:00,"8.87,8.83,8.89,8.83,1696122"
2026-01-20T09:30:00.000-00:00,"8.83,8.79,8.84,8.78,521307"
2026-01-20T09:35:00.000-00:00,"8.78,8.78,8.79,8.75,100130"
2026-01-20T09:40:00.000-00:00,"8.76,8.76,8.78,8.76,66683"
2026-01-20T09:45:00.000-00:00,"8.76,8.79,8.8,8.75,315245"
2026-01-20T09:50:00.000-00:00,"8.76,8.75,8.76,8.74,179138"
2026-01-20T09:55:00.000-00:00,"8.76,8.8,8.87,8.75,1046486"
2026-01-20T10:00:00.000-00:00,"8.83,8.8,8.83,8.79,453761"
2026-01-20T10:05:00.000-00:00,"8.8,8.76,8.8,8.76,107479"
2026-01-20T10:10:00.000-00:00,"8.76,8.74,8.76,8.73,528824"
2026-01-20T10:15:00.000-00:00,"8.73,8.76,8.76,8.73,87935"
2026-01-20T10:20:00.000-00:00,"8.74,8.75,8.76,8.74,47497"
2026-01-20T10:25:00.000-00:00,"8.75,8.74,8.75,8.74,10658"
2026-01-20T10:30:00.000-00:00,"8.74,8.74,8.75,8.74,89067"
2026-01-20T10:35:00.000-00:00,"8.74,8.75,8.75,8.74,5316"
2026-01-20T10:40:00.000-00:00,"8.75,8.75,8.75,8.74,363194"
2026-01-20T10:45:00.000-00:00,"8.74,8.74,8.75,8.74,207208"
2026-01-20T10:50:00.000-00:00,"8.74,8.74,8.74,8.72,179805"
2026-01-20T10:55:00.000-00:00,"8.74,8.73,8.74,8.7,201043"
2026-01-20T11:00:00.000-00:00,"8.71,8.71,8.73,8.7,33120"
2026-01-20T11:05:00.000-00:00,"8.73,8.71,8.73,8.71,77409"
2026-01-20T11:10:00.000-00:00,"8.71,8.7,8.73,8.7,153190"
2026-01-20T11:15:00.000-00:00,"8.7,8.69,8.72,8.69,283340"
2026-01-20T11:20:00.000-00:00,"8.69,8.7,8.7,8.69,53915"
2026-01-20T11:25:00.000-00:00,"8.7,8.69,8.7,8.68,117007"
2026-01-20T11:30:00.000-00:00,"8.7,8.69,8.7,8.68,34112"
2026-01-20T11:35:00.000-00:00,"8.68,8.68,8.7,8.68,55919"
2026-01-20T11:40:00.000-00:00,"8.69,8.65,8.7,8.65,523281"
2026-01-20T11:45:00.000-00:00,"8.64,8.67,8.67,8.64,1298219"
2026-01-20T11:50:00.000-00:00,"8.65,8.65,8.68,8.61,322313"
2026-01-20T11:55:00.000-00:00,"8.63,8.65,8.66,8.63,180303"
2026-01-20T12:00:00.000-00:00,"8.65,8.7,8.72,8.65,429248"
2026-01-20T12:05:00.000-00:00,"8.7,8.7,8.73,8.7,312376"
2026-01-20T12:10:00.000-00:00,"8.7,8.7,8.72,8.68,1057261"
2026-01-20T12:15:00.000-00:00,"8.69,8.69,8.69,8.69,8184"
2026-01-20T12:25:00.000-00:00,"8.73,8.73,8.73,8.73,686952"
2026-01-21T08:00:00.000-00:00,"8.75,8.74,8.82,8.74,1029828"
2026-01-21T08:05:00.000-00:00,"8.73,8.66,8.74,8.66,531660"
2026-01-21T08:10:00.000-00:00,"8.66,8.66,8.7,8.65,105987"
2026-01-21T08:15:00.000-00:00,"8.66,8.69,8.69,8.66,63282"
2026-01-21T08:20:00.000-00:00,"8.69,8.7,8.7,8.67,58706"
2026-01-21T08:25:00.000-00:00,"8.7,8.65,8.7,8.65,255464"
2026-01-21T08:30:00.000-00:00,"8.65,8.66,8.69,8.65,137648"
2026-01-21T08:35:00.000-00:00,"8.66,8.7,8.7,8.66,326617"
2026-01-21T08:40:00.000-00:00,"8.7,8.75,8.76,8.7,214419"
2026-01-21T08:45:00.000-00:00,"8.73,8.77,8.79,8.73,261096"
2026-01-21T08:50:00.000-00:00,"8.77,8.77,8.78,8.76,372264"
2026-01-21T08:55:00.000-00:00,"8.78,8.8,8.9,8.78,1323490"
2026-01-21T09:00:00.000-00:00,"8.8,8.8,8.83,8.78,220344"
2026-01-21T09:05:00.000-00:00,"8.8,8.8,8.82,8.8,334461"
2026-01-21T09:10:00.000-00:00,"8.8,8.85,8.85,8.79,1062362"
2026-01-21T09:15:00.000-00:00,"8.82,8.84,8.85,8.8,217788"
2026-01-21T09:20:00.000-00:00,"8.84,8.85,8.87,8.8,584778"
2026-01-21T09:25:00.000-00:00,"8.85,8.79,8.86,8.79,554868"
2026-01-21T09:30:00.000-00:00,"8.8,8.79,8.8,8.78,22005"
2026-01-21T09:35:00.000-00:00,"8.79,8.75,8.79,8.75,127438"
2026-01-21T09:40:00.000-00:00,"8.76,8.77,8.79,8.75,73813"
2026-01-21T09:45:00.000-00:00,"8.79,8.79,8.79,8.77,4724"
2026-01-21T09:50:00.000-00:00,"8.79,8.79,8.8,8.79,106335"
2026-01-21T09:55:00.000-00:00,"8.8,8.79,8.8,8.79,132937"
2026-01-21T10:00:00.000-00:00,"8.79,8.77,8.85,8.77,978277"
2026-01-21T10:05:00.000-00:00,"8.77,8.77,8.79,8.76,135811"
2026-01-21T10:10:00.000-00:00,"8.77,8.77,8.77,8.76,88214"
2026-01-21T10:15:00.000-00:00,"8.76,8.77,8.77,8.75,180301"
2026-01-21T10:20:00.000-00:00,"8.76,8.77,8.77,8.76,63376"
2026-01-21T10:25:00.000-00:00,"8.77,8.77,8.77,8.76,34959"
2026-01-21T10:30:00.000-00:00,"8.76,8.76,8.77,8.76,72568"
2026-01-21T10:35:00.000-00:00,"8.76,8.77,8.77,8.76,24254"
2026-01-21T10:40:00.000-00:00,"8.76,8.77,8.77,8.76,87554"
2026-01-21T10:45:00.000-00:00,"8.77,8.78,8.78,8.76,71961"
2026-01-21T10:50:00.000-00:00,"8.78,8.8,8.8,8.77,184848"
2026-01-21T10:55:00.000-00:00,"8.8,8.83,8.83,8.79,267044"
2026-01-21T11:00:00.000-00:00,"8.82,8.84,8.84,8.82,307825"
2026-01-21T11:05:00.000-00:00,"8.84,8.9,8.95,8.84,3896270"
2026-01-21T11:10:00.000-00:00,"8.91,8.94,8.95,8.91,575471"
2026-01-21T11:15:00.000-00:00,"8.94,9.1,9.2,8.94,9529322"
2026-01-21T11:20:00.000-00:00,"9.07,9.02,9.11,9,1771725"
2026-01-21T11:25:00.000-00:00,"9.03,9.06,9.06,9.02,348787"
2026-01-21T11:30:00.000-00:00,"9.06,9.06,9.07,9.03,632637"
2026-01-21T11:35:00.000-00:00,"9.06,9.09,9.1,9.05,1524433"
2026-01-21T11:40:00.000-00:00,"9.08,9,9.15,9,2491627"
2026-01-21T11:45:00.000-00:00,"9,9.02,9.03,9,285341"
2026-01-21T11:50:00.000-00:00,"9.03,8.97,9.03,8.97,791455"
2026-01-21T11:55:00.000-00:00,"8.97,8.95,8.99,8.93,593404"
2026-01-21T12:00:00.000-00:00,"8.95,8.95,8.95,8.91,736550"
2026-01-21T12:05:00.000-00:00,"8.96,8.92,8.96,8.92,167688"
2026-01-21T12:10:00.000-00:00,"8.93,8.98,8.98,8.89,838959"
2026-01-21T12:25:00.000-00:00,"8.97,8.97,8.97,8.97,1544642"
2026-01-22T08:00:00.000-00:00,"8.96,9.03,9.07,8.92,5365472"
2026-01-22T08:05:00.000-00:00,"9.04,9,9.05,8.98,689553"
2026-01-22T08:10:00.000-00:00,"8.98,8.99,9.04,8.98,642046"
2026-01-22T08:15:00.000-00:00,"8.99,8.98,8.99,8.95,94968"
2026-01-22T08:20:00.000-00:00,"8.97,8.97,8.98,8.97,41725"
2026-01-22T08:25:00.000-00:00,"8.98,8.97,9,8.97,620076"
2026-01-22T08:30:00.000-00:00,"8.98,9.01,9.01,8.98,806055"
2026-01-22T08:35:00.000-00:00,"9.02,9.01,9.02,9.01,136183"
2026-01-22T08:40:00.000-00:00,"9,8.98,9,8.98,360926"
2026-01-22T08:45:00.000-00:00,"8.98,8.97,9,8.97,40559"
2026-01-22T08:50:00.000-00:00,"8.96,8.98,8.98,8.92,166754"
2026-01-22T08:55:00.000-00:00,"8.93,8.94,8.97,8.93,86308"
2026-01-22T09:00:00.000-00:00,"8.94,8.93,8.96,8.93,17886"
2026-01-22T09:05:00.000-00:00,"8.93,8.91,8.93,8.91,101697"
2026-01-22T09:10:00.000-00:00,"8.91,8.9,8.91,8.9,138052"
2026-01-22T09:15:00.000-00:00,"8.91,8.91,8.91,8.91,37068"
2026-01-22T09:20:00.000-00:00,"8.91,8.9,8.92,8.88,147122"
2026-01-22T09:25:00.000-00:00,"8.88,8.9,8.92,8.88,124492"
2026-01-22T09:30:00.000-00:00,"8.92,8.93,8.93,8.91,13960"
2026-01-22T09:35:00.000-00:00,"8.93,8.91,8.95,8.9,265933"
2026-01-22T09:40:00.000-00:00,"8.92,8.92,8.95,8.92,132129"
2026-01-22T09:45:00.000-00:00,"8.94,8.92,8.94,8.92,26083"
2026-01-22T09:50:00.000-00:00,"8.92,8.95,8.95,8.92,40757"
2026-01-22T09:55:00.000-00:00,"8.95,8.95,8.95,8.93,127286"
2026-01-22T10:00:00.000-00:00,"8.95,8.96,8.99,8.95,642146"
2026-01-22T10:05:00.000-00:00,"8.97,9,9,8.97,405246"
2026-01-22T10:10:00.000-00:00,"8.98,8.98,8.99,8.95,46944"
2026-01-22T10:15:00.000-00:00,"8.95,8.93,8.95,8.93,73325"
2026-01-22T10:20:00.000-00:00,"8.93,8.92,8.94,8.92,180728"
2026-01-22T10:25:00.000-00:00,"8.92,8.92,8.93,8.92,12947"
2026-01-22T10:30:00.000-00:00,"8.92,8.89,8.92,8.89,114101"
2026-01-22T10:35:00.000-00:00,"8.88,8.89,8.89,8.86,79499"
2026-01-22T10:40:00.000-00:00,"8.89,8.9,8.9,8.87,234554"
2026-01-22T10:45:00.000-00:00,"8.9,8.98,9,8.9,222005"
2026-01-22T10:50:00.000-00:00,"8.97,8.9,8.97,8.9,72825"
2026-01-22T10:55:00.000-00:00,"8.9,8.93,8.97,8.88,27204"
2026-01-22T11:00:00.000-00:00,"8.91,8.9,8.94,8.9,64727"
2026-01-22T11:05:00.000-00:00,"8.88,8.86,8.88,8.86,56509"
2026-01-22T11:10:00.000-00:00,"8.86,8.81,8.87,8.81,311450"
2026-01-22T11:15:00.000-00:00,"8.85,8.85,8.89,8.81,103947"
2026-01-22T11:20:00.000-00:00,"8.82,8.79,8.82,8.77,546153"
2026-01-22T11:25:00.000-00:00,"8.77,8.85,8.87,8.77,139993"
2026-01-22T11:30:00.000-00:00,"8.87,8.85,8.87,8.85,177944"
2026-01-22T11:35:00.000-00:00,"8.86,8.83,8.86,8.82,42369"
2026-01-22T11:40:00.000-00:00,"8.83,8.85,8.87,8.82,39133"
2026-01-22T11:45:00.000-00:00,"8.84,8.86,8.86,8.82,198659"
2026-01-22T11:50:00.000-00:00,"8.85,8.85,8.87,8.85,101435"
2026-01-22T11:55:00.000-00:00,"8.86,8.85,8.88,8.85,184891"
2026-01-22T12:00:00.000-00:00,"8.85,8.82,8.87,8.82,215962"
2026-01-22T12:05:00.000-00:00,"8.83,8.8,8.83,8.79,399603"
2026-01-22T12:10:00.000-00:00,"8.8,8.82,8.82,8.77,319223"
2026-01-22T12:25:00.000-00:00,"8.8,8.8,8.8,8.8,650792"
2026-01-25T08:00:00.000-00:00,"8.82,8.85,8.85,8.8,564913"
2026-01-25T08:05:00.000-00:00,"8.83,8.82,8.85,8.8,32868"
2026-01-25T08:10:00.000-00:00,"8.82,8.83,8.83,8.81,32416"
2026-01-25T08:15:00.000-00:00,"8.83,8.85,8.86,8.83,124853"
2026-01-25T08:20:00.000-00:00,"8.85,8.83,8.85,8.83,21207"
2026-01-25T08:25:00.000-00:00,"8.83,8.85,8.86,8.82,151435"
2026-01-25T08:30:00.000-00:00,"8.85,8.93,8.93,8.83,685208"
2026-01-25T08:35:00.000-00:00,"8.9,8.88,8.93,8.88,161508"
2026-01-25T08:40:00.000-00:00,"8.9,8.85,8.9,8.85,142167"
2026-01-25T08:45:00.000-00:00,"8.85,8.84,8.85,8.84,37488"
2026-01-25T08:50:00.000-00:00,"8.84,8.83,8.84,8.82,36237"
2026-01-25T08:55:00.000-00:00,"8.82,8.82,8.83,8.81,176045"
2026-01-25T09:00:00.000-00:00,"8.82,8.82,8.82,8.81,18680"
2026-01-25T09:05:00.000-00:00,"8.82,8.83,8.83,8.81,37624"
2026-01-25T09:10:00.000-00:00,"8.81,8.83,8.85,8.8,414189"
2026-01-25T09:15:00.000-00:00,"8.85,8.86,8.86,8.85,33523"
2026-01-25T09:20:00.000-00:00,"8.84,8.79,8.84,8.79,27797"
2026-01-25T09:25:00.000-00:00,"8.79,8.79,8.8,8.79,45215"
2026-01-25T09:30:00.000-00:00,"8.79,8.77,8.8,8.77,50241"
2026-01-25T09:35:00.000-00:00,"8.77,8.75,8.77,8.75,313419"
2026-01-25T09:40:00.000-00:00,"8.75,8.74,8.76,8.72,132991"
2026-01-25T09:45:00.000-00:00,"8.76,8.66,8.76,8.66,614660"
2026-01-25T09:50:00.000-00:00,"8.7,8.7,8.7,8.67,20723"
2026-01-25T09:55:00.000-00:00,"8.68,8.68,8.69,8.67,99797"
2026-01-25T10:00:00.000-00:00,"8.67,8.66,8.68,8.66,190207"
2026-01-25T10:05:00.000-00:00,"8.66,8.66,8.69,8.66,126999"
2026-01-25T10:10:00.000-00:00,"8.66,8.69,8.7,8.66,116777"
2026-01-25T10:15:00.000-00:00,"8.69,8.69,8.7,8.67,24179"
2026-01-25T10:20:00.000-00:00,"8.67,8.74,8.74,8.65,371279"
2026-01-25T10:25:00.000-00:00,"8.69,8.67,8.69,8.67,8998"
2026-01-25T10:30:00.000-00:00,"8.69,8.68,8.69,8.68,21032"
2026-01-25T10:35:00.000-00:00,"8.67,8.67,8.68,8.66,88181"
2026-01-25T10:40:00.000-00:00,"8.67,8.68,8.69,8.67,205589"
2026-01-25T10:45:00.000-00:00,"8.68,8.69,8.69,8.67,82866"
2026-01-25T10:50:00.000-00:00,"8.69,8.68,8.7,8.68,32368"
2026-01-25T10:55:00.000-00:00,"8.69,8.68,8.69,8.68,58210"
2026-01-25T11:00:00.000-00:00,"8.68,8.68,8.69,8.66,326315"
2026-01-25T11:05:00.000-00:00,"8.66,8.67,8.68,8.65,363725"
2026-01-25T11:10:00.000-00:00,"8.69,8.69,8.69,8.67,40722"
2026-01-25T11:15:00.000-00:00,"8.69,8.68,8.7,8.68,99916"
2026-01-25T11:20:00.000-00:00,"8.68,8.7,8.71,8.68,158839"
2026-01-25T11:25:00.000-00:00,"8.7,8.7,8.71,8.68,111660"
2026-01-25T11:30:00.000-00:00,"8.71,8.73,8.73,8.7,222476"
2026-01-25T11:35:00.000-00:00,"8.73,8.71,8.73,8.71,89501"
2026-01-25T11:40:00.000-00:00,"8.73,8.71,8.73,8.71,55233"
2026-01-25T11:45:00.000-00:00,"8.72,8.72,8.72,8.71,140589"
2026-01-25T11:50:00.000-00:00,"8.71,8.7,8.72,8.7,92359"
2026-01-25T11:55:00.000-00:00,"8.69,8.7,8.72,8.68,91682"
2026-01-25T12:00:00.000-00:00,"8.7,8.75,8.75,8.7,424212"
2026-01-25T12:05:00.000-00:00,"8.75,8.79,8.79,8.73,629040"
2026-01-25T12:10:00.000-00:00,"8.77,8.8,8.8,8.73,740754"
2026-01-25T12:25:00.000-00:00,"8.85,8.85,8.85,8.85,1257120"
2026-01-26T08:00:00.000-00:00,"8.82,8.83,8.85,8.8,67612"
2026-01-26T08:05:00.000-00:00,"8.81,8.82,8.83,8.81,11936"
2026-01-26T08:10:00.000-00:00,"8.81,8.81,8.82,8.8,34783"
2026-01-26T08:15:00.000-00:00,"8.8,8.8,8.82,8.78,429577"
2026-01-26T08:20:00.000-00:00,"8.8,8.75,8.81,8.75,321326"
2026-01-26T08:25:00.000-00:00,"8.75,8.77,8.77,8.71,186370"
2026-01-26T08:30:00.000-00:00,"8.71,8.7,8.76,8.68,389197"
2026-01-26T08:35:00.000-00:00,"8.7,8.7,8.74,8.69,329263"
2026-01-26T08:40:00.000-00:00,"8.7,8.73,8.73,8.7,224973"
2026-01-26T08:45:00.000-00:00,"8.71,8.7,8.73,8.69,320232"
2026-01-26T08:50:00.000-00:00,"8.7,8.69,8.72,8.69,203188"
2026-01-26T08:55:00.000-00:00,"8.7,8.7,8.7,8.69,41577"
2026-01-26T09:00:00.000-00:00,"8.69,8.69,8.7,8.68,40038"
2026-01-26T09:05:00.000-00:00,"8.7,8.7,8.72,8.69,168365"
2026-01-26T09:10:00.000-00:00,"8.72,8.75,8.76,8.7,95629"
2026-01-26T09:15:00.000-00:00,"8.75,8.77,8.77,8.75,263096"
2026-01-26T09:20:00.000-00:00,"8.78,8.78,8.78,8.76,32930"
2026-01-26T09:25:00.000-00:00,"8.78,8.77,8.78,8.75,51214"
2026-01-26T09:30:00.000-00:00,"8.78,8.8,8.8,8.78,84813"
2026-01-26T09:35:00.000-00:00,"8.8,8.79,8.8,8.79,55767"
2026-01-26T09:40:00.000-00:00,"8.79,8.78,8.8,8.78,129430"
2026-01-26T09:45:00.000-00:00,"8.79,8.75,8.79,8.75,562141"
2026-01-26T09:50:00.000-00:00,"8.78,8.79,8.8,8.78,91876"
2026-01-26T09:55:00.000-00:00,"8.8,8.8,8.8,8.79,199112"
2026-01-26T10:00:00.000-00:00,"8.79,8.79,8.8,8.79,45703"
2026-01-26T10:05:00.000-00:00,"8.79,8.77,8.79,8.77,300294"
2026-01-26T10:10:00.000-00:00,"8.78,8.75,8.78,8.75,119177"
2026-01-26T10:15:00.000-00:00,"8.78,8.76,8.78,8.75,38175"
2026-01-26T10:20:00.000-00:00,"8.76,8.76,8.76,8.74,11444"
2026-01-26T10:25:00.000-00:00,"8.75,8.73,8.75,8.73,1011"
2026-01-26T10:30:00.000-00:00,"8.75,8.74,8.75,8.74,1016"
2026-01-26T10:35:00.000-00:00,"8.73,8.73,8.75,8.73,46042"
2026-01-26T10:40:00.000-00:00,"8.73,8.73,8.74,8.7,347331"
2026-01-26T10:45:00.000-00:00,"8.72,8.73,8.73,8.7,71550"
2026-01-26T10:50:00.000-00:00,"8.71,8.71,8.73,8.7,198463"
2026-01-26T10:55:00.000-00:00,"8.71,8.71,8.72,8.71,26033"
2026-01-26T11:00:00.000-00:00,"8.71,8.7,8.71,8.7,97571"
2026-01-26T11:05:00.000-00:00,"8.7,8.67,8.71,8.67,237982"
2026-01-26T11:10:00.000-00:00,"8.67,8.69,8.69,8.65,131339"
2026-01-26T11:15:00.000-00:00,"8.68,8.7,8.7,8.68,256893"
2026-01-26T11:20:00.000-00:00,"8.69,8.69,8.74,8.68,146614"
2026-01-26T11:25:00.000-00:00,"8.71,8.74,8.75,8.71,129625"
2026-01-26T11:30:00.000-00:00,"8.73,8.72,8.74,8.72,56532"
2026-01-26T11:35:00.000-00:00,"8.73,8.7,8.73,8.7,105502"
2026-01-26T11:40:00.000-00:00,"8.7,8.68,8.71,8.68,82735"
2026-01-26T11:45:00.000-00:00,"8.7,8.7,8.72,8.68,298102"
2026-01-26T11:50:00.000-00:00,"8.7,8.67,8.72,8.66,673775"
2026-01-26T11:55:00.000-00:00,"8.67,8.7,8.73,8.67,471245"
2026-01-26T12:00:00.000-00:00,"8.7,8.73,8.74,8.7,120299"
2026-01-26T12:05:00.000-00:00,"8.74,8.72,8.77,8.71,326809"
2026-01-26T12:10:00.000-00:00,"8.75,8.7,8.77,8.7,366538"
2026-01-26T12:25:00.000-00:00,"8.71,8.71,8.71,8.71,582215"
2026-01-27T08:00:00.000-00:00,"8.73,8.79,8.79,8.73,18571"
2026-01-27T08:05:00.000-00:00,"8.77,8.75,8.77,8.75,2015"
2026-01-27T08:10:00.000-00:00,"8.77,8.73,8.77,8.73,27856"
2026-01-27T08:15:00.000-00:00,"8.73,8.7,8.73,8.7,197696"
2026-01-27T08:20:00.000-00:00,"8.7,8.69,8.7,8.67,21863"
2026-01-27T08:25:00.000-00:00,"8.69,8.69,8.7,8.69,36785"
2026-01-27T08:30:00.000-00:00,"8.7,8.69,8.7,8.69,196670"
2026-01-27T08:35:00.000-00:00,"8.68,8.7,8.7,8.67,124600"
2026-01-27T08:40:00.000-00:00,"8.68,8.68,8.7,8.68,2041"
2026-01-27T08:45:00.000-00:00,"8.69,8.67,8.69,8.66,170774"
2026-01-27T08:50:00.000-00:00,"8.67,8.67,8.67,8.67,45395"
2026-01-27T08:55:00.000-00:00,"8.67,8.68,8.68,8.66,111569"
2026-01-27T09:00:00.000-00:00,"8.67,8.67,8.68,8.66,166782"
2026-01-27T09:05:00.000-00:00,"8.66,8.65,8.66,8.65,84331"
2026-01-27T09:10:00.000-00:00,"8.66,8.65,8.66,8.63,175314"
2026-01-27T09:15:00.000-00:00,"8.65,8.63,8.66,8.63,126112"
2026-01-27T09:20:00.000-00:00,"8.63,8.65,8.65,8.63,35572"
2026-01-27T09:25:00.000-00:00,"8.65,8.65,8.66,8.62,63332"
2026-01-27T09:30:00.000-00:00,"8.63,8.6,8.65,8.6,358674"
2026-01-27T09:35:00.000-00:00,"8.59,8.6,8.6,8.58,162628"
2026-01-27T09:40:00.000-00:00,"8.6,8.63,8.63,8.59,126323"
2026-01-27T09:45:00.000-00:00,"8.63,8.65,8.65,8.63,140836"
2026-01-27T09:50:00.000-00:00,"8.65,8.65,8.66,8.64,220423"
2026-01-27T09:55:00.000-00:00,"8.65,8.66,8.66,8.65,189272"
2026-01-27T10:00:00.000-00:00,"8.67,8.68,8.69,8.67,132650"
2026-01-27T10:05:00.000-00:00,"8.68,8.7,8.71,8.68,139433"
2026-01-27T10:10:00.000-00:00,"8.69,8.72,8.72,8.68,291410"
2026-01-27T10:15:00.000-00:00,"8.7,8.71,8.73,8.7,198680"
2026-01-27T10:20:00.000-00:00,"8.71,8.7,8.71,8.7,138872"
2026-01-27T10:25:00.000-00:00,"8.69,8.66,8.7,8.65,373138"
2026-01-27T10:30:00.000-00:00,"8.7,8.69,8.7,8.65,82035"
2026-01-27T10:35:00.000-00:00,"8.68,8.66,8.69,8.66,103877"
2026-01-27T10:40:00.000-00:00,"8.65,8.65,8.66,8.65,52517"
2026-01-27T10:45:00.000-00:00,"8.65,8.68,8.69,8.65,76793"
2026-01-27T10:50:00.000-00:00,"8.68,8.68,8.69,8.68,2331"
2026-01-27T10:55:00.000-00:00,"8.66,8.65,8.66,8.65,157609"
2026-01-27T11:00:00.000-00:00,"8.65,8.64,8.65,8.64,68"
2026-01-27T11:05:00.000-00:00,"8.65,8.68,8.68,8.65,277498"
2026-01-27T11:10:00.000-00:00,"8.65,8.68,8.68,8.64,231660"
2026-01-27T11:15:00.000-00:00,"8.67,8.64,8.67,8.63,90938"
2026-01-27T11:20:00.000-00:00,"8.64,8.65,8.65,8.64,96162"
2026-01-27T11:25:00.000-00:00,"8.67,8.66,8.71,8.66,193325"
2026-01-27T11:30:00.000-00:00,"8.69,8.7,8.7,8.66,247682"
2026-01-27T11:35:00.000-00:00,"8.7,8.7,8.71,8.67,31840"
2026-01-27T11:40:00.000-00:00,"8.7,8.67,8.71,8.67,78481"
2026-01-27T11:45:00.000-00:00,"8.67,8.67,8.68,8.66,85958"
2026-01-27T11:50:00.000-00:00,"8.66,8.7,8.7,8.63,705355"
2026-01-27T11:55:00.000-00:00,"8.7,8.7,8.7,8.66,158520"
2026-01-27T12:00:00.000-00:00,"8.68,8.67,8.69,8.66,145607"
2026-01-27T12:05:00.000-00:00,"8.69,8.71,8.73,8.69,450345"
2026-01-27T12:10:00.000-00:00,"8.72,8.7,8.79,8.7,1935496"
2026-01-27T12:25:00.000-00:00,"8.7,8.7,8.7,8.7,432169"
2026-01-28T08:00:00.000-00:00,"8.71,8.7,8.78,8.7,47380"
2026-01-28T08:05:00.000-00:00,"8.7,8.73,8.73,8.7,9628"
2026-01-28T08:10:00.000-00:00,"8.71,8.72,8.73,8.71,26342"
2026-01-28T08:15:00.000-00:00,"8.72,8.71,8.72,8.71,4689"
2026-01-28T08:20:00.000-00:00,"8.71,8.72,8.72,8.7,29791"
2026-01-28T08:25:00.000-00:00,"8.7,8.7,8.71,8.68,46875"
2026-01-28T08:30:00.000-00:00,"8.68,8.67,8.69,8.67,40657"
2026-01-28T08:35:00.000-00:00,"8.67,8.69,8.69,8.66,53024"
2026-01-28T08:40:00.000-00:00,"8.67,8.67,8.69,8.67,25828"
2026-01-28T08:45:00.000-00:00,"8.69,8.66,8.69,8.66,50763"
2026-01-28T08:50:00.000-00:00,"8.67,8.66,8.67,8.66,7527"
2026-01-28T08:55:00.000-00:00,"8.66,8.66,8.67,8.65,106082"
2026-01-28T09:00:00.000-00:00,"8.65,8.64,8.66,8.64,106127"
2026-01-28T09:05:00.000-00:00,"8.66,8.66,8.66,8.65,15196"
2026-01-28T09:10:00.000-00:00,"8.65,8.66,8.67,8.65,20508"
2026-01-28T09:15:00.000-00:00,"8.67,8.68,8.68,8.66,13711"
2026-01-28T09:20:00.000-00:00,"8.68,8.67,8.68,8.67,37662"
2026-01-28T09:25:00.000-00:00,"8.68,8.69,8.69,8.67,27214"
2026-01-28T09:30:00.000-00:00,"8.68,8.67,8.69,8.67,27307"
2026-01-28T09:35:00.000-00:00,"8.66,8.64,8.66,8.63,219264"
2026-01-28T09:40:00.000-00:00,"8.64,8.64,8.64,8.63,37958"
2026-01-28T09:45:00.000-00:00,"8.63,8.63,8.63,8.6,367085"
2026-01-28T09:50:00.000-00:00,"8.61,8.6,8.61,8.58,354438"
2026-01-28T09:55:00.000-00:00,"8.58,8.6,8.63,8.57,149127"
2026-01-28T10:00:00.000-00:00,"8.58,8.56,8.6,8.56,139659"
2026-01-28T10:05:00.000-00:00,"8.56,8.58,8.58,8.55,207697"
2026-01-28T10:10:00.000-00:00,"8.56,8.58,8.58,8.55,85060"
2026-01-28T10:15:00.000-00:00,"8.56,8.57,8.58,8.56,54159"
2026-01-28T10:20:00.000-00:00,"8.57,8.55,8.58,8.55,239489"
2026-01-28T10:25:00.000-00:00,"8.57,8.56,8.59,8.56,23672"
2026-01-28T10:30:00.000-00:00,"8.56,8.57,8.59,8.56,39635"
2026-01-28T10:35:00.000-00:00,"8.57,8.55,8.57,8.55,53434"
2026-01-28T10:40:00.000-00:00,"8.55,8.58,8.58,8.55,149141"
2026-01-28T10:45:00.000-00:00,"8.57,8.59,8.59,8.57,57890"
2026-01-28T10:50:00.000-00:00,"8.59,8.6,8.6,8.59,182313"
2026-01-28T10:55:00.000-00:00,"8.61,8.62,8.62,8.6,40876"
2026-01-28T11:00:00.000-00:00,"8.62,8.6,8.62,8.6,69559"
2026-01-28T11:05:00.000-00:00,"8.61,8.61,8.61,8.6,5106"
2026-01-28T11:10:00.000-00:00,"8.61,8.61,8.61,8.57,90013"
2026-01-28T11:15:00.000-00:00,"8.6,8.6,8.61,8.58,3812"
2026-01-28T11:20:00.000-00:00,"8.6,8.6,8.61,8.6,50001"
2026-01-28T11:25:00.000-00:00,"8.58,8.59,8.6,8.57,20396"
2026-01-28T11:30:00.000-00:00,"8.59,8.61,8.61,8.57,75917"
2026-01-28T11:35:00.000-00:00,"8.61,8.61,8.62,8.61,71103"
2026-01-28T11:40:00.000-00:00,"8.61,8.57,8.61,8.57,116329"
2026-01-28T11:45:00.000-00:00,"8.59,8.6,8.66,8.57,1098187"
2026-01-28T11:50:00.000-00:00,"8.6,8.61,8.61,8.59,204079"
2026-01-28T11:55:00.000-00:00,"8.61,8.61,8.62,8.6,247518"
2026-01-28T12:00:00.000-00:00,"8.6,8.58,8.61,8.58,300851"
2026-01-28T12:05:00.000-00:00,"8.59,8.59,8.6,8.58,307834"
2026-01-28T12:10:00.000-00:00,"8.59,8.58,8.61,8.58,234861"
2026-01-28T12:25:00.000-00:00,"8.6,8.6,8.6,8.6,1140244"
2026-02-01T08:00:00.000-00:00,"8.6,8.58,8.7,8.58,407120"
2026-02-01T08:05:00.000-00:00,"8.6,8.59,8.64,8.55,359568"
2026-02-01T08:10:00.000-00:00,"8.59,8.55,8.59,8.55,54790"
2026-02-01T08:15:00.000-00:00,"8.59,8.58,8.6,8.55,49069"
2026-02-01T08:20:00.000-00:00,"8.59,8.59,8.59,8.53,158318"
2026-02-01T08:25:00.000-00:00,"8.59,8.57,8.59,8.57,10762"
2026-02-01T08:30:00.000-00:00,"8.57,8.6,8.6,8.57,90707"
2026-02-01T08:35:00.000-00:00,"8.6,8.54,8.6,8.54,131803"
2026-02-01T08:40:00.000-00:00,"8.55,8.57,8.57,8.55,13174"
2026-02-01T08:45:00.000-00:00,"8.57,8.56,8.57,8.56,42488"
2026-02-01T08:50:00.000-00:00,"8.55,8.54,8.56,8.53,91571"
2026-02-01T08:55:00.000-00:00,"8.54,8.55,8.55,8.54,26621"
2026-02-01T09:00:00.000-00:00,"8.55,8.54,8.55,8.54,100006"
2026-02-01T09:05:00.000-00:00,"8.54,8.57,8.57,8.52,292163"
2026-02-01T09:10:00.000-00:00,"8.57,8.6,8.6,8.56,283107"
2026-02-01T09:15:00.000-00:00,"8.57,8.57,8.62,8.57,59188"
2026-02-01T09:20:00.000-00:00,"8.61,8.65,8.66,8.6,374433"
2026-02-01T09:25:00.000-00:00,"8.65,8.63,8.65,8.63,5301"
2026-02-01T09:30:00.000-00:00,"8.63,8.6,8.66,8.6,150702"
2026-02-01T09:35:00.000-00:00,"8.65,8.61,8.65,8.6,58960"
2026-02-01T09:40:00.000-00:00,"8.64,8.61,8.64,8.6,26437"
2026-02-01T09:45:00.000-00:00,"8.6,8.6,8.63,8.59,159137"
2026-02-01T09:50:00.000-00:00,"8.6,8.6,8.61,8.59,72055"
2026-02-01T09:55:00.000-00:00,"8.6,8.61,8.61,8.59,27206"
2026-02-01T10:00:00.000-00:00,"8.61,8.61,8.61,8.59,98958"
2026-02-01T10:05:00.000-00:00,"8.6,8.59,8.61,8.59,64259"
2026-02-01T10:10:00.000-00:00,"8.6,8.6,8.61,8.58,103304"
2026-02-01T10:15:00.000-00:00,"8.59,8.6,8.6,8.58,52554"
2026-02-01T10:20:00.000-00:00,"8.6,8.61,8.63,8.6,55100"
2026-02-01T10:25:00.000-00:00,"8.62,8.62,8.62,8.6,55236"
2026-02-01T10:30:00.000-00:00,"8.61,8.62,8.62,8.6,123060"
2026-02-01T10:35:00.000-00:00,"8.62,8.6,8.62,8.59,53750"
2026-02-01T10:40:00.000-00:00,"8.6,8.6,8.62,8.6,90472"
2026-02-01T10:45:00.000-00:00,"8.61,8.61,8.62,8.61,8706"
2026-02-01T10:50:00.000-00:00,"8.61,8.63,8.63,8.6,109988"
2026-02-01T10:55:00.000-00:00,"8.61,8.58,8.61,8.58,227979"
2026-02-01T11:00:00.000-00:00,"8.58,8.6,8.6,8.55,156624"
2026-02-01T11:05:00.000-00:00,"8.55,8.6,8.6,8.55,29745"
2026-02-01T11:10:00.000-00:00,"8.59,8.58,8.59,8.57,12977"
2026-02-01T11:15:00.000-00:00,"8.57,8.58,8.58,8.56,14740"
2026-02-01T11:20:00.000-00:00,"8.58,8.6,8.6,8.57,35891"
2026-02-01T11:25:00.000-00:00,"8.6,8.59,8.6,8.57,113619"
2026-02-01T11:30:00.000-00:00,"8.57,8.55,8.59,8.55,127461"
2026-02-01T11:35:00.000-00:00,"8.55,8.54,8.58,8.54,115061"
2026-02-01T11:40:00.000-00:00,"8.54,8.58,8.59,8.54,87632"
2026-02-01T11:45:00.000-00:00,"8.56,8.55,8.57,8.55,110691"
2026-02-01T11:50:00.000-00:00,"8.57,8.57,8.58,8.55,88859"
2026-02-01T11:55:00.000-00:00,"8.58,8.59,8.59,8.58,23400"
2026-02-01T12:00:00.000-00:00,"8.59,8.55,8.59,8.55,153998"
2026-02-01T12:05:00.000-00:00,"8.54,8.57,8.57,8.54,368662"
2026-02-01T12:10:00.000-00:00,"8.58,8.61,8.7,8.58,547312"
2026-02-01T12:25:00.000-00:00,"8.7,8.7,8.7,8.7,118797"
2026-02-02T08:00:00.000-00:00,"8.71,8.73,8.74,8.71,32505"
2026-02-02T08:05:00.000-00:00,"8.72,8.69,8.73,8.62,122838"
2026-02-02T08:10:00.000-00:00,"8.69,8.69,8.7,8.69,18545"
2026-02-02T08:15:00.000-00:00,"8.7,8.7,8.7,8.69,84284"
2026-02-02T08:20:00.000-00:00,"8.69,8.69,8.7,8.67,15621"
2026-02-02T08:25:00.000-00:00,"8.67,8.67,8.69,8.67,21393"
2026-02-02T08:30:00.000-00:00,"8.68,8.69,8.69,8.63,68437"
2026-02-02T08:35:00.000-00:00,"8.67,8.67,8.67,8.67,236"
2026-02-02T08:40:00.000-00:00,"8.65,8.64,8.67,8.64,12884"
2026-02-02T08:45:00.000-00:00,"8.65,8.65,8.65,8.64,1167"
2026-02-02T08:50:00.000-00:00,"8.64,8.65,8.65,8.64,18432"
2026-02-02T08:55:00.000-00:00,"8.65,8.65,8.67,8.65,2956"
2026-02-02T09:00:00.000-00:00,"8.65,8.64,8.65,8.64,24315"
2026-02-02T09:05:00.000-00:00,"8.65,8.62,8.65,8.62,16224"
2026-02-02T09:10:00.000-00:00,"8.63,8.7,8.7,8.63,58843"
2026-02-02T09:15:00.000-00:00,"8.7,8.64,8.7,8.63,15503"
2026-02-02T09:20:00.000-00:00,"8.69,8.69,8.7,8.69,30253"
2026-02-02T09:25:00.000-00:00,"8.69,8.7,8.7,8.66,24026"
2026-02-02T09:30:00.000-00:00,"8.7,8.7,8.7,8.7,12984"
2026-02-02T09:35:00.000-00:00,"8.68,8.69,8.69,8.67,53902"
2026-02-02T09:40:00.000-00:00,"8.69,8.68,8.69,8.68,11554"
2026-02-02T09:45:00.000-00:00,"8.68,8.68,8.68,8.67,5921"
2026-02-02T09:50:00.000-00:00,"8.67,8.64,8.68,8.64,47116"
2026-02-02T09:55:00.000-00:00,"8.67,8.64,8.67,8.64,55690"
2026-02-02T10:00:00.000-00:00,"8.64,8.65,8.65,8.63,33762"
2026-02-02T10:05:00.000-00:00,"8.65,8.65,8.65,8.65,19276"
2026-02-02T10:10:00.000-00:00,"8.65,8.63,8.65,8.63,23189"
2026-02-02T10:15:00.000-00:00,"8.64,8.65,8.65,8.63,29137"
2026-02-02T10:20:00.000-00:00,"8.64,8.64,8.64,8.62,81020"
2026-02-02T10:25:00.000-00:00,"8.64,8.65,8.65,8.64,83559"
2026-02-02T10:30:00.000-00:00,"8.65,8.67,8.67,8.63,10667"
2026-02-02T10:35:00.000-00:00,"8.66,8.66,8.67,8.66,13216"
2026-02-02T10:40:00.000-00:00,"8.65,8.65,8.65,8.65,30148"
2026-02-02T10:45:00.000-00:00,"8.65,8.65,8.65,8.64,12682"
2026-02-02T10:50:00.000-00:00,"8.65,8.66,8.67,8.65,89630"
2026-02-02T10:55:00.000-00:00,"8.67,8.68,8.68,8.66,61257"
2026-02-02T11:00:00.000-00:00,"8.68,8.68,8.68,8.66,25888"
2026-02-02T11:05:00.000-00:00,"8.67,8.68,8.68,8.66,53085"
2026-02-02T11:10:00.000-00:00,"8.67,8.69,8.69,8.66,60363"
2026-02-02T11:15:00.000-00:00,"8.69,8.69,8.69,8.68,90857"
2026-02-02T11:20:00.000-00:00,"8.68,8.69,8.69,8.68,48612"
2026-02-02T11:25:00.000-00:00,"8.69,8.69,8.69,8.68,54836"
2026-02-02T11:30:00.000-00:00,"8.69,8.69,8.7,8.69,249681"
2026-02-02T11:35:00.000-00:00,"8.69,8.69,8.7,8.68,132778"
2026-02-02T11:40:00.000-00:00,"8.68,8.7,8.7,8.68,113709"
2026-02-02T11:45:00.000-00:00,"8.69,8.67,8.7,8.67,80861"
2026-02-02T11:50:00.000-00:00,"8.67,8.65,8.67,8.6,385209"
2026-02-02T11:55:00.000-00:00,"8.64,8.65,8.67,8.64,23884"
2026-02-02T12:00:00.000-00:00,"8.67,8.7,8.71,8.66,404409"
2026-02-02T12:05:00.000-00:00,"8.71,8.7,8.71,8.69,349600"
2026-02-02T12:10:00.000-00:00,"8.7,8.7,8.71,8.65,383252"
2026-02-02T12:25:00.000-00:00,"8.7,8.7,8.7,8.7,137552"
2026-02-03T08:00:00.000-00:00,"8.7,8.72,8.8,8.7,122811"
2026-02-03T08:05:00.000-00:00,"8.73,8.73,8.74,8.73,95355"
2026-02-03T08:10:00.000-00:00,"8.73,8.73,8.74,8.72,57870"
2026-02-03T08:15:00.000-00:00,"8.73,8.72,8.74,8.72,49456"
2026-02-03T08:20:00.000-00:00,"8.72,8.68,8.73,8.68,283454"
2026-02-03T08:25:00.000-00:00,"8.7,8.72,8.72,8.67,32126"
2026-02-03T08:30:00.000-00:00,"8.72,8.71,8.72,8.71,10763"
2026-02-03T08:35:00.000-00:00,"8.72,8.7,8.72,8.7,33511"
2026-02-03T08:40:00.000-00:00,"8.71,8.71,8.71,8.7,17764"
2026-02-03T08:45:00.000-00:00,"8.7,8.72,8.72,8.7,81781"
2026-02-03T08:50:00.000-00:00,"8.72,8.71,8.72,8.71,14971"
2026-02-03T08:55:00.000-00:00,"8.72,8.72,8.72,8.71,94027"
2026-02-03T09:00:00.000-00:00,"8.71,8.72,8.72,8.7,72619"
2026-02-03T09:05:00.000-00:00,"8.72,8.76,8.76,8.72,489822"
2026-02-03T09:10:00.000-00:00,"8.75,8.77,8.78,8.75,385942"
2026-02-03T09:15:00.000-00:00,"8.76,8.76,8.76,8.74,28259"
2026-02-03T09:20:00.000-00:00,"8.75,8.79,8.8,8.74,632960"
2026-02-03T09:25:00.000-00:00,"8.78,8.77,8.78,8.76,132807"
2026-02-03T09:30:00.000-00:00,"8.77,8.78,8.78,8.77,55694"
2026-02-03T09:35:00.000-00:00,"8.78,8.76,8.78,8.76,94649"
2026-02-03T09:40:00.000-00:00,"8.76,8.81,8.81,8.75,1201002"
2026-02-03T09:45:00.000-00:00,"8.8,8.81,8.81,8.79,553070"
2026-02-03T09:50:00.000-00:00,"8.82,8.83,8.84,8.81,1052077"
2026-02-03T09:55:00.000-00:00,"8.84,8.83,8.84,8.83,383913"
2026-02-03T10:00:00.000-00:00,"8.83,8.8,8.83,8.79,759095"
2026-02-03T10:05:00.000-00:00,"8.8,8.81,8.81,8.8,237649"
2026-02-03T10:10:00.000-00:00,"8.81,8.83,8.83,8.81,239980"
2026-02-03T10:15:00.000-00:00,"8.84,8.83,8.84,8.83,26529"
2026-02-03T10:20:00.000-00:00,"8.83,8.83,8.84,8.83,94982"
2026-02-03T10:25:00.000-00:00,"8.84,8.81,8.84,8.81,368155"
2026-02-03T10:30:00.000-00:00,"8.82,8.81,8.83,8.8,142537"
2026-02-03T10:35:00.000-00:00,"8.81,8.81,8.82,8.81,114790"
2026-02-03T10:40:00.000-00:00,"8.81,8.83,8.83,8.81,116862"
2026-02-03T10:45:00.000-00:00,"8.82,8.86,8.86,8.82,444977"
2026-02-03T10:50:00.000-00:00,"8.86,8.83,8.86,8.83,200022"
2026-02-03T10:55:00.000-00:00,"8.84,8.83,8.85,8.83,32715"
2026-02-03T11:00:00.000-00:00,"8.83,8.86,8.87,8.83,392117"
2026-02-03T11:05:00.000-00:00,"8.87,8.85,8.87,8.85,285095"
2026-02-03T11:10:00.000-00:00,"8.83,8.84,8.85,8.83,7253"
2026-02-03T11:15:00.000-00:00,"8.84,8.82,8.84,8.82,65200"
2026-02-03T11:20:00.000-00:00,"8.83,8.8,8.83,8.8,399057"
2026-02-03T11:25:00.000-00:00,"8.8,8.79,8.82,8.79,58160"
2026-02-03T11:30:00.000-00:00,"8.82,8.79,8.84,8.79,76184"
2026-02-03T11:35:00.000-00:00,"8.79,8.79,8.83,8.79,42852"
2026-02-03T11:40:00.000-00:00,"8.8,8.79,8.8,8.79,77584"
2026-02-03T11:45:00.000-00:00,"8.79,8.79,8.79,8.78,165947"
2026-02-03T11:50:00.000-00:00,"8.8,8.83,8.83,8.79,306240"
2026-02-03T11:55:00.000-00:00,"8.84,8.99,9,8.84,4595801"
2026-02-03T12:00:00.000-00:00,"8.99,9.05,9.09,8.99,3862510"
2026-02-03T12:05:00.000-00:00,"9.05,9.05,9.09,9.04,1027842"
2026-02-03T12:10:00.000-00:00,"9.05,9.04,9.06,9.04,2092483"
2026-02-03T12:25:00.000-00:00,"9.05,9.05,9.05,9.05,1576020"
2026-02-04T08:00:00.000-00:00,"9.1,9.02,9.1,9.02,1041740"
2026-02-04T08:05:00.000-00:00,"9.02,9.05,9.09,9.02,790957"
2026-02-04T08:10:00.000-00:00,"9.05,9.02,9.06,9.02,462898"
2026-02-04T08:15:00.000-00:00,"9.02,8.99,9.03,8.96,500969"
2026-02-04T08:20:00.000-00:00,"8.99,8.98,8.99,8.94,146691"
2026-02-04T08:25:00.000-00:00,"8.98,8.98,8.99,8.95,157306"
2026-02-04T08:30:00.000-00:00,"8.97,8.97,8.97,8.95,312297"
2026-02-04T08:35:00.000-00:00,"8.96,8.98,8.98,8.96,414287"
2026-02-04T08:40:00.000-00:00,"8.98,8.99,9,8.97,224465"
2026-02-04T08:45:00.000-00:00,"8.99,9,9,8.98,274789"
2026-02-04T08:50:00.000-00:00,"8.97,8.98,8.99,8.97,11631"
2026-02-04T08:55:00.000-00:00,"8.98,8.98,8.99,8.97,27426"
2026-02-04T09:00:00.000-00:00,"8.98,8.98,9,8.98,226254"
2026-02-04T09:05:00.000-00:00,"8.99,8.99,8.99,8.99,28849"
2026-02-04T09:10:00.000-00:00,"8.98,8.99,8.99,8.98,70994"
2026-02-04T09:15:00.000-00:00,"8.99,8.98,8.99,8.98,36564"
2026-02-04T09:20:00.000-00:00,"8.97,8.98,8.99,8.97,73563"
2026-02-04T09:25:00.000-00:00,"8.98,8.99,8.99,8.98,15081"
2026-02-04T09:30:00.000-00:00,"8.99,8.98,8.99,8.97,53154"
2026-02-04T09:35:00.000-00:00,"8.98,8.99,8.99,8.97,29792"
2026-02-04T09:40:00.000-00:00,"8.98,8.95,8.99,8.9,1247750"
2026-02-04T09:45:00.000-00:00,"8.95,8.93,8.97,8.93,307406"
2026-02-04T09:50:00.000-00:00,"8.94,8.94,8.94,8.93,62139"
2026-02-04T09:55:00.000-00:00,"8.94,8.92,8.94,8.92,64104"
2026-02-04T10:00:00.000-00:00,"8.93,8.94,8.95,8.93,188143"
2026-02-04T10:05:00.000-00:00,"8.94,8.91,8.94,8.9,360332"
2026-02-04T10:10:00.000-00:00,"8.91,8.9,8.93,8.9,162237"
2026-02-04T10:15:00.000-00:00,"8.9,8.9,8.92,8.89,329921"
2026-02-04T10:20:00.000-00:00,"8.9,8.9,8.92,8.89,110731"
2026-02-04T10:25:00.000-00:00,"8.9,8.89,8.9,8.88,218646"
2026-02-04T10:30:00.000-00:00,"8.89,8.88,8.89,8.85,222767"
2026-02-04T10:35:00.000-00:00,"8.88,8.9,8.94,8.86,289872"
2026-02-04T10:40:00.000-00:00,"8.9,8.9,8.93,8.9,126623"
2026-02-04T10:45:00.000-00:00,"8.9,8.9,8.9,8.89,34505"
2026-02-04T10:50:00.000-00:00,"8.9,8.89,8.9,8.89,59013"
2026-02-04T10:55:00.000-00:00,"8.9,8.88,8.9,8.88,356101"
2026-02-04T11:00:00.000-00:00,"8.88,8.9,8.9,8.88,25125"
2026-02-04T11:05:00.000-00:00,"8.88,8.86,8.9,8.86,128454"
2026-02-04T11:10:00.000-00:00,"8.89,8.88,8.89,8.86,96825"
2026-02-04T11:15:00.000-00:00,"8.88,8.87,8.9,8.85,802240"
2026-02-04T11:20:00.000-00:00,"8.87,8.87,8.88,8.85,309022"
2026-02-04T11:25:00.000-00:00,"8.87,8.89,8.89,8.86,64387"
2026-02-04T11:30:00.000-00:00,"8.9,8.95,8.97,8.89,495861"
2026-02-04T11:35:00.000-00:00,"8.95,8.93,8.95,8.92,159766"
2026-02-04T11:40:00.000-00:00,"8.93,8.93,8.94,8.93,62878"
2026-02-04T11:45:00.000-00:00,"8.94,8.9,8.94,8.9,329466"
2026-02-04T11:50:00.000-00:00,"8.91,8.93,8.93,8.9,228313"
2026-02-04T11:55:00.000-00:00,"8.93,8.9,8.93,8.89,528745"
2026-02-04T12:00:00.000-00:00,"8.9,8.85,8.9,8.83,783276"
2026-02-04T12:05:00.000-00:00,"8.85,8.88,8.89,8.85,177190"
2026-02-04T12:10:00.000-00:00,"8.88,8.87,8.88,8.84,500415"
2026-02-04T12:25:00.000-00:00,"8.86,8.86,8.86,8.86,642414"
2026-02-05T08:00:00.000-00:00,"8.87,8.88,8.89,8.84,107363"
2026-02-05T08:05:00.000-00:00,"8.88,8.85,8.89,8.85,238257"
2026-02-05T08:10:00.000-00:00,"8.84,8.84,8.85,8.81,290984"
2026-02-05T08:15:00.000-00:00,"8.84,8.88,8.88,8.84,32416"
2026-02-05T08:20:00.000-00:00,"8.85,8.86,8.9,8.85,216899"
2026-02-05T08:25:00.000-00:00,"8.89,8.89,8.89,8.84,75256"
2026-02-05T08:30:00.000-00:00,"8.88,8.79,8.88,8.79,900791"
2026-02-05T08:35:00.000-00:00,"8.79,8.78,8.8,8.76,181306"
2026-02-05T08:40:00.000-00:00,"8.77,8.78,8.8,8.76,100325"
2026-02-05T08:45:00.000-00:00,"8.78,8.79,8.8,8.78,17630"
2026-02-05T08:50:00.000-00:00,"8.78,8.81,8.81,8.78,94642"
2026-02-05T08:55:00.000-00:00,"8.81,8.86,8.87,8.81,109411"
2026-02-05T09:00:00.000-00:00,"8.86,8.84,8.87,8.84,16360"
2026-02-05T09:05:00.000-00:00,"8.85,8.84,8.86,8.84,147662"
2026-02-05T09:10:00.000-00:00,"8.84,8.85,8.85,8.84,23304"
2026-02-05T09:15:00.000-00:00,"8.85,8.85,8.85,8.84,3891"
2026-02-05T09:20:00.000-00:00,"8.85,8.83,8.85,8.82,84405"
2026-02-05T09:25:00.000-00:00,"8.83,8.82,8.84,8.82,45168"
2026-02-05T09:30:00.000-00:00,"8.84,8.85,8.85,8.81,44627"
2026-02-05T09:35:00.000-00:00,"8.85,8.8,8.85,8.8,122156"
2026-02-05T09:40:00.000-00:00,"8.83,8.84,8.84,8.8,83129"
2026-02-05T09:45:00.000-00:00,"8.8,8.8,8.8,8.8,58506"
2026-02-05T09:50:00.000-00:00,"8.8,8.83,8.84,8.8,43532"
2026-02-05T09:55:00.000-00:00,"8.83,8.8,8.83,8.8,25169"
2026-02-05T10:00:00.000-00:00,"8.8,8.79,8.8,8.79,66904"
2026-02-05T10:05:00.000-00:00,"8.78,8.77,8.79,8.77,36106"
2026-02-05T10:10:00.000-00:00,"8.78,8.75,8.78,8.71,866776"
2026-02-05T10:15:00.000-00:00,"8.74,8.78,8.78,8.72,29685"
2026-02-05T10:20:00.000-00:00,"8.78,8.74,8.78,8.71,225197"
2026-02-05T10:25:00.000-00:00,"8.74,8.74,8.78,8.74,78992"
2026-02-05T10:30:00.000-00:00,"8.75,8.75,8.75,8.74,79161"
2026-02-05T10:35:00.000-00:00,"8.75,8.77,8.77,8.75,20295"
2026-02-05T10:40:00.000-00:00,"8.76,8.8,8.81,8.76,30006"
2026-02-05T10:45:00.000-00:00,"8.79,8.79,8.81,8.78,78130"
2026-02-05T10:50:00.000-00:00,"8.8,8.79,8.82,8.79,59168"
2026-02-05T10:55:00.000-00:00,"8.82,8.82,8.83,8.8,53995"
2026-02-05T11:00:00.000-00:00,"8.83,8.84,8.84,8.83,52428"
2026-02-05T11:05:00.000-00:00,"8.84,8.84,8.84,8.83,78709"
2026-02-05T11:10:00.000-00:00,"8.84,8.86,8.86,8.84,63608"
2026-02-05T11:15:00.000-00:00,"8.86,8.85,8.86,8.84,34000"
2026-02-05T11:20:00.000-00:00,"8.85,8.84,8.86,8.82,39040"
2026-02-05T11:25:00.000-00:00,"8.85,8.88,8.89,8.84,148900"
2026-02-05T11:30:00.000-00:00,"8.88,8.9,8.9,8.86,350596"
2026-02-05T11:35:00.000-00:00,"8.9,8.89,8.9,8.86,194556"
2026-02-05T11:40:00.000-00:00,"8.89,8.9,8.9,8.89,80299"
2026-02-05T11:45:00.000-00:00,"8.89,8.9,8.91,8.88,165656"
2026-02-05T11:50:00.000-00:00,"8.89,8.91,8.92,8.87,120357"
2026-02-05T11:55:00.000-00:00,"8.91,8.88,8.93,8.88,427667"
2026-02-05T12:00:00.000-00:00,"8.88,8.8,8.88,8.8,396258"
2026-02-05T12:05:00.000-00:00,"8.85,8.85,8.86,8.85,44546"
2026-02-05T12:10:00.000-00:00,"8.84,8.8,8.86,8.79,527967"
2026-02-05T12:25:00.000-00:00,"8.83,8.83,8.83,8.83,437706"
2026-02-08T08:00:00.000-00:00,"8.84,8.9,8.9,8.84,184189"
2026-02-08T08:05:00.000-00:00,"8.88,8.93,8.93,8.88,133619"
2026-02-08T08:10:00.000-00:00,"8.91,8.91,8.93,8.9,119813"
2026-02-08T08:15:00.000-00:00,"8.93,8.99,8.99,8.91,689919"
2026-02-08T08:20:00.000-00:00,"9,8.95,9.01,8.94,630677"
2026-02-08T08:25:00.000-00:00,"8.96,9.02,9.03,8.94,1568167"
2026-02-08T08:30:00.000-00:00,"9.03,9.02,9.05,9.01,1224161"
2026-02-08T08:35:00.000-00:00,"9.01,8.95,9.01,8.94,637515"
2026-02-08T08:40:00.000-00:00,"8.95,8.95,8.96,8.93,543298"
2026-02-08T08:45:00.000-00:00,"8.95,8.94,8.95,8.94,266422"
2026-02-08T08:50:00.000-00:00,"8.94,8.93,8.95,8.93,58666"
2026-02-08T08:55:00.000-00:00,"8.93,8.91,8.95,8.9,429276"
2026-02-08T09:00:00.000-00:00,"8.91,8.95,8.95,8.91,40714"
2026-02-08T09:05:00.000-00:00,"8.95,8.98,8.98,8.95,132248"
2026-02-08T09:10:00.000-00:00,"8.96,8.98,8.98,8.96,505143"
2026-02-08T09:15:00.000-00:00,"8.98,8.95,8.98,8.95,217859"
2026-02-08T09:20:00.000-00:00,"8.96,8.95,8.96,8.95,99841"
2026-02-08T09:25:00.000-00:00,"8.95,8.97,8.97,8.95,23974"
2026-02-08T09:30:00.000-00:00,"8.96,8.97,8.98,8.96,107222"
2026-02-08T09:35:00.000-00:00,"8.97,8.96,8.98,8.96,77170"
2026-02-08T09:40:00.000-00:00,"8.96,8.96,8.97,8.96,15128"
2026-02-08T09:45:00.000-00:00,"8.97,8.97,8.97,8.96,33845"
2026-02-08T09:50:00.000-00:00,"8.98,8.98,8.99,8.96,273149"
2026-02-08T09:55:00.000-00:00,"8.97,8.98,8.98,8.97,48380"
2026-02-08T10:00:00.000-00:00,"8.98,8.96,8.98,8.96,36840"
2026-02-08T10:05:00.000-00:00,"8.97,8.95,8.98,8.95,175762"
2026-02-08T10:10:00.000-00:00,"8.96,8.96,8.97,8.96,49386"
2026-02-08T10:15:00.000-00:00,"8.96,8.98,8.98,8.96,302452"
2026-02-08T10:20:00.000-00:00,"8.98,8.99,9,8.98,587566"
2026-02-08T10:25:00.000-00:00,"8.98,8.99,9,8.98,175015"
2026-02-08T10:30:00.000-00:00,"8.99,8.97,8.99,8.96,53711"
2026-02-08T10:35:00.000-00:00,"8.97,8.97,8.99,8.97,10539"
2026-02-08T10:40:00.000-00:00,"8.97,9,9,8.97,167252"
2026-02-08T10:45:00.000-00:00,"9,9.01,9.02,9,613682"
2026-02-08T10:50:00.000-00:00,"9.01,8.99,9.01,8.99,142532"
2026-02-08T10:55:00.000-00:00,"8.99,8.99,9,8.99,86865"
2026-02-08T11:00:00.000-00:00,"9,9,9,8.97,232871"
2026-02-08T11:05:00.000-00:00,"8.99,8.99,9,8.97,167526"
2026-02-08T11:10:00.000-00:00,"8.99,9,9.01,8.99,42274"
2026-02-08T11:15:00.000-00:00,"9,9,9.01,8.99,147192"
2026-02-08T11:20:00.000-00:00,"9,9.02,9.03,9,1398389"
2026-02-08T11:25:00.000-00:00,"9,8.98,9.02,8.98,90581"
2026-02-08T11:30:00.000-00:00,"8.98,9,9.02,8.98,124465"
2026-02-08T11:35:00.000-00:00,"9,8.98,9,8.98,90667"
2026-02-08T11:40:00.000-00:00,"8.98,8.99,9,8.98,59363"
2026-02-08T11:45:00.000-00:00,"8.98,8.9,8.98,8.9,405229"
2026-02-08T11:50:00.000-00:00,"8.94,8.91,8.94,8.91,48726"
2026-02-08T11:55:00.000-00:00,"8.93,8.95,8.95,8.93,124570"
2026-02-08T12:00:00.000-00:00,"8.95,8.92,8.96,8.91,278084"
2026-02-08T12:05:00.000-00:00,"8.91,8.95,8.95,8.91,480413"
2026-02-08T12:10:00.000-00:00,"8.94,8.92,8.95,8.92,613330"
2026-02-08T12:15:00.000-00:00,"8.91,8.91,8.91,8.91,2590"
2026-02-08T12:25:00.000-00:00,"8.91,8.91,8.91,8.91,298261"
2026-02-09T08:00:00.000-00:00,"8.91,8.93,9,8.91,98660"
2026-02-09T08:05:00.000-00:00,"8.93,8.91,8.93,8.9,29367"
2026-02-09T08:10:00.000-00:00,"8.92,8.95,8.96,8.92,42887"
2026-02-09T08:15:00.000-00:00,"8.94,8.91,8.94,8.91,20169"
2026-02-09T08:20:00.000-00:00,"8.94,8.87,8.94,8.86,132611"
2026-02-09T08:25:00.000-00:00,"8.88,8.87,8.9,8.87,15105"
2026-02-09T08:30:00.000-00:00,"8.89,8.88,8.9,8.83,448515"
2026-02-09T08:35:00.000-00:00,"8.88,8.87,8.89,8.86,5458"
2026-02-09T08:40:00.000-00:00,"8.87,8.9,8.94,8.87,36242"
2026-02-09T08:45:00.000-00:00,"8.89,8.88,8.89,8.87,12558"
2026-02-09T08:50:00.000-00:00,"8.88,8.9,8.9,8.88,41122"
2026-02-09T08:55:00.000-00:00,"8.9,8.9,8.94,8.9,141241"
2026-02-12T08:00:00.000-00:00,"8.96,8.9,8.99,8.9,127314"
2026-02-12T08:05:00.000-00:00,"8.9,8.89,8.9,8.89,32293"
2026-02-12T08:10:00.000-00:00,"8.89,8.9,8.93,8.89,27957"
2026-02-12T08:15:00.000-00:00,"8.9,8.92,8.92,8.88,37057"
2026-02-12T08:20:00.000-00:00,"8.9,8.87,8.9,8.87,108075"
2026-02-12T08:25:00.000-00:00,"8.88,8.9,8.95,8.88,95846"
2026-02-12T08:30:00.000-00:00,"8.9,8.89,8.9,8.89,66356"
2026-02-12T08:35:00.000-00:00,"8.88,8.9,8.9,8.88,54262"
2026-02-12T08:40:00.000-00:00,"8.88,8.88,8.9,8.88,30693"
2026-02-12T08:45:00.000-00:00,"8.88,8.9,8.92,8.88,69027"
2026-02-12T08:50:00.000-00:00,"8.9,8.89,8.9,8.89,128529"
2026-02-12T08:55:00.000-00:00,"8.9,8.9,8.9,8.89,83953"
2026-02-12T09:00:00.000-00:00,"8.9,8.89,8.9,8.89,90253"
2026-02-12T09:05:00.000-00:00,"8.9,8.9,8.93,8.89,104550"
2026-02-12T09:10:00.000-00:00,"8.93,8.91,8.93,8.9,130656"
2026-02-12T09:15:00.000-00:00,"8.91,8.9,8.91,8.9,119673"
2026-02-12T09:20:00.000-00:00,"8.9,8.89,8.9,8.89,99014"
2026-02-12T09:25:00.000-00:00,"8.89,8.89,8.9,8.89,29324"
2026-02-12T09:30:00.000-00:00,"8.9,8.86,8.9,8.86,361937"
2026-02-12T09:35:00.000-00:00,"8.86,8.85,8.88,8.85,271745"
2026-02-12T09:40:00.000-00:00,"8.85,8.82,8.86,8.82,163799"
2026-02-12T09:45:00.000-00:00,"8.85,8.85,8.88,8.84,69739"
2026-02-12T09:50:00.000-00:00,"8.85,8.88,8.88,8.85,15157"
2026-02-12T09:55:00.000-00:00,"8.87,8.85,8.87,8.85,36580"
2026-02-12T10:00:00.000-00:00,"8.86,8.88,8.88,8.85,243379"
2026-02-12T10:05:00.000-00:00,"8.86,8.88,8.88,8.85,375652"
2026-02-12T10:10:00.000-00:00,"8.85,8.85,8.86,8.84,83192"
2026-02-12T10:15:00.000-00:00,"8.86,8.88,8.88,8.83,128161"
2026-02-12T10:20:00.000-00:00,"8.85,8.85,8.9,8.84,106902"
2026-02-12T10:25:00.000-00:00,"8.89,8.85,8.89,8.85,272530"
2026-02-12T10:30:00.000-00:00,"8.85,8.9,8.9,8.84,130056"
2026-02-12T10:35:00.000-00:00,"8.85,8.83,8.87,8.8,401256"
2026-02-12T10:40:00.000-00:00,"8.84,8.85,8.85,8.82,55125"
2026-02-12T10:45:00.000-00:00,"8.85,8.88,8.88,8.84,130779"
2026-02-12T10:50:00.000-00:00,"8.85,8.8,8.86,8.79,507608"
2026-02-12T10:55:00.000-00:00,"8.8,8.83,8.84,8.8,53491"
2026-02-12T11:00:00.000-00:00,"8.84,8.85,8.85,8.83,85219"
2026-02-12T11:05:00.000-00:00,"8.85,8.8,8.85,8.79,971656"
2026-02-12T11:10:00.000-00:00,"8.8,8.8,8.83,8.79,312987"
2026-02-12T11:15:00.000-00:00,"8.8,8.8,8.82,8.79,103661"
2026-02-12T11:20:00.000-00:00,"8.81,8.85,8.85,8.8,390839"
2026-02-12T11:25:00.000-00:00,"8.85,8.9,8.91,8.85,1217811"
2026-02-12T11:30:00.000-00:00,"8.9,8.9,8.9,8.88,301251"
2026-02-12T11:35:00.000-00:00,"8.89,8.88,8.9,8.88,165747"
2026-02-12T11:40:00.000-00:00,"8.88,8.88,8.9,8.88,269783"
2026-02-12T11:45:00.000-00:00,"8.88,8.85,8.88,8.84,476902"
2026-02-12T11:50:00.000-00:00,"8.85,8.86,8.87,8.85,123748"
2026-02-12T11:55:00.000-00:00,"8.86,8.87,8.87,8.85,169385"
2026-02-12T12:00:00.000-00:00,"8.88,8.89,8.9,8.87,607269"
2026-02-12T12:05:00.000-00:00,"8.9,8.85,8.91,8.85,610152"
2026-02-12T12:10:00.000-00:00,"8.89,8.85,8.89,8.82,1299021"
2026-02-12T12:25:00.000-00:00,"8.85,8.85,8.85,8.85,451451"
2026-02-15T08:00:00.000-00:00,"8.87,8.95,8.95,8.87,136159"
2026-02-15T08:05:00.000-00:00,"8.92,8.92,8.94,8.91,72504"
2026-02-15T08:10:00.000-00:00,"8.92,8.93,8.93,8.91,19711"
2026-02-15T08:15:00.000-00:00,"8.93,8.89,8.94,8.88,153341"
2026-02-15T08:20:00.000-00:00,"8.89,8.9,8.9,8.88,24219"
2026-02-15T08:25:00.000-00:00,"8.91,8.94,8.94,8.91,29694"
2026-02-15T08:30:00.000-00:00,"8.92,8.93,8.94,8.91,63033"
2026-02-15T08:35:00.000-00:00,"8.94,8.99,8.99,8.94,283594"
2026-02-15T08:40:00.000-00:00,"8.99,8.96,8.99,8.96,96562"
2026-02-15T08:45:00.000-00:00,"8.97,8.96,8.99,8.95,148786"
2026-02-15T08:50:00.000-00:00,"8.97,9.02,9.02,8.96,584647"
2026-02-15T08:55:00.000-00:00,"9.03,9.03,9.06,9.01,995385"
2026-02-15T09:00:00.000-00:00,"9.04,9.03,9.05,9.02,693758"
2026-02-15T09:05:00.000-00:00,"9.04,9.04,9.05,9.03,408938"
2026-02-15T09:10:00.000-00:00,"9.04,9.08,9.08,9.03,705815"
2026-02-15T09:15:00.000-00:00,"9.08,9.15,9.16,9.06,3721491"
2026-02-15T09:20:00.000-00:00,"9.15,9.28,9.3,9.15,5715026"
2026-02-15T09:25:00.000-00:00,"9.27,9.25,9.28,9.2,1899528"
2026-02-15T09:30:00.000-00:00,"9.24,9.28,9.3,9.22,1817408"
2026-02-15T09:35:00.000-00:00,"9.28,9.3,9.34,9.26,1512031"
2026-02-15T09:40:00.000-00:00,"9.31,9.35,9.36,9.28,1536516"
2026-02-15T09:45:00.000-00:00,"9.35,9.34,9.36,9.32,626622"
2026-02-15T09:50:00.000-00:00,"9.34,9.3,9.35,9.3,1475871"
2026-02-15T09:55:00.000-00:00,"9.3,9.28,9.3,9.26,1183533"
2026-02-15T10:00:00.000-00:00,"9.28,9.26,9.29,9.26,315297"
2026-02-15T10:05:00.000-00:00,"9.25,9.3,9.3,9.24,609983"
2026-02-15T10:10:00.000-00:00,"9.29,9.26,9.3,9.26,20121"
2026-02-15T10:15:00.000-00:00,"9.28,9.27,9.28,9.26,40824"
2026-02-15T10:20:00.000-00:00,"9.26,9.28,9.28,9.26,122107"
2026-02-15T10:25:00.000-00:00,"9.27,9.28,9.3,9.27,86170"
2026-02-15T10:30:00.000-00:00,"9.28,9.3,9.31,9.26,290288"
2026-02-15T10:35:00.000-00:00,"9.3,9.3,9.3,9.26,233806"
2026-02-15T10:40:00.000-00:00,"9.3,9.3,9.31,9.28,318759"
2026-02-15T10:45:00.000-00:00,"9.3,9.3,9.32,9.29,98542"
2026-02-15T10:50:00.000-00:00,"9.32,9.37,9.37,9.3,1401277"
2026-02-15T10:55:00.000-00:00,"9.37,9.39,9.39,9.35,2146420"
2026-02-15T11:00:00.000-00:00,"9.37,9.39,9.43,9.37,3327664"
2026-02-15T11:05:00.000-00:00,"9.39,9.38,9.4,9.38,462186"
2026-02-15T11:10:00.000-00:00,"9.38,9.33,9.38,9.33,477044"
2026-02-15T11:15:00.000-00:00,"9.34,9.33,9.37,9.31,758262"
2026-02-15T11:20:00.000-00:00,"9.36,9.38,9.38,9.33,188011"
2026-02-15T11:25:00.000-00:00,"9.36,9.4,9.4,9.36,688958"
2026-02-15T11:30:00.000-00:00,"9.4,9.4,9.4,9.39,623499"
2026-02-15T11:35:00.000-00:00,"9.39,9.39,9.4,9.38,436750"
2026-02-15T11:40:00.000-00:00,"9.38,9.33,9.38,9.33,420022"
2026-02-15T11:45:00.000-00:00,"9.33,9.35,9.38,9.33,347598"
2026-02-15T11:50:00.000-00:00,"9.36,9.39,9.39,9.34,546027"
2026-02-15T11:55:00.000-00:00,"9.38,9.37,9.38,9.36,199646"
2026-02-15T12:00:00.000-00:00,"9.37,9.37,9.39,9.35,729301"
2026-02-15T12:05:00.000-00:00,"9.37,9.3,9.38,9.3,1321176"
2026-02-15T12:10:00.000-00:00,"9.34,9.32,9.35,9.3,960250"
2026-02-15T12:25:00.000-00:00,"9.3,9.3,9.3,9.3,1112781"
2026-02-16T08:00:00.000-00:00,"9.35,9.35,9.41,9.32,1034285"
2026-02-16T08:05:00.000-00:00,"9.36,9.4,9.4,9.36,921311"
2026-02-16T08:10:00.000-00:00,"9.4,9.38,9.4,9.38,138803"
2026-02-16T08:15:00.000-00:00,"9.39,9.38,9.39,9.37,132731"
2026-02-16T08:20:00.000-00:00,"9.39,9.41,9.41,9.37,617857"
2026-02-16T08:25:00.000-00:00,"9.42,9.59,9.61,9.41,6235127"
2026-02-16T08:30:00.000-00:00,"9.59,9.5,9.63,9.5,1834495"
2026-02-16T08:35:00.000-00:00,"9.5,9.65,9.7,9.45,3495806"
2026-02-16T08:40:00.000-00:00,"9.67,9.56,9.7,9.56,2581965"
2026-02-16T08:45:00.000-00:00,"9.57,9.51,9.6,9.51,186183"
2026-02-16T08:50:00.000-00:00,"9.51,9.51,9.57,9.5,320677"
2026-02-16T08:55:00.000-00:00,"9.56,9.59,9.6,9.5,731902"
2026-02-16T09:00:00.000-00:00,"9.59,9.56,9.61,9.56,320836"
2026-02-16T09:05:00.000-00:00,"9.55,9.55,9.56,9.55,86129"
2026-02-16T09:10:00.000-00:00,"9.54,9.54,9.59,9.54,249182"
2026-02-16T09:15:00.000-00:00,"9.54,9.54,9.55,9.49,403542"
2026-02-16T09:20:00.000-00:00,"9.54,9.55,9.57,9.53,217669"
2026-02-16T09:25:00.000-00:00,"9.54,9.5,9.55,9.49,160064"
2026-02-16T09:30:00.000-00:00,"9.49,9.45,9.5,9.45,239773"
2026-02-16T09:35:00.000-00:00,"9.45,9.43,9.45,9.42,91487"
2026-02-16T09:40:00.000-00:00,"9.45,9.39,9.45,9.38,1519045"
2026-02-16T09:45:00.000-00:00,"9.4,9.38,9.4,9.38,53837"
2026-02-16T09:50:00.000-00:00,"9.38,9.39,9.39,9.37,81940"
2026-02-16T09:55:00.000-00:00,"9.4,9.47,9.47,9.4,263320"
2026-02-16T10:00:00.000-00:00,"9.45,9.41,9.47,9.41,97442"
2026-02-16T10:05:00.000-00:00,"9.44,9.43,9.44,9.4,279028"
2026-02-16T10:10:00.000-00:00,"9.43,9.45,9.45,9.41,28792"
2026-02-16T10:15:00.000-00:00,"9.45,9.49,9.49,9.42,85243"
2026-02-16T10:20:00.000-00:00,"9.49,9.53,9.54,9.49,279002"
2026-02-16T10:25:00.000-00:00,"9.53,9.55,9.55,9.51,508840"
2026-02-16T10:30:00.000-00:00,"9.55,9.55,9.56,9.53,193885"
2026-02-16T10:35:00.000-00:00,"9.53,9.53,9.55,9.5,339382"
2026-02-16T10:40:00.000-00:00,"9.51,9.52,9.56,9.51,411783"
2026-02-16T10:45:00.000-00:00,"9.53,9.49,9.55,9.49,123990"
2026-02-16T10:50:00.000-00:00,"9.49,9.46,9.49,9.45,61168"
2026-02-16T10:55:00.000-00:00,"9.46,9.49,9.49,9.46,14529"
2026-02-16T11:00:00.000-00:00,"9.49,9.48,9.49,9.42,209643"
2026-02-16T11:05:00.000-00:00,"9.44,9.47,9.48,9.43,20013"
2026-02-16T11:10:00.000-00:00,"9.47,9.48,9.5,9.45,40379"
2026-02-16T11:15:00.000-00:00,"9.45,9.46,9.49,9.39,549872"
2026-02-16T11:20:00.000-00:00,"9.4,9.4,9.43,9.4,359748"
2026-02-16T11:25:00.000-00:00,"9.4,9.42,9.43,9.39,379542"
2026-02-16T11:30:00.000-00:00,"9.42,9.42,9.42,9.4,28435"
2026-02-16T11:35:00.000-00:00,"9.41,9.43,9.43,9.4,269694"
2026-02-16T11:40:00.000-00:00,"9.43,9.39,9.45,9.39,615431"
2026-02-16T11:45:00.000-00:00,"9.39,9.4,9.43,9.38,821442"
2026-02-16T11:50:00.000-00:00,"9.4,9.4,9.4,9.39,44497"
2026-02-16T11:55:00.000-00:00,"9.4,9.39,9.43,9.39,688723"
2026-02-16T12:00:00.000-00:00,"9.39,9.42,9.42,9.38,128366"
2026-02-16T12:05:00.000-00:00,"9.42,9.44,9.45,9.4,429301"
2026-02-16T12:10:00.000-00:00,"9.41,9.38,9.43,9.38,130317"
2026-02-16T12:25:00.000-00:00,"9.38,9.38,9.38,9.38,224355"
2026-02-17T08:00:00.000-00:00,"9.49,9.49,9.49,9.42,215562"
2026-02-17T08:05:00.000-00:00,"9.49,9.39,9.49,9.39,187247"
2026-02-17T08:10:00.000-00:00,"9.4,9.4,9.4,9.38,373541"
2026-02-17T08:15:00.000-00:00,"9.38,9.3,9.39,9.27,239690"
2026-02-17T08:20:00.000-00:00,"9.3,9.3,9.4,9.29,351752"
2026-02-17T08:25:00.000-00:00,"9.37,9.35,9.37,9.32,25758"
2026-02-17T08:30:00.000-00:00,"9.35,9.26,9.36,9.26,535667"
2026-02-17T08:35:00.000-00:00,"9.26,9.26,9.29,9.23,155375"
2026-02-17T08:40:00.000-00:00,"9.26,9.3,9.3,9.25,258535"
2026-02-17T08:45:00.000-00:00,"9.3,9.29,9.3,9.28,118318"
2026-02-17T08:50:00.000-00:00,"9.29,9.3,9.31,9.29,205712"
2026-02-17T08:55:00.000-00:00,"9.3,9.4,9.4,9.3,393208"
2026-02-17T09:00:00.000-00:00,"9.39,9.38,9.39,9.38,35351"
2026-02-17T09:05:00.000-00:00,"9.39,9.47,9.47,9.39,457643"
2026-02-17T09:10:00.000-00:00,"9.47,9.45,9.49,9.45,182360"
2026-02-17T09:15:00.000-00:00,"9.45,9.45,9.47,9.44,29986"
2026-02-17T09:20:00.000-00:00,"9.45,9.6,9.6,9.44,2204781"
2026-02-17T09:25:00.000-00:00,"9.6,9.59,9.6,9.51,201947"
2026-02-17T09:30:00.000-00:00,"9.58,9.54,9.58,9.52,340234"
2026-02-17T09:35:00.000-00:00,"9.52,9.55,9.55,9.5,408904"
2026-02-17T09:40:00.000-00:00,"9.54,9.56,9.57,9.52,92862"
2026-02-17T09:45:00.000-00:00,"9.56,9.62,9.63,9.53,810161"
2026-02-17T09:50:00.000-00:00,"9.62,9.63,9.67,9.62,1823888"
2026-02-17T09:55:00.000-00:00,"9.64,9.6,9.64,9.52,830104"
2026-02-17T10:00:00.000-00:00,"9.6,9.62,9.63,9.6,495006"
2026-02-17T10:05:00.000-00:00,"9.62,9.62,9.62,9.61,220917"
2026-02-17T10:10:00.000-00:00,"9.61,9.7,9.7,9.61,936419"
2026-02-17T10:15:00.000-00:00,"9.7,9.69,9.74,9.65,1316489"
2026-02-17T10:20:00.000-00:00,"9.7,9.67,9.7,9.67,904292"
2026-02-17T10:25:00.000-00:00,"9.69,9.7,9.7,9.66,323785"
2026-02-17T10:30:00.000-00:00,"9.7,9.7,9.74,9.67,535850"
2026-02-17T10:35:00.000-00:00,"9.7,9.75,9.75,9.7,1191691"
2026-02-17T10:40:00.000-00:00,"9.76,9.75,9.76,9.75,116416"
2026-02-17T10:45:00.000-00:00,"9.75,9.75,9.78,9.75,429699"
2026-02-17T10:50:00.000-00:00,"9.78,9.77,9.78,9.76,38613"
2026-02-17T10:55:00.000-00:00,"9.77,9.77,9.78,9.75,495843"
2026-02-17T11:00:00.000-00:00,"9.77,9.77,9.77,9.75,75906"
2026-02-17T11:05:00.000-00:00,"9.77,9.8,9.8,9.75,1449152"
2026-02-17T11:10:00.000-00:00,"9.8,9.75,9.8,9.75,190023"
2026-02-17T11:15:00.000-00:00,"9.75,9.73,9.78,9.72,267316"
2026-02-17T11:20:00.000-00:00,"9.73,9.67,9.73,9.64,541061"
2026-02-17T11:25:00.000-00:00,"9.7,9.67,9.7,9.66,370281"
2026-02-17T11:30:00.000-00:00,"9.66,9.64,9.66,9.64,129148"
2026-02-17T11:35:00.000-00:00,"9.65,9.62,9.65,9.61,468268"
2026-02-17T11:40:00.000-00:00,"9.62,9.65,9.66,9.62,349137"
2026-02-17T11:45:00.000-00:00,"9.65,9.65,9.66,9.63,260001"
2026-02-17T11:50:00.000-00:00,"9.66,9.69,9.69,9.65,207327"
2026-02-17T11:55:00.000-00:00,"9.69,9.58,9.69,9.58,1020014"
2026-02-17T12:00:00.000-00:00,"9.58,9.6,9.6,9.54,907697"
2026-02-17T12:05:00.000-00:00,"9.61,9.63,9.63,9.6,119705"
2026-02-17T12:10:00.000-00:00,"9.63,9.65,9.67,9.58,376018"
2026-02-17T12:25:00.000-00:00,"9.7,9.7,9.7,9.7,1147726"
2026-02-18T08:00:00.000-00:00,"9.72,9.8,9.8,9.72,736873"
2026-02-18T08:05:00.000-00:00,"9.79,9.82,9.87,9.77,1221892"
2026-02-18T08:10:00.000-00:00,"9.82,9.84,9.86,9.81,62069"
2026-02-18T08:15:00.000-00:00,"9.84,9.85,9.86,9.83,292499"
2026-02-18T08:20:00.000-00:00,"9.86,9.8,9.9,9.8,1749303"
2026-02-18T08:25:00.000-00:00,"9.81,9.87,9.89,9.8,646661"
2026-02-18T08:30:00.000-00:00,"9.87,9.83,9.87,9.82,189155"
2026-02-18T08:35:00.000-00:00,"9.83,9.81,9.83,9.79,756392"
2026-02-18T08:40:00.000-00:00,"9.81,9.78,9.82,9.78,337546"
2026-02-18T08:45:00.000-00:00,"9.78,9.81,9.81,9.76,398934"
2026-02-18T08:50:00.000-00:00,"9.83,9.8,9.83,9.79,829116"
2026-02-18T08:55:00.000-00:00,"9.8,9.8,9.82,9.78,340494"
2026-02-18T09:00:00.000-00:00,"9.78,9.79,9.8,9.76,348830"
2026-02-18T09:05:00.000-00:00,"9.78,9.79,9.8,9.78,421568"
2026-02-18T09:10:00.000-00:00,"9.78,9.78,9.8,9.78,160129"
2026-02-18T09:15:00.000-00:00,"9.79,9.79,9.8,9.79,279456"
2026-02-18T09:20:00.000-00:00,"9.8,9.8,9.8,9.77,478048"
2026-02-18T09:25:00.000-00:00,"9.8,9.78,9.8,9.78,224284"
2026-02-18T09:30:00.000-00:00,"9.79,9.8,9.8,9.77,170168"
2026-02-18T09:35:00.000-00:00,"9.8,9.79,9.8,9.78,4704"
2026-02-18T09:40:00.000-00:00,"9.78,9.8,9.8,9.78,177533"
2026-02-18T09:45:00.000-00:00,"9.8,9.79,9.8,9.77,492137"
2026-02-18T09:50:00.000-00:00,"9.78,9.84,9.84,9.78,445296"
2026-02-18T09:55:00.000-00:00,"9.82,9.84,9.85,9.81,827347"
2026-02-18T10:00:00.000-00:00,"9.84,9.9,9.9,9.83,2266394"
2026-02-18T10:05:00.000-00:00,"9.9,9.97,9.98,9.9,2545276"
2026-02-18T10:10:00.000-00:00,"9.96,9.92,9.96,9.87,2029767"
2026-02-18T10:15:00.000-00:00,"9.9,9.9,9.93,9.9,298143"
2026-02-18T10:20:00.000-00:00,"9.9,9.88,9.94,9.88,109646"
2026-02-18T10:25:00.000-00:00,"9.88,9.85,9.91,9.84,221945"
2026-02-18T10:30:00.000-00:00,"9.85,9.8,9.85,9.78,1405868"
2026-02-18T10:35:00.000-00:00,"9.82,9.8,9.83,9.77,685497"
2026-02-18T10:40:00.000-00:00,"9.8,9.8,9.8,9.79,167066"
2026-02-18T10:45:00.000-00:00,"9.81,9.79,9.81,9.79,212627"
2026-02-18T10:50:00.000-00:00,"9.78,9.79,9.79,9.76,243376"
2026-02-18T10:55:00.000-00:00,"9.79,9.8,9.82,9.79,303695"
2026-02-18T11:00:00.000-00:00,"9.8,9.78,9.8,9.78,194094"
2026-02-18T11:05:00.000-00:00,"9.8,9.79,9.8,9.7,732129"
2026-02-18T11:10:00.000-00:00,"9.76,9.77,9.79,9.75,155797"
2026-02-18T11:15:00.000-00:00,"9.77,9.7,9.77,9.69,556820"
2026-02-18T11:20:00.000-00:00,"9.7,9.7,9.71,9.7,70255"
2026-02-18T11:25:00.000-00:00,"9.69,9.68,9.71,9.63,666555"
2026-02-18T11:30:00.000-00:00,"9.68,9.69,9.69,9.65,136344"
2026-02-18T11:35:00.000-00:00,"9.7,9.63,9.73,9.63,408209"
2026-02-18T11:40:00.000-00:00,"9.65,9.66,9.68,9.64,300682"
2026-02-18T11:45:00.000-00:00,"9.68,9.66,9.7,9.61,724921"
2026-02-18T11:50:00.000-00:00,"9.65,9.67,9.67,9.61,175680"
2026-02-18T11:55:00.000-00:00,"9.67,9.7,9.72,9.66,525138"
2026-02-18T12:00:00.000-00:00,"9.69,9.67,9.69,9.61,619668"
2026-02-18T12:05:00.000-00:00,"9.65,9.7,9.7,9.63,202993"
2026-02-18T12:10:00.000-00:00,"9.69,9.7,9.7,9.66,266208"
2026-02-18T12:25:00.000-00:00,"9.74,9.74,9.74,9.74,373744"
2026-02-19T08:00:00.000-00:00,"9.74,9.67,9.79,9.66,24927"
2026-02-19T08:05:00.000-00:00,"9.76,9.7,9.76,9.69,7438"
2026-02-19T08:10:00.000-00:00,"9.7,9.69,9.71,9.69,11337"
2026-02-19T08:15:00.000-00:00,"9.7,9.68,9.7,9.68,8260"
2026-02-19T08:20:00.000-00:00,"9.7,9.7,9.7,9.7,49364"
2026-02-19T08:25:00.000-00:00,"9.7,9.74,9.74,9.7,9228"
2026-02-19T08:30:00.000-00:00,"9.7,9.59,9.74,9.59,77597"
2026-02-19T08:35:00.000-00:00,"9.6,9.67,9.69,9.58,91210"
2026-02-19T08:40:00.000-00:00,"9.66,9.55,9.66,9.54,236877"
2026-02-19T08:45:00.000-00:00,"9.56,9.54,9.56,9.5,1217846"
2026-02-19T08:50:00.000-00:00,"9.5,9.51,9.56,9.5,108939"
2026-02-19T08:55:00.000-00:00,"9.51,9.48,9.54,9.48,78797"
2026-02-19T09:00:00.000-00:00,"9.48,9.45,9.48,9.43,466221"
2026-02-19T09:05:00.000-00:00,"9.45,9.47,9.48,9.45,122777"
2026-02-19T09:10:00.000-00:00,"9.47,9.5,9.5,9.47,178784"
2026-02-19T09:15:00.000-00:00,"9.5,9.49,9.53,9.49,214331"
2026-02-19T09:20:00.000-00:00,"9.48,9.5,9.5,9.48,118001"
2026-02-19T09:25:00.000-00:00,"9.48,9.5,9.53,9.48,343983"
2026-02-19T09:30:00.000-00:00,"9.49,9.5,9.5,9.46,638595"
2026-02-19T09:35:00.000-00:00,"9.5,9.47,9.5,9.44,648578"
2026-02-19T09:40:00.000-00:00,"9.46,9.46,9.49,9.45,293755"
2026-02-19T09:45:00.000-00:00,"9.46,9.47,9.47,9.45,288504"
2026-02-19T09:50:00.000-00:00,"9.47,9.5,9.5,9.47,230451"
2026-02-19T09:55:00.000-00:00,"9.5,9.49,9.5,9.46,61024"
2026-02-19T10:00:00.000-00:00,"9.5,9.49,9.5,9.49,28392"
2026-02-19T10:05:00.000-00:00,"9.48,9.48,9.5,9.48,159102"
2026-02-19T10:10:00.000-00:00,"9.48,9.41,9.48,9.41,333771"
2026-02-19T10:15:00.000-00:00,"9.43,9.38,9.43,9.3,631461"
2026-02-19T10:20:00.000-00:00,"9.38,9.39,9.4,9.33,211450"
2026-02-19T10:25:00.000-00:00,"9.36,9.33,9.36,9.33,224285"
2026-02-19T10:30:00.000-00:00,"9.35,9.36,9.37,9.33,263082"
2026-02-19T10:35:00.000-00:00,"9.38,9.4,9.41,9.38,122622"
2026-02-19T10:40:00.000-00:00,"9.4,9.36,9.4,9.36,263043"
2026-02-19T10:45:00.000-00:00,"9.37,9.38,9.4,9.37,94404"
2026-02-19T10:50:00.000-00:00,"9.39,9.39,9.41,9.37,322477"
2026-02-19T10:55:00.000-00:00,"9.38,9.4,9.4,9.37,135010"
2026-02-19T11:00:00.000-00:00,"9.4,9.39,9.4,9.36,242888"
2026-02-19T11:05:00.000-00:00,"9.37,9.39,9.4,9.37,309367"
2026-02-19T11:10:00.000-00:00,"9.4,9.39,9.4,9.38,363928"
2026-02-19T11:15:00.000-00:00,"9.38,9.38,9.38,9.38,26965"
2026-02-19T11:25:00.000-00:00,"9.4,9.4,9.4,9.4,646359"
2026-02-22T08:00:00.000-00:00,"9.42,9.46,9.52,9.42,189711"
2026-02-22T08:05:00.000-00:00,"9.46,9.4,9.46,9.35,171653"
2026-02-22T08:10:00.000-00:00,"9.4,9.44,9.45,9.38,179781"
2026-02-22T08:15:00.000-00:00,"9.39,9.3,9.42,9.3,431174"
2026-02-22T08:20:00.000-00:00,"9.3,9.22,9.3,9.15,401318"
2026-02-22T08:25:00.000-00:00,"9.22,9.15,9.22,9.12,300449"
2026-02-22T08:30:00.000-00:00,"9.19,9.15,9.2,9.11,334309"
2026-02-22T08:35:00.000-00:00,"9.15,9.21,9.32,9.15,204127"
2026-02-22T08:40:00.000-00:00,"9.22,9.2,9.29,9.19,593013"
2026-02-22T08:45:00.000-00:00,"9.2,9.19,9.25,9.17,475414"
2026-02-22T08:50:00.000-00:00,"9.19,9.17,9.2,9.17,69233"
2026-02-22T08:55:00.000-00:00,"9.18,9.14,9.19,9.14,256467"
2026-02-22T09:00:00.000-00:00,"9.17,9.2,9.2,9.17,199860"
2026-02-22T09:05:00.000-00:00,"9.2,9.24,9.24,9.19,181583"
2026-02-22T09:10:00.000-00:00,"9.25,9.26,9.27,9.22,149661"
2026-02-22T09:15:00.000-00:00,"9.24,9.29,9.29,9.24,46349"
2026-02-22T09:20:00.000-00:00,"9.28,9.32,9.32,9.28,58104"
2026-02-22T09:25:00.000-00:00,"9.29,9.3,9.32,9.29,14966"
2026-02-22T09:30:00.000-00:00,"9.32,9.32,9.32,9.29,5191"
2026-02-22T09:35:00.000-00:00,"9.32,9.33,9.34,9.32,27869"
2026-02-22T09:40:00.000-00:00,"9.33,9.28,9.35,9.28,125229"
2026-02-22T09:45:00.000-00:00,"9.32,9.29,9.33,9.29,63620"
2026-02-22T09:50:00.000-00:00,"9.29,9.31,9.32,9.29,3976"
2026-02-22T09:55:00.000-00:00,"9.3,9.29,9.3,9.29,51724"
2026-02-22T10:00:00.000-00:00,"9.29,9.28,9.3,9.28,118935"
2026-02-22T10:05:00.000-00:00,"9.28,9.23,9.28,9.23,108209"
2026-02-22T10:10:00.000-00:00,"9.25,9.25,9.25,9.23,3709"
2026-02-22T10:15:00.000-00:00,"9.23,9.21,9.23,9.15,289848"
2026-02-22T10:20:00.000-00:00,"9.24,9.21,9.25,9.21,1991"
2026-02-22T10:25:00.000-00:00,"9.21,9.02,9.22,9.02,1069091"
2026-02-22T10:30:00.000-00:00,"9.04,8.95,9.09,8.94,1023932"
2026-02-22T10:35:00.000-00:00,"8.95,8.95,8.99,8.9,1249210"
2026-02-22T10:40:00.000-00:00,"8.95,8.98,8.98,8.95,63906"
2026-02-22T10:45:00.000-00:00,"8.98,9.04,9.05,8.98,419338"
2026-02-22T10:50:00.000-00:00,"9.05,9.07,9.08,9.01,107546"
2026-02-22T10:55:00.000-00:00,"9.07,9,9.07,9,98324"
2026-02-22T11:00:00.000-00:00,"9,9.04,9.04,9,65099"
2026-02-22T11:05:00.000-00:00,"9.04,9.04,9.05,9.04,110567"
2026-02-22T11:10:00.000-00:00,"9.05,9.29,9.29,9.05,1474663"
2026-02-22T11:25:00.000-00:00,"9.26,9.26,9.26,9.26,53265"
2026-02-23T08:00:00.000-00:00,"9.12,9.23,9.33,9.11,38920"
2026-02-23T08:05:00.000-00:00,"9.23,9.29,9.3,9.2,13992"
2026-02-23T08:10:00.000-00:00,"9.21,9.25,9.25,9.21,16575"
2026-02-23T08:15:00.000-00:00,"9.28,9.29,9.29,9.25,31259"
2026-02-23T08:25:00.000-00:00,"9.29,9.26,9.29,9.25,56570"
2026-02-23T08:30:00.000-00:00,"9.26,9.28,9.28,9.25,29618"
2026-02-23T08:35:00.000-00:00,"9.28,9.28,9.28,9.27,43690"
2026-02-23T08:40:00.000-00:00,"9.28,9.27,9.28,9.26,16646"
2026-02-23T08:45:00.000-00:00,"9.27,9.29,9.29,9.26,41171"
2026-02-23T08:50:00.000-00:00,"9.29,9.3,9.3,9.27,98797"
2026-02-23T08:55:00.000-00:00,"9.3,9.28,9.3,9.28,21631"
2026-02-23T09:00:00.000-00:00,"9.27,9.23,9.27,9.23,155028"
2026-02-23T09:05:00.000-00:00,"9.23,9.23,9.27,9.18,121066"
2026-02-23T09:10:00.000-00:00,"9.22,9.15,9.23,9.15,117173"
2026-02-23T09:15:00.000-00:00,"9.17,9.25,9.25,9.17,16317"
2026-02-23T09:20:00.000-00:00,"9.24,9.28,9.29,9.24,175433"
2026-02-23T09:25:00.000-00:00,"9.29,9.21,9.29,9.21,81495"
2026-02-23T09:30:00.000-00:00,"9.27,9.25,9.27,9.24,22046"
2026-02-23T09:35:00.000-00:00,"9.22,9.28,9.28,9.22,213917"
2026-02-23T09:40:00.000-00:00,"9.28,9.25,9.28,9.23,24707"
2026-02-23T09:45:00.000-00:00,"9.28,9.3,9.3,9.26,62560"
2026-02-23T09:50:00.000-00:00,"9.3,9.33,9.34,9.3,67878"
2026-02-23T09:55:00.000-00:00,"9.33,9.3,9.33,9.27,44323"
2026-02-23T10:00:00.000-00:00,"9.33,9.3,9.33,9.3,54157"
2026-02-23T10:05:00.000-00:00,"9.3,9.33,9.33,9.3,77947"
2026-02-23T10:10:00.000-00:00,"9.33,9.32,9.33,9.31,28433"
2026-02-23T10:15:00.000-00:00,"9.33,9.34,9.35,9.33,92181"
2026-02-23T10:20:00.000-00:00,"9.34,9.38,9.39,9.34,392633"
2026-02-23T10:25:00.000-00:00,"9.36,9.38,9.38,9.35,204126"
2026-02-23T10:30:00.000-00:00,"9.38,9.36,9.38,9.36,60372"
2026-02-23T10:35:00.000-00:00,"9.36,9.37,9.37,9.35,22322"
2026-02-23T10:40:00.000-00:00,"9.36,9.38,9.38,9.36,100777"
2026-02-23T10:45:00.000-00:00,"9.38,9.38,9.39,9.37,139332"
2026-02-23T10:50:00.000-00:00,"9.38,9.36,9.38,9.36,155722"
2026-02-23T10:55:00.000-00:00,"9.36,9.37,9.37,9.35,107124"
2026-02-23T11:00:00.000-00:00,"9.35,9.37,9.39,9.35,200978"
2026-02-23T11:05:00.000-00:00,"9.39,9.47,9.48,9.39,432064"
2026-02-23T11:10:00.000-00:00,"9.47,9.4,9.48,9.4,255009"
2026-02-23T11:25:00.000-00:00,"9.44,9.44,9.44,9.44,481600"
2026-02-24T08:00:00.000-00:00,"9.45,9.48,9.49,9.4,49720"
2026-02-24T08:05:00.000-00:00,"9.48,9.31,9.48,9.31,193090"
2026-02-24T08:10:00.000-00:00,"9.31,9.34,9.34,9.25,96840"
2026-02-24T08:15:00.000-00:00,"9.3,9.25,9.35,9.24,193527"
2026-02-24T08:20:00.000-00:00,"9.26,9.32,9.33,9.25,150378"
2026-02-24T08:25:00.000-00:00,"9.32,9.31,9.33,9.31,49199"
2026-02-24T08:30:00.000-00:00,"9.31,9.33,9.33,9.31,7810"
2026-02-24T08:35:00.000-00:00,"9.31,9.34,9.34,9.31,11635"
2026-02-24T08:40:00.000-00:00,"9.34,9.3,9.36,9.3,93055"
2026-02-24T08:45:00.000-00:00,"9.31,9.35,9.36,9.31,73337"
2026-02-24T08:50:00.000-00:00,"9.35,9.36,9.38,9.35,51318"
2026-02-24T08:55:00.000-00:00,"9.36,9.41,9.41,9.36,182157"
2026-02-24T09:00:00.000-00:00,"9.41,9.4,9.42,9.4,100584"
2026-02-24T09:05:00.000-00:00,"9.4,9.42,9.42,9.39,25876"
2026-02-24T09:10:00.000-00:00,"9.4,9.4,9.45,9.4,68799"
2026-02-24T09:15:00.000-00:00,"9.4,9.43,9.43,9.4,1108"
2026-02-24T09:20:00.000-00:00,"9.42,9.45,9.46,9.41,66575"
2026-02-24T09:25:00.000-00:00,"9.45,9.43,9.45,9.41,53801"
2026-02-24T09:30:00.000-00:00,"9.44,9.41,9.44,9.4,91262"
2026-02-24T09:35:00.000-00:00,"9.41,9.4,9.41,9.4,58624"
2026-02-24T09:40:00.000-00:00,"9.4,9.4,9.42,9.4,43487"
2026-02-24T09:45:00.000-00:00,"9.4,9.45,9.45,9.4,19124"
2026-02-24T09:50:00.000-00:00,"9.45,9.45,9.45,9.42,39878"
2026-02-24T09:55:00.000-00:00,"9.45,9.42,9.46,9.42,23726"
2026-02-24T10:00:00.000-00:00,"9.43,9.41,9.45,9.41,145474"
2026-02-24T10:05:00.000-00:00,"9.45,9.4,9.45,9.37,85483"
2026-02-24T10:10:00.000-00:00,"9.37,9.4,9.4,9.37,431"
2026-02-24T10:15:00.000-00:00,"9.4,9.38,9.4,9.38,61"
2026-02-24T10:20:00.000-00:00,"9.38,9.37,9.39,9.37,10963"
2026-02-24T10:25:00.000-00:00,"9.38,9.38,9.38,9.37,36948"
2026-02-24T10:30:00.000-00:00,"9.37,9.34,9.38,9.33,107884"
2026-02-24T10:35:00.000-00:00,"9.34,9.3,9.34,9.29,301194"
2026-02-24T10:40:00.000-00:00,"9.32,9.33,9.35,9.32,94807"
2026-02-24T10:45:00.000-00:00,"9.34,9.31,9.35,9.31,46121"
2026-02-24T10:50:00.000-00:00,"9.32,9.3,9.34,9.29,145021"
2026-02-24T10:55:00.000-00:00,"9.3,9.29,9.3,9.29,60844"
2026-02-24T11:00:00.000-00:00,"9.28,9.24,9.3,9.24,283119"
2026-02-24T11:05:00.000-00:00,"9.25,9.25,9.3,9.24,164068"
2026-02-24T11:10:00.000-00:00,"9.29,9.25,9.29,9.24,197129"
2026-02-24T11:25:00.000-00:00,"9.25,9.25,9.25,9.25,618669"
2026-02-25T08:00:00.000-00:00,"9.27,9.28,9.3,9.15,87523"
2026-02-25T08:05:00.000-00:00,"9.27,9.18,9.27,9.18,9257"
2026-02-25T08:10:00.000-00:00,"9.18,9.14,9.24,9.14,68772"
2026-02-25T08:15:00.000-00:00,"9.14,9.01,9.14,8.93,513974"
2026-02-25T08:20:00.000-00:00,"9.01,8.99,9.04,8.96,216332"
2026-02-25T08:25:00.000-00:00,"8.99,8.98,9,8.98,156192"
2026-02-25T08:30:00.000-00:00,"8.98,9.03,9.09,8.98,88038"
2026-02-25T08:35:00.000-00:00,"9.03,9.03,9.08,9.03,34497"
2026-02-25T08:40:00.000-00:00,"9.03,9.05,9.05,9.01,68881"
2026-02-25T08:45:00.000-00:00,"9.05,9.08,9.09,9.05,53304"
2026-02-25T08:50:00.000-00:00,"9.08,9.05,9.09,9.05,99676"
2026-02-25T08:55:00.000-00:00,"9.05,9.05,9.09,9.03,150682"
2026-02-25T09:00:00.000-00:00,"9.04,9.05,9.1,9.04,28074"
2026-02-25T09:05:00.000-00:00,"9.08,9.1,9.1,9.05,52574"
2026-02-25T09:10:00.000-00:00,"9.08,9.09,9.09,9.06,6303"
2026-02-25T09:15:00.000-00:00,"9.09,9.14,9.14,9.07,334679"
2026-02-25T09:20:00.000-00:00,"9.14,9.13,9.14,9.1,201854"
2026-02-25T09:25:00.000-00:00,"9.1,9.03,9.1,9.03,182438"
2026-02-25T09:30:00.000-00:00,"9.04,9.09,9.1,9.03,17901"
2026-02-25T09:35:00.000-00:00,"9.1,9.09,9.11,9.06,38441"
2026-02-25T09:40:00.000-00:00,"9.09,9.11,9.11,9.09,307760"
2026-02-25T09:45:00.000-00:00,"9.12,9.2,9.2,9.12,197955"
2026-02-25T09:50:00.000-00:00,"9.15,9.12,9.16,9.12,119621"
2026-02-25T09:55:00.000-00:00,"9.12,9.13,9.17,9.12,116051"
2026-02-25T10:00:00.000-00:00,"9.13,9.15,9.16,9.13,394733"
2026-02-25T10:05:00.000-00:00,"9.12,9.1,9.12,9.1,222153"
2026-02-25T10:10:00.000-00:00,"9.14,9.13,9.14,9.11,10461"
2026-02-25T10:15:00.000-00:00,"9.11,9.1,9.12,9.07,287398"
2026-02-25T10:20:00.000-00:00,"9.1,9.1,9.1,9.07,25475"
2026-02-25T10:25:00.000-00:00,"9.08,9.03,9.08,9.03,374950"
2026-02-25T10:30:00.000-00:00,"9.03,8.98,9.03,8.96,776351"
2026-02-25T10:35:00.000-00:00,"8.99,8.97,9,8.96,111561"
2026-02-25T10:40:00.000-00:00,"9,8.98,9.04,8.96,275362"
2026-02-25T10:45:00.000-00:00,"8.97,8.97,9,8.91,427146"
2026-02-25T10:50:00.000-00:00,"8.98,8.96,8.99,8.95,322554"
2026-02-25T10:55:00.000-00:00,"8.95,8.95,8.96,8.94,162784"
2026-02-25T11:00:00.000-00:00,"8.95,8.99,8.99,8.93,272097"
2026-02-25T11:05:00.000-00:00,"8.99,8.99,9.03,8.98,726725"
2026-02-25T11:10:00.000-00:00,"9,9,9.02,8.99,139819"
2026-02-25T11:25:00.000-00:00,"8.99,8.99,8.99,8.99,332188"
2026-02-26T08:00:00.000-00:00,"9,9,9,8.99,71224"
2026-02-26T08:05:00.000-00:00,"8.99,8.84,9,8.82,120704"
2026-02-26T08:10:00.000-00:00,"8.84,8.86,8.9,8.83,355646"
2026-02-26T08:15:00.000-00:00,"8.88,8.9,8.91,8.85,216907"
2026-02-26T08:20:00.000-00:00,"8.9,9,9,8.9,294606"
2026-02-26T08:25:00.000-00:00,"9.04,9,9.05,8.95,76193"
2026-02-26T08:30:00.000-00:00,"8.98,9.03,9.03,8.96,158840"
2026-02-26T08:35:00.000-00:00,"9.02,9.02,9.02,9,37873"
2026-02-26T08:40:00.000-00:00,"9.01,9.01,9.02,9.01,37141"
2026-02-26T08:45:00.000-00:00,"9.01,9.04,9.05,9,123108"
2026-02-26T08:50:00.000-00:00,"9.04,9.12,9.12,9.03,484981"
2026-02-26T08:55:00.000-00:00,"9.11,9.15,9.16,9.11,205912"
2026-02-26T09:00:00.000-00:00,"9.15,9.08,9.16,9.08,83865"
2026-02-26T09:05:00.000-00:00,"9.08,9.14,9.14,9.08,30036"
2026-02-26T09:10:00.000-00:00,"9.12,9.24,9.24,9.12,475795"
2026-02-26T09:15:00.000-00:00,"9.23,9.3,9.32,9.22,573157"
2026-02-26T09:20:00.000-00:00,"9.21,9.2,9.23,9.14,350063"
2026-02-26T09:25:00.000-00:00,"9.2,9.18,9.2,9.15,123759"
2026-02-26T09:30:00.000-00:00,"9.2,9.13,9.2,9.13,153250"
2026-02-26T09:35:00.000-00:00,"9.18,9.16,9.18,9.08,276903"
2026-02-26T09:40:00.000-00:00,"9.11,9.09,9.14,9.09,25745"
2026-02-26T09:45:00.000-00:00,"9.1,9.06,9.12,9.06,277108"
2026-02-26T09:50:00.000-00:00,"9.09,8.93,9.09,8.92,563339"
2026-02-26T09:55:00.000-00:00,"8.98,9,9.19,8.98,414205"
2026-02-26T10:00:00.000-00:00,"9.01,9.08,9.1,9,33814"
2026-02-26T10:05:00.000-00:00,"9.06,9,9.07,9,107676"
2026-02-26T10:10:00.000-00:00,"9.01,9,9.01,8.98,78783"
2026-02-26T10:15:00.000-00:00,"8.98,9,9,8.97,28984"
2026-02-26T10:20:00.000-00:00,"9,9.04,9.04,9,81898"
2026-02-26T10:25:00.000-00:00,"9.04,9.01,9.08,9.01,35734"
2026-02-26T10:30:00.000-00:00,"9.03,9.1,9.1,9.03,41090"
2026-02-26T10:35:00.000-00:00,"9.1,9.11,9.11,9.07,70232"
2026-02-26T10:40:00.000-00:00,"9.11,9.12,9.12,9.1,46008"
2026-02-26T10:45:00.000-00:00,"9.1,9.1,9.12,9.07,128916"
2026-02-26T10:50:00.000-00:00,"9.1,9.1,9.11,9.08,295565"
2026-02-26T10:55:00.000-00:00,"9.1,9.1,9.11,9.09,446346"
2026-02-26T11:00:00.000-00:00,"9.09,9.09,9.1,9.05,481209"
2026-02-26T11:05:00.000-00:00,"9.09,9.03,9.1,9.03,138285"
2026-02-26T11:10:00.000-00:00,"9.09,9.1,9.1,9.03,386912"
2026-02-26T11:15:00.000-00:00,"9.1,9.05,9.1,9.05,37848"
2026-02-26T11:25:00.000-00:00,"9.05,9.05,9.05,9.05,480247"
2026-03-01T08:00:00.000-00:00,"8.7,8.52,8.8,8.44,938863"
2026-03-01T08:05:00.000-00:00,"8.52,8.56,8.66,8.52,237007"
2026-03-01T08:10:00.000-00:00,"8.63,8.6,8.69,8.56,84332"
2026-03-01T08:15:00.000-00:00,"8.65,8.74,8.74,8.65,340518"
2026-03-01T08:20:00.000-00:00,"8.7,8.75,8.77,8.7,156363"
2026-03-01T08:25:00.000-00:00,"8.77,8.75,8.79,8.75,133821"
2026-03-01T08:30:00.000-00:00,"8.75,8.73,8.75,8.7,194737"
2026-03-01T08:35:00.000-00:00,"8.72,8.76,8.77,8.72,15723"
2026-03-01T08:40:00.000-00:00,"8.75,8.77,8.77,8.72,76902"
2026-03-01T08:45:00.000-00:00,"8.75,8.75,8.77,8.75,45995"
2026-03-01T08:50:00.000-00:00,"8.74,8.76,8.78,8.72,52014"
2026-03-01T08:55:00.000-00:00,"8.75,8.74,8.77,8.73,25676"
2026-03-01T09:00:00.000-00:00,"8.74,8.79,8.8,8.73,206194"
2026-03-01T09:05:00.000-00:00,"8.79,8.8,8.8,8.74,123744"
2026-03-01T09:10:00.000-00:00,"8.79,8.8,8.8,8.78,152029"
2026-03-01T09:15:00.000-00:00,"8.79,8.76,8.79,8.76,16675"
2026-03-01T09:20:00.000-00:00,"8.78,8.75,8.8,8.75,230433"
2026-03-01T09:25:00.000-00:00,"8.75,8.75,8.79,8.74,76344"
2026-03-01T09:30:00.000-00:00,"8.74,8.73,8.75,8.73,112333"
2026-03-01T09:35:00.000-00:00,"8.73,8.77,8.79,8.72,71163"
2026-03-01T09:40:00.000-00:00,"8.77,8.77,8.77,8.73,23216"
2026-03-01T09:45:00.000-00:00,"8.77,8.77,8.78,8.77,53174"
2026-03-01T09:50:00.000-00:00,"8.78,8.76,8.78,8.74,35818"
2026-03-01T09:55:00.000-00:00,"8.74,8.76,8.76,8.74,31825"
2026-03-01T10:00:00.000-00:00,"8.75,8.79,8.79,8.75,88877"
2026-03-01T10:05:00.000-00:00,"8.79,8.79,8.79,8.75,211438"
2026-03-01T10:10:00.000-00:00,"8.79,8.8,8.8,8.78,305783"
2026-03-01T10:15:00.000-00:00,"8.81,8.87,8.87,8.81,130466"
2026-03-01T10:20:00.000-00:00,"8.87,8.83,8.88,8.83,43720"
2026-03-01T10:25:00.000-00:00,"8.84,8.8,8.84,8.8,221884"
2026-03-01T10:30:00.000-00:00,"8.84,8.85,8.85,8.8,160384"
2026-03-01T10:35:00.000-00:00,"8.85,8.8,8.85,8.8,90656"
2026-03-01T10:40:00.000-00:00,"8.8,8.81,8.81,8.79,246781"
2026-03-01T10:45:00.000-00:00,"8.81,8.8,8.82,8.8,328512"
2026-03-01T10:50:00.000-00:00,"8.82,8.83,8.83,8.8,135636"
2026-03-01T10:55:00.000-00:00,"8.83,8.8,8.84,8.8,290656"
2026-03-01T11:00:00.000-00:00,"8.82,8.82,8.82,8.8,102243"
2026-03-01T11:05:00.000-00:00,"8.82,8.87,8.88,8.8,334945"
2026-03-01T11:10:00.000-00:00,"8.85,8.93,8.95,8.85,456006"
2026-03-01T11:25:00.000-00:00,"8.9,8.9,8.9,8.9,52133"
2026-03-02T08:00:00.000-00:00,"8.9,8.83,8.95,8.72,76880"
2026-03-02T08:05:00.000-00:00,"8.81,8.87,8.88,8.8,17030"
2026-03-02T08:10:00.000-00:00,"8.87,8.8,8.87,8.8,34458"
2026-03-02T08:15:00.000-00:00,"8.87,8.89,8.9,8.82,215229"
2026-03-02T08:20:00.000-00:00,"8.89,8.89,8.9,8.86,184704"
2026-03-02T08:25:00.000-00:00,"8.9,8.94,8.94,8.89,187880"
2026-03-02T08:30:00.000-00:00,"8.92,8.9,8.92,8.89,332877"
2026-03-02T08:35:00.000-00:00,"8.9,8.86,8.9,8.86,169958"
2026-03-02T08:40:00.000-00:00,"8.87,8.86,8.89,8.86,145146"
2026-03-02T08:45:00.000-00:00,"8.86,8.89,8.9,8.85,17448"
2026-03-02T08:50:00.000-00:00,"8.89,8.9,8.9,8.85,35724"
2026-03-02T08:55:00.000-00:00,"8.89,8.89,8.89,8.85,266040"
2026-03-02T09:00:00.000-00:00,"8.88,8.84,8.88,8.84,37111"
2026-03-02T09:05:00.000-00:00,"8.85,8.84,8.85,8.8,401859"
2026-03-02T09:10:00.000-00:00,"8.84,8.85,8.87,8.83,34851"
2026-03-02T09:15:00.000-00:00,"8.85,8.9,8.9,8.83,88646"
2026-03-02T09:20:00.000-00:00,"8.87,8.87,8.87,8.85,3191"
2026-03-02T09:25:00.000-00:00,"8.85,8.84,8.9,8.84,44495"
2026-03-02T09:30:00.000-00:00,"8.86,8.83,8.86,8.83,7995"
2026-03-02T09:35:00.000-00:00,"8.84,8.87,8.87,8.84,7194"
2026-03-02T09:40:00.000-00:00,"8.86,8.86,8.86,8.86,4608"
2026-03-02T09:45:00.000-00:00,"8.85,8.84,8.87,8.84,36994"
2026-03-02T09:50:00.000-00:00,"8.84,8.83,8.84,8.83,4007"
2026-03-02T09:55:00.000-00:00,"8.84,8.81,8.89,8.8,259499"
2026-03-02T10:00:00.000-00:00,"8.81,8.84,8.84,8.8,90229"
2026-03-02T10:05:00.000-00:00,"8.83,8.77,8.83,8.77,175920"
2026-03-02T10:10:00.000-00:00,"8.8,8.8,8.8,8.78,55367"
2026-03-02T10:15:00.000-00:00,"8.79,8.79,8.8,8.76,108881"
2026-03-02T10:20:00.000-00:00,"8.77,8.77,8.77,8.77,1105"
2026-03-02T10:25:00.000-00:00,"8.78,8.76,8.78,8.76,121164"
2026-03-02T10:30:00.000-00:00,"8.78,8.79,8.79,8.77,7530"
2026-03-02T10:35:00.000-00:00,"8.8,8.77,8.81,8.76,65514"
2026-03-02T10:40:00.000-00:00,"8.77,8.77,8.77,8.77,15067"
2026-03-02T10:45:00.000-00:00,"8.76,8.76,8.77,8.76,6778"
2026-03-02T10:50:00.000-00:00,"8.77,8.8,8.8,8.77,61089"
2026-03-02T10:55:00.000-00:00,"8.8,8.8,8.81,8.78,210176"
2026-03-02T11:00:00.000-00:00,"8.78,8.81,8.81,8.78,339899"
2026-03-02T11:05:00.000-00:00,"8.81,8.82,8.83,8.8,90011"
2026-03-02T11:10:00.000-00:00,"8.82,8.84,8.84,8.8,124164"
2026-03-02T11:25:00.000-00:00,"8.85,8.85,8.85,8.85,486593"
2026-03-03T08:00:00.000-00:00,"8.85,8.8,8.88,8.8,40168"
2026-03-03T08:05:00.000-00:00,"8.79,8.72,8.79,8.71,166597"
2026-03-03T08:10:00.000-00:00,"8.73,8.74,8.79,8.72,219182"
2026-03-03T08:15:00.000-00:00,"8.74,8.74,8.75,8.74,15831"
2026-03-03T08:20:00.000-00:00,"8.74,8.79,8.79,8.74,164012"
2026-03-03T08:25:00.000-00:00,"8.78,8.79,8.8,8.76,106313"
2026-03-03T08:30:00.000-00:00,"8.77,8.77,8.79,8.77,18719"
2026-03-03T08:35:00.000-00:00,"8.76,8.75,8.78,8.74,55643"
2026-03-03T08:40:00.000-00:00,"8.75,8.74,8.75,8.74,25761"
2026-03-03T08:45:00.000-00:00,"8.75,8.75,8.79,8.75,15981"
2026-03-03T08:50:00.000-00:00,"8.78,8.8,8.8,8.75,44334"
2026-03-03T08:55:00.000-00:00,"8.76,8.75,8.77,8.75,55693"
2026-03-03T09:00:00.000-00:00,"8.75,8.75,8.75,8.74,9924"
2026-03-03T09:05:00.000-00:00,"8.75,8.74,8.75,8.72,45722"
2026-03-03T09:10:00.000-00:00,"8.74,8.75,8.75,8.71,77933"
2026-03-03T09:15:00.000-00:00,"8.75,8.75,8.78,8.75,3000"
2026-03-03T09:20:00.000-00:00,"8.76,8.76,8.78,8.75,9671"
2026-03-03T09:25:00.000-00:00,"8.76,8.72,8.76,8.71,164470"
2026-03-03T09:30:00.000-00:00,"8.72,8.65,8.72,8.6,876515"
2026-03-03T09:35:00.000-00:00,"8.72,8.6,8.72,8.6,304740"
2026-03-03T09:40:00.000-00:00,"8.69,8.53,8.69,8.52,252879"
2026-03-03T09:45:00.000-00:00,"8.6,8.6,8.67,8.52,77078"
2026-03-03T09:50:00.000-00:00,"8.63,8.57,8.65,8.57,42485"
2026-03-03T09:55:00.000-00:00,"8.6,8.68,8.69,8.58,83958"
2026-03-03T10:00:00.000-00:00,"8.67,8.67,8.67,8.67,812"
2026-03-03T10:05:00.000-00:00,"8.65,8.7,8.7,8.65,15144"
2026-03-03T10:10:00.000-00:00,"8.7,8.61,8.7,8.6,145080"
2026-03-03T10:15:00.000-00:00,"8.65,8.65,8.69,8.62,93469"
2026-03-03T10:20:00.000-00:00,"8.65,8.65,8.66,8.63,54277"
2026-03-03T10:25:00.000-00:00,"8.65,8.66,8.66,8.63,50521"
2026-03-03T10:30:00.000-00:00,"8.66,8.7,8.71,8.65,380865"
2026-03-03T10:35:00.000-00:00,"8.7,8.71,8.72,8.66,142966"
2026-03-03T10:40:00.000-00:00,"8.7,8.74,8.76,8.7,565757"
2026-03-03T10:45:00.000-00:00,"8.74,8.74,8.76,8.72,105703"
2026-03-03T10:50:00.000-00:00,"8.75,8.78,8.78,8.73,96644"
2026-03-03T10:55:00.000-00:00,"8.76,8.75,8.77,8.74,176121"
2026-03-03T11:00:00.000-00:00,"8.74,8.71,8.77,8.71,271793"
2026-03-03T11:05:00.000-00:00,"8.71,8.75,8.75,8.7,99391"
2026-03-03T11:10:00.000-00:00,"8.71,8.7,8.74,8.69,273104"
2026-03-03T11:25:00.000-00:00,"8.72,8.72,8.72,8.72,456852"
2026-03-04T08:00:00.000-00:00,"8.72,8.69,8.75,8.69,111876"
2026-03-04T08:05:00.000-00:00,"8.69,8.7,8.71,8.67,44220"
2026-03-04T08:10:00.000-00:00,"8.68,8.72,8.72,8.68,65866"
2026-03-04T08:15:00.000-00:00,"8.71,8.68,8.72,8.68,69108"
2026-03-04T08:20:00.000-00:00,"8.69,8.66,8.69,8.66,60810"
2026-03-04T08:25:00.000-00:00,"8.67,8.66,8.67,8.65,62981"
2026-03-04T08:30:00.000-00:00,"8.64,8.55,8.66,8.55,600957"
2026-03-04T08:35:00.000-00:00,"8.55,8.53,8.6,8.53,316788"
2026-03-04T08:40:00.000-00:00,"8.55,8.48,8.55,8.48,565559"
2026-03-04T08:45:00.000-00:00,"8.48,8.47,8.52,8.47,68151"
2026-03-04T08:50:00.000-00:00,"8.48,8.59,8.59,8.46,115817"
2026-03-04T08:55:00.000-00:00,"8.55,8.54,8.58,8.54,69206"
2026-03-04T09:00:00.000-00:00,"8.55,8.51,8.55,8.51,134590"
2026-03-04T09:05:00.000-00:00,"8.51,8.49,8.52,8.48,229609"
2026-03-04T09:10:00.000-00:00,"8.48,8.49,8.49,8.47,200966"
2026-03-04T09:15:00.000-00:00,"8.5,8.51,8.51,8.5,130232"
2026-03-04T09:20:00.000-00:00,"8.51,8.5,8.52,8.5,20271"
2026-03-04T09:25:00.000-00:00,"8.52,8.55,8.55,8.5,239624"
2026-03-04T09:30:00.000-00:00,"8.55,8.59,8.6,8.55,389053"
2026-03-04T09:35:00.000-00:00,"8.58,8.58,8.6,8.56,89333"
2026-03-04T09:40:00.000-00:00,"8.58,8.61,8.61,8.57,91432"
2026-03-04T09:45:00.000-00:00,"8.6,8.55,8.61,8.51,438467"
2026-03-04T09:50:00.000-00:00,"8.55,8.58,8.58,8.52,56918"
2026-03-04T09:55:00.000-00:00,"8.58,8.59,8.59,8.57,98628"
2026-03-04T10:00:00.000-00:00,"8.58,8.55,8.59,8.55,269622"
2026-03-04T10:05:00.000-00:00,"8.55,8.57,8.57,8.55,123360"
2026-03-04T10:10:00.000-00:00,"8.57,8.57,8.57,8.56,50720"
2026-03-04T10:15:00.000-00:00,"8.56,8.58,8.58,8.56,164826"
2026-03-04T10:20:00.000-00:00,"8.56,8.6,8.6,8.5,291848"
2026-03-04T10:25:00.000-00:00,"8.59,8.5,8.61,8.49,494809"
2026-03-04T10:30:00.000-00:00,"8.52,8.5,8.57,8.48,215326"
2026-03-04T10:35:00.000-00:00,"8.5,8.55,8.57,8.48,310093"
2026-03-04T10:40:00.000-00:00,"8.52,8.5,8.54,8.48,518659"
2026-03-04T10:45:00.000-00:00,"8.5,8.55,8.55,8.5,335155"
2026-03-04T10:50:00.000-00:00,"8.55,8.55,8.56,8.52,137598"
2026-03-04T10:55:00.000-00:00,"8.56,8.65,8.65,8.55,1223068"
2026-03-04T11:00:00.000-00:00,"8.65,8.65,8.68,8.65,722955"
2026-03-04T11:05:00.000-00:00,"8.63,8.67,8.67,8.63,175786"
2026-03-04T11:10:00.000-00:00,"8.67,8.67,8.7,8.66,502763"
2026-03-04T11:25:00.000-00:00,"8.67,8.67,8.67,8.67,430359"
2026-03-05T08:00:00.000-00:00,"8.77,8.9,8.94,8.75,668694"
2026-03-05T08:05:00.000-00:00,"8.9,8.85,8.9,8.85,540392"
2026-03-05T08:10:00.000-00:00,"8.85,8.82,8.9,8.79,570217"
2026-03-05T08:15:00.000-00:00,"8.84,8.83,8.88,8.81,253068"
2026-03-05T08:20:00.000-00:00,"8.87,8.87,8.87,8.84,20876"
2026-03-05T08:25:00.000-00:00,"8.85,8.86,8.87,8.85,93428"
2026-03-05T08:30:00.000-00:00,"8.85,8.93,8.93,8.85,426337"
2026-03-05T08:35:00.000-00:00,"8.94,8.95,9,8.93,731739"
2026-03-05T08:40:00.000-00:00,"8.95,8.95,8.99,8.95,563310"
2026-03-05T08:45:00.000-00:00,"8.95,8.98,9,8.95,308791"
2026-03-05T08:50:00.000-00:00,"8.98,9.05,9.05,8.98,813673"
2026-03-05T08:55:00.000-00:00,"9.05,9,9.05,9,158599"
2026-03-05T09:00:00.000-00:00,"9.02,9.05,9.09,9.02,299142"
2026-03-05T09:05:00.000-00:00,"9.05,9.03,9.05,9.03,117206"
2026-03-05T09:10:00.000-00:00,"9.03,9.02,9.04,9.02,26310"
2026-03-05T09:15:00.000-00:00,"9.03,9.02,9.03,9.01,192763"
2026-03-05T09:20:00.000-00:00,"9.02,9.03,9.04,9.01,232648"
2026-03-05T09:25:00.000-00:00,"9.03,9.02,9.03,9.02,147762"
2026-03-05T09:30:00.000-00:00,"9.02,9.05,9.12,9.01,1595366"
2026-03-05T09:35:00.000-00:00,"9.06,9.06,9.1,9.06,116244"
2026-03-05T09:40:00.000-00:00,"9.08,9.09,9.11,9.06,650396"
2026-03-05T09:45:00.000-00:00,"9.08,9.03,9.08,9.03,577074"
2026-03-05T09:50:00.000-00:00,"9.04,9.08,9.08,9.03,143883"
2026-03-05T09:55:00.000-00:00,"9.07,9.07,9.09,9.04,174912"
2026-03-05T10:00:00.000-00:00,"9.04,9.05,9.09,9.04,254617"
2026-03-05T10:05:00.000-00:00,"9.06,9.04,9.06,9.04,396841"
2026-03-05T10:10:00.000-00:00,"9.04,9.04,9.04,9.01,400935"
2026-03-05T10:15:00.000-00:00,"9.03,9.08,9.08,9.03,204264"
2026-03-05T10:20:00.000-00:00,"9.08,9.07,9.11,9.06,525151"
2026-03-05T10:25:00.000-00:00,"9.09,9.1,9.13,9.07,974861"
2026-03-05T10:30:00.000-00:00,"9.1,9.11,9.13,9.08,366546"
2026-03-05T10:35:00.000-00:00,"9.12,9.18,9.2,9.12,1735224"
2026-03-05T10:40:00.000-00:00,"9.18,9.19,9.19,9.14,243649"
2026-03-05T10:45:00.000-00:00,"9.17,9.16,9.17,9.13,26604"
2026-03-05T10:50:00.000-00:00,"9.16,9.23,9.23,9.14,2680044"
2026-03-05T10:55:00.000-00:00,"9.23,9.22,9.24,9.22,395672"
2026-03-05T11:00:00.000-00:00,"9.22,9.23,9.26,9.22,1895946"
2026-03-05T11:05:00.000-00:00,"9.23,9.28,9.3,9.22,1447117"
2026-03-05T11:10:00.000-00:00,"9.24,9.29,9.3,9.21,1496409"
2026-03-05T11:25:00.000-00:00,"9.24,9.24,9.24,9.24,942195"
2026-03-08T08:00:00.000-00:00,"9.23,9.15,9.25,9.12,454514"
2026-03-08T08:05:00.000-00:00,"9.12,9.04,9.12,9.03,199253"
2026-03-08T08:10:00.000-00:00,"9.04,9.08,9.09,9,441148"
2026-03-08T08:15:00.000-00:00,"9.08,9.03,9.08,9,238728"
2026-03-08T08:20:00.000-00:00,"9.03,9.03,9.09,9,92288"
2026-03-08T08:25:00.000-00:00,"9.03,9.05,9.07,9.03,55800"
2026-03-08T08:30:00.000-00:00,"9.05,9,9.09,8.99,973115"
2026-03-08T08:35:00.000-00:00,"9.01,9.07,9.08,9,166813"
2026-03-08T08:40:00.000-00:00,"9.07,9.1,9.1,9.05,169551"
2026-03-08T08:45:00.000-00:00,"9.1,9,9.1,9,1269500"
2026-03-08T08:50:00.000-00:00,"9,9,9.04,8.99,523095"
2026-03-08T08:55:00.000-00:00,"9.02,8.98,9.02,8.95,296220"
2026-03-08T09:00:00.000-00:00,"8.98,8.99,9,8.95,247914"
2026-03-08T09:05:00.000-00:00,"9,8.98,9,8.95,215555"
2026-03-08T09:10:00.000-00:00,"8.98,8.87,9,8.85,2028219"
2026-03-08T09:15:00.000-00:00,"8.9,8.95,8.98,8.9,559890"
2026-03-08T09:20:00.000-00:00,"8.91,8.9,8.95,8.9,175773"
2026-03-08T09:25:00.000-00:00,"8.94,8.91,8.94,8.9,57308"
2026-03-08T09:30:00.000-00:00,"8.94,8.9,8.95,8.89,382172"
2026-03-08T09:35:00.000-00:00,"8.9,8.93,8.94,8.9,105814"
2026-03-08T09:40:00.000-00:00,"8.92,8.9,8.93,8.89,83241"
2026-03-08T09:45:00.000-00:00,"8.9,8.9,8.93,8.9,177413"
2026-03-08T09:50:00.000-00:00,"8.9,8.9,8.9,8.89,180607"
2026-03-08T09:55:00.000-00:00,"8.91,8.89,8.92,8.89,72885"
2026-03-08T10:00:00.000-00:00,"8.9,8.9,8.9,8.89,69454"
2026-03-08T10:05:00.000-00:00,"8.9,8.9,8.92,8.89,103179"
2026-03-08T10:10:00.000-00:00,"8.9,8.8,8.9,8.8,1687887"
2026-03-08T10:15:00.000-00:00,"8.8,8.8,8.85,8.8,486633"
2026-03-08T10:20:00.000-00:00,"8.8,8.84,8.86,8.8,150783"
2026-03-08T10:25:00.000-00:00,"8.84,8.8,8.84,8.79,216344"
2026-03-08T10:30:00.000-00:00,"8.84,8.8,8.85,8.8,365135"
2026-03-08T10:35:00.000-00:00,"8.85,8.84,8.85,8.82,3761"
2026-03-08T10:40:00.000-00:00,"8.84,8.83,8.84,8.78,317087"
2026-03-08T10:45:00.000-00:00,"8.8,8.8,8.83,8.77,570147"
2026-03-08T10:50:00.000-00:00,"8.82,8.8,8.82,8.78,181867"
2026-03-08T10:55:00.000-00:00,"8.79,8.8,8.8,8.75,456662"
2026-03-08T11:00:00.000-00:00,"8.79,8.79,8.79,8.76,175705"
2026-03-08T11:05:00.000-00:00,"8.79,8.71,8.79,8.71,785916"
2026-03-08T11:10:00.000-00:00,"8.72,8.75,8.77,8.71,869838"
2026-03-08T11:25:00.000-00:00,"8.75,8.75,8.75,8.75,1261449"
2026-03-09T08:00:00.000-00:00,"8.78,8.77,8.78,8.75,285092"
2026-03-09T08:05:00.000-00:00,"8.77,8.8,8.8,8.77,164328"
2026-03-09T08:10:00.000-00:00,"8.77,8.79,8.84,8.76,475732"
2026-03-09T08:15:00.000-00:00,"8.79,8.75,8.79,8.75,350390"
2026-03-09T08:20:00.000-00:00,"8.73,8.75,8.76,8.73,177716"
2026-03-09T08:25:00.000-00:00,"8.75,8.75,8.77,8.75,142477"
2026-03-09T08:30:00.000-00:00,"8.75,8.74,8.79,8.73,241517"
2026-03-09T08:35:00.000-00:00,"8.73,8.78,8.79,8.7,235880"
2026-03-09T08:40:00.000-00:00,"8.79,8.79,8.79,8.75,19346"
2026-03-09T08:45:00.000-00:00,"8.78,8.8,8.8,8.75,107258"
2026-03-09T08:50:00.000-00:00,"8.79,8.77,8.81,8.75,126080"
2026-03-09T08:55:00.000-00:00,"8.75,8.74,8.79,8.71,263436"
2026-03-09T09:00:00.000-00:00,"8.78,8.78,8.79,8.74,41808"
2026-03-09T09:05:00.000-00:00,"8.77,8.76,8.77,8.74,49922"
2026-03-09T09:10:00.000-00:00,"8.75,8.75,8.77,8.74,148810"
2026-03-09T09:15:00.000-00:00,"8.75,8.75,8.76,8.73,81599"
2026-03-09T09:20:00.000-00:00,"8.75,8.75,8.75,8.71,163833"
2026-03-09T09:25:00.000-00:00,"8.75,8.76,8.76,8.74,37902"
2026-03-09T09:30:00.000-00:00,"8.75,8.71,8.76,8.7,256294"
2026-03-09T09:35:00.000-00:00,"8.73,8.78,8.79,8.72,392071"
2026-03-09T09:40:00.000-00:00,"8.78,8.77,8.78,8.75,9940"
2026-03-09T09:45:00.000-00:00,"8.75,8.74,8.77,8.74,65285"
2026-03-09T09:50:00.000-00:00,"8.73,8.7,8.74,8.7,1328471"
2026-03-09T09:55:00.000-00:00,"8.74,8.73,8.74,8.68,206195"
2026-03-09T10:00:00.000-00:00,"8.72,8.69,8.73,8.69,29920"
2026-03-09T10:05:00.000-00:00,"8.68,8.68,8.69,8.67,403236"
2026-03-09T10:10:00.000-00:00,"8.68,8.68,8.71,8.68,232523"
2026-03-09T10:15:00.000-00:00,"8.7,8.69,8.7,8.69,40649"
2026-03-09T10:20:00.000-00:00,"8.68,8.66,8.7,8.66,126637"
2026-03-09T10:25:00.000-00:00,"8.67,8.67,8.68,8.67,28229"
2026-03-09T10:30:00.000-00:00,"8.67,8.69,8.69,8.67,135221"
2026-03-09T10:35:00.000-00:00,"8.69,8.69,8.69,8.66,162490"
2026-03-09T10:40:00.000-00:00,"8.69,8.7,8.7,8.69,271414"
2026-03-09T10:45:00.000-00:00,"8.7,8.67,8.7,8.67,156878"
2026-03-09T10:50:00.000-00:00,"8.68,8.7,8.7,8.67,557520"
2026-03-09T10:55:00.000-00:00,"8.7,8.68,8.7,8.67,138656"
2026-03-09T11:00:00.000-00:00,"8.67,8.67,8.68,8.67,301075"
2026-03-09T11:05:00.000-00:00,"8.68,8.64,8.68,8.62,418753"
2026-03-09T11:10:00.000-00:00,"8.64,8.65,8.72,8.63,128693"
2026-03-09T11:25:00.000-00:00,"8.67,8.67,8.67,8.67,277813"
2026-03-10T08:00:00.000-00:00,"8.71,8.79,8.8,8.71,272952"
2026-03-10T08:05:00.000-00:00,"8.79,8.84,8.85,8.79,302716"
2026-03-10T08:10:00.000-00:00,"8.83,8.82,8.85,8.81,269006"
2026-03-10T08:15:00.000-00:00,"8.81,8.8,8.82,8.79,356419"
2026-03-10T08:20:00.000-00:00,"8.82,8.86,8.88,8.8,624714"
2026-03-10T08:25:00.000-00:00,"8.86,8.89,8.91,8.86,407128"
2026-03-10T08:30:00.000-00:00,"8.89,8.86,8.89,8.86,258357"
2026-03-10T08:35:00.000-00:00,"8.86,8.87,8.87,8.85,279395"
2026-03-10T08:40:00.000-00:00,"8.86,8.85,8.88,8.85,281686"
2026-03-10T08:45:00.000-00:00,"8.85,8.84,8.85,8.84,21797"
2026-03-10T08:50:00.000-00:00,"8.85,8.85,8.87,8.84,77264"
2026-03-10T08:55:00.000-00:00,"8.85,8.85,8.85,8.84,49284"
2026-03-10T09:00:00.000-00:00,"8.85,8.84,8.87,8.84,132004"
2026-03-10T09:05:00.000-00:00,"8.85,8.85,8.85,8.84,110803"
2026-03-10T09:10:00.000-00:00,"8.84,8.86,8.86,8.83,89315"
2026-03-10T09:15:00.000-00:00,"8.85,8.82,8.85,8.82,36930"
2026-03-10T09:20:00.000-00:00,"8.85,8.8,8.85,8.8,226758"
2026-03-10T09:25:00.000-00:00,"8.8,8.82,8.83,8.8,113323"
2026-03-10T09:30:00.000-00:00,"8.81,8.84,8.84,8.81,30416"
2026-03-10T09:35:00.000-00:00,"8.84,8.85,8.85,8.82,88169"
2026-03-10T09:40:00.000-00:00,"8.85,8.8,8.85,8.8,159302"
2026-03-10T09:45:00.000-00:00,"8.81,8.83,8.83,8.8,102239"
2026-03-10T09:50:00.000-00:00,"8.83,8.83,8.84,8.81,51400"
2026-03-10T09:55:00.000-00:00,"8.83,8.83,8.83,8.82,53102"
2026-03-10T10:00:00.000-00:00,"8.83,8.81,8.83,8.81,113902"
2026-03-10T10:05:00.000-00:00,"8.83,8.83,8.83,8.82,40062"
2026-03-10T10:10:00.000-00:00,"8.82,8.79,8.82,8.79,205872"
2026-03-10T10:15:00.000-00:00,"8.79,8.79,8.79,8.75,102241"
2026-03-10T10:20:00.000-00:00,"8.79,8.8,8.8,8.78,107994"
2026-03-10T10:25:00.000-00:00,"8.79,8.79,8.8,8.79,117215"
2026-03-10T10:30:00.000-00:00,"8.79,8.79,8.8,8.78,210972"
2026-03-10T10:35:00.000-00:00,"8.79,8.8,8.8,8.79,90603"
2026-03-10T10:40:00.000-00:00,"8.8,8.79,8.8,8.79,154076"
2026-03-10T10:45:00.000-00:00,"8.79,8.83,8.83,8.78,293194"
2026-03-10T10:50:00.000-00:00,"8.8,8.84,8.84,8.8,89315"
2026-03-10T10:55:00.000-00:00,"8.84,8.84,8.85,8.82,74438"
2026-03-10T11:00:00.000-00:00,"8.84,8.85,8.86,8.82,386460"
2026-03-10T11:05:00.000-00:00,"8.85,8.89,8.89,8.85,295919"
2026-03-10T11:10:00.000-00:00,"8.88,8.89,8.89,8.88,428288"
2026-03-10T11:25:00.000-00:00,"8.9,8.9,8.9,8.9,286113"
2026-03-11T08:00:00.000-00:00,"8.94,8.94,8.98,8.9,126760"
2026-03-11T08:05:00.000-00:00,"8.94,8.9,8.95,8.9,127359"
2026-03-11T08:10:00.000-00:00,"8.86,8.88,8.9,8.83,57033"
2026-03-11T08:15:00.000-00:00,"8.85,8.84,8.85,8.81,125349"
2026-03-11T08:20:00.000-00:00,"8.84,8.85,8.85,8.83,21910"
2026-03-11T08:25:00.000-00:00,"8.85,8.85,8.85,8.84,9967"
2026-03-11T08:30:00.000-00:00,"8.85,8.84,8.85,8.84,32350"
2026-03-11T08:35:00.000-00:00,"8.85,8.84,8.85,8.84,71672"
2026-03-11T08:40:00.000-00:00,"8.84,8.83,8.85,8.83,23248"
2026-03-11T08:45:00.000-00:00,"8.84,8.84,8.88,8.83,81772"
2026-03-11T08:50:00.000-00:00,"8.84,8.85,8.85,8.84,70112"
2026-03-11T08:55:00.000-00:00,"8.85,8.85,8.85,8.84,9799"
2026-03-11T09:00:00.000-00:00,"8.85,8.85,8.85,8.85,15931"
2026-03-11T09:05:00.000-00:00,"8.84,8.84,8.84,8.83,62411"
2026-03-11T09:10:00.000-00:00,"8.84,8.83,8.85,8.83,34042"
2026-03-11T09:15:00.000-00:00,"8.85,8.85,8.85,8.83,37640"
2026-03-11T09:20:00.000-00:00,"8.84,8.85,8.85,8.84,38062"
2026-03-11T09:25:00.000-00:00,"8.84,8.83,8.85,8.83,31155"
2026-03-11T09:30:00.000-00:00,"8.84,8.84,8.84,8.84,6129"
2026-03-11T09:35:00.000-00:00,"8.83,8.85,8.85,8.83,31973"
2026-03-11T09:40:00.000-00:00,"8.84,8.85,8.85,8.84,20934"
2026-03-11T09:45:00.000-00:00,"8.85,8.83,8.85,8.82,208206"
2026-03-11T09:50:00.000-00:00,"8.82,8.79,8.82,8.78,366169"
2026-03-11T09:55:00.000-00:00,"8.79,8.8,8.8,8.79,11800"
2026-03-11T10:00:00.000-00:00,"8.8,8.8,8.8,8.79,2825"
2026-03-11T10:05:00.000-00:00,"8.8,8.82,8.82,8.8,4287"
2026-03-11T10:10:00.000-00:00,"8.82,8.84,8.84,8.82,9612"
2026-03-11T10:15:00.000-00:00,"8.84,8.81,8.84,8.8,91312"
2026-03-11T10:20:00.000-00:00,"8.81,8.83,8.83,8.8,12891"
2026-03-11T10:25:00.000-00:00,"8.83,8.84,8.84,8.8,105949"
2026-03-11T10:30:00.000-00:00,"8.81,8.8,8.81,8.79,51140"
2026-03-11T10:35:00.000-00:00,"8.8,8.8,8.8,8.78,7076"
2026-03-11T10:40:00.000-00:00,"8.8,8.8,8.8,8.8,663"
2026-03-11T10:45:00.000-00:00,"8.8,8.79,8.8,8.79,25611"
2026-03-11T10:50:00.000-00:00,"8.8,8.79,8.8,8.79,17772"
2026-03-11T10:55:00.000-00:00,"8.8,8.83,8.83,8.8,168028"
2026-03-11T11:00:00.000-00:00,"8.8,8.8,8.8,8.79,77219"
2026-03-11T11:05:00.000-00:00,"8.79,8.8,8.83,8.79,231495"
2026-03-11T11:10:00.000-00:00,"8.8,8.81,8.85,8.79,311849"
2026-03-11T11:25:00.000-00:00,"8.8,8.8,8.8,8.8,233212"
2026-03-12T08:00:00.000-00:00,"8.82,8.83,8.84,8.8,64667"
2026-03-12T08:05:00.000-00:00,"8.83,8.83,8.84,8.83,57457"
2026-03-12T08:10:00.000-00:00,"8.84,8.83,8.84,8.83,28715"
2026-03-12T08:15:00.000-00:00,"8.82,8.83,8.83,8.82,1533"
2026-03-12T08:20:00.000-00:00,"8.82,8.84,8.84,8.81,8944"
2026-03-12T08:25:00.000-00:00,"8.84,8.79,8.84,8.79,134752"
2026-03-12T08:30:00.000-00:00,"8.8,8.8,8.83,8.8,72295"
2026-03-12T08:35:00.000-00:00,"8.79,8.8,8.8,8.79,74913"
2026-03-12T08:40:00.000-00:00,"8.79,8.8,8.8,8.79,7138"
2026-03-12T08:45:00.000-00:00,"8.8,8.8,8.8,8.79,52659"
2026-03-12T08:50:00.000-00:00,"8.8,8.79,8.8,8.79,20570"
2026-03-12T08:55:00.000-00:00,"8.78,8.79,8.8,8.78,5453"
2026-03-12T09:00:00.000-00:00,"8.8,8.8,8.8,8.78,45038"
2026-03-12T09:05:00.000-00:00,"8.78,8.8,8.84,8.78,64036"
2026-03-12T09:10:00.000-00:00,"8.78,8.8,8.85,8.78,34667"
2026-03-12T09:15:00.000-00:00,"8.8,8.79,8.84,8.79,67668"
2026-03-12T09:20:00.000-00:00,"8.79,8.79,8.79,8.79,21909"
2026-03-12T09:25:00.000-00:00,"8.8,8.77,8.8,8.77,40991"
2026-03-12T09:30:00.000-00:00,"8.77,8.8,8.8,8.75,53530"
2026-03-12T09:35:00.000-00:00,"8.76,8.74,8.76,8.71,263379"
2026-03-12T09:40:00.000-00:00,"8.74,8.71,8.74,8.7,238570"
2026-03-12T09:45:00.000-00:00,"8.71,8.71,8.72,8.7,67716"
2026-03-12T09:50:00.000-00:00,"8.71,8.69,8.72,8.69,184868"
2026-03-12T09:55:00.000-00:00,"8.7,8.71,8.72,8.69,91809"
2026-03-12T10:00:00.000-00:00,"8.71,8.71,8.72,8.7,111070"
2026-03-12T10:05:00.000-00:00,"8.7,8.69,8.71,8.69,71594"
2026-03-12T10:10:00.000-00:00,"8.69,8.7,8.71,8.69,159656"
2026-03-12T10:15:00.000-00:00,"8.7,8.7,8.71,8.69,65029"
2026-03-12T10:20:00.000-00:00,"8.69,8.69,8.71,8.69,194796"
2026-03-12T10:25:00.000-00:00,"8.69,8.7,8.7,8.68,160798"
2026-03-12T10:30:00.000-00:00,"8.7,8.7,8.7,8.68,22842"
2026-03-12T10:35:00.000-00:00,"8.69,8.67,8.7,8.67,156755"
2026-03-12T10:40:00.000-00:00,"8.67,8.66,8.69,8.66,21765"
2026-03-12T10:45:00.000-00:00,"8.66,8.67,8.68,8.65,185925"
2026-03-12T10:50:00.000-00:00,"8.68,8.63,8.68,8.63,273970"
2026-03-12T10:55:00.000-00:00,"8.65,8.65,8.66,8.63,61977"
2026-03-12T11:00:00.000-00:00,"8.65,8.64,8.65,8.63,279094"
2026-03-12T11:05:00.000-00:00,"8.64,8.65,8.65,8.62,296081"
2026-03-12T11:10:00.000-00:00,"8.65,8.68,8.68,8.61,357708"
2026-03-12T11:25:00.000-00:00,"8.68,8.68,8.68,8.68,174484"
2026-03-15T08:00:00.000-00:00,"8.7,8.74,8.76,8.68,89096"
2026-03-15T08:05:00.000-00:00,"8.7,8.69,8.74,8.69,101646"
2026-03-15T08:10:00.000-00:00,"8.69,8.65,8.73,8.65,86257"
2026-03-15T08:15:00.000-00:00,"8.65,8.66,8.7,8.65,25582"
2026-03-15T08:20:00.000-00:00,"8.7,8.7,8.7,8.66,2365"
2026-03-15T08:25:00.000-00:00,"8.68,8.7,8.7,8.65,64279"
2026-03-15T08:30:00.000-00:00,"8.68,8.65,8.7,8.65,42803"
2026-03-15T08:35:00.000-00:00,"8.69,8.65,8.69,8.62,45236"
2026-03-15T08:40:00.000-00:00,"8.65,8.65,8.65,8.64,16775"
2026-03-15T08:45:00.000-00:00,"8.65,8.64,8.67,8.61,100312"
2026-03-15T08:50:00.000-00:00,"8.64,8.63,8.64,8.62,4933"
2026-03-15T08:55:00.000-00:00,"8.63,8.65,8.65,8.62,78997"
2026-03-15T09:00:00.000-00:00,"8.65,8.64,8.65,8.64,671"
2026-03-15T09:05:00.000-00:00,"8.64,8.64,8.65,8.64,4664"
2026-03-15T09:10:00.000-00:00,"8.64,8.62,8.64,8.61,187396"
2026-03-15T09:15:00.000-00:00,"8.62,8.61,8.63,8.61,11640"
2026-03-15T09:20:00.000-00:00,"8.61,8.62,8.62,8.6,138879"
2026-03-15T09:25:00.000-00:00,"8.6,8.62,8.62,8.6,31511"
2026-03-15T09:30:00.000-00:00,"8.61,8.6,8.61,8.59,101773"
2026-03-15T09:35:00.000-00:00,"8.6,8.6,8.6,8.59,13913"
2026-03-15T09:40:00.000-00:00,"8.59,8.58,8.59,8.58,37337"
2026-03-15T09:45:00.000-00:00,"8.58,8.58,8.6,8.58,93499"
2026-03-15T09:50:00.000-00:00,"8.59,8.58,8.59,8.57,75442"
2026-03-15T09:55:00.000-00:00,"8.59,8.6,8.6,8.57,46839"
2026-03-15T10:00:00.000-00:00,"8.59,8.59,8.59,8.58,152301"
2026-03-15T10:05:00.000-00:00,"8.58,8.58,8.59,8.56,55880"
2026-03-15T10:10:00.000-00:00,"8.58,8.56,8.58,8.56,52681"
2026-03-15T10:15:00.000-00:00,"8.57,8.57,8.57,8.55,92687"
2026-03-15T10:20:00.000-00:00,"8.57,8.55,8.57,8.55,10594"
2026-03-15T10:25:00.000-00:00,"8.56,8.59,8.59,8.55,66591"
2026-03-15T10:30:00.000-00:00,"8.58,8.62,8.62,8.58,62031"
2026-03-15T10:35:00.000-00:00,"8.62,8.6,8.62,8.59,58652"
2026-03-15T10:40:00.000-00:00,"8.6,8.61,8.61,8.6,10642"
2026-03-15T10:45:00.000-00:00,"8.61,8.61,8.62,8.6,15118"
2026-03-15T10:50:00.000-00:00,"8.62,8.65,8.65,8.62,17344"
2026-03-15T10:55:00.000-00:00,"8.63,8.63,8.65,8.62,88999"
2026-03-15T11:00:00.000-00:00,"8.64,8.65,8.67,8.64,151439"
2026-03-15T11:05:00.000-00:00,"8.64,8.64,8.65,8.6,145924"
2026-03-15T11:10:00.000-00:00,"8.63,8.6,8.67,8.6,107977"
2026-03-15T11:25:00.000-00:00,"8.6,8.6,8.6,8.6,76272"
2026-03-16T08:00:00.000-00:00,"8.61,8.6,8.64,8.6,59233"
2026-03-16T08:05:00.000-00:00,"8.62,8.51,8.62,8.51,262746"
2026-03-16T08:10:00.000-00:00,"8.51,8.55,8.56,8.5,319403"
2026-03-16T08:15:00.000-00:00,"8.55,8.52,8.55,8.5,451789"
2026-03-16T08:20:00.000-00:00,"8.52,8.49,8.53,8.49,51710"
2026-03-16T08:25:00.000-00:00,"8.49,8.43,8.5,8.43,357101"
2026-03-16T08:30:00.000-00:00,"8.43,8.45,8.45,8.42,276667"
2026-03-16T08:35:00.000-00:00,"8.45,8.43,8.48,8.43,117055"
2026-03-16T08:40:00.000-00:00,"8.43,8.42,8.43,8.41,262086"
2026-03-16T08:45:00.000-00:00,"8.42,8.35,8.43,8.33,984050"
2026-03-16T08:50:00.000-00:00,"8.35,8.33,8.38,8.32,1254195"
2026-03-16T08:55:00.000-00:00,"8.36,8.34,8.38,8.33,703916"
2026-03-16T09:00:00.000-00:00,"8.33,8.28,8.34,8.23,886617"
2026-03-16T09:05:00.000-00:00,"8.3,8.3,8.32,8.28,379681"
2026-03-16T09:10:00.000-00:00,"8.3,8.26,8.3,8.25,218409"
2026-03-16T09:15:00.000-00:00,"8.26,8.28,8.28,8.24,259805"
2026-03-16T09:20:00.000-00:00,"8.28,8.27,8.3,8.25,581216"
2026-03-16T09:25:00.000-00:00,"8.26,8.3,8.3,8.26,290201"
2026-03-16T09:30:00.000-00:00,"8.3,8.29,8.3,8.29,151482"
2026-03-16T09:35:00.000-00:00,"8.29,8.3,8.32,8.27,266093"
2026-03-16T09:40:00.000-00:00,"8.3,8.29,8.3,8.27,673777"
2026-03-16T09:45:00.000-00:00,"8.29,8.3,8.3,8.25,638001"
2026-03-16T09:50:00.000-00:00,"8.3,8.3,8.3,8.3,11785"
2026-03-16T09:55:00.000-00:00,"8.3,8.27,8.3,8.27,81706"
2026-03-16T10:00:00.000-00:00,"8.27,8.28,8.29,8.27,20819"
2026-03-16T10:05:00.000-00:00,"8.28,8.28,8.29,8.25,152942"
2026-03-16T10:10:00.000-00:00,"8.28,8.28,8.29,8.27,37898"
2026-03-16T10:15:00.000-00:00,"8.28,8.27,8.28,8.27,18346"
2026-03-16T10:20:00.000-00:00,"8.28,8.28,8.28,8.26,142346"
2026-03-16T10:25:00.000-00:00,"8.27,8.2,8.28,8.15,1256669"
2026-03-16T10:30:00.000-00:00,"8.19,8.14,8.19,8.1,858574"
2026-03-16T10:35:00.000-00:00,"8.15,8.21,8.21,8.15,274468"
2026-03-16T10:40:00.000-00:00,"8.19,8.21,8.21,8.18,235810"
2026-03-16T10:45:00.000-00:00,"8.21,8.2,8.22,8.19,43909"
2026-03-16T10:50:00.000-00:00,"8.2,8.2,8.22,8.18,103132"
2026-03-16T10:55:00.000-00:00,"8.22,8.25,8.26,8.2,109942"
2026-03-16T11:00:00.000-00:00,"8.25,8.22,8.26,8.21,176917"
2026-03-16T11:05:00.000-00:00,"8.25,8.2,8.25,8.17,409436"
2026-03-16T11:10:00.000-00:00,"8.19,8.17,8.2,8.16,1123599"
2026-03-16T11:25:00.000-00:00,"8.2,8.2,8.2,8.2,444312"
2026-03-17T08:00:00.000-00:00,"8.26,8.26,8.32,8.25,81801"
2026-03-17T08:05:00.000-00:00,"8.26,8.3,8.3,8.26,73562"
2026-03-17T08:10:00.000-00:00,"8.3,8.32,8.32,8.28,43626"
2026-03-17T08:15:00.000-00:00,"8.32,8.4,8.4,8.31,354751"
2026-03-17T08:20:00.000-00:00,"8.39,8.37,8.39,8.35,77110"
2026-03-17T08:25:00.000-00:00,"8.36,8.38,8.4,8.36,170126"
2026-03-17T08:30:00.000-00:00,"8.37,8.39,8.39,8.36,133306"
2026-03-17T08:35:00.000-00:00,"8.39,8.39,8.39,8.37,19244"
2026-03-17T08:40:00.000-00:00,"8.39,8.4,8.4,8.39,139379"
2026-03-17T08:45:00.000-00:00,"8.4,8.39,8.4,8.38,178049"
2026-03-17T08:50:00.000-00:00,"8.39,8.37,8.39,8.35,399213"
2026-03-17T08:55:00.000-00:00,"8.35,8.37,8.38,8.35,145326"
2026-03-17T09:00:00.000-00:00,"8.36,8.37,8.37,8.36,17417"
2026-03-17T09:05:00.000-00:00,"8.37,8.42,8.43,8.37,310092"
2026-03-17T09:10:00.000-00:00,"8.41,8.44,8.44,8.41,55736"
2026-03-17T09:15:00.000-00:00,"8.44,8.5,8.54,8.43,909617"
2026-03-17T09:20:00.000-00:00,"8.5,8.48,8.5,8.45,691289"
2026-03-17T09:25:00.000-00:00,"8.44,8.4,8.46,8.4,548590"
2026-03-17T09:30:00.000-00:00,"8.4,8.4,8.4,8.39,125944"
2026-03-17T09:35:00.000-00:00,"8.4,8.4,8.43,8.4,222281"
2026-03-17T09:40:00.000-00:00,"8.42,8.4,8.46,8.4,313163"
2026-03-17T09:45:00.000-00:00,"8.45,8.42,8.45,8.42,101993"
2026-03-17T09:50:00.000-00:00,"8.45,8.45,8.47,8.42,184494"
2026-03-17T09:55:00.000-00:00,"8.46,8.45,8.48,8.45,129496"
2026-03-17T10:00:00.000-00:00,"8.45,8.52,8.53,8.45,421002"
2026-03-17T10:05:00.000-00:00,"8.53,8.52,8.53,8.5,181236"
2026-03-17T10:10:00.000-00:00,"8.51,8.56,8.56,8.51,213374"
2026-03-17T10:15:00.000-00:00,"8.57,8.55,8.58,8.55,254790"
2026-03-17T10:20:00.000-00:00,"8.57,8.6,8.6,8.55,675024"
2026-03-17T10:25:00.000-00:00,"8.58,8.57,8.61,8.57,634459"
2026-03-17T10:30:00.000-00:00,"8.57,8.59,8.6,8.57,355004"
2026-03-17T10:35:00.000-00:00,"8.57,8.58,8.6,8.56,295717"
2026-03-17T10:40:00.000-00:00,"8.59,8.6,8.61,8.58,116433"
2026-03-17T10:45:00.000-00:00,"8.6,8.6,8.6,8.57,215160"
2026-03-17T10:50:00.000-00:00,"8.59,8.59,8.6,8.57,204145"
2026-03-17T10:55:00.000-00:00,"8.59,8.6,8.6,8.57,204020"
2026-03-17T11:00:00.000-00:00,"8.6,8.6,8.62,8.55,508352"
2026-03-17T11:05:00.000-00:00,"8.56,8.5,8.59,8.46,1232104"
2026-03-17T11:10:00.000-00:00,"8.46,8.57,8.57,8.46,1033864"
2026-03-17T11:25:00.000-00:00,"8.49,8.49,8.49,8.49,347407"
2026-03-18T08:00:00.000-00:00,"8.59,8.6,8.64,8.52,119347"
2026-03-18T08:05:00.000-00:00,"8.6,8.58,8.61,8.51,156080"
2026-03-18T08:10:00.000-00:00,"8.58,8.56,8.58,8.54,32318"
2026-03-18T08:15:00.000-00:00,"8.56,8.55,8.56,8.52,190554"
2026-03-18T08:20:00.000-00:00,"8.55,8.55,8.55,8.54,61137"
2026-03-18T08:25:00.000-00:00,"8.55,8.54,8.56,8.53,2239631"
2026-03-18T08:30:00.000-00:00,"8.54,8.55,8.59,8.53,750311"
2026-03-18T08:35:00.000-00:00,"8.55,8.6,8.6,8.53,601227"
2026-03-18T08:40:00.000-00:00,"8.6,8.57,8.6,8.57,869937"
2026-03-18T08:45:00.000-00:00,"8.6,8.6,8.61,8.57,475222"
2026-03-18T08:50:00.000-00:00,"8.6,8.57,8.6,8.57,231687"
2026-03-18T08:55:00.000-00:00,"8.57,8.57,8.6,8.55,344241"
2026-03-18T09:00:00.000-00:00,"8.57,8.56,8.59,8.55,470238"
2026-03-18T09:05:00.000-00:00,"8.56,8.59,8.59,8.56,140198"
2026-03-18T09:10:00.000-00:00,"8.59,8.59,8.59,8.57,217320"
2026-03-18T09:15:00.000-00:00,"8.59,8.56,8.59,8.56,329409"
2026-03-18T09:20:00.000-00:00,"8.56,8.57,8.57,8.56,99224"
2026-03-18T09:25:00.000-00:00,"8.57,8.55,8.57,8.55,347553"
2026-03-18T09:30:00.000-00:00,"8.55,8.53,8.55,8.52,439766"
2026-03-18T09:35:00.000-00:00,"8.53,8.55,8.55,8.53,208800"
2026-03-18T09:40:00.000-00:00,"8.55,8.52,8.57,8.52,363019"
2026-03-18T09:45:00.000-00:00,"8.55,8.55,8.56,8.52,188278"
2026-03-18T09:50:00.000-00:00,"8.54,8.52,8.54,8.52,110036"
2026-03-18T09:55:00.000-00:00,"8.54,8.54,8.54,8.54,4840"
2026-03-18T10:00:00.000-00:00,"8.53,8.51,8.54,8.51,101266"
2026-03-18T10:05:00.000-00:00,"8.53,8.54,8.54,8.52,51438"
2026-03-18T10:10:00.000-00:00,"8.54,8.52,8.54,8.51,48919"
2026-03-18T10:15:00.000-00:00,"8.52,8.51,8.52,8.51,72288"
2026-03-18T10:20:00.000-00:00,"8.52,8.5,8.52,8.5,233817"
2026-03-18T10:25:00.000-00:00,"8.5,8.5,8.53,8.5,170669"
2026-03-18T10:30:00.000-00:00,"8.51,8.52,8.52,8.5,35420"
2026-03-18T10:35:00.000-00:00,"8.53,8.53,8.53,8.52,306070"
2026-03-18T10:40:00.000-00:00,"8.53,8.52,8.53,8.52,142947"
2026-03-18T10:45:00.000-00:00,"8.53,8.51,8.53,8.51,194778"
2026-03-18T10:50:00.000-00:00,"8.5,8.51,8.51,8.5,329696"
2026-03-18T10:55:00.000-00:00,"8.51,8.5,8.51,8.49,310550"
2026-03-18T11:00:00.000-00:00,"8.5,8.5,8.5,8.47,560429"
2026-03-18T11:05:00.000-00:00,"8.48,8.49,8.5,8.46,358233"
2026-03-18T11:10:00.000-00:00,"8.49,8.5,8.5,8.49,635355"
2026-03-18T11:25:00.000-00:00,"8.51,8.51,8.51,8.51,187137"
2026-03-24T08:00:00.000-00:00,"8.88,8.66,8.88,8.62,846788"
2026-03-24T08:05:00.000-00:00,"8.69,8.7,8.74,8.65,413729"
2026-03-24T08:10:00.000-00:00,"8.7,8.68,8.7,8.65,100646"
2026-03-24T08:15:00.000-00:00,"8.68,8.63,8.68,8.63,137798"
2026-03-24T08:20:00.000-00:00,"8.65,8.69,8.7,8.62,231873"
2026-03-24T08:25:00.000-00:00,"8.69,8.64,8.7,8.64,107725"
2026-03-24T08:30:00.000-00:00,"8.64,8.63,8.65,8.63,81148"
2026-03-24T08:35:00.000-00:00,"8.63,8.62,8.63,8.62,30046"
2026-03-24T08:40:00.000-00:00,"8.63,8.64,8.65,8.63,28633"
2026-03-24T08:45:00.000-00:00,"8.63,8.6,8.65,8.6,259166"
2026-03-24T08:50:00.000-00:00,"8.62,8.6,8.62,8.6,63656"
2026-03-24T08:55:00.000-00:00,"8.62,8.63,8.65,8.62,5000"
2026-03-24T09:00:00.000-00:00,"8.61,8.64,8.64,8.61,12883"
2026-03-24T09:05:00.000-00:00,"8.64,8.62,8.65,8.62,95779"
2026-03-24T09:10:00.000-00:00,"8.62,8.6,8.65,8.59,326166"
2026-03-24T09:15:00.000-00:00,"8.6,8.6,8.63,8.6,48530"
2026-03-24T09:20:00.000-00:00,"8.6,8.6,8.62,8.6,98118"
2026-03-24T09:25:00.000-00:00,"8.61,8.59,8.62,8.59,48612"
2026-03-24T09:30:00.000-00:00,"8.59,8.59,8.62,8.59,143691"
2026-03-24T09:35:00.000-00:00,"8.6,8.62,8.63,8.59,63442"
2026-03-24T09:40:00.000-00:00,"8.6,8.6,8.63,8.6,46614"
2026-03-24T09:45:00.000-00:00,"8.6,8.56,8.6,8.56,140283"
2026-03-24T09:50:00.000-00:00,"8.58,8.57,8.59,8.56,44495"
2026-03-24T09:55:00.000-00:00,"8.59,8.63,8.63,8.59,323369"
2026-03-24T10:00:00.000-00:00,"8.6,8.63,8.64,8.6,81031"
2026-03-24T10:05:00.000-00:00,"8.64,8.65,8.66,8.63,454473"
2026-03-24T10:10:00.000-00:00,"8.65,8.73,8.74,8.65,782230"
2026-03-24T10:15:00.000-00:00,"8.72,8.73,8.74,8.71,322444"
2026-03-24T10:20:00.000-00:00,"8.73,8.72,8.74,8.71,110179"
2026-03-24T10:25:00.000-00:00,"8.72,8.73,8.73,8.71,162286"
2026-03-24T10:30:00.000-00:00,"8.72,8.73,8.73,8.72,377906"
2026-03-24T10:35:00.000-00:00,"8.73,8.74,8.76,8.73,557819"
2026-03-24T10:40:00.000-00:00,"8.74,8.68,8.74,8.68,161104"
2026-03-24T10:45:00.000-00:00,"8.7,8.71,8.71,8.69,26677"
2026-03-24T10:50:00.000-00:00,"8.72,8.7,8.72,8.7,87519"
2026-03-24T10:55:00.000-00:00,"8.7,8.67,8.7,8.67,64127"
2026-03-24T11:00:00.000-00:00,"8.68,8.65,8.69,8.65,174881"
2026-03-24T11:05:00.000-00:00,"8.69,8.69,8.7,8.68,186547"
2026-03-24T11:10:00.000-00:00,"8.68,8.69,8.7,8.68,144928"
2026-03-24T11:15:00.000-00:00,"8.69,8.67,8.7,8.67,78192"
2026-03-24T11:20:00.000-00:00,"8.67,8.67,8.68,8.66,58517"
2026-03-24T11:25:00.000-00:00,"8.67,8.66,8.67,8.66,44502"
2026-03-24T11:30:00.000-00:00,"8.66,8.67,8.67,8.64,119461"
2026-03-24T11:35:00.000-00:00,"8.66,8.67,8.67,8.64,87930"
2026-03-24T11:40:00.000-00:00,"8.67,8.66,8.68,8.66,49755"
2026-03-24T11:45:00.000-00:00,"8.68,8.67,8.68,8.66,52747"
2026-03-24T11:50:00.000-00:00,"8.67,8.67,8.7,8.66,347680"
2026-03-24T11:55:00.000-00:00,"8.68,8.65,8.68,8.65,163637"
2026-03-24T12:00:00.000-00:00,"8.68,8.64,8.68,8.63,291660"
2026-03-24T12:05:00.000-00:00,"8.66,8.65,8.66,8.63,279643"
2026-03-24T12:10:00.000-00:00,"8.65,8.65,8.65,8.63,282557"
2026-03-24T12:25:00.000-00:00,"8.66,8.66,8.66,8.66,641605"
2026-03-25T08:00:00.000-00:00,"8.75,8.79,8.82,8.75,1648162"
2026-03-25T08:05:00.000-00:00,"8.79,8.85,8.86,8.78,1176484"
2026-03-25T08:10:00.000-00:00,"8.85,8.83,8.86,8.83,155197"
2026-03-25T08:15:00.000-00:00,"8.82,8.82,8.85,8.81,654098"
2026-03-25T08:20:00.000-00:00,"8.83,8.83,8.86,8.83,603834"
2026-03-25T08:25:00.000-00:00,"8.83,8.82,8.83,8.81,232612"
2026-03-25T08:30:00.000-00:00,"8.8,8.79,8.82,8.78,1211736"
2026-03-25T08:35:00.000-00:00,"8.79,8.78,8.8,8.77,132727"
2026-03-25T08:40:00.000-00:00,"8.79,8.79,8.8,8.78,88148"
2026-03-25T08:45:00.000-00:00,"8.78,8.79,8.8,8.78,61980"
2026-03-25T08:50:00.000-00:00,"8.8,8.8,8.8,8.78,363944"
2026-03-25T08:55:00.000-00:00,"8.81,8.81,8.81,8.78,173242"
2026-03-25T09:00:00.000-00:00,"8.81,8.81,8.83,8.8,183755"
2026-03-25T09:05:00.000-00:00,"8.81,8.81,8.81,8.8,30023"
2026-03-25T09:10:00.000-00:00,"8.81,8.82,8.82,8.8,95342"
2026-03-25T09:15:00.000-00:00,"8.81,8.81,8.82,8.81,53323"
2026-03-25T09:20:00.000-00:00,"8.81,8.81,8.82,8.81,52938"
2026-03-25T09:25:00.000-00:00,"8.81,8.82,8.82,8.8,112084"
2026-03-25T09:30:00.000-00:00,"8.82,8.81,8.82,8.8,209282"
2026-03-25T09:35:00.000-00:00,"8.8,8.8,8.81,8.79,264849"
2026-03-25T09:40:00.000-00:00,"8.8,8.8,8.82,8.79,262176"
2026-03-25T09:45:00.000-00:00,"8.8,8.8,8.8,8.79,89508"
2026-03-25T09:50:00.000-00:00,"8.8,8.8,8.8,8.79,42848"
2026-03-25T09:55:00.000-00:00,"8.79,8.78,8.8,8.78,82924"
2026-03-25T10:00:00.000-00:00,"8.78,8.8,8.81,8.78,435506"
2026-03-25T10:05:00.000-00:00,"8.8,8.78,8.8,8.78,33081"
2026-03-25T10:10:00.000-00:00,"8.78,8.78,8.79,8.78,18646"
2026-03-25T10:15:00.000-00:00,"8.78,8.79,8.79,8.78,23163"
2026-03-25T10:20:00.000-00:00,"8.79,8.79,8.79,8.78,33714"
2026-03-25T10:25:00.000-00:00,"8.78,8.78,8.79,8.78,123517"
2026-03-25T10:30:00.000-00:00,"8.78,8.78,8.78,8.77,74827"
2026-03-25T10:35:00.000-00:00,"8.77,8.75,8.77,8.75,290394"
2026-03-25T10:40:00.000-00:00,"8.74,8.75,8.75,8.73,234289"
2026-03-25T10:45:00.000-00:00,"8.75,8.73,8.75,8.73,46300"
2026-03-25T10:50:00.000-00:00,"8.73,8.75,8.75,8.73,120363"
2026-03-25T10:55:00.000-00:00,"8.74,8.75,8.75,8.74,106118"
2026-03-25T11:00:00.000-00:00,"8.75,8.75,8.75,8.73,251568"
2026-03-25T11:05:00.000-00:00,"8.74,8.73,8.75,8.73,175439"
2026-03-25T11:10:00.000-00:00,"8.74,8.75,8.75,8.73,32744"
2026-03-25T11:15:00.000-00:00,"8.75,8.74,8.75,8.73,68224"
2026-03-25T11:20:00.000-00:00,"8.74,8.74,8.75,8.73,34139"
2026-03-25T11:25:00.000-00:00,"8.73,8.73,8.74,8.73,20648"
2026-03-25T11:30:00.000-00:00,"8.74,8.73,8.74,8.73,97587"
2026-03-25T11:35:00.000-00:00,"8.74,8.73,8.74,8.72,188279"
2026-03-25T11:40:00.000-00:00,"8.73,8.75,8.75,8.72,333843"
2026-03-25T11:45:00.000-00:00,"8.74,8.72,8.74,8.72,119369"
2026-03-25T11:50:00.000-00:00,"8.72,8.7,8.73,8.7,699555"
2026-03-25T11:55:00.000-00:00,"8.7,8.7,8.7,8.69,125852"
2026-03-25T12:00:00.000-00:00,"8.69,8.73,8.73,8.69,310445"
2026-03-25T12:05:00.000-00:00,"8.73,8.73,8.74,8.72,339108"
2026-03-25T12:10:00.000-00:00,"8.73,8.73,8.74,8.69,614879"
2026-03-25T12:25:00.000-00:00,"8.7,8.7,8.7,8.7,483950"
2026-03-26T08:00:00.000-00:00,"8.72,8.7,8.73,8.67,228263"
2026-03-26T08:05:00.000-00:00,"8.69,8.71,8.71,8.67,182861"
2026-03-26T08:10:00.000-00:00,"8.71,8.7,8.71,8.69,43988"
2026-03-26T08:15:00.000-00:00,"8.7,8.69,8.7,8.68,21549"
2026-03-26T08:20:00.000-00:00,"8.68,8.68,8.69,8.67,31630"
2026-03-26T08:25:00.000-00:00,"8.68,8.68,8.69,8.68,30620"
2026-03-26T08:30:00.000-00:00,"8.69,8.68,8.7,8.68,67521"
2026-03-26T08:35:00.000-00:00,"8.69,8.68,8.69,8.66,93046"
2026-03-26T08:40:00.000-00:00,"8.68,8.67,8.69,8.67,44507"
2026-03-26T08:45:00.000-00:00,"8.67,8.7,8.75,8.67,273951"
2026-03-26T08:50:00.000-00:00,"8.7,8.69,8.7,8.69,42659"
2026-03-26T08:55:00.000-00:00,"8.69,8.7,8.7,8.69,381"
2026-03-26T09:00:00.000-00:00,"8.7,8.66,8.7,8.66,114657"
2026-03-26T09:05:00.000-00:00,"8.66,8.67,8.67,8.66,3573"
2026-03-26T09:10:00.000-00:00,"8.67,8.66,8.67,8.65,48483"
2026-03-26T09:15:00.000-00:00,"8.66,8.65,8.67,8.65,36131"
2026-03-26T09:20:00.000-00:00,"8.66,8.68,8.68,8.66,19288"
2026-03-26T09:25:00.000-00:00,"8.68,8.69,8.69,8.68,14715"
2026-03-26T09:30:00.000-00:00,"8.69,8.69,8.7,8.67,27763"
2026-03-26T09:35:00.000-00:00,"8.69,8.66,8.69,8.66,84655"
2026-03-26T09:40:00.000-00:00,"8.67,8.66,8.67,8.65,244342"
2026-03-26T09:45:00.000-00:00,"8.68,8.68,8.68,8.67,4278"
2026-03-26T09:50:00.000-00:00,"8.69,8.7,8.7,8.68,430115"
2026-03-26T09:55:00.000-00:00,"8.7,8.71,8.72,8.7,251358"
2026-03-26T10:00:00.000-00:00,"8.71,8.7,8.71,8.7,441616"
2026-03-26T10:05:00.000-00:00,"8.7,8.7,8.71,8.69,70882"
2026-03-26T10:10:00.000-00:00,"8.69,8.7,8.7,8.68,70275"
2026-03-26T10:15:00.000-00:00,"8.7,8.69,8.7,8.69,29443"
2026-03-26T10:20:00.000-00:00,"8.7,8.69,8.7,8.69,13810"
2026-03-26T10:25:00.000-00:00,"8.69,8.67,8.69,8.67,23522"
2026-03-26T10:30:00.000-00:00,"8.67,8.67,8.68,8.67,59089"
2026-03-26T10:35:00.000-00:00,"8.67,8.68,8.68,8.66,11248"
2026-03-26T10:40:00.000-00:00,"8.67,8.68,8.68,8.66,42660"
2026-03-26T10:45:00.000-00:00,"8.66,8.65,8.68,8.65,75015"
2026-03-26T10:50:00.000-00:00,"8.65,8.67,8.67,8.65,2657"
2026-03-26T10:55:00.000-00:00,"8.67,8.66,8.67,8.65,8208"
2026-03-26T11:00:00.000-00:00,"8.66,8.66,8.66,8.66,29670"
2026-03-26T11:05:00.000-00:00,"8.66,8.68,8.68,8.66,23357"
2026-03-26T11:10:00.000-00:00,"8.68,8.68,8.68,8.66,4565"
2026-03-26T11:15:00.000-00:00,"8.67,8.66,8.67,8.66,7623"
2026-03-26T11:20:00.000-00:00,"8.67,8.67,8.67,8.66,23936"
2026-03-26T11:25:00.000-00:00,"8.67,8.67,8.67,8.65,3609"
2026-03-26T11:30:00.000-00:00,"8.66,8.66,8.66,8.65,22650"
2026-03-26T11:35:00.000-00:00,"8.66,8.67,8.67,8.65,35525"
2026-03-26T11:40:00.000-00:00,"8.67,8.66,8.68,8.66,96250"
2026-03-26T11:45:00.000-00:00,"8.66,8.66,8.67,8.65,19797"
2026-03-26T11:50:00.000-00:00,"8.66,8.66,8.66,8.65,59494"
2026-03-26T11:55:00.000-00:00,"8.66,8.65,8.67,8.65,43609"
2026-03-26T12:00:00.000-00:00,"8.66,8.67,8.67,8.66,63542"
2026-03-26T12:05:00.000-00:00,"8.66,8.66,8.67,8.65,286425"
2026-03-26T12:10:00.000-00:00,"8.66,8.67,8.67,8.64,355937"
2026-03-26T12:25:00.000-00:00,"8.63,8.63,8.63,8.63,315971"
2026-03-29T08:00:00.000-00:00,"8.63,8.61,8.65,8.61,186616"
2026-03-29T08:05:00.000-00:00,"8.61,8.52,8.61,8.51,147898"
2026-03-29T08:10:00.000-00:00,"8.56,8.55,8.56,8.4,304664"
2026-03-29T08:15:00.000-00:00,"8.55,8.55,8.55,8.52,48742"
2026-03-29T08:20:00.000-00:00,"8.55,8.55,8.55,8.52,44931"
2026-03-29T08:25:00.000-00:00,"8.55,8.53,8.55,8.53,144190"
2026-03-29T08:30:00.000-00:00,"8.52,8.49,8.53,8.49,170245"
2026-03-29T08:35:00.000-00:00,"8.49,8.5,8.51,8.49,47984"
2026-03-29T08:40:00.000-00:00,"8.5,8.49,8.52,8.49,54966"
2026-03-29T08:45:00.000-00:00,"8.49,8.5,8.51,8.48,40982"
2026-03-29T08:50:00.000-00:00,"8.5,8.48,8.51,8.48,137443"
2026-03-29T08:55:00.000-00:00,"8.5,8.49,8.5,8.48,29684"
2026-03-29T09:00:00.000-00:00,"8.49,8.48,8.49,8.47,54894"
2026-03-29T09:05:00.000-00:00,"8.48,8.58,8.58,8.47,580130"
2026-03-29T09:10:00.000-00:00,"8.53,8.51,8.53,8.5,39445"
2026-03-29T09:15:00.000-00:00,"8.51,8.48,8.51,8.48,35127"
2026-03-29T09:20:00.000-00:00,"8.5,8.49,8.51,8.49,26141"
2026-03-29T09:25:00.000-00:00,"8.5,8.48,8.5,8.48,32066"
2026-03-29T09:30:00.000-00:00,"8.48,8.5,8.5,8.47,24692"
2026-03-29T09:35:00.000-00:00,"8.5,8.5,8.5,8.48,27367"
2026-03-29T09:40:00.000-00:00,"8.5,8.49,8.5,8.47,8793"
2026-03-29T09:45:00.000-00:00,"8.49,8.49,8.49,8.45,273923"
2026-03-29T09:50:00.000-00:00,"8.49,8.49,8.49,8.45,216641"
2026-03-29T09:55:00.000-00:00,"8.46,8.47,8.49,8.43,195609"
2026-03-29T10:00:00.000-00:00,"8.47,8.46,8.47,8.46,4911"
2026-03-29T10:05:00.000-00:00,"8.46,8.45,8.47,8.44,124795"
2026-03-29T10:10:00.000-00:00,"8.47,8.44,8.47,8.44,200299"
2026-03-29T10:15:00.000-00:00,"8.44,8.46,8.46,8.44,107977"
2026-03-29T10:20:00.000-00:00,"8.46,8.49,8.49,8.45,178295"
2026-03-29T10:25:00.000-00:00,"8.48,8.48,8.5,8.47,124283"
2026-03-29T10:30:00.000-00:00,"8.48,8.47,8.48,8.47,45941"
2026-03-29T10:35:00.000-00:00,"8.47,8.47,8.47,8.46,103561"
2026-03-29T10:40:00.000-00:00,"8.48,8.48,8.48,8.47,64083"
2026-03-29T10:45:00.000-00:00,"8.47,8.47,8.49,8.46,123399"
2026-03-29T10:50:00.000-00:00,"8.47,8.47,8.48,8.47,73462"
2026-03-29T10:55:00.000-00:00,"8.47,8.46,8.48,8.46,154392"
2026-03-29T11:00:00.000-00:00,"8.46,8.47,8.48,8.46,122653"
2026-03-29T11:05:00.000-00:00,"8.48,8.48,8.48,8.47,144535"
2026-03-29T11:10:00.000-00:00,"8.48,8.47,8.48,8.47,82757"
2026-03-29T11:15:00.000-00:00,"8.47,8.48,8.48,8.47,48767"
2026-03-29T11:20:00.000-00:00,"8.47,8.47,8.47,8.47,146837"
2026-03-29T11:25:00.000-00:00,"8.47,8.48,8.48,8.46,102636"
2026-03-29T11:30:00.000-00:00,"8.47,8.48,8.48,8.47,26740"
2026-03-29T11:35:00.000-00:00,"8.48,8.48,8.48,8.47,41047"
2026-03-29T11:40:00.000-00:00,"8.48,8.47,8.48,8.46,315568"
2026-03-29T11:45:00.000-00:00,"8.47,8.47,8.48,8.44,1068848"
2026-03-29T11:50:00.000-00:00,"8.45,8.46,8.46,8.45,270293"
2026-03-29T11:55:00.000-00:00,"8.46,8.47,8.47,8.46,131635"
2026-03-29T12:00:00.000-00:00,"8.47,8.44,8.47,8.44,203813"
2026-03-29T12:05:00.000-00:00,"8.45,8.44,8.48,8.44,474004"
2026-03-29T12:10:00.000-00:00,"8.45,8.45,8.48,8.44,445562"
2026-03-29T12:25:00.000-00:00,"8.46,8.46,8.46,8.46,369500"
2026-03-30T08:00:00.000-00:00,"8.5,8.52,8.53,8.46,34548"
2026-03-30T08:05:00.000-00:00,"8.53,8.51,8.54,8.51,121401"
2026-03-30T08:10:00.000-00:00,"8.5,8.55,8.57,8.49,98772"
2026-03-30T08:15:00.000-00:00,"8.51,8.49,8.51,8.48,36666"
2026-03-30T08:20:00.000-00:00,"8.48,8.48,8.49,8.46,154618"
2026-03-30T08:25:00.000-00:00,"8.49,8.51,8.52,8.48,95447"
2026-03-30T08:30:00.000-00:00,"8.51,8.47,8.53,8.47,79141"
2026-03-30T08:35:00.000-00:00,"8.49,8.48,8.49,8.47,119879"
2026-03-30T08:40:00.000-00:00,"8.47,8.5,8.5,8.47,13780"
2026-03-30T08:45:00.000-00:00,"8.49,8.47,8.49,8.47,35336"
2026-03-30T08:50:00.000-00:00,"8.47,8.47,8.47,8.45,154389"
2026-03-30T08:55:00.000-00:00,"8.45,8.44,8.45,8.44,27935"
2026-03-30T09:00:00.000-00:00,"8.45,8.45,8.45,8.44,40619"
2026-03-30T09:05:00.000-00:00,"8.44,8.45,8.45,8.44,12495"
2026-03-30T09:10:00.000-00:00,"8.45,8.45,8.45,8.44,17410"
2026-03-30T09:15:00.000-00:00,"8.44,8.39,8.44,8.38,303356"
2026-03-30T09:20:00.000-00:00,"8.39,8.44,8.44,8.39,320010"
2026-03-30T09:25:00.000-00:00,"8.44,8.4,8.44,8.4,41748"
2026-03-30T09:30:00.000-00:00,"8.4,8.39,8.4,8.39,142497"
2026-03-30T09:35:00.000-00:00,"8.4,8.38,8.4,8.38,26224"
2026-03-30T09:40:00.000-00:00,"8.39,8.4,8.4,8.39,9255"
2026-03-30T09:45:00.000-00:00,"8.4,8.4,8.4,8.38,42132"
2026-03-30T09:50:00.000-00:00,"8.39,8.4,8.4,8.39,129840"
2026-03-30T09:55:00.000-00:00,"8.4,8.4,8.4,8.39,26800"
2026-03-30T10:00:00.000-00:00,"8.39,8.4,8.4,8.39,57188"
2026-03-30T10:05:00.000-00:00,"8.4,8.4,8.4,8.4,14370"
2026-03-30T10:10:00.000-00:00,"8.4,8.41,8.42,8.39,11568"
2026-03-30T10:15:00.000-00:00,"8.39,8.4,8.41,8.39,32339"
2026-03-30T10:20:00.000-00:00,"8.4,8.39,8.4,8.39,11244"
2026-03-30T10:25:00.000-00:00,"8.4,8.4,8.41,8.4,43548"
2026-03-30T10:30:00.000-00:00,"8.4,8.4,8.4,8.39,126940"
2026-03-30T10:35:00.000-00:00,"8.4,8.4,8.4,8.39,20959"
2026-03-30T10:40:00.000-00:00,"8.39,8.39,8.39,8.37,96753"
2026-03-30T10:45:00.000-00:00,"8.39,8.39,8.39,8.39,30815"
2026-03-30T10:50:00.000-00:00,"8.38,8.39,8.39,8.38,16938"
2026-03-30T10:55:00.000-00:00,"8.39,8.39,8.39,8.37,101502"
2026-03-30T11:00:00.000-00:00,"8.39,8.36,8.39,8.36,53765"
2026-03-30T11:05:00.000-00:00,"8.36,8.34,8.39,8.33,394389"
2026-03-30T11:10:00.000-00:00,"8.35,8.35,8.39,8.33,137697"
2026-03-30T11:15:00.000-00:00,"8.34,8.3,8.35,8.3,438093"
2026-03-30T11:20:00.000-00:00,"8.3,8.3,8.34,8.29,253520"
2026-03-30T11:25:00.000-00:00,"8.34,8.3,8.34,8.3,139620"
2026-03-30T11:30:00.000-00:00,"8.3,8.28,8.32,8.26,461584"
2026-03-30T11:35:00.000-00:00,"8.28,8.27,8.28,8.25,907220"
2026-03-30T11:40:00.000-00:00,"8.27,8.27,8.28,8.26,68211"
2026-03-30T11:45:00.000-00:00,"8.27,8.27,8.29,8.27,65361"
2026-03-30T11:50:00.000-00:00,"8.29,8.3,8.3,8.28,18619"
2026-03-30T11:55:00.000-00:00,"8.3,8.26,8.3,8.26,261697"
2026-03-30T12:00:00.000-00:00,"8.27,8.23,8.27,8.22,339388"
2026-03-30T12:05:00.000-00:00,"8.24,8.21,8.24,8.2,478648"
2026-03-30T12:10:00.000-00:00,"8.22,8.24,8.28,8.21,714077"
2026-03-30T12:25:00.000-00:00,"8.28,8.28,8.28,8.28,350962"
2026-03-31T08:00:00.000-00:00,"8.28,8.31,8.32,8.28,150233"
2026-03-31T08:05:00.000-00:00,"8.31,8.26,8.33,8.26,291147"
2026-03-31T08:10:00.000-00:00,"8.3,8.27,8.3,8.25,432820"
2026-03-31T08:15:00.000-00:00,"8.28,8.28,8.29,8.28,170349"
2026-03-31T08:20:00.000-00:00,"8.28,8.25,8.28,8.23,236651"
2026-03-31T08:25:00.000-00:00,"8.23,8.14,8.23,8.1,1717719"
2026-03-31T08:30:00.000-00:00,"8.11,8.1,8.14,8.05,1128640"
2026-03-31T08:35:00.000-00:00,"8.1,8.1,8.1,8.08,1555549"
2026-03-31T08:40:00.000-00:00,"8.1,8.09,8.1,8.09,699630"
2026-03-31T08:45:00.000-00:00,"8.1,8.1,8.1,8.05,310334"
2026-03-31T08:50:00.000-00:00,"8.09,8.04,8.09,7.99,1828450"
2026-03-31T08:55:00.000-00:00,"8.04,8.06,8.07,8.03,662573"
2026-03-31T09:00:00.000-00:00,"8.06,8.07,8.07,8.03,609145"
2026-03-31T09:05:00.000-00:00,"8.07,8.1,8.1,8.07,580313"
2026-03-31T09:10:00.000-00:00,"8.1,8.15,8.15,8.1,362240"
2026-03-31T09:15:00.000-00:00,"8.15,8.13,8.15,8.13,139077"
2026-03-31T09:20:00.000-00:00,"8.13,8.12,8.14,8.12,260282"
2026-03-31T09:25:00.000-00:00,"8.13,8.16,8.16,8.12,347029"
2026-03-31T09:30:00.000-00:00,"8.16,8.2,8.2,8.15,726033"
2026-03-31T09:35:00.000-00:00,"8.19,8.18,8.2,8.14,242841"
2026-03-31T09:40:00.000-00:00,"8.15,8.15,8.17,8.14,178898"
2026-03-31T09:45:00.000-00:00,"8.15,8.15,8.16,8.14,115365"
2026-03-31T09:50:00.000-00:00,"8.14,8.15,8.15,8.13,128035"
2026-03-31T09:55:00.000-00:00,"8.15,8.17,8.17,8.13,179478"
2026-03-31T10:00:00.000-00:00,"8.17,8.16,8.18,8.15,80709"
2026-03-31T10:05:00.000-00:00,"8.16,8.15,8.17,8.14,184407"
2026-03-31T10:10:00.000-00:00,"8.15,8.2,8.2,8.15,541915"
2026-03-31T10:15:00.000-00:00,"8.2,8.21,8.21,8.2,433193"
2026-03-31T10:20:00.000-00:00,"8.21,8.2,8.22,8.2,119400"
2026-03-31T10:25:00.000-00:00,"8.2,8.18,8.2,8.18,91583"
2026-03-31T10:30:00.000-00:00,"8.18,8.2,8.2,8.18,2042061"
2026-03-31T10:35:00.000-00:00,"8.21,8.19,8.22,8.19,83138"
2026-03-31T10:40:00.000-00:00,"8.2,8.19,8.2,8.19,193781"
2026-03-31T10:45:00.000-00:00,"8.19,8.19,8.19,8.16,103149"
2026-03-31T10:50:00.000-00:00,"8.16,8.18,8.18,8.16,23263"
2026-03-31T10:55:00.000-00:00,"8.18,8.15,8.18,8.15,165191"
2026-03-31T11:00:00.000-00:00,"8.16,8.17,8.18,8.16,88494"
2026-03-31T11:05:00.000-00:00,"8.17,8.19,8.19,8.16,145877"
2026-03-31T11:10:00.000-00:00,"8.19,8.2,8.21,8.19,171996"
2026-03-31T11:15:00.000-00:00,"8.2,8.21,8.22,8.2,118397"
2026-03-31T11:20:00.000-00:00,"8.21,8.2,8.21,8.19,74558"
2026-03-31T11:25:00.000-00:00,"8.2,8.19,8.2,8.18,37981"
2026-03-31T11:30:00.000-00:00,"8.2,8.26,8.26,8.2,488678"
2026-03-31T11:35:00.000-00:00,"8.25,8.25,8.27,8.24,219192"
2026-03-31T11:40:00.000-00:00,"8.25,8.25,8.25,8.24,194516"
2026-03-31T11:45:00.000-00:00,"8.24,8.25,8.26,8.24,118224"
2026-03-31T11:50:00.000-00:00,"8.26,8.31,8.32,8.25,4294727"
2026-03-31T11:55:00.000-00:00,"8.31,8.3,8.31,8.3,669611"
2026-03-31T12:00:00.000-00:00,"8.31,8.35,8.35,8.3,1360747"
2026-03-31T12:05:00.000-00:00,"8.34,8.39,8.4,8.29,2107118"
2026-03-31T12:10:00.000-00:00,"8.38,8.39,8.39,8.37,681513"
2026-03-31T12:25:00.000-00:00,"8.39,8.39,8.39,8.39,1044996"
2026-04-01T08:00:00.000-00:00,"8.48,8.44,8.5,8.44,1350217"
2026-04-01T08:05:00.000-00:00,"8.45,8.46,8.48,8.45,1171921"
2026-04-01T08:10:00.000-00:00,"8.45,8.43,8.46,8.42,757615"
2026-04-01T08:15:00.000-00:00,"8.43,8.44,8.45,8.4,1195853"
2026-04-01T08:20:00.000-00:00,"8.45,8.46,8.48,8.45,351325"
2026-04-01T08:25:00.000-00:00,"8.47,8.47,8.5,8.47,1143112"
2026-04-01T08:30:00.000-00:00,"8.47,8.46,8.47,8.45,147682"
2026-04-01T08:35:00.000-00:00,"8.45,8.47,8.47,8.44,121164"
2026-04-01T08:40:00.000-00:00,"8.45,8.45,8.46,8.43,480010"
2026-04-01T08:45:00.000-00:00,"8.44,8.45,8.46,8.44,325725"
2026-04-01T08:50:00.000-00:00,"8.45,8.46,8.47,8.44,443583"
2026-04-01T08:55:00.000-00:00,"8.44,8.44,8.46,8.43,347436"
2026-04-01T09:00:00.000-00:00,"8.45,8.45,8.45,8.44,222084"
2026-04-01T09:05:00.000-00:00,"8.44,8.44,8.45,8.44,122249"
2026-04-01T09:10:00.000-00:00,"8.44,8.43,8.44,8.42,305834"
2026-04-01T09:15:00.000-00:00,"8.43,8.43,8.43,8.42,62488"
2026-04-01T09:20:00.000-00:00,"8.42,8.42,8.43,8.41,224717"
2026-04-01T09:25:00.000-00:00,"8.42,8.36,8.42,8.36,573077"
2026-04-01T09:30:00.000-00:00,"8.39,8.4,8.4,8.39,73667"
2026-04-01T09:35:00.000-00:00,"8.4,8.4,8.4,8.4,148877"
2026-04-01T09:40:00.000-00:00,"8.4,8.38,8.4,8.38,280640"
2026-04-01T09:45:00.000-00:00,"8.38,8.38,8.39,8.32,790896"
2026-04-01T09:50:00.000-00:00,"8.38,8.38,8.39,8.37,83925"
2026-04-01T09:55:00.000-00:00,"8.38,8.38,8.39,8.38,40886"
2026-04-01T10:00:00.000-00:00,"8.38,8.39,8.39,8.37,26916"
2026-04-01T10:05:00.000-00:00,"8.38,8.38,8.39,8.36,295795"
2026-04-01T10:10:00.000-00:00,"8.38,8.38,8.39,8.37,206341"
2026-04-01T10:15:00.000-00:00,"8.38,8.37,8.38,8.36,25416"
2026-04-01T10:20:00.000-00:00,"8.36,8.38,8.38,8.35,42463"
2026-04-01T10:25:00.000-00:00,"8.38,8.4,8.4,8.38,215857"
2026-04-01T10:30:00.000-00:00,"8.38,8.39,8.4,8.38,116923"
2026-04-01T10:35:00.000-00:00,"8.39,8.38,8.4,8.38,49756"
2026-04-01T10:40:00.000-00:00,"8.38,8.37,8.39,8.37,66265"
2026-04-01T10:45:00.000-00:00,"8.37,8.4,8.4,8.37,182638"
2026-04-01T10:50:00.000-00:00,"8.4,8.4,8.41,8.39,107505"
2026-04-01T10:55:00.000-00:00,"8.39,8.4,8.4,8.39,57568"
2026-04-01T11:00:00.000-00:00,"8.4,8.4,8.4,8.39,47837"
2026-04-01T11:05:00.000-00:00,"8.4,8.43,8.43,8.39,267362"
2026-04-01T11:10:00.000-00:00,"8.42,8.4,8.42,8.4,165746"
2026-04-01T11:15:00.000-00:00,"8.4,8.39,8.4,8.39,183232"
2026-04-01T11:20:00.000-00:00,"8.39,8.37,8.39,8.36,232823"
2026-04-01T11:25:00.000-00:00,"8.37,8.38,8.38,8.37,34654"
2026-04-01T11:30:00.000-00:00,"8.38,8.4,8.4,8.37,124921"
2026-04-01T11:35:00.000-00:00,"8.39,8.39,8.39,8.38,51778"
2026-04-01T11:40:00.000-00:00,"8.38,8.39,8.39,8.37,92467"
2026-04-01T11:45:00.000-00:00,"8.38,8.38,8.39,8.37,175934"
2026-04-01T11:50:00.000-00:00,"8.37,8.38,8.38,8.36,181742"
2026-04-01T11:55:00.000-00:00,"8.38,8.34,8.38,8.34,530973"
2026-04-01T12:00:00.000-00:00,"8.33,8.32,8.34,8.3,1206773"
2026-04-01T12:05:00.000-00:00,"8.31,8.3,8.32,8.3,206538"
2026-04-01T12:10:00.000-00:00,"8.32,8.3,8.33,8.28,1421114"
2026-04-01T12:15:00.000-00:00,"8.31,8.32,8.32,8.3,84372"
2026-04-01T12:25:00.000-00:00,"8.35,8.35,8.35,8.35,567907"
2026-04-02T08:00:00.000-00:00,"8.34,8.26,8.34,8.26,429318"
2026-04-02T08:05:00.000-00:00,"8.27,8.3,8.3,8.25,228898"
2026-04-02T08:10:00.000-00:00,"8.3,8.3,8.34,8.3,358757"
2026-04-02T08:15:00.000-00:00,"8.3,8.32,8.33,8.3,33614"
2026-04-02T08:20:00.000-00:00,"8.32,8.3,8.32,8.3,16638"
2026-04-02T08:25:00.000-00:00,"8.32,8.32,8.33,8.29,218611"
2026-04-02T08:30:00.000-00:00,"8.3,8.29,8.32,8.29,22282"
2026-04-02T08:35:00.000-00:00,"8.29,8.3,8.32,8.28,154633"
2026-04-02T08:40:00.000-00:00,"8.3,8.33,8.35,8.3,464650"
2026-04-02T08:45:00.000-00:00,"8.33,8.33,8.34,8.32,72050"
2026-04-02T08:50:00.000-00:00,"8.32,8.33,8.33,8.31,139905"
2026-04-02T08:55:00.000-00:00,"8.33,8.3,8.33,8.3,319111"
2026-04-02T09:00:00.000-00:00,"8.3,8.29,8.3,8.29,41835"
2026-04-02T09:05:00.000-00:00,"8.29,8.3,8.3,8.28,5441"
2026-04-02T09:10:00.000-00:00,"8.3,8.32,8.32,8.29,123030"
2026-04-02T09:15:00.000-00:00,"8.31,8.33,8.33,8.3,95499"
2026-04-02T09:20:00.000-00:00,"8.34,8.31,8.34,8.31,60163"
2026-04-02T09:25:00.000-00:00,"8.31,8.3,8.32,8.3,71482"
2026-04-02T09:30:00.000-00:00,"8.3,8.29,8.31,8.29,88923"
2026-04-02T09:35:00.000-00:00,"8.3,8.29,8.3,8.29,53250"
2026-04-02T09:40:00.000-00:00,"8.28,8.28,8.3,8.27,119095"
2026-04-02T09:45:00.000-00:00,"8.29,8.3,8.3,8.28,46367"
2026-04-02T09:50:00.000-00:00,"8.3,8.29,8.3,8.28,199144"
2026-04-02T09:55:00.000-00:00,"8.29,8.3,8.3,8.29,96524"
2026-04-02T10:00:00.000-00:00,"8.3,8.31,8.31,8.28,137843"
2026-04-02T10:05:00.000-00:00,"8.31,8.29,8.31,8.29,61143"
2026-04-02T10:10:00.000-00:00,"8.31,8.29,8.33,8.29,192097"
2026-04-02T10:15:00.000-00:00,"8.3,8.3,8.32,8.29,133683"
2026-04-02T10:20:00.000-00:00,"8.32,8.32,8.32,8.31,34054"
2026-04-02T10:25:00.000-00:00,"8.33,8.35,8.35,8.31,433836"
2026-04-02T10:30:00.000-00:00,"8.35,8.34,8.35,8.33,31562"
2026-04-02T10:35:00.000-00:00,"8.34,8.35,8.36,8.34,122058"
2026-04-02T10:40:00.000-00:00,"8.36,8.4,8.41,8.35,937888"
2026-04-02T10:45:00.000-00:00,"8.4,8.41,8.42,8.37,823937"
2026-04-02T10:50:00.000-00:00,"8.41,8.4,8.41,8.38,247909"
2026-04-02T10:55:00.000-00:00,"8.39,8.41,8.41,8.38,552514"
2026-04-02T11:00:00.000-00:00,"8.4,8.45,8.47,8.4,1973939"
2026-04-02T11:05:00.000-00:00,"8.46,8.42,8.47,8.4,835726"
2026-04-02T11:10:00.000-00:00,"8.42,8.42,8.43,8.42,215259"
2026-04-02T11:15:00.000-00:00,"8.42,8.45,8.47,8.41,895415"
2026-04-02T11:20:00.000-00:00,"8.44,8.5,8.5,8.44,1906790"
2026-04-02T11:25:00.000-00:00,"8.49,8.52,8.55,8.49,4098645"
2026-04-02T11:30:00.000-00:00,"8.51,8.57,8.58,8.51,1705809"
2026-04-02T11:35:00.000-00:00,"8.57,8.57,8.6,8.56,2749280"
2026-04-02T11:40:00.000-00:00,"8.57,8.58,8.59,8.57,809209"
2026-04-02T11:45:00.000-00:00,"8.59,8.59,8.6,8.57,2371073"
2026-04-02T11:50:00.000-00:00,"8.59,8.6,8.6,8.59,1542217"
2026-04-02T11:55:00.000-00:00,"8.6,8.54,8.63,8.51,1382878"
2026-04-02T12:00:00.000-00:00,"8.53,8.48,8.54,8.46,953190"
2026-04-02T12:05:00.000-00:00,"8.48,8.47,8.49,8.45,1039675"
2026-04-02T12:10:00.000-00:00,"8.48,8.45,8.5,8.44,1746377"
2026-04-02T12:25:00.000-00:00,"8.46,8.46,8.46,8.46,1831586"
2026-04-05T08:00:00.000-00:00,"8.49,8.47,8.5,8.4,586597"
2026-04-05T08:05:00.000-00:00,"8.47,8.5,8.52,8.46,867860"
2026-04-05T08:10:00.000-00:00,"8.5,8.49,8.54,8.47,494653"
2026-04-05T08:15:00.000-00:00,"8.5,8.56,8.56,8.5,375009"
2026-04-05T08:20:00.000-00:00,"8.55,8.55,8.6,8.54,1315106"
2026-04-05T08:25:00.000-00:00,"8.55,8.55,8.56,8.52,386512"
2026-04-05T08:30:00.000-00:00,"8.54,8.55,8.56,8.52,479452"
2026-04-05T08:35:00.000-00:00,"8.54,8.55,8.55,8.53,127521"
2026-04-05T08:40:00.000-00:00,"8.54,8.5,8.54,8.48,285149"
2026-04-05T08:45:00.000-00:00,"8.5,8.49,8.5,8.48,70087"
2026-04-05T08:50:00.000-00:00,"8.5,8.49,8.5,8.49,160746"
2026-04-05T08:55:00.000-00:00,"8.49,8.52,8.52,8.48,78554"
2026-04-05T09:00:00.000-00:00,"8.5,8.52,8.52,8.5,35627"
2026-04-05T09:05:00.000-00:00,"8.53,8.53,8.54,8.53,46377"
2026-04-05T09:10:00.000-00:00,"8.54,8.51,8.54,8.51,333200"
2026-04-05T09:15:00.000-00:00,"8.51,8.5,8.51,8.49,227870"
2026-04-05T09:20:00.000-00:00,"8.49,8.49,8.5,8.49,375228"
2026-04-05T09:25:00.000-00:00,"8.49,8.5,8.5,8.48,91800"
2026-04-05T09:30:00.000-00:00,"8.49,8.49,8.5,8.49,26436"
2026-04-05T09:35:00.000-00:00,"8.49,8.49,8.5,8.48,116822"
2026-04-05T09:40:00.000-00:00,"8.49,8.48,8.5,8.48,96338"
2026-04-05T09:45:00.000-00:00,"8.48,8.47,8.49,8.47,6683"
2026-04-05T09:50:00.000-00:00,"8.49,8.49,8.49,8.48,30441"
2026-04-05T09:55:00.000-00:00,"8.49,8.46,8.49,8.46,120180"
2026-04-05T10:00:00.000-00:00,"8.46,8.48,8.48,8.44,264909"
2026-04-05T10:05:00.000-00:00,"8.48,8.5,8.5,8.47,94400"
2026-04-05T10:10:00.000-00:00,"8.49,8.45,8.49,8.45,84748"
2026-04-05T10:15:00.000-00:00,"8.45,8.46,8.49,8.45,2468"
2026-04-05T10:20:00.000-00:00,"8.47,8.48,8.48,8.47,4862"
2026-04-05T10:25:00.000-00:00,"8.48,8.49,8.49,8.43,417529"
2026-04-05T10:30:00.000-00:00,"8.48,8.47,8.48,8.46,4593"
2026-04-05T10:35:00.000-00:00,"8.47,8.45,8.47,8.45,7482"
2026-04-05T10:40:00.000-00:00,"8.46,8.47,8.47,8.46,16213"
2026-04-05T10:45:00.000-00:00,"8.46,8.45,8.47,8.45,143936"
2026-04-05T10:50:00.000-00:00,"8.45,8.45,8.47,8.45,70563"
2026-04-05T10:55:00.000-00:00,"8.45,8.42,8.45,8.42,386413"
2026-04-05T11:00:00.000-00:00,"8.43,8.4,8.43,8.38,1980755"
2026-04-05T11:05:00.000-00:00,"8.4,8.43,8.44,8.39,257184"
2026-04-05T11:10:00.000-00:00,"8.43,8.43,8.45,8.43,210859"
2026-04-05T11:15:00.000-00:00,"8.43,8.43,8.44,8.41,221642"
2026-04-05T11:20:00.000-00:00,"8.43,8.44,8.44,8.43,97724"
2026-04-05T11:25:00.000-00:00,"8.44,8.43,8.44,8.41,211463"
2026-04-05T11:30:00.000-00:00,"8.44,8.41,8.44,8.41,219234"
2026-04-05T11:35:00.000-00:00,"8.42,8.4,8.42,8.39,303701"
2026-04-05T11:40:00.000-00:00,"8.4,8.39,8.41,8.39,119191"
2026-04-05T11:45:00.000-00:00,"8.4,8.41,8.41,8.39,287533"
2026-04-05T11:50:00.000-00:00,"8.41,8.4,8.42,8.4,117553"
2026-04-05T11:55:00.000-00:00,"8.41,8.41,8.44,8.4,518593"
2026-04-05T12:00:00.000-00:00,"8.42,8.42,8.42,8.4,389390"
2026-04-05T12:05:00.000-00:00,"8.42,8.44,8.44,8.42,347207"
2026-04-05T12:10:00.000-00:00,"8.44,8.43,8.46,8.43,292068"
2026-04-05T12:15:00.000-00:00,"8.42,8.42,8.42,8.42,50000"
2026-04-05T12:25:00.000-00:00,"8.42,8.42,8.42,8.42,1176777"
2026-04-06T08:00:00.000-00:00,"8.43,8.46,8.52,8.43,347998"
2026-04-06T08:05:00.000-00:00,"8.47,8.45,8.48,8.45,194391"
2026-04-06T08:10:00.000-00:00,"8.45,8.45,8.46,8.43,153755"
2026-04-06T08:15:00.000-00:00,"8.45,8.45,8.46,8.44,63503"
2026-04-06T08:20:00.000-00:00,"8.45,8.44,8.45,8.43,87048"
2026-04-06T08:25:00.000-00:00,"8.44,8.4,8.44,8.39,499537"
2026-04-06T08:30:00.000-00:00,"8.4,8.4,8.4,8.39,64481"
2026-04-06T08:35:00.000-00:00,"8.4,8.4,8.41,8.39,131190"
2026-04-06T08:40:00.000-00:00,"8.39,8.41,8.41,8.39,123186"
2026-04-06T08:45:00.000-00:00,"8.41,8.44,8.45,8.4,413317"
2026-04-06T08:50:00.000-00:00,"8.45,8.45,8.45,8.44,164396"
2026-04-06T08:55:00.000-00:00,"8.45,8.45,8.45,8.43,149567"
2026-04-06T09:00:00.000-00:00,"8.45,8.45,8.46,8.45,207347"
2026-04-06T09:05:00.000-00:00,"8.45,8.46,8.46,8.44,286436"
2026-04-06T09:10:00.000-00:00,"8.46,8.49,8.5,8.45,1044140"
2026-04-06T09:15:00.000-00:00,"8.49,8.5,8.5,8.48,274172"
2026-04-06T09:20:00.000-00:00,"8.49,8.5,8.52,8.49,816597"
2026-04-06T09:25:00.000-00:00,"8.5,8.49,8.5,8.48,484681"
2026-04-06T09:30:00.000-00:00,"8.49,8.46,8.49,8.46,719559"
2026-04-06T09:35:00.000-00:00,"8.45,8.44,8.45,8.44,513268"
2026-04-06T09:40:00.000-00:00,"8.43,8.45,8.49,8.43,354225"
2026-04-06T09:45:00.000-00:00,"8.47,8.49,8.49,8.46,252449"
2026-04-06T09:50:00.000-00:00,"8.47,8.48,8.49,8.47,58486"
2026-04-06T09:55:00.000-00:00,"8.47,8.47,8.48,8.46,232371"
2026-04-06T10:00:00.000-00:00,"8.46,8.49,8.5,8.46,363426"
2026-04-06T10:05:00.000-00:00,"8.49,8.49,8.5,8.49,84067"
2026-04-06T10:10:00.000-00:00,"8.48,8.48,8.49,8.48,295924"
2026-04-06T10:15:00.000-00:00,"8.48,8.5,8.5,8.44,516659"
2026-04-06T10:20:00.000-00:00,"8.45,8.45,8.49,8.45,22343"
2026-04-06T10:25:00.000-00:00,"8.45,8.48,8.48,8.45,79"
2026-04-06T10:30:00.000-00:00,"8.47,8.52,8.52,8.46,1018700"
2026-04-06T10:35:00.000-00:00,"8.45,8.5,8.5,8.45,205907"
2026-04-06T10:40:00.000-00:00,"8.5,8.49,8.5,8.46,268930"
2026-04-06T10:45:00.000-00:00,"8.49,8.46,8.49,8.45,74317"
2026-04-06T10:50:00.000-00:00,"8.48,8.48,8.5,8.45,503696"
2026-04-06T10:55:00.000-00:00,"8.49,8.54,8.55,8.49,1840621"
2026-04-06T11:00:00.000-00:00,"8.5,8.5,8.55,8.5,476990"
2026-04-06T11:05:00.000-00:00,"8.5,8.5,8.52,8.5,323000"
2026-04-06T11:10:00.000-00:00,"8.5,8.49,8.5,8.49,26326"
2026-04-06T11:15:00.000-00:00,"8.49,8.49,8.5,8.47,293194"
2026-04-06T11:20:00.000-00:00,"8.49,8.52,8.55,8.47,953818"
2026-04-06T11:25:00.000-00:00,"8.51,8.47,8.51,8.47,148103"
2026-04-06T11:30:00.000-00:00,"8.47,8.48,8.49,8.46,173956"
2026-04-06T11:35:00.000-00:00,"8.48,8.46,8.48,8.46,97322"
2026-04-06T11:40:00.000-00:00,"8.46,8.47,8.47,8.45,58929"
2026-04-06T11:45:00.000-00:00,"8.47,8.48,8.48,8.45,175232"
2026-04-06T11:50:00.000-00:00,"8.48,8.48,8.48,8.46,36915"
2026-04-06T11:55:00.000-00:00,"8.46,8.5,8.5,8.45,1195433"
2026-04-06T12:00:00.000-00:00,"8.5,8.47,8.5,8.45,971721"
2026-04-06T12:05:00.000-00:00,"8.46,8.47,8.47,8.45,1128098"
2026-04-06T12:10:00.000-00:00,"8.47,8.47,8.47,8.45,930307"
2026-04-06T12:15:00.000-00:00,"8.47,8.47,8.47,8.47,623"
2026-04-06T12:25:00.000-00:00,"8.46,8.46,8.46,8.46,800317"
2026-04-07T08:00:00.000-00:00,"8.48,8.42,8.48,8.42,326334"
2026-04-07T08:05:00.000-00:00,"8.43,8.44,8.44,8.4,477493"
2026-04-07T08:10:00.000-00:00,"8.44,8.41,8.44,8.41,267512"
2026-04-07T08:15:00.000-00:00,"8.4,8.4,8.41,8.39,215614"
2026-04-07T08:20:00.000-00:00,"8.4,8.41,8.43,8.4,46855"
2026-04-07T08:25:00.000-00:00,"8.4,8.41,8.41,8.39,114942"
2026-04-07T08:30:00.000-00:00,"8.41,8.39,8.41,8.39,96990"
2026-04-07T08:35:00.000-00:00,"8.4,8.4,8.42,8.39,59862"
2026-04-07T08:40:00.000-00:00,"8.41,8.4,8.41,8.39,174038"
2026-04-07T08:45:00.000-00:00,"8.41,8.4,8.41,8.4,115706"
2026-04-07T08:50:00.000-00:00,"8.4,8.39,8.4,8.37,301863"
2026-04-07T08:55:00.000-00:00,"8.38,8.39,8.42,8.38,192065"
2026-04-07T09:00:00.000-00:00,"8.4,8.4,8.4,8.39,115724"
2026-04-07T09:05:00.000-00:00,"8.4,8.39,8.4,8.39,66286"
2026-04-07T09:10:00.000-00:00,"8.39,8.4,8.42,8.39,62334"
2026-04-07T09:15:00.000-00:00,"8.41,8.39,8.41,8.39,72948"
2026-04-07T09:20:00.000-00:00,"8.4,8.41,8.41,8.4,86182"
2026-04-07T09:25:00.000-00:00,"8.41,8.4,8.41,8.39,225323"
2026-04-07T09:30:00.000-00:00,"8.39,8.39,8.4,8.38,39707"
2026-04-07T09:35:00.000-00:00,"8.39,8.39,8.39,8.38,153004"
2026-04-07T09:40:00.000-00:00,"8.38,8.37,8.39,8.37,148886"
2026-04-07T09:45:00.000-00:00,"8.36,8.38,8.39,8.36,201611"
2026-04-07T09:50:00.000-00:00,"8.39,8.38,8.39,8.36,207561"
2026-04-07T09:55:00.000-00:00,"8.38,8.38,8.38,8.37,163754"
2026-04-07T10:00:00.000-00:00,"8.38,8.37,8.38,8.36,124027"
2026-04-07T10:05:00.000-00:00,"8.37,8.36,8.38,8.36,91578"
2026-04-07T10:10:00.000-00:00,"8.37,8.37,8.38,8.36,23208"
2026-04-07T10:15:00.000-00:00,"8.37,8.34,8.37,8.34,440799"
2026-04-07T10:20:00.000-00:00,"8.35,8.36,8.37,8.34,126086"
2026-04-07T10:25:00.000-00:00,"8.36,8.36,8.36,8.35,74665"
2026-04-07T10:30:00.000-00:00,"8.35,8.36,8.37,8.35,196170"
2026-04-07T10:35:00.000-00:00,"8.36,8.34,8.36,8.34,264915"
2026-04-07T10:40:00.000-00:00,"8.34,8.35,8.35,8.33,180930"
2026-04-07T10:45:00.000-00:00,"8.35,8.35,8.35,8.33,152519"
2026-04-07T10:50:00.000-00:00,"8.36,8.36,8.36,8.35,57353"
2026-04-07T10:55:00.000-00:00,"8.36,8.36,8.36,8.35,109601"
2026-04-07T11:00:00.000-00:00,"8.36,8.33,8.36,8.33,129272"
2026-04-07T11:05:00.000-00:00,"8.33,8.34,8.34,8.33,39999"
2026-04-07T11:10:00.000-00:00,"8.34,8.34,8.35,8.32,209318"
2026-04-07T11:15:00.000-00:00,"8.34,8.35,8.35,8.33,69793"
2026-04-07T11:20:00.000-00:00,"8.35,8.34,8.36,8.34,268537"
2026-04-07T11:25:00.000-00:00,"8.34,8.35,8.35,8.33,92471"
2026-04-07T11:30:00.000-00:00,"8.35,8.32,8.35,8.32,177867"
2026-04-07T11:35:00.000-00:00,"8.32,8.33,8.35,8.32,189613"
2026-04-07T11:40:00.000-00:00,"8.33,8.32,8.34,8.32,79795"
2026-04-07T11:45:00.000-00:00,"8.32,8.31,8.33,8.31,209149"
2026-04-07T11:50:00.000-00:00,"8.31,8.29,8.32,8.28,894201"
2026-04-07T11:55:00.000-00:00,"8.29,8.29,8.3,8.28,183593"
2026-04-07T12:00:00.000-00:00,"8.29,8.3,8.3,8.29,451277"
2026-04-07T12:05:00.000-00:00,"8.3,8.3,8.3,8.29,166519"
2026-04-07T12:10:00.000-00:00,"8.3,8.27,8.3,8.21,1617907"
2026-04-07T12:25:00.000-00:00,"8.25,8.25,8.25,8.25,2071968"
2026-04-08T08:00:00.000-00:00,"8.48,8.51,8.56,8.48,4099872"
2026-04-08T08:05:00.000-00:00,"8.51,8.5,8.55,8.49,1418037"
2026-04-08T08:10:00.000-00:00,"8.5,8.49,8.52,8.49,1022585"
2026-04-08T08:15:00.000-00:00,"8.49,8.45,8.5,8.45,1336731"
2026-04-08T08:20:00.000-00:00,"8.46,8.5,8.5,8.45,1144194"
2026-04-08T08:25:00.000-00:00,"8.5,8.48,8.5,8.47,253218"
2026-04-08T08:30:00.000-00:00,"8.48,8.47,8.48,8.44,818199"
2026-04-08T08:35:00.000-00:00,"8.45,8.47,8.48,8.45,645925"
2026-04-08T08:40:00.000-00:00,"8.47,8.47,8.48,8.45,508469"
2026-04-08T08:45:00.000-00:00,"8.46,8.48,8.48,8.46,115767"
2026-04-08T08:50:00.000-00:00,"8.48,8.46,8.49,8.45,378460"
2026-04-08T08:55:00.000-00:00,"8.46,8.46,8.48,8.45,319553"
2026-04-08T09:00:00.000-00:00,"8.45,8.47,8.47,8.45,187130"
2026-04-08T09:05:00.000-00:00,"8.46,8.49,8.49,8.46,619347"
2026-04-08T09:10:00.000-00:00,"8.47,8.49,8.49,8.47,16841"
2026-04-08T09:15:00.000-00:00,"8.49,8.49,8.5,8.47,369603"
2026-04-08T09:20:00.000-00:00,"8.47,8.47,8.49,8.47,164208"
2026-04-08T09:25:00.000-00:00,"8.48,8.47,8.48,8.46,52064"
2026-04-08T09:30:00.000-00:00,"8.47,8.48,8.49,8.46,466483"
2026-04-08T09:35:00.000-00:00,"8.48,8.5,8.5,8.48,763105"
2026-04-08T09:40:00.000-00:00,"8.49,8.51,8.52,8.49,383737"
2026-04-08T09:45:00.000-00:00,"8.51,8.51,8.52,8.51,600540"
2026-04-08T09:50:00.000-00:00,"8.52,8.52,8.53,8.51,384136"
2026-04-08T09:55:00.000-00:00,"8.52,8.52,8.52,8.51,83494"
2026-04-08T10:00:00.000-00:00,"8.52,8.5,8.52,8.49,380459"
2026-04-08T10:05:00.000-00:00,"8.5,8.51,8.51,8.5,464496"
2026-04-08T10:10:00.000-00:00,"8.5,8.49,8.51,8.49,375348"
2026-04-08T10:15:00.000-00:00,"8.5,8.5,8.5,8.48,617030"
2026-04-08T10:20:00.000-00:00,"8.5,8.5,8.51,8.5,27634"
2026-04-08T10:25:00.000-00:00,"8.51,8.54,8.55,8.51,590781"
2026-04-08T10:30:00.000-00:00,"8.54,8.55,8.55,8.53,260045"
2026-04-08T10:35:00.000-00:00,"8.54,8.55,8.58,8.54,1142503"
2026-04-08T10:40:00.000-00:00,"8.56,8.58,8.59,8.56,1454935"
2026-04-08T10:45:00.000-00:00,"8.58,8.52,8.58,8.52,505986"
2026-04-08T10:50:00.000-00:00,"8.53,8.54,8.55,8.52,75457"
2026-04-08T10:55:00.000-00:00,"8.54,8.56,8.56,8.52,193972"
2026-04-08T11:00:00.000-00:00,"8.56,8.53,8.56,8.52,362723"
2026-04-08T11:05:00.000-00:00,"8.54,8.57,8.57,8.54,503624"
2026-04-08T11:10:00.000-00:00,"8.57,8.6,8.61,8.56,2440304"
2026-04-08T11:15:00.000-00:00,"8.59,8.59,8.61,8.58,390077"
2026-04-08T11:20:00.000-00:00,"8.59,8.6,8.6,8.58,318030"
2026-04-08T11:25:00.000-00:00,"8.6,8.59,8.61,8.58,405447"
2026-04-08T11:30:00.000-00:00,"8.58,8.57,8.59,8.57,587777"
2026-04-08T11:35:00.000-00:00,"8.57,8.58,8.59,8.56,671786"
2026-04-08T11:40:00.000-00:00,"8.58,8.58,8.58,8.57,183242"
2026-04-08T11:45:00.000-00:00,"8.57,8.59,8.59,8.57,310372"
2026-04-08T11:50:00.000-00:00,"8.59,8.59,8.6,8.59,383408"
2026-04-08T11:55:00.000-00:00,"8.6,8.59,8.6,8.59,166216"
2026-04-08T12:00:00.000-00:00,"8.6,8.63,8.63,8.6,584796"
2026-04-08T12:05:00.000-00:00,"8.64,8.63,8.64,8.61,373954"
2026-04-08T12:10:00.000-00:00,"8.62,8.63,8.63,8.61,738837"
2026-04-08T12:25:00.000-00:00,"8.63,8.63,8.63,8.63,947207"
2026-04-09T08:00:00.000-00:00,"8.61,8.59,8.68,8.59,1197347"
2026-04-09T08:05:00.000-00:00,"8.6,8.58,8.6,8.53,637317"
2026-04-09T08:10:00.000-00:00,"8.58,8.6,8.6,8.56,72066"
2026-04-09T08:15:00.000-00:00,"8.59,8.61,8.62,8.59,289958"
2026-04-09T08:20:00.000-00:00,"8.61,8.6,8.62,8.6,241860"
2026-04-09T08:25:00.000-00:00,"8.6,8.6,8.6,8.58,247101"
2026-04-09T08:30:00.000-00:00,"8.6,8.6,8.61,8.59,244484"
2026-04-09T08:35:00.000-00:00,"8.61,8.63,8.63,8.6,268302"
2026-04-09T08:40:00.000-00:00,"8.62,8.62,8.63,8.61,53935"
2026-04-09T08:45:00.000-00:00,"8.62,8.63,8.65,8.62,1040138"
2026-04-09T08:50:00.000-00:00,"8.63,8.62,8.63,8.62,237114"
2026-04-09T08:55:00.000-00:00,"8.62,8.63,8.64,8.62,431827"
2026-04-09T09:00:00.000-00:00,"8.63,8.63,8.65,8.63,67509"
2026-04-09T09:05:00.000-00:00,"8.63,8.63,8.67,8.63,793108"
2026-04-09T09:10:00.000-00:00,"8.66,8.65,8.66,8.63,792493"
2026-04-09T09:15:00.000-00:00,"8.65,8.63,8.65,8.62,601969"
2026-04-09T09:20:00.000-00:00,"8.65,8.65,8.65,8.63,247468"
2026-04-09T09:25:00.000-00:00,"8.65,8.64,8.65,8.64,256425"
2026-04-09T09:30:00.000-00:00,"8.64,8.59,8.65,8.59,951433"
2026-04-09T09:35:00.000-00:00,"8.59,8.57,8.6,8.57,354112"
2026-04-09T09:40:00.000-00:00,"8.58,8.56,8.58,8.56,137359"
2026-04-09T09:45:00.000-00:00,"8.56,8.57,8.57,8.53,480634"
2026-04-09T09:50:00.000-00:00,"8.57,8.57,8.58,8.55,178039"
2026-04-09T09:55:00.000-00:00,"8.56,8.56,8.58,8.55,496384"
2026-04-09T10:00:00.000-00:00,"8.55,8.55,8.56,8.53,436609"
2026-04-09T10:05:00.000-00:00,"8.54,8.53,8.57,8.52,709218"
2026-04-09T10:10:00.000-00:00,"8.56,8.49,8.57,8.48,1675501"
2026-04-09T10:15:00.000-00:00,"8.5,8.52,8.52,8.49,607651"
2026-04-09T10:20:00.000-00:00,"8.52,8.5,8.53,8.5,662913"
2026-04-09T10:25:00.000-00:00,"8.5,8.51,8.52,8.49,763160"
2026-04-09T10:30:00.000-00:00,"8.51,8.49,8.51,8.49,173833"
2026-04-09T10:35:00.000-00:00,"8.5,8.52,8.52,8.48,713466"
2026-04-09T10:40:00.000-00:00,"8.51,8.5,8.51,8.49,356454"
2026-04-09T10:45:00.000-00:00,"8.49,8.48,8.5,8.47,467146"
2026-04-09T10:50:00.000-00:00,"8.49,8.5,8.5,8.47,436059"
2026-04-09T10:55:00.000-00:00,"8.5,8.47,8.5,8.46,365706"
2026-04-09T11:00:00.000-00:00,"8.46,8.47,8.47,8.44,558923"
2026-04-09T11:05:00.000-00:00,"8.49,8.47,8.49,8.47,269055"
2026-04-09T11:10:00.000-00:00,"8.47,8.49,8.49,8.46,195579"
2026-04-09T11:15:00.000-00:00,"8.49,8.47,8.49,8.47,217115"
2026-04-09T11:20:00.000-00:00,"8.47,8.46,8.47,8.44,878479"
2026-04-09T11:25:00.000-00:00,"8.45,8.42,8.45,8.39,1555412"
2026-04-09T11:30:00.000-00:00,"8.42,8.42,8.43,8.42,89061"
2026-04-09T11:35:00.000-00:00,"8.43,8.42,8.44,8.42,216441"
2026-04-09T11:40:00.000-00:00,"8.42,8.46,8.46,8.42,533727"
2026-04-09T11:45:00.000-00:00,"8.46,8.44,8.46,8.41,577755"
2026-04-09T11:50:00.000-00:00,"8.43,8.44,8.45,8.43,133940"
2026-04-09T11:55:00.000-00:00,"8.44,8.44,8.45,8.43,1099175"
2026-04-09T12:00:00.000-00:00,"8.45,8.46,8.47,8.43,541680"
2026-04-09T12:05:00.000-00:00,"8.46,8.44,8.47,8.42,1518026"
2026-04-09T12:10:00.000-00:00,"8.42,8.43,8.46,8.41,839068"
2026-04-09T12:15:00.000-00:00,"8.45,8.43,8.45,8.43,12100"
2026-04-09T12:25:00.000-00:00,"8.43,8.43,8.43,8.43,840442"
2026-04-14T08:00:00.000-00:00,"8.47,8.49,8.5,8.45,313467"
2026-04-14T08:05:00.000-00:00,"8.49,8.54,8.56,8.49,823312"
2026-04-14T08:10:00.000-00:00,"8.54,8.56,8.56,8.53,819797"
2026-04-14T08:15:00.000-00:00,"8.55,8.57,8.58,8.55,586285"
2026-04-14T08:20:00.000-00:00,"8.57,8.53,8.57,8.53,844472"
2026-04-14T08:25:00.000-00:00,"8.54,8.54,8.55,8.53,48201"
2026-04-14T08:30:00.000-00:00,"8.54,8.54,8.54,8.52,368135"
2026-04-14T08:35:00.000-00:00,"8.54,8.55,8.56,8.54,127029"
2026-04-14T08:40:00.000-00:00,"8.56,8.55,8.56,8.55,133208"
2026-04-14T08:45:00.000-00:00,"8.55,8.54,8.55,8.53,38396"
2026-04-14T08:50:00.000-00:00,"8.54,8.51,8.55,8.51,283290"
2026-04-14T08:55:00.000-00:00,"8.51,8.55,8.55,8.51,516795"
2026-04-14T09:00:00.000-00:00,"8.55,8.55,8.55,8.53,60719"
2026-04-14T09:05:00.000-00:00,"8.55,8.55,8.55,8.53,350839"
2026-04-14T09:10:00.000-00:00,"8.55,8.56,8.56,8.55,87083"
2026-04-14T09:15:00.000-00:00,"8.56,8.57,8.58,8.55,339357"
2026-04-14T09:20:00.000-00:00,"8.57,8.57,8.57,8.56,45287"
2026-04-14T09:25:00.000-00:00,"8.57,8.56,8.59,8.56,279224"
2026-04-14T09:30:00.000-00:00,"8.57,8.57,8.57,8.55,256728"
2026-04-14T09:35:00.000-00:00,"8.57,8.56,8.57,8.55,25866"
2026-04-14T09:40:00.000-00:00,"8.56,8.57,8.57,8.54,232453"
2026-04-14T09:45:00.000-00:00,"8.56,8.58,8.58,8.55,369195"
2026-04-14T09:50:00.000-00:00,"8.58,8.58,8.59,8.57,421527"
2026-04-14T09:55:00.000-00:00,"8.58,8.58,8.59,8.57,67399"
2026-04-14T10:00:00.000-00:00,"8.57,8.58,8.58,8.57,65950"
2026-04-14T10:05:00.000-00:00,"8.57,8.58,8.6,8.57,526372"
2026-04-14T10:10:00.000-00:00,"8.6,8.59,8.6,8.58,816469"
2026-04-14T10:15:00.000-00:00,"8.59,8.58,8.6,8.58,101483"
2026-04-14T10:20:00.000-00:00,"8.59,8.59,8.61,8.59,427931"
2026-04-14T10:25:00.000-00:00,"8.59,8.62,8.63,8.59,383647"
2026-04-14T10:30:00.000-00:00,"8.61,8.61,8.62,8.61,65730"
2026-04-14T10:35:00.000-00:00,"8.62,8.61,8.62,8.61,70724"
2026-04-14T10:40:00.000-00:00,"8.61,8.58,8.61,8.58,178587"
2026-04-14T10:45:00.000-00:00,"8.6,8.58,8.6,8.58,42731"
2026-04-14T10:50:00.000-00:00,"8.58,8.58,8.58,8.57,12404"
2026-04-14T10:55:00.000-00:00,"8.58,8.58,8.58,8.55,362524"
2026-04-14T11:00:00.000-00:00,"8.58,8.55,8.58,8.54,173272"
2026-04-14T11:05:00.000-00:00,"8.55,8.55,8.55,8.54,19508"
2026-04-14T11:10:00.000-00:00,"8.55,8.54,8.55,8.53,41568"
2026-04-14T11:15:00.000-00:00,"8.54,8.55,8.55,8.53,18310"
2026-04-14T11:20:00.000-00:00,"8.55,8.54,8.55,8.48,1729438"
2026-04-14T11:25:00.000-00:00,"8.54,8.52,8.54,8.52,8248"
2026-04-14T11:30:00.000-00:00,"8.52,8.53,8.53,8.52,9331"
2026-04-14T11:35:00.000-00:00,"8.53,8.5,8.55,8.5,265490"
2026-04-14T11:40:00.000-00:00,"8.51,8.52,8.54,8.49,350215"
2026-04-14T11:45:00.000-00:00,"8.52,8.51,8.52,8.5,62511"
2026-04-14T11:50:00.000-00:00,"8.52,8.51,8.52,8.5,113002"
2026-04-14T11:55:00.000-00:00,"8.52,8.54,8.55,8.52,284312"
2026-04-14T12:00:00.000-00:00,"8.53,8.52,8.53,8.52,36346"
2026-04-14T12:05:00.000-00:00,"8.52,8.54,8.54,8.52,34720"
2026-04-14T12:10:00.000-00:00,"8.54,8.56,8.56,8.51,1729646"
2026-04-14T12:25:00.000-00:00,"8.55,8.55,8.55,8.55,925910"
2026-04-15T08:00:00.000-00:00,"8.7,8.81,8.95,8.7,6455631"
2026-04-15T08:05:00.000-00:00,"8.82,8.95,8.98,8.81,8417649"
2026-04-15T08:10:00.000-00:00,"8.95,8.88,8.95,8.85,1598919"
2026-04-15T08:15:00.000-00:00,"8.88,8.93,8.98,8.88,2262899"
2026-04-15T08:20:00.000-00:00,"8.94,8.9,8.95,8.88,1164120"
2026-04-15T08:25:00.000-00:00,"8.9,8.86,8.9,8.85,1148686"
2026-04-15T08:30:00.000-00:00,"8.86,8.9,8.9,8.84,478065"
2026-04-15T08:35:00.000-00:00,"8.89,8.92,8.93,8.88,1253252"
2026-04-15T08:40:00.000-00:00,"8.92,8.91,8.93,8.9,1069441"
2026-04-15T08:45:00.000-00:00,"8.92,8.99,9,8.91,4258966"
2026-04-15T08:50:00.000-00:00,"8.99,8.94,9.01,8.92,1341519"
2026-04-15T08:55:00.000-00:00,"8.93,8.9,8.94,8.9,915777"
2026-04-15T09:00:00.000-00:00,"8.9,8.95,8.95,8.89,894824"
2026-04-15T09:05:00.000-00:00,"8.95,9.02,9.03,8.94,2257642"
2026-04-15T09:10:00.000-00:00,"9.03,9.06,9.1,9,3954684"
2026-04-15T09:15:00.000-00:00,"9.06,8.99,9.06,8.98,2664418"
2026-04-15T09:20:00.000-00:00,"9,9,9.02,8.98,454681"
2026-04-15T09:25:00.000-00:00,"9,8.99,9.02,8.99,613154"
2026-04-15T09:30:00.000-00:00,"9,8.98,9,8.95,750803"
2026-04-15T09:35:00.000-00:00,"8.95,8.95,8.98,8.94,265594"
2026-04-15T09:40:00.000-00:00,"8.96,8.96,8.99,8.95,486584"
2026-04-15T09:45:00.000-00:00,"8.96,8.9,8.98,8.9,1438820"
2026-04-15T09:50:00.000-00:00,"8.9,8.92,8.92,8.89,839327"
2026-04-15T09:55:00.000-00:00,"8.92,8.92,8.92,8.91,158332"
2026-04-15T10:00:00.000-00:00,"8.93,8.93,8.95,8.92,527951"
2026-04-15T10:05:00.000-00:00,"8.95,8.92,8.95,8.91,369787"
2026-04-15T10:10:00.000-00:00,"8.91,8.94,8.95,8.91,158186"
2026-04-15T10:15:00.000-00:00,"8.94,8.89,8.94,8.89,1032361"
2026-04-15T10:20:00.000-00:00,"8.9,8.91,8.92,8.89,435237"
2026-04-15T10:25:00.000-00:00,"8.9,8.89,8.91,8.88,684397"
2026-04-15T10:30:00.000-00:00,"8.88,8.9,8.9,8.86,720041"
2026-04-15T10:35:00.000-00:00,"8.9,8.9,8.9,8.88,661541"
2026-04-15T10:40:00.000-00:00,"8.9,8.88,8.91,8.88,267574"
2026-04-15T10:45:00.000-00:00,"8.88,8.89,8.91,8.88,166237"
2026-04-15T10:50:00.000-00:00,"8.88,8.9,8.91,8.88,491105"
2026-04-15T10:55:00.000-00:00,"8.9,8.9,8.9,8.89,64801"
2026-04-15T11:00:00.000-00:00,"8.9,8.9,8.91,8.89,374382"
2026-04-15T11:05:00.000-00:00,"8.9,8.89,8.9,8.88,352057"
2026-04-15T11:10:00.000-00:00,"8.89,8.9,8.9,8.88,398348"
2026-04-15T11:15:00.000-00:00,"8.9,8.9,8.91,8.89,652177"
2026-04-15T11:20:00.000-00:00,"8.9,8.88,8.9,8.86,1775975"
2026-04-15T11:25:00.000-00:00,"8.87,8.88,8.89,8.87,405698"
2026-04-15T11:30:00.000-00:00,"8.88,8.87,8.88,8.87,75664"
2026-04-15T11:35:00.000-00:00,"8.88,8.88,8.9,8.87,223402"
2026-04-15T11:40:00.000-00:00,"8.87,8.88,8.89,8.87,142107"
2026-04-15T11:45:00.000-00:00,"8.88,8.89,8.9,8.88,854129"
2026-04-15T11:50:00.000-00:00,"8.9,8.89,8.91,8.88,1857329"
2026-04-15T11:55:00.000-00:00,"8.89,8.9,8.9,8.89,217231"
2026-04-15T12:00:00.000-00:00,"8.9,8.9,8.9,8.89,378957"
2026-04-15T12:05:00.000-00:00,"8.9,8.9,8.95,8.88,2510275"
2026-04-15T12:10:00.000-00:00,"8.9,8.87,8.9,8.86,1913315"
2026-04-15T12:25:00.000-00:00,"8.88,8.88,8.88,8.88,1554705"
2026-04-16T08:00:00.000-00:00,"8.98,8.95,8.98,8.93,1717366"
2026-04-16T08:05:00.000-00:00,"8.96,9.04,9.04,8.95,3518842"
2026-04-16T08:10:00.000-00:00,"9.04,9.1,9.1,9.02,3314263"
2026-04-16T08:15:00.000-00:00,"9.08,9.18,9.18,9.08,3488229"
2026-04-16T08:20:00.000-00:00,"9.18,9.14,9.22,9.12,2878218"
2026-04-16T08:25:00.000-00:00,"9.14,9.19,9.2,9.13,1990219"
2026-04-16T08:30:00.000-00:00,"9.19,9.26,9.26,9.18,3533348"
2026-04-16T08:35:00.000-00:00,"9.25,9.24,9.27,9.23,1767709"
2026-04-16T08:40:00.000-00:00,"9.24,9.24,9.25,9.22,522328"
2026-04-16T08:45:00.000-00:00,"9.24,9.26,9.26,9.23,424838"
2026-04-16T08:50:00.000-00:00,"9.26,9.27,9.29,9.25,1087714"
2026-04-16T08:55:00.000-00:00,"9.27,9.28,9.29,9.26,919939"
2026-04-16T09:00:00.000-00:00,"9.28,9.27,9.29,9.27,475466"
2026-04-16T09:05:00.000-00:00,"9.28,9.29,9.29,9.25,1421434"
2026-04-16T09:10:00.000-00:00,"9.29,9.28,9.29,9.27,549238"
2026-04-16T09:15:00.000-00:00,"9.27,9.27,9.29,9.26,496088"
2026-04-16T09:20:00.000-00:00,"9.26,9.2,9.26,9.2,1081112"
2026-04-16T09:25:00.000-00:00,"9.22,9.23,9.24,9.2,521195"
2026-04-16T09:30:00.000-00:00,"9.22,9.2,9.22,9.2,1036703"
2026-04-16T09:35:00.000-00:00,"9.21,9.21,9.23,9.18,977381"
2026-04-16T09:40:00.000-00:00,"9.21,9.23,9.24,9.21,621925"
2026-04-16T09:45:00.000-00:00,"9.23,9.22,9.23,9.22,40635"
2026-04-16T09:50:00.000-00:00,"9.23,9.21,9.23,9.2,192006"
2026-04-16T09:55:00.000-00:00,"9.21,9.25,9.26,9.21,806385"
2026-04-16T10:00:00.000-00:00,"9.26,9.24,9.26,9.24,183274"
2026-04-16T10:05:00.000-00:00,"9.24,9.26,9.27,9.24,295259"
2026-04-16T10:10:00.000-00:00,"9.26,9.28,9.29,9.25,421139"
2026-04-16T10:15:00.000-00:00,"9.29,9.36,9.36,9.29,2307192"
2026-04-16T10:20:00.000-00:00,"9.36,9.34,9.4,9.34,3376095"
2026-04-16T10:25:00.000-00:00,"9.35,9.31,9.37,9.3,1872836"
2026-04-16T10:30:00.000-00:00,"9.3,9.27,9.32,9.27,238343"
2026-04-16T10:35:00.000-00:00,"9.3,9.28,9.3,9.25,981675"
2026-04-16T10:40:00.000-00:00,"9.26,9.25,9.29,9.23,399212"
2026-04-16T10:45:00.000-00:00,"9.25,9.24,9.25,9.22,248026"
2026-04-16T10:50:00.000-00:00,"9.24,9.23,9.25,9.23,95486"
2026-04-16T10:55:00.000-00:00,"9.24,9.27,9.28,9.24,313796"
2026-04-16T11:00:00.000-00:00,"9.27,9.27,9.27,9.26,43742"
2026-04-16T11:05:00.000-00:00,"9.27,9.28,9.28,9.24,229892"
2026-04-16T11:10:00.000-00:00,"9.28,9.27,9.29,9.24,301292"
2026-04-16T11:15:00.000-00:00,"9.26,9.27,9.29,9.25,235431"
2026-04-16T11:20:00.000-00:00,"9.26,9.27,9.27,9.24,251157"
2026-04-16T11:25:00.000-00:00,"9.27,9.24,9.27,9.24,177691"
2026-04-16T11:30:00.000-00:00,"9.25,9.25,9.26,9.2,1013087"
2026-04-16T11:35:00.000-00:00,"9.25,9.27,9.28,9.24,977252"
2026-04-16T11:40:00.000-00:00,"9.27,9.27,9.27,9.25,163346"
2026-04-16T11:45:00.000-00:00,"9.27,9.21,9.27,9.2,821063"
2026-04-16T11:50:00.000-00:00,"9.24,9.26,9.26,9.22,514069"
2026-04-16T11:55:00.000-00:00,"9.26,9.28,9.28,9.22,1219620"
2026-04-16T12:00:00.000-00:00,"9.28,9.28,9.28,9.26,170761"
2026-04-16T12:05:00.000-00:00,"9.28,9.26,9.28,9.25,491729"
2026-04-16T12:10:00.000-00:00,"9.27,9.31,9.31,9.26,1162061"
2026-04-16T12:25:00.000-00:00,"9.3,9.3,9.3,9.3,1165167"
2026-04-19T08:00:00.000-00:00,"9.44,9.43,9.47,9.33,3230599"
2026-04-19T08:05:00.000-00:00,"9.43,9.55,9.56,9.42,1842886"
2026-04-19T08:10:00.000-00:00,"9.55,9.7,9.72,9.54,5496665"
2026-04-19T08:15:00.000-00:00,"9.7,9.63,9.7,9.61,1225664"
2026-04-19T08:20:00.000-00:00,"9.63,9.68,9.68,9.61,704424"
2026-04-19T08:25:00.000-00:00,"9.67,9.67,9.7,9.65,2641118"
2026-04-19T08:30:00.000-00:00,"9.66,9.62,9.67,9.62,499274"
2026-04-19T08:35:00.000-00:00,"9.63,9.66,9.67,9.61,1218553"
2026-04-19T08:40:00.000-00:00,"9.66,9.64,9.66,9.63,359499"
2026-04-19T08:45:00.000-00:00,"9.64,9.62,9.65,9.61,427960"
2026-04-19T08:50:00.000-00:00,"9.62,9.66,9.66,9.62,673105"
2026-04-19T08:55:00.000-00:00,"9.65,9.62,9.65,9.62,514128"
2026-04-19T09:00:00.000-00:00,"9.62,9.6,9.63,9.57,1930203"
2026-04-19T09:05:00.000-00:00,"9.61,9.63,9.63,9.6,898095"
2026-04-19T09:10:00.000-00:00,"9.62,9.62,9.63,9.61,447767"
2026-04-19T09:15:00.000-00:00,"9.62,9.65,9.65,9.62,569042"
2026-04-19T09:20:00.000-00:00,"9.65,9.75,9.75,9.65,2947616"
2026-04-19T09:25:00.000-00:00,"9.75,9.79,9.8,9.73,3777098"
2026-04-19T09:30:00.000-00:00,"9.79,9.8,9.83,9.79,2034219"
2026-04-19T09:35:00.000-00:00,"9.8,9.75,9.81,9.75,913845"
2026-04-19T09:40:00.000-00:00,"9.75,9.75,9.76,9.74,223741"
2026-04-19T09:45:00.000-00:00,"9.75,9.75,9.75,9.74,153190"
2026-04-19T09:50:00.000-00:00,"9.75,9.78,9.79,9.75,341707"
2026-04-19T09:55:00.000-00:00,"9.78,9.79,9.81,9.76,789164"
2026-04-19T10:00:00.000-00:00,"9.79,9.78,9.79,9.76,106762"
2026-04-19T10:05:00.000-00:00,"9.78,9.8,9.85,9.75,3361434"
2026-04-19T10:10:00.000-00:00,"9.8,9.79,9.82,9.77,77604"
2026-04-19T10:15:00.000-00:00,"9.77,9.77,9.79,9.77,44866"
2026-04-19T10:20:00.000-00:00,"9.77,9.7,9.78,9.67,1599266"
2026-04-19T10:25:00.000-00:00,"9.75,9.71,9.75,9.7,97029"
2026-04-19T10:30:00.000-00:00,"9.72,9.7,9.75,9.68,709364"
2026-04-19T10:35:00.000-00:00,"9.72,9.72,9.75,9.71,511257"
2026-04-19T10:40:00.000-00:00,"9.72,9.7,9.75,9.7,342220"
2026-04-19T10:45:00.000-00:00,"9.71,9.71,9.72,9.68,345721"
2026-04-19T10:50:00.000-00:00,"9.72,9.72,9.72,9.7,113940"
2026-04-19T10:55:00.000-00:00,"9.7,9.71,9.73,9.7,102040"
2026-04-19T11:00:00.000-00:00,"9.72,9.72,9.72,9.71,77844"
2026-04-19T11:05:00.000-00:00,"9.71,9.7,9.72,9.7,367114"
2026-04-19T11:10:00.000-00:00,"9.71,9.67,9.71,9.66,174662"
2026-04-19T11:15:00.000-00:00,"9.67,9.7,9.71,9.66,437602"
2026-04-19T11:20:00.000-00:00,"9.72,9.76,9.76,9.72,856332"
2026-04-19T11:25:00.000-00:00,"9.76,9.74,9.76,9.71,35946"
2026-04-19T11:30:00.000-00:00,"9.72,9.71,9.74,9.71,224348"
2026-04-19T11:35:00.000-00:00,"9.72,9.7,9.75,9.7,495288"
2026-04-19T11:40:00.000-00:00,"9.7,9.7,9.73,9.69,165608"
2026-04-19T11:45:00.000-00:00,"9.69,9.7,9.7,9.69,431723"
2026-04-19T11:50:00.000-00:00,"9.7,9.69,9.71,9.68,489458"
2026-04-19T11:55:00.000-00:00,"9.69,9.65,9.69,9.65,699572"
2026-04-19T12:00:00.000-00:00,"9.68,9.65,9.69,9.64,449747"
2026-04-19T12:05:00.000-00:00,"9.65,9.65,9.69,9.62,320633"
2026-04-19T12:10:00.000-00:00,"9.65,9.66,9.69,9.64,394331"
2026-04-19T12:25:00.000-00:00,"9.66,9.66,9.66,9.66,930519"
2026-04-20T08:00:00.000-00:00,"9.7,9.64,9.73,9.64,726506"
2026-04-20T08:05:00.000-00:00,"9.65,9.57,9.65,9.45,2909829"
2026-04-20T08:10:00.000-00:00,"9.58,9.59,9.6,9.53,2186305"
2026-04-20T08:15:00.000-00:00,"9.59,9.6,9.62,9.58,1706245"
2026-04-20T08:20:00.000-00:00,"9.61,9.62,9.63,9.6,616301"
2026-04-20T08:25:00.000-00:00,"9.62,9.48,9.62,9.48,1958835"
2026-04-20T08:30:00.000-00:00,"9.5,9.55,9.56,9.48,1101121"
2026-04-20T08:35:00.000-00:00,"9.55,9.6,9.61,9.52,1375389"
2026-04-20T08:40:00.000-00:00,"9.6,9.57,9.6,9.57,204643"
2026-04-20T08:45:00.000-00:00,"9.58,9.54,9.59,9.53,1083804"
2026-04-20T08:50:00.000-00:00,"9.54,9.5,9.56,9.48,1216291"
2026-04-20T08:55:00.000-00:00,"9.5,9.5,9.54,9.49,578755"
2026-04-20T09:00:00.000-00:00,"9.49,9.54,9.54,9.49,1309180"
2026-04-20T09:05:00.000-00:00,"9.54,9.53,9.55,9.51,154528"
2026-04-20T09:10:00.000-00:00,"9.53,9.58,9.58,9.51,356357"
2026-04-20T09:15:00.000-00:00,"9.58,9.5,9.58,9.5,998787"
2026-04-20T09:20:00.000-00:00,"9.5,9.48,9.5,9.47,326467"
2026-04-20T09:25:00.000-00:00,"9.47,9.49,9.52,9.46,1169652"
2026-04-20T09:30:00.000-00:00,"9.49,9.51,9.51,9.44,1356436"
2026-04-20T09:35:00.000-00:00,"9.51,9.55,9.56,9.5,560741"
2026-04-20T09:40:00.000-00:00,"9.55,9.61,9.62,9.55,1534509"
2026-04-20T09:45:00.000-00:00,"9.62,9.65,9.67,9.61,1438371"
2026-04-20T09:50:00.000-00:00,"9.65,9.63,9.66,9.62,531268"
2026-04-20T09:55:00.000-00:00,"9.63,9.68,9.69,9.62,728327"
2026-04-20T10:00:00.000-00:00,"9.67,9.7,9.7,9.66,1553226"
2026-04-20T10:05:00.000-00:00,"9.69,9.72,9.72,9.69,1254877"
2026-04-20T10:10:00.000-00:00,"9.72,9.72,9.72,9.7,553032"
2026-04-20T10:15:00.000-00:00,"9.71,9.69,9.74,9.69,1786345"
2026-04-20T10:20:00.000-00:00,"9.69,9.65,9.69,9.65,507768"
2026-04-20T10:25:00.000-00:00,"9.66,9.67,9.68,9.66,78413"
2026-04-20T10:30:00.000-00:00,"9.67,9.67,9.68,9.65,67943"
2026-04-20T10:35:00.000-00:00,"9.65,9.66,9.67,9.65,57955"
2026-04-20T10:40:00.000-00:00,"9.67,9.65,9.67,9.64,56954"
2026-04-20T10:45:00.000-00:00,"9.64,9.64,9.66,9.64,234585"
2026-04-20T10:50:00.000-00:00,"9.64,9.64,9.65,9.6,331177"
2026-04-20T10:55:00.000-00:00,"9.64,9.63,9.64,9.6,422137"
2026-04-20T11:00:00.000-00:00,"9.64,9.65,9.65,9.62,223129"
2026-04-20T11:05:00.000-00:00,"9.65,9.66,9.66,9.65,313203"
2026-04-20T11:10:00.000-00:00,"9.65,9.65,9.65,9.64,35642"
2026-04-20T11:15:00.000-00:00,"9.65,9.65,9.65,9.64,81106"
2026-04-20T11:20:00.000-00:00,"9.65,9.64,9.65,9.64,257752"
2026-04-20T11:25:00.000-00:00,"9.64,9.65,9.65,9.61,229646"
2026-04-20T11:30:00.000-00:00,"9.65,9.67,9.67,9.63,299852"
2026-04-20T11:35:00.000-00:00,"9.67,9.68,9.69,9.66,506529"
2026-04-20T11:40:00.000-00:00,"9.68,9.65,9.68,9.65,226414"
2026-04-20T11:45:00.000-00:00,"9.67,9.67,9.67,9.65,182026"
2026-04-20T11:50:00.000-00:00,"9.67,9.68,9.68,9.65,480103"
2026-04-20T11:55:00.000-00:00,"9.68,9.7,9.7,9.68,411544"
2026-04-20T12:00:00.000-00:00,"9.69,9.77,9.78,9.69,1606493"
2026-04-20T12:05:00.000-00:00,"9.78,9.77,9.8,9.76,688233"
2026-04-20T12:10:00.000-00:00,"9.79,9.76,9.79,9.76,561831"
2026-04-20T12:25:00.000-00:00,"9.76,9.76,9.76,9.76,1796214"
2026-04-21T08:00:00.000-00:00,"9.9,9.93,10.01,9.9,9301039"
2026-04-21T08:05:00.000-00:00,"9.9,9.93,9.93,9.88,1635007"
2026-04-21T08:10:00.000-00:00,"9.93,9.95,10.01,9.92,3976662"
2026-04-21T08:15:00.000-00:00,"9.95,9.94,9.95,9.92,526075"
2026-04-21T08:20:00.000-00:00,"9.94,10.1,10.1,9.93,3307358"
2026-04-21T08:25:00.000-00:00,"10.06,10.25,10.28,10.05,8204159"
2026-04-21T08:30:00.000-00:00,"10.24,10.35,10.39,10.16,4449090"
2026-04-21T08:35:00.000-00:00,"10.38,10.2,10.38,10.18,1635547"
2026-04-21T08:40:00.000-00:00,"10.25,10.4,10.4,10.18,2278290"
2026-04-21T08:45:00.000-00:00,"10.39,10.41,10.47,10.37,2275579"
2026-04-21T08:50:00.000-00:00,"10.41,10.37,10.41,10.31,947780"
2026-04-21T08:55:00.000-00:00,"10.37,10.4,10.4,10.33,673707"
2026-04-21T09:00:00.000-00:00,"10.4,10.34,10.4,10.33,732334"
2026-04-21T09:05:00.000-00:00,"10.34,10.36,10.37,10.33,333488"
2026-04-21T09:10:00.000-00:00,"10.36,10.34,10.37,10.34,405122"
2026-04-21T09:15:00.000-00:00,"10.34,10.35,10.36,10.33,395745"
2026-04-21T09:20:00.000-00:00,"10.34,10.35,10.35,10.33,370291"
2026-04-21T09:25:00.000-00:00,"10.34,10.33,10.35,10.31,293703"
2026-04-21T09:30:00.000-00:00,"10.33,10.3,10.35,10.25,812877"
2026-04-21T09:35:00.000-00:00,"10.3,10.33,10.33,10.26,221013"
2026-04-21T09:40:00.000-00:00,"10.33,10.36,10.36,10.31,347027"
2026-04-21T09:45:00.000-00:00,"10.36,10.44,10.44,10.35,1332110"
2026-04-21T09:50:00.000-00:00,"10.43,10.44,10.45,10.43,860439"
2026-04-21T09:55:00.000-00:00,"10.44,10.43,10.44,10.41,466391"
2026-04-21T10:00:00.000-00:00,"10.43,10.44,10.44,10.42,458527"
2026-04-21T10:05:00.000-00:00,"10.44,10.43,10.45,10.42,256474"
2026-04-21T10:10:00.000-00:00,"10.43,10.4,10.44,10.4,710432"
2026-04-21T10:15:00.000-00:00,"10.4,10.37,10.4,10.35,194101"
2026-04-21T10:20:00.000-00:00,"10.38,10.4,10.41,10.37,270662"
2026-04-21T10:25:00.000-00:00,"10.39,10.37,10.39,10.35,379669"
2026-04-21T10:30:00.000-00:00,"10.36,10.36,10.38,10.35,423731"
2026-04-21T10:35:00.000-00:00,"10.37,10.38,10.39,10.36,57787"
2026-04-21T10:40:00.000-00:00,"10.39,10.38,10.41,10.38,338044"
2026-04-21T10:45:00.000-00:00,"10.38,10.42,10.43,10.37,309580"
2026-04-21T10:50:00.000-00:00,"10.42,10.39,10.43,10.39,388544"
2026-04-21T10:55:00.000-00:00,"10.39,10.36,10.4,10.34,1051606"
2026-04-21T11:00:00.000-00:00,"10.38,10.36,10.39,10.35,202290"
2026-04-21T11:05:00.000-00:00,"10.36,10.35,10.39,10.34,486365"
2026-04-21T11:10:00.000-00:00,"10.35,10.34,10.38,10.34,255024"
2026-04-21T11:15:00.000-00:00,"10.35,10.3,10.37,10.3,574741"
2026-04-21T11:20:00.000-00:00,"10.3,10.35,10.36,10.29,1853424"
2026-04-21T11:25:00.000-00:00,"10.35,10.35,10.35,10.29,391069"
2026-04-21T11:30:00.000-00:00,"10.33,10.37,10.37,10.33,1885523"
2026-04-21T11:35:00.000-00:00,"10.35,10.36,10.37,10.34,727813"
2026-04-21T11:40:00.000-00:00,"10.37,10.38,10.4,10.34,2663111"
2026-04-21T11:45:00.000-00:00,"10.4,10.45,10.45,10.39,2080734"
2026-04-21T11:50:00.000-00:00,"10.44,10.72,10.72,10.44,5877007"
2026-04-21T11:55:00.000-00:00,"10.73,10.75,10.75,10.7,125552"
2026-04-21T12:05:00.000-00:00,"10.75,11,11.1,10.75,11600720"
2026-04-21T12:10:00.000-00:00,"10.91,10.9,11,10.87,1352798"
2026-04-21T12:25:00.000-00:00,"10.97,10.97,10.97,10.97,2268247"
2026-04-22T08:00:00.000-00:00,"10.95,10.79,10.95,10.75,2700684"
2026-04-22T08:05:00.000-00:00,"10.79,11.52,11.69,10.77,10093634"
2026-04-22T08:10:00.000-00:00,"11.68,11.65,12,11.45,6840721"
2026-04-22T08:15:00.000-00:00,"11.55,11.43,11.58,11.31,2875971"
2026-04-22T08:20:00.000-00:00,"11.43,11.47,11.56,11.42,2737523"
2026-04-22T08:25:00.000-00:00,"11.46,11.5,11.5,11.39,867916"
2026-04-22T08:30:00.000-00:00,"11.5,11.58,11.63,11.46,1139899"
2026-04-22T08:35:00.000-00:00,"11.58,11.4,11.58,11.38,891780"
2026-04-22T08:40:00.000-00:00,"11.4,11.38,11.43,11.36,710966"
2026-04-22T08:45:00.000-00:00,"11.38,11.26,11.39,11.2,3219135"
2026-04-22T08:50:00.000-00:00,"11.26,11.39,11.4,11.24,1308219"
2026-04-22T08:55:00.000-00:00,"11.39,11.32,11.4,11.31,1353219"
2026-04-22T09:00:00.000-00:00,"11.32,11.29,11.32,11.25,1087913"
2026-04-22T09:05:00.000-00:00,"11.25,11.26,11.3,11.2,2088899"
2026-04-22T09:10:00.000-00:00,"11.26,11.37,11.38,11.25,780976"
2026-04-22T09:15:00.000-00:00,"11.38,11.25,11.38,11.23,870928"
2026-04-22T09:20:00.000-00:00,"11.24,11.25,11.29,11.23,452714"
2026-04-22T09:25:00.000-00:00,"11.25,11.23,11.28,11.23,293231"
2026-04-22T09:30:00.000-00:00,"11.23,11.17,11.24,11.17,1027542"
2026-04-22T09:35:00.000-00:00,"11.18,11.2,11.2,11.12,1021222"
2026-04-22T09:40:00.000-00:00,"11.2,11.15,11.2,11.14,228089"
2026-04-22T09:45:00.000-00:00,"11.17,11.19,11.22,11.16,585827"
2026-04-22T09:50:00.000-00:00,"11.19,11.15,11.19,11.14,961267"
2026-04-22T09:55:00.000-00:00,"11.15,11.15,11.18,11.14,549546"
2026-04-22T10:00:00.000-00:00,"11.15,11.16,11.16,11.11,540409"
2026-04-22T10:05:00.000-00:00,"11.16,11.14,11.16,11.14,357855"
2026-04-22T10:10:00.000-00:00,"11.14,11.12,11.17,11.11,425513"
2026-04-22T10:15:00.000-00:00,"11.11,11.12,11.14,11.09,432180"
2026-04-22T10:20:00.000-00:00,"11.14,11.23,11.3,11.14,1895872"
2026-04-22T10:25:00.000-00:00,"11.22,11.23,11.24,11.2,193103"
2026-04-22T10:30:00.000-00:00,"11.22,11.18,11.23,11.16,156906"
2026-04-22T10:35:00.000-00:00,"11.19,11.18,11.19,11.13,173035"
2026-04-22T10:40:00.000-00:00,"11.18,11.23,11.25,11.15,597301"
2026-04-22T10:45:00.000-00:00,"11.23,11.2,11.23,11.2,461265"
2026-04-22T10:50:00.000-00:00,"11.2,11.23,11.23,11.19,464363"
2026-04-22T10:55:00.000-00:00,"11.23,11.27,11.27,11.23,397196"
2026-04-22T11:00:00.000-00:00,"11.28,11.22,11.4,11.21,2177110"
2026-04-22T11:05:00.000-00:00,"11.22,11.4,11.4,11.22,1301274"
2026-04-22T11:10:00.000-00:00,"11.41,11.38,11.45,11.33,1191291"
2026-04-22T11:15:00.000-00:00,"11.37,11.5,11.5,11.37,2533794"
2026-04-22T11:20:00.000-00:00,"11.5,11.55,11.6,11.46,4568140"
2026-04-22T11:25:00.000-00:00,"11.54,11.5,11.55,11.46,1448517"
2026-04-22T11:30:00.000-00:00,"11.48,11.41,11.5,11.4,1405605"
2026-04-22T11:35:00.000-00:00,"11.41,11.58,11.58,11.39,2774928"
2026-04-22T11:40:00.000-00:00,"11.56,11.59,11.72,11.55,5890428"
2026-04-22T11:45:00.000-00:00,"11.58,11.6,11.6,11.5,1206605"
2026-04-22T11:50:00.000-00:00,"11.59,11.53,11.64,11.52,1867851"
2026-04-22T11:55:00.000-00:00,"11.53,11.55,11.59,11.42,1836220"
2026-04-22T12:00:00.000-00:00,"11.55,11.42,11.6,11.41,960665"
2026-04-22T12:05:00.000-00:00,"11.45,11.45,11.45,11.35,833980"
2026-04-22T12:10:00.000-00:00,"11.45,11.35,11.45,11.33,953818"
2026-04-22T12:25:00.000-00:00,"11.5,11.5,11.5,11.5,4557714"
2026-04-23T08:00:00.000-00:00,"11.5,11.54,11.65,11.31,2035262"
2026-04-23T08:05:00.000-00:00,"11.54,11.46,11.57,11.46,1372163"
2026-04-23T08:10:00.000-00:00,"11.5,11.43,11.5,11.4,280714"
2026-04-23T08:15:00.000-00:00,"11.42,11.39,11.45,11.35,1533278"
2026-04-23T08:20:00.000-00:00,"11.38,11.29,11.39,11.25,1155504"
2026-04-23T08:25:00.000-00:00,"11.29,11.27,11.35,11.24,1358838"
2026-04-23T08:30:00.000-00:00,"11.28,11.36,11.38,11.28,991665"
2026-04-23T08:35:00.000-00:00,"11.38,11.31,11.38,11.3,391327"
2026-04-23T08:40:00.000-00:00,"11.33,11.24,11.33,11.24,935936"
2026-04-23T08:45:00.000-00:00,"11.24,11.38,11.38,11.24,863709"
2026-04-23T08:50:00.000-00:00,"11.38,11.35,11.38,11.33,354792"
2026-04-23T08:55:00.000-00:00,"11.34,11.37,11.39,11.32,2518629"
2026-04-23T09:00:00.000-00:00,"11.38,11.4,11.45,11.38,850311"
2026-04-23T09:05:00.000-00:00,"11.4,11.37,11.4,11.3,242691"
2026-04-23T09:10:00.000-00:00,"11.37,11.32,11.37,11.32,196910"
2026-04-23T09:15:00.000-00:00,"11.33,11.28,11.35,11.28,645558"
2026-04-23T09:20:00.000-00:00,"11.29,11.28,11.3,11.27,177412"
2026-04-23T09:25:00.000-00:00,"11.28,11.25,11.29,11.25,428831"
2026-04-23T09:30:00.000-00:00,"11.24,11.23,11.25,11.22,896628"
2026-04-23T09:35:00.000-00:00,"11.23,11.24,11.26,11.23,376365"
2026-04-23T09:40:00.000-00:00,"11.23,11.22,11.25,11.22,822847"
2026-04-23T09:45:00.000-00:00,"11.23,11.22,11.24,11.2,1068148"
2026-04-23T09:50:00.000-00:00,"11.23,11.22,11.23,11.2,188152"
2026-04-23T09:55:00.000-00:00,"11.22,11.2,11.25,11.19,1075376"
2026-04-23T10:00:00.000-00:00,"11.21,11.25,11.25,11.2,551174"
2026-04-23T10:05:00.000-00:00,"11.25,11.3,11.31,11.25,937232"
2026-04-23T10:10:00.000-00:00,"11.31,11.25,11.31,11.23,405732"
2026-04-23T10:15:00.000-00:00,"11.25,11.25,11.27,11.24,537044"
2026-04-23T10:20:00.000-00:00,"11.25,11.3,11.31,11.24,915057"
2026-04-23T10:25:00.000-00:00,"11.29,11.37,11.42,11.27,2035468"
2026-04-23T10:30:00.000-00:00,"11.39,11.37,11.4,11.3,1264941"
2026-04-23T10:35:00.000-00:00,"11.35,11.3,11.35,11.3,1217682"
2026-04-23T10:40:00.000-00:00,"11.33,11.33,11.33,11.3,644619"
2026-04-23T10:45:00.000-00:00,"11.31,11.3,11.34,11.28,507540"
2026-04-23T10:50:00.000-00:00,"11.3,11.29,11.3,11.26,583239"
2026-04-23T10:55:00.000-00:00,"11.28,11.3,11.31,11.28,571692"
2026-04-23T11:00:00.000-00:00,"11.28,11.29,11.3,11.27,58776"
2026-04-23T11:05:00.000-00:00,"11.28,11.26,11.29,11.25,608522"
2026-04-23T11:10:00.000-00:00,"11.26,11.24,11.27,11.24,672657"
2026-04-23T11:15:00.000-00:00,"11.24,11.25,11.26,11.23,446734"
2026-04-23T11:20:00.000-00:00,"11.25,11.23,11.26,11.23,293733"
2026-04-23T11:25:00.000-00:00,"11.24,11.24,11.25,11.23,333452"
2026-04-23T11:30:00.000-00:00,"11.24,11.23,11.24,11.22,271613"
2026-04-23T11:35:00.000-00:00,"11.24,11.22,11.24,11.21,526944"
2026-04-23T11:40:00.000-00:00,"11.22,11.23,11.24,11.19,1974475"
2026-04-23T11:45:00.000-00:00,"11.2,11.16,11.2,11.15,879704"
2026-04-23T11:50:00.000-00:00,"11.16,11.05,11.16,11,2722965"
2026-04-23T11:55:00.000-00:00,"11.05,11.12,11.17,11.01,1925225"
2026-04-23T12:00:00.000-00:00,"11.12,11.2,11.23,11.05,1001280"
2026-04-23T12:05:00.000-00:00,"11.19,11.18,11.23,11.17,1131151"
2026-04-23T12:10:00.000-00:00,"11.17,11.17,11.2,11.11,1132364"
2026-04-23T12:15:00.000-00:00,"11.17,11.18,11.18,11.17,5408"
2026-04-23T12:25:00.000-00:00,"11.2,11.2,11.2,11.2,1960408"
2026-04-26T07:00:00.000-00:00,"11.22,11.12,11.28,11.06,593666"
2026-04-26T07:05:00.000-00:00,"11.13,11.1,11.17,11.09,1150500"
2026-04-26T07:10:00.000-00:00,"11.12,11.22,11.24,11.12,1475018"
2026-04-26T07:15:00.000-00:00,"11.22,11.2,11.24,11.2,268783"
2026-04-26T07:20:00.000-00:00,"11.2,11.17,11.21,11.15,214529"
2026-04-26T07:25:00.000-00:00,"11.15,11.08,11.17,11.07,421166"
2026-04-26T07:30:00.000-00:00,"11.08,11.04,11.08,10.8,2460972"
2026-04-26T07:35:00.000-00:00,"11,10.85,11.08,10.85,4106137"
2026-04-26T07:40:00.000-00:00,"10.87,10.94,10.95,10.84,650181"
2026-04-26T07:45:00.000-00:00,"10.92,10.88,10.94,10.85,490479"
2026-04-26T07:50:00.000-00:00,"10.9,11,11.02,10.9,1964344"
2026-04-26T07:55:00.000-00:00,"10.99,11,11.01,10.93,699307"
2026-04-26T08:00:00.000-00:00,"11,10.94,11,10.89,1291841"
2026-04-26T08:05:00.000-00:00,"10.92,10.94,10.97,10.9,116639"
2026-04-26T08:10:00.000-00:00,"10.94,10.94,10.95,10.93,121908"
2026-04-26T08:15:00.000-00:00,"10.94,10.96,10.99,10.92,257745"
2026-04-26T08:20:00.000-00:00,"10.94,11.01,11.01,10.94,558951"
2026-04-26T08:25:00.000-00:00,"11,11.01,11.02,10.97,249525"
2026-04-26T08:30:00.000-00:00,"11.01,11,11.02,11,83559"
2026-04-26T08:35:00.000-00:00,"10.99,10.99,11,10.98,92888"
2026-04-26T08:40:00.000-00:00,"10.99,10.99,11,10.94,173662"
2026-04-26T08:45:00.000-00:00,"10.95,10.99,11,10.93,163131"
2026-04-26T08:50:00.000-00:00,"10.99,10.93,10.99,10.93,71520"
2026-04-26T08:55:00.000-00:00,"10.95,10.9,10.95,10.89,1627640"
2026-04-26T09:00:00.000-00:00,"10.9,10.94,10.94,10.89,141317"
2026-04-26T09:05:00.000-00:00,"10.93,10.89,10.93,10.89,135591"
2026-04-26T09:10:00.000-00:00,"10.92,10.84,10.92,10.82,550550"
2026-04-26T09:15:00.000-00:00,"10.83,10.87,10.9,10.83,294719"
2026-04-26T09:20:00.000-00:00,"10.87,10.87,10.88,10.85,71153"
2026-04-26T09:25:00.000-00:00,"10.88,10.87,10.88,10.85,91793"
2026-04-26T09:30:00.000-00:00,"10.86,10.85,10.9,10.85,600677"
2026-04-26T09:35:00.000-00:00,"10.85,10.86,10.86,10.85,36655"
2026-04-26T09:40:00.000-00:00,"10.86,10.88,10.88,10.85,33452"
2026-04-26T09:45:00.000-00:00,"10.88,10.88,10.88,10.86,71985"
2026-04-26T09:50:00.000-00:00,"10.88,10.89,10.9,10.86,295851"
2026-04-26T09:55:00.000-00:00,"10.89,10.89,10.9,10.85,994161"
2026-04-26T10:00:00.000-00:00,"10.88,10.88,10.89,10.86,74914"
2026-04-26T10:05:00.000-00:00,"10.88,10.88,10.89,10.87,225461"
2026-04-26T10:10:00.000-00:00,"10.89,10.89,10.89,10.87,133865"
2026-04-26T10:15:00.000-00:00,"10.89,10.89,10.89,10.86,82906"
2026-04-26T10:20:00.000-00:00,"10.86,10.87,10.89,10.85,75661"
2026-04-26T10:25:00.000-00:00,"10.87,10.88,10.89,10.85,151257"
2026-04-26T10:30:00.000-00:00,"10.88,10.8,10.89,10.8,1590034"
2026-04-26T10:35:00.000-00:00,"10.79,10.75,10.84,10.74,553726"
2026-04-26T10:40:00.000-00:00,"10.76,10.75,10.78,10.74,217035"
2026-04-26T10:45:00.000-00:00,"10.75,10.79,10.79,10.73,576889"
2026-04-26T10:50:00.000-00:00,"10.79,10.77,10.83,10.76,351082"
2026-04-26T10:55:00.000-00:00,"10.77,10.72,10.77,10.7,1486464"
2026-04-26T11:00:00.000-00:00,"10.71,10.95,10.95,10.71,1346573"
2026-04-26T11:05:00.000-00:00,"10.93,10.94,10.99,10.91,1063037"
2026-04-26T11:10:00.000-00:00,"10.91,10.91,10.96,10.9,341137"
2026-04-26T11:25:00.000-00:00,"10.97,10.97,10.97,10.97,1593310"
2026-04-27T07:00:00.000-00:00,"11.06,11.21,11.22,11.06,2233056"
2026-04-27T07:05:00.000-00:00,"11.21,11.15,11.21,11.13,839044"
2026-04-27T07:10:00.000-00:00,"11.13,11.12,11.17,11.11,412053"
2026-04-27T07:15:00.000-00:00,"11.11,11.12,11.15,11.09,821283"
2026-04-27T07:20:00.000-00:00,"11.1,11.06,11.11,11.06,142983"
2026-04-27T07:25:00.000-00:00,"11.07,11.09,11.1,11.05,266069"
2026-04-27T07:30:00.000-00:00,"11.09,11.07,11.09,11.07,127227"
2026-04-27T07:35:00.000-00:00,"11.07,11.02,11.07,10.97,1100351"
2026-04-27T07:40:00.000-00:00,"11.04,11.04,11.05,11.02,275240"
2026-04-27T07:45:00.000-00:00,"11.05,11.06,11.06,11.02,168580"
2026-04-27T07:50:00.000-00:00,"11.06,11.11,11.11,11.06,267939"
2026-04-27T07:55:00.000-00:00,"11.11,11.09,11.11,11.08,236856"
2026-04-27T08:00:00.000-00:00,"11.1,11.08,11.11,11.07,211481"
2026-04-27T08:05:00.000-00:00,"11.07,11.15,11.15,11.07,367025"
2026-04-27T08:10:00.000-00:00,"11.15,11.2,11.23,11.15,1364972"
2026-04-27T08:15:00.000-00:00,"11.2,11.14,11.21,11.14,620840"
2026-04-27T08:20:00.000-00:00,"11.15,11.16,11.16,11.1,156349"
2026-04-27T08:25:00.000-00:00,"11.15,11.16,11.19,11.13,87416"
2026-04-27T08:30:00.000-00:00,"11.13,11.13,11.16,11.07,292963"
2026-04-27T08:35:00.000-00:00,"11.13,11.12,11.16,11.05,311263"
2026-04-27T08:40:00.000-00:00,"11.12,11.11,11.15,11.09,80223"
2026-04-27T08:45:00.000-00:00,"11.1,11.15,11.16,11.09,260673"
2026-04-27T08:50:00.000-00:00,"11.16,11.15,11.16,11.12,100906"
2026-04-27T08:55:00.000-00:00,"11.15,11.18,11.18,11.13,144797"
2026-04-27T09:00:00.000-00:00,"11.17,11.17,11.18,11.15,217873"
2026-04-27T09:05:00.000-00:00,"11.15,11.17,11.17,11.15,101177"
2026-04-27T09:10:00.000-00:00,"11.16,11.15,11.17,11.15,29000"
2026-04-27T09:15:00.000-00:00,"11.15,11.16,11.17,11.14,119197"
2026-04-27T09:20:00.000-00:00,"11.15,11.15,11.16,11.14,8032"
2026-04-27T10:20:00.000-00:00,"11.14,11.14,11.14,11.14,5000"
2026-04-27T10:25:00.000-00:00,"11.14,11.14,11.18,11.13,803273"
2026-04-27T10:30:00.000-00:00,"11.14,11.13,11.17,11.13,292067"
2026-04-27T10:35:00.000-00:00,"11.13,11.1,11.15,11.09,255333"
2026-04-27T10:40:00.000-00:00,"11.1,11.09,11.14,11.09,167025"
2026-04-27T10:45:00.000-00:00,"11.09,11.1,11.14,10.98,1065981"
2026-04-27T10:50:00.000-00:00,"11.1,11.08,11.14,11.06,241369"
2026-04-27T10:55:00.000-00:00,"11.08,11.05,11.11,11.01,669270"
2026-04-27T11:00:00.000-00:00,"11.05,11.04,11.09,11,667676"
2026-04-27T11:05:00.000-00:00,"11.03,11.02,11.04,11.01,680137"
2026-04-27T11:10:00.000-00:00,"11.02,11.1,11.11,11.02,581751"
2026-04-27T11:15:00.000-00:00,"11.1,11.1,11.1,11.1,1801"
2026-04-27T11:25:00.000-00:00,"11.05,11.05,11.05,11.05,1567268"
2026-04-28T07:00:00.000-00:00,"11.11,11.13,11.15,11.1,716296"
2026-04-28T07:05:00.000-00:00,"11.12,11.1,11.13,11.06,325406"
2026-04-28T07:10:00.000-00:00,"11.1,11.1,11.11,11.05,223285"
2026-04-28T07:15:00.000-00:00,"11.07,11.05,11.1,11.05,221273"
2026-04-28T07:20:00.000-00:00,"11.05,11.07,11.09,11.05,272188"
2026-04-28T07:25:00.000-00:00,"11.08,11.07,11.08,11.05,191362"
2026-04-28T07:30:00.000-00:00,"11.07,11.16,11.16,11.05,845180"
2026-04-28T07:35:00.000-00:00,"11.16,11.2,11.2,11.12,1091743"
2026-04-28T07:40:00.000-00:00,"11.17,11.17,11.18,11.15,84117"
2026-04-28T07:45:00.000-00:00,"11.16,11.17,11.18,11.15,54009"
2026-04-28T07:50:00.000-00:00,"11.17,11.14,11.17,11.14,188330"
2026-04-28T07:55:00.000-00:00,"11.15,11.16,11.19,11.14,101339"
2026-04-28T08:00:00.000-00:00,"11.17,11.17,11.19,11.14,226153"
2026-04-28T08:05:00.000-00:00,"11.17,11.18,11.18,11.17,111530"
2026-04-28T08:10:00.000-00:00,"11.18,11.14,11.18,11.14,38178"
2026-04-28T08:15:00.000-00:00,"11.14,11.1,11.15,11.09,176849"
2026-04-28T08:20:00.000-00:00,"11.1,11.1,11.13,11.09,94104"
2026-04-28T08:25:00.000-00:00,"11.1,11.12,11.15,11.09,58546"
2026-04-28T08:30:00.000-00:00,"11.14,11.15,11.17,11.12,179074"
2026-04-28T08:35:00.000-00:00,"11.15,11.16,11.17,11.15,151968"
2026-04-28T08:40:00.000-00:00,"11.16,11.16,11.17,11.11,290283"
2026-04-28T08:45:00.000-00:00,"11.17,11.17,11.17,11.15,124758"
2026-04-28T08:50:00.000-00:00,"11.18,11.15,11.19,11.15,478781"
2026-04-28T08:55:00.000-00:00,"11.15,11.15,11.17,11.15,55228"
2026-04-28T09:00:00.000-00:00,"11.16,11.3,11.3,11.16,1356964"
2026-04-28T09:05:00.000-00:00,"11.26,11.24,11.31,11.23,1259723"
2026-04-28T09:10:00.000-00:00,"11.24,11.27,11.33,11.24,1167049"
2026-04-28T09:15:00.000-00:00,"11.27,11.26,11.3,11.22,718799"
2026-04-28T09:20:00.000-00:00,"11.28,11.28,11.3,11.25,120941"
2026-04-28T09:25:00.000-00:00,"11.28,11.27,11.3,11.26,384517"
2026-04-28T09:30:00.000-00:00,"11.27,11.29,11.3,11.27,57946"
2026-04-28T09:35:00.000-00:00,"11.28,11.2,11.28,11.2,413314"
2026-04-28T09:40:00.000-00:00,"11.2,11.19,11.21,11.19,223721"
2026-04-28T09:45:00.000-00:00,"11.19,11.2,11.2,11.15,310819"
2026-04-28T09:50:00.000-00:00,"11.2,11.2,11.23,11.15,128628"
2026-04-28T09:55:00.000-00:00,"11.21,11.26,11.28,11.21,81268"
2026-04-28T10:00:00.000-00:00,"11.27,11.2,11.28,11.19,99033"
2026-04-28T10:05:00.000-00:00,"11.2,11.2,11.24,11.19,55272"
2026-04-28T10:10:00.000-00:00,"11.2,11.18,11.2,11.15,161966"
2026-04-28T10:15:00.000-00:00,"11.19,11.18,11.2,11.16,68521"
2026-04-28T10:20:00.000-00:00,"11.2,11.19,11.23,11.16,37564"
2026-04-28T10:25:00.000-00:00,"11.23,11.2,11.23,11.19,46050"
2026-04-28T10:30:00.000-00:00,"11.2,11.19,11.2,11.17,46588"
2026-04-28T10:35:00.000-00:00,"11.19,11.17,11.19,11.17,82844"
2026-04-28T10:40:00.000-00:00,"11.17,11.15,11.17,11.13,173933"
2026-04-28T10:45:00.000-00:00,"11.16,11.11,11.17,11.11,198842"
2026-04-28T10:50:00.000-00:00,"11.14,11.14,11.15,11.1,630114"
2026-04-28T10:55:00.000-00:00,"11.12,11.06,11.13,11.06,450526"
2026-04-28T11:00:00.000-00:00,"11.07,11.07,11.08,11.02,668972"
2026-04-28T11:05:00.000-00:00,"11.06,11.08,11.08,11.05,109948"
2026-04-28T11:10:00.000-00:00,"11.08,11.06,11.1,11.05,1225231"
2026-04-28T11:25:00.000-00:00,"11.13,11.13,11.13,11.13,735895"
2026-04-29T07:00:00.000-00:00,"11.15,11.2,11.27,11.15,628147"
2026-04-29T07:05:00.000-00:00,"11.2,11.14,11.2,11.14,357786"
2026-04-29T07:10:00.000-00:00,"11.14,11.16,11.17,11.13,143278"
2026-04-29T07:15:00.000-00:00,"11.13,11.1,11.13,11.09,405768"
2026-04-29T07:20:00.000-00:00,"11.09,11.15,11.15,11.09,109190"
2026-04-29T07:25:00.000-00:00,"11.15,11.14,11.18,11.1,231415"
2026-04-29T07:30:00.000-00:00,"11.11,11.13,11.13,11.09,118659"
2026-04-29T07:35:00.000-00:00,"11.1,11.12,11.13,11.09,25992"
2026-04-29T07:40:00.000-00:00,"11.11,11.16,11.16,11.11,109282"
2026-04-29T07:45:00.000-00:00,"11.16,11.15,11.16,11.13,46857"
2026-04-29T07:50:00.000-00:00,"11.16,11.13,11.16,11.13,97547"
2026-04-29T07:55:00.000-00:00,"11.13,11.13,11.15,11.13,28332"
2026-04-29T08:00:00.000-00:00,"11.13,11.15,11.15,11.11,90187"
2026-04-29T08:05:00.000-00:00,"11.15,11.14,11.15,11.11,52057"
2026-04-29T08:10:00.000-00:00,"11.14,11.15,11.15,11.12,12150"
2026-04-29T08:15:00.000-00:00,"11.14,11.13,11.15,11.12,8635"
2026-04-29T08:20:00.000-00:00,"11.13,11.12,11.15,11.12,18718"
2026-04-29T08:25:00.000-00:00,"11.12,11.14,11.14,11.11,32384"
2026-04-29T08:30:00.000-00:00,"11.13,11.14,11.14,11.12,11360"
2026-04-29T08:35:00.000-00:00,"11.13,11.1,11.14,11.1,126247"
2026-04-29T08:40:00.000-00:00,"11.1,11.12,11.13,11.09,62846"
2026-04-29T08:45:00.000-00:00,"11.12,11.12,11.12,11.1,7317"
2026-04-29T08:50:00.000-00:00,"11.1,11.12,11.12,11.1,54168"
2026-04-29T08:55:00.000-00:00,"11.11,11.11,11.11,11.09,112353"
2026-04-29T09:00:00.000-00:00,"11.1,11.15,11.15,11.1,120591"
2026-04-29T09:05:00.000-00:00,"11.14,11.16,11.16,11.12,365894"
2026-04-29T09:10:00.000-00:00,"11.16,11.27,11.27,11.16,2029079"
2026-04-29T09:15:00.000-00:00,"11.26,11.17,11.26,11.17,608451"
2026-04-29T09:20:00.000-00:00,"11.19,11.17,11.19,11.17,24742"
2026-04-29T09:25:00.000-00:00,"11.17,11.2,11.2,11.15,290423"
2026-04-29T09:30:00.000-00:00,"11.2,11.2,11.2,11.17,11110"
2026-04-29T09:35:00.000-00:00,"11.19,11.18,11.2,11.14,163557"
2026-04-29T09:40:00.000-00:00,"11.18,11.15,11.18,11.15,92691"
2026-04-29T09:45:00.000-00:00,"11.18,11.18,11.18,11.16,22782"
2026-04-29T09:50:00.000-00:00,"11.18,11.14,11.18,11.13,162024"
2026-04-29T09:55:00.000-00:00,"11.14,11.15,11.16,11.13,130852"
2026-04-29T10:00:00.000-00:00,"11.15,11.16,11.17,11.13,71853"
2026-04-29T10:05:00.000-00:00,"11.16,11.15,11.17,11.15,59620"
2026-04-29T10:10:00.000-00:00,"11.15,11.13,11.15,11.13,77944"
2026-04-29T10:15:00.000-00:00,"11.13,11.11,11.14,11.1,328385"
2026-04-29T10:20:00.000-00:00,"11.12,11.13,11.13,11.1,79828"
2026-04-29T10:25:00.000-00:00,"11.13,11.2,11.21,11.13,508088"
2026-04-29T10:30:00.000-00:00,"11.17,11.17,11.22,11.17,248467"
2026-04-29T10:35:00.000-00:00,"11.21,11.17,11.23,11.15,286872"
2026-04-29T10:40:00.000-00:00,"11.16,11.12,11.17,11.12,127527"
2026-04-29T10:45:00.000-00:00,"11.13,11.15,11.15,11.13,28788"
2026-04-29T10:50:00.000-00:00,"11.15,11.16,11.19,11.13,2058926"
2026-04-29T10:55:00.000-00:00,"11.13,11.15,11.17,11.13,92714"
2026-04-29T11:00:00.000-00:00,"11.16,11.15,11.17,11.15,71349"
2026-04-29T11:05:00.000-00:00,"11.15,11.2,11.22,11.14,674480"
2026-04-29T11:10:00.000-00:00,"11.2,11.17,11.21,11.16,488819"
2026-04-29T11:25:00.000-00:00,"11.16,11.16,11.16,11.16,325085"
2026-04-30T07:00:00.000-00:00,"11.27,11.45,11.47,11.27,3580602"
2026-04-30T07:05:00.000-00:00,"11.45,11.6,11.65,11.4,4990551"
2026-04-30T07:10:00.000-00:00,"11.6,11.51,11.6,11.51,1372968"
2026-04-30T07:15:00.000-00:00,"11.51,11.5,11.52,11.47,3090867"
2026-04-30T07:20:00.000-00:00,"11.5,11.54,11.56,11.5,1147585"
2026-04-30T07:25:00.000-00:00,"11.53,11.49,11.54,11.48,1097252"
2026-04-30T07:30:00.000-00:00,"11.49,11.5,11.53,11.49,908912"
2026-04-30T07:35:00.000-00:00,"11.52,11.57,11.63,11.5,4948913"
2026-04-30T07:40:00.000-00:00,"11.59,11.61,11.61,11.56,829752"
2026-04-30T07:45:00.000-00:00,"11.61,11.6,11.64,11.6,719911"
2026-04-30T07:50:00.000-00:00,"11.61,11.6,11.61,11.57,496514"
2026-04-30T07:55:00.000-00:00,"11.6,11.58,11.61,11.57,424267"
2026-04-30T08:00:00.000-00:00,"11.58,11.64,11.65,11.57,977732"
2026-04-30T08:05:00.000-00:00,"11.62,11.64,11.67,11.62,881931"
2026-04-30T08:10:00.000-00:00,"11.66,11.69,11.7,11.65,2210465"
2026-04-30T08:15:00.000-00:00,"11.69,11.63,11.69,11.6,855649"
2026-04-30T08:20:00.000-00:00,"11.63,11.64,11.65,11.63,200706"
2026-04-30T08:25:00.000-00:00,"11.63,11.67,11.69,11.63,829074"
2026-04-30T08:30:00.000-00:00,"11.67,11.7,11.74,11.67,3167978"
2026-04-30T08:35:00.000-00:00,"11.71,11.7,11.72,11.68,1115762"
2026-04-30T08:40:00.000-00:00,"11.69,11.69,11.7,11.68,374295"
2026-04-30T08:45:00.000-00:00,"11.7,11.66,11.7,11.61,1147501"
2026-04-30T08:50:00.000-00:00,"11.64,11.63,11.64,11.6,318716"
2026-04-30T08:55:00.000-00:00,"11.63,11.62,11.63,11.59,311499"
2026-04-30T09:00:00.000-00:00,"11.62,11.65,11.65,11.61,74075"
2026-04-30T09:05:00.000-00:00,"11.66,11.67,11.68,11.64,418714"
2026-04-30T09:10:00.000-00:00,"11.67,11.65,11.68,11.65,61681"
2026-04-30T09:15:00.000-00:00,"11.65,11.66,11.67,11.65,62421"
2026-04-30T09:20:00.000-00:00,"11.66,11.7,11.7,11.66,821496"
2026-04-30T09:25:00.000-00:00,"11.71,11.72,11.73,11.7,647206"
2026-04-30T09:30:00.000-00:00,"11.72,11.74,11.75,11.71,912856"
2026-04-30T09:35:00.000-00:00,"11.74,11.71,11.75,11.71,411442"
2026-04-30T09:40:00.000-00:00,"11.71,11.67,11.74,11.65,218578"
2026-04-30T09:45:00.000-00:00,"11.67,11.63,11.67,11.62,359959"
2026-04-30T09:50:00.000-00:00,"11.63,11.62,11.66,11.62,173524"
2026-04-30T09:55:00.000-00:00,"11.62,11.61,11.64,11.61,205895"
2026-04-30T10:00:00.000-00:00,"11.61,11.63,11.64,11.6,93620"
2026-04-30T10:05:00.000-00:00,"11.63,11.61,11.63,11.61,80628"
2026-04-30T10:10:00.000-00:00,"11.6,11.59,11.64,11.58,695361"
2026-04-30T10:15:00.000-00:00,"11.59,11.6,11.6,11.59,736815"
2026-04-30T10:20:00.000-00:00,"11.6,11.56,11.6,11.56,369728"
2026-04-30T10:25:00.000-00:00,"11.55,11.59,11.6,11.54,449036"
2026-04-30T10:30:00.000-00:00,"11.58,11.55,11.58,11.53,309219"
2026-04-30T10:35:00.000-00:00,"11.54,11.52,11.55,11.5,845126"
2026-04-30T10:40:00.000-00:00,"11.52,11.55,11.58,11.5,621276"
2026-04-30T10:45:00.000-00:00,"11.54,11.47,11.54,11.45,737759"
2026-04-30T10:50:00.000-00:00,"11.48,11.45,11.48,11.42,790858"
2026-04-30T10:55:00.000-00:00,"11.43,11.43,11.45,11.4,1415000"
2026-04-30T11:00:00.000-00:00,"11.42,11.45,11.48,11.41,501493"
2026-04-30T11:05:00.000-00:00,"11.45,11.42,11.45,11.42,326779"
2026-04-30T11:10:00.000-00:00,"11.43,11.41,11.43,11.4,835891"
2026-04-30T11:25:00.000-00:00,"11.36,11.36,11.36,11.36,2187814"
2026-05-03T07:00:00.000-00:00,"11.49,11.67,11.74,11.49,2147858"
2026-05-03T07:05:00.000-00:00,"11.67,11.67,11.73,11.66,1221779"
2026-05-03T07:10:00.000-00:00,"11.66,11.69,11.7,11.65,634411"
2026-05-03T07:15:00.000-00:00,"11.67,11.79,11.79,11.67,1425509"
2026-05-03T07:20:00.000-00:00,"11.78,11.9,11.97,11.76,3117963"
2026-05-03T07:25:00.000-00:00,"11.9,11.89,11.93,11.85,868976"
2026-05-03T07:30:00.000-00:00,"11.9,11.95,11.95,11.87,650807"
2026-05-03T07:35:00.000-00:00,"11.95,12.08,12.09,11.9,4567370"
2026-05-03T07:40:00.000-00:00,"12.07,12,12.09,11.95,1492223"
2026-05-03T07:45:00.000-00:00,"11.99,12,12,11.95,565969"
2026-05-03T07:50:00.000-00:00,"11.99,12,12.04,11.98,502807"
2026-05-03T07:55:00.000-00:00,"12.04,12,12.04,11.98,233354"
2026-05-03T08:00:00.000-00:00,"12,12,12,11.96,1204218"
2026-05-03T08:05:00.000-00:00,"12,12.11,12.11,11.97,1093560"
2026-05-03T08:10:00.000-00:00,"12.11,12.09,12.12,12.03,1310952"
2026-05-03T08:15:00.000-00:00,"12.08,12.07,12.1,12.07,129002"
2026-05-03T08:20:00.000-00:00,"12.08,12.12,12.15,12.07,1029275"
2026-05-03T08:25:00.000-00:00,"12.11,12.12,12.12,12.08,723363"
2026-05-03T08:30:00.000-00:00,"12.1,12.19,12.2,12.1,886652"
2026-05-03T08:35:00.000-00:00,"12.19,12.15,12.2,12.14,481745"
2026-05-03T08:40:00.000-00:00,"12.17,12.17,12.18,12.14,205884"
2026-05-03T08:45:00.000-00:00,"12.16,12.13,12.18,12.13,352212"
2026-05-03T08:50:00.000-00:00,"12.15,12.09,12.15,12.04,453706"
2026-05-03T08:55:00.000-00:00,"12.09,12.03,12.09,12,635177"
2026-05-03T09:00:00.000-00:00,"12.04,12.05,12.07,12.01,188851"
2026-05-03T09:05:00.000-00:00,"12.08,12.18,12.18,12.08,411637"
2026-05-03T09:10:00.000-00:00,"12.17,12.21,12.24,12.14,1951915"
2026-05-03T09:15:00.000-00:00,"12.21,12.27,12.3,12.21,1548866"
2026-05-03T09:20:00.000-00:00,"12.3,12.37,12.4,12.26,1592818"
2026-05-03T09:25:00.000-00:00,"12.39,12.36,12.39,12.32,1428541"
2026-05-03T09:30:00.000-00:00,"12.36,12.4,12.4,12.34,831912"
2026-05-03T09:35:00.000-00:00,"12.39,12.52,12.52,12.36,3405901"
2026-05-03T09:45:00.000-00:00,"12.51,12.6,12.6,12.47,816879"
2026-05-03T09:50:00.000-00:00,"12.57,12.68,12.99,12.55,2980134"
2026-05-03T09:55:00.000-00:00,"12.68,12.61,12.7,12.5,1782531"
2026-05-03T10:00:00.000-00:00,"12.64,12.64,12.66,12.56,887641"
2026-05-03T10:05:00.000-00:00,"12.63,12.73,12.75,12.63,1375384"
2026-05-03T10:10:00.000-00:00,"12.71,12.73,12.74,12.7,396638"
2026-05-03T10:15:00.000-00:00,"12.72,12.73,12.74,12.66,1688349"
2026-05-03T10:20:00.000-00:00,"12.72,12.59,12.73,12.55,1319577"
2026-05-03T10:25:00.000-00:00,"12.55,12.55,12.59,12.54,196934"
2026-05-03T10:30:00.000-00:00,"12.55,12.5,12.58,12.5,1172370"
2026-05-03T10:35:00.000-00:00,"12.51,12.47,12.54,12.4,542095"
2026-05-03T10:40:00.000-00:00,"12.46,12.58,12.6,12.43,1214407"
2026-05-03T10:45:00.000-00:00,"12.55,12.43,12.57,12.43,303392"
2026-05-03T10:50:00.000-00:00,"12.49,12.5,12.5,12.44,687634"
2026-05-03T10:55:00.000-00:00,"12.5,12.49,12.54,12.48,489527"
2026-05-03T11:00:00.000-00:00,"12.49,12.5,12.5,12.46,302505"
2026-05-03T11:05:00.000-00:00,"12.48,12.44,12.49,12.43,656626"
2026-05-03T11:10:00.000-00:00,"12.45,12.4,12.45,12.36,1427575"
2026-05-03T11:25:00.000-00:00,"12.4,12.4,12.4,12.4,1227826"
2026-05-04T07:00:00.000-00:00,"12.5,12.44,12.5,12.4,673258"
2026-05-04T07:05:00.000-00:00,"12.43,12.5,12.55,12.36,564540"
2026-05-04T07:10:00.000-00:00,"12.5,12.39,12.5,12.37,353465"
2026-05-04T07:15:00.000-00:00,"12.39,12.45,12.48,12.36,174693"
2026-05-04T07:20:00.000-00:00,"12.45,12.41,12.48,12.41,137019"
2026-05-04T07:25:00.000-00:00,"12.47,12.37,12.47,12.36,281283"
2026-05-04T07:30:00.000-00:00,"12.37,12.32,12.37,12.3,559943"
2026-05-04T07:35:00.000-00:00,"12.32,12.23,12.32,12.22,462101"
2026-05-04T07:40:00.000-00:00,"12.25,12.33,12.39,12.24,247081"
2026-05-04T07:45:00.000-00:00,"12.37,12.37,12.37,12.28,179545"
2026-05-04T07:50:00.000-00:00,"12.37,12.35,12.39,12.35,333962"
2026-05-04T07:55:00.000-00:00,"12.37,12.35,12.37,12.32,173921"
2026-05-04T08:00:00.000-00:00,"12.36,12.55,12.65,12.35,1644355"
2026-05-04T08:05:00.000-00:00,"12.53,12.48,12.57,12.45,624998"
2026-05-04T08:10:00.000-00:00,"12.48,12.51,12.52,12.46,539619"
2026-05-04T08:15:00.000-00:00,"12.51,12.63,12.63,12.5,801270"
2026-05-04T08:20:00.000-00:00,"12.63,12.54,12.63,12.54,756386"
2026-05-04T08:25:00.000-00:00,"12.54,12.5,12.54,12.5,147290"
2026-05-04T08:30:00.000-00:00,"12.51,12.55,12.55,12.51,25917"
2026-05-04T08:35:00.000-00:00,"12.54,12.6,12.61,12.54,1138250"
2026-05-04T08:40:00.000-00:00,"12.6,12.77,12.77,12.59,2265283"
2026-05-04T08:45:00.000-00:00,"12.77,12.77,12.78,12.67,1783088"
2026-05-04T08:50:00.000-00:00,"12.78,12.91,12.95,12.73,2514233"
2026-05-04T08:55:00.000-00:00,"12.92,12.97,13.1,12.92,6366770"
2026-05-04T09:00:00.000-00:00,"12.96,12.9,12.98,12.85,747133"
2026-05-04T09:05:00.000-00:00,"12.89,12.9,12.9,12.8,659272"
2026-05-04T09:10:00.000-00:00,"12.9,13,13,12.89,667994"
2026-05-04T09:15:00.000-00:00,"12.98,12.95,13.03,12.91,1127189"
2026-05-04T09:20:00.000-00:00,"12.96,12.95,12.97,12.91,170492"
2026-05-04T09:25:00.000-00:00,"12.95,12.89,12.96,12.84,284435"
2026-05-04T09:30:00.000-00:00,"12.89,12.85,12.89,12.82,81479"
2026-05-04T09:35:00.000-00:00,"12.85,12.84,12.87,12.8,628550"
2026-05-04T09:40:00.000-00:00,"12.8,12.83,12.85,12.79,254541"
2026-05-04T09:45:00.000-00:00,"12.82,12.85,12.85,12.8,226304"
2026-05-04T09:50:00.000-00:00,"12.85,12.87,12.88,12.84,88661"
2026-05-04T09:55:00.000-00:00,"12.87,12.87,12.9,12.85,250555"
2026-05-04T10:00:00.000-00:00,"12.87,12.82,12.9,12.82,257676"
2026-05-04T10:05:00.000-00:00,"12.87,12.79,12.87,12.79,573302"
2026-05-04T10:10:00.000-00:00,"12.78,12.75,12.79,12.71,816047"
2026-05-04T10:15:00.000-00:00,"12.75,12.79,12.79,12.75,644605"
2026-05-04T10:20:00.000-00:00,"12.79,12.77,12.8,12.77,124934"
2026-05-04T10:25:00.000-00:00,"12.77,12.77,12.83,12.7,1559195"
2026-05-04T10:30:00.000-00:00,"12.75,12.65,12.75,12.61,771921"
2026-05-04T10:35:00.000-00:00,"12.62,12.57,12.65,12.53,1506265"
2026-05-04T10:40:00.000-00:00,"12.55,12.6,12.64,12.55,850794"
2026-05-04T10:45:00.000-00:00,"12.59,12.48,12.6,12.45,602590"
2026-05-04T10:50:00.000-00:00,"12.47,12.45,12.5,12.43,486011"
2026-05-04T10:55:00.000-00:00,"12.46,12.5,12.59,12.45,539993"
2026-05-04T11:00:00.000-00:00,"12.54,12.63,12.64,12.5,1825904"
2026-05-04T11:05:00.000-00:00,"12.64,12.73,12.77,12.61,3885839"
2026-05-04T11:10:00.000-00:00,"12.74,12.63,12.76,12.41,1990719"
2026-05-04T11:25:00.000-00:00,"12.54,12.54,12.54,12.54,997546"
2026-05-05T07:00:00.000-00:00,"12.48,12.36,12.5,12.3,909196"
2026-05-05T07:05:00.000-00:00,"12.39,12.4,12.44,12.35,434907"
2026-05-05T07:10:00.000-00:00,"12.39,12.23,12.4,12.23,559484"
2026-05-05T07:15:00.000-00:00,"12.23,12.33,12.35,12.23,435949"
2026-05-05T07:20:00.000-00:00,"12.33,12.34,12.35,12.32,78577"
2026-05-05T07:25:00.000-00:00,"12.32,12.44,12.47,12.32,455144"
2026-05-05T07:30:00.000-00:00,"12.45,12.45,12.45,12.39,458709"
2026-05-05T07:35:00.000-00:00,"12.46,12.47,12.47,12.4,473814"
2026-05-05T07:40:00.000-00:00,"12.47,12.55,12.63,12.41,1124854"
2026-05-05T07:45:00.000-00:00,"12.56,12.59,12.62,12.55,613309"
2026-05-05T07:50:00.000-00:00,"12.59,12.57,12.6,12.56,58955"
2026-05-05T07:55:00.000-00:00,"12.57,12.53,12.58,12.51,234926"
2026-05-05T08:00:00.000-00:00,"12.54,12.54,12.56,12.51,58537"
2026-05-05T08:05:00.000-00:00,"12.54,12.6,12.68,12.54,353271"
2026-05-05T08:10:00.000-00:00,"12.63,12.61,12.7,12.6,2377308"
2026-05-05T08:15:00.000-00:00,"12.62,12.6,12.66,12.6,284598"
2026-05-05T08:20:00.000-00:00,"12.63,12.9,12.9,12.61,2016097"
2026-05-05T08:25:00.000-00:00,"12.89,12.85,12.92,12.8,2327632"
2026-05-05T08:30:00.000-00:00,"12.82,12.8,12.83,12.76,472402"
2026-05-05T08:35:00.000-00:00,"12.79,12.77,12.8,12.75,164185"
2026-05-05T08:40:00.000-00:00,"12.76,12.7,12.78,12.68,766810"
2026-05-05T08:45:00.000-00:00,"12.7,12.74,12.78,12.7,95186"
2026-05-05T08:50:00.000-00:00,"12.7,12.66,12.74,12.65,193881"
2026-05-05T08:55:00.000-00:00,"12.66,12.74,12.75,12.66,443659"
2026-05-05T09:00:00.000-00:00,"12.71,12.68,12.74,12.67,572973"
2026-05-05T09:05:00.000-00:00,"12.67,12.69,12.7,12.66,210288"
2026-05-05T09:10:00.000-00:00,"12.69,12.68,12.7,12.67,127739"
2026-05-05T09:15:00.000-00:00,"12.67,12.65,12.69,12.65,248623"
2026-05-05T09:20:00.000-00:00,"12.65,12.7,12.7,12.64,251817"
2026-05-05T09:25:00.000-00:00,"12.72,12.75,12.8,12.7,831019"
2026-05-05T09:30:00.000-00:00,"12.75,12.7,12.75,12.68,816349"
2026-05-05T09:35:00.000-00:00,"12.7,12.75,12.75,12.7,80085"
2026-05-05T09:40:00.000-00:00,"12.72,12.78,12.79,12.71,232328"
2026-05-05T09:45:00.000-00:00,"12.78,12.88,12.88,12.78,1204518"
2026-05-05T09:50:00.000-00:00,"12.86,12.89,12.92,12.84,1992179"
2026-05-05T09:55:00.000-00:00,"12.86,12.81,12.88,12.8,205173"
2026-05-05T10:00:00.000-00:00,"12.83,12.9,12.93,12.82,811858"
2026-05-05T10:05:00.000-00:00,"12.9,12.9,12.9,12.83,237459"
2026-05-05T10:10:00.000-00:00,"12.9,12.8,12.9,12.8,802653"
2026-05-05T10:15:00.000-00:00,"12.8,12.8,12.8,12.78,149394"
2026-05-05T10:20:00.000-00:00,"12.8,12.8,12.82,12.79,276771"
2026-05-05T10:25:00.000-00:00,"12.8,12.81,12.82,12.77,398235"
2026-05-05T10:30:00.000-00:00,"12.8,12.8,12.82,12.78,424222"
2026-05-05T10:35:00.000-00:00,"12.8,12.8,12.8,12.79,152029"
2026-05-05T10:40:00.000-00:00,"12.79,12.79,12.81,12.77,223702"
2026-05-05T10:45:00.000-00:00,"12.77,12.74,12.79,12.71,726698"
2026-05-05T10:50:00.000-00:00,"12.73,12.75,12.8,12.71,476868"
2026-05-05T10:55:00.000-00:00,"12.74,12.79,12.79,12.74,232510"
2026-05-05T11:00:00.000-00:00,"12.78,12.75,12.78,12.75,156795"
2026-05-05T11:05:00.000-00:00,"12.75,12.7,12.77,12.69,1367107"
2026-05-05T11:10:00.000-00:00,"12.72,12.69,12.74,12.64,1093698"
2026-05-05T11:15:00.000-00:00,"12.69,12.65,12.7,12.65,372331"
2026-05-05T11:25:00.000-00:00,"12.72,12.72,12.72,12.72,1967537"
2026-05-06T07:00:00.000-00:00,"12.72,12.88,12.9,12.7,593623"
2026-05-06T07:05:00.000-00:00,"12.88,12.88,12.9,12.86,268294"
2026-05-06T07:10:00.000-00:00,"12.88,12.88,12.9,12.88,258383"
2026-05-06T07:15:00.000-00:00,"12.87,12.8,12.87,12.78,251700"
2026-05-06T07:20:00.000-00:00,"12.8,12.79,12.82,12.75,291713"
2026-05-06T07:25:00.000-00:00,"12.77,12.8,12.81,12.7,381950"
2026-05-06T07:30:00.000-00:00,"12.8,12.85,12.85,12.8,222680"
2026-05-06T07:35:00.000-00:00,"12.85,12.89,12.89,12.85,555303"
2026-05-06T07:40:00.000-00:00,"12.9,12.93,12.93,12.89,497436"
2026-05-06T07:45:00.000-00:00,"12.94,13.2,13.25,12.91,8181108"
2026-05-06T07:50:00.000-00:00,"13.2,13.17,13.2,13.11,1091232"
2026-05-06T07:55:00.000-00:00,"13.16,13.19,13.23,13.16,1172825"
2026-05-06T08:00:00.000-00:00,"13.2,13.18,13.24,13.18,883563"
2026-05-06T08:05:00.000-00:00,"13.18,13.19,13.19,13.14,692140"
2026-05-06T08:10:00.000-00:00,"13.19,13.18,13.19,13.17,342788"
2026-05-06T08:15:00.000-00:00,"13.17,13.09,13.18,13.09,302435"
2026-05-06T08:20:00.000-00:00,"13.1,13.12,13.15,13.09,558617"
2026-05-06T08:25:00.000-00:00,"13.12,13.15,13.16,13.12,453410"
2026-05-06T08:30:00.000-00:00,"13.15,13.09,13.15,13.09,606025"
2026-05-06T08:35:00.000-00:00,"13.1,13.05,13.1,13.05,637653"
2026-05-06T08:40:00.000-00:00,"13.05,13.14,13.14,13.05,447923"
2026-05-06T08:45:00.000-00:00,"13.14,13.2,13.2,13.12,874512"
2026-05-06T08:50:00.000-00:00,"13.2,13.3,13.3,13.2,1594621"
2026-05-06T08:55:00.000-00:00,"13.3,13.3,13.36,13.25,924165"
2026-05-06T09:00:00.000-00:00,"13.32,13.39,13.39,13.31,604996"
2026-05-06T09:05:00.000-00:00,"13.38,13.2,13.39,13.17,1338219"
2026-05-06T09:10:00.000-00:00,"13.2,13.25,13.28,13.17,351038"
2026-05-06T09:15:00.000-00:00,"13.24,13.28,13.3,13.23,255445"
2026-05-06T09:20:00.000-00:00,"13.29,13.27,13.29,13.27,393119"
2026-05-06T09:25:00.000-00:00,"13.28,13.26,13.28,13.24,456159"
2026-05-06T09:30:00.000-00:00,"13.26,13.27,13.27,13.23,409185"
2026-05-06T09:35:00.000-00:00,"13.26,13.27,13.28,13.25,481095"
2026-05-06T09:40:00.000-00:00,"13.27,13.36,13.36,13.27,886963"
2026-05-06T09:45:00.000-00:00,"13.35,13.4,13.45,13.33,2368033"
2026-05-06T09:50:00.000-00:00,"13.4,13.29,13.4,13.28,671013"
2026-05-06T09:55:00.000-00:00,"13.29,13.36,13.39,13.29,146605"
2026-05-06T10:00:00.000-00:00,"13.35,13.27,13.36,13.27,652908"
2026-05-06T10:05:00.000-00:00,"13.27,13.29,13.29,13.25,452571"
2026-05-06T10:10:00.000-00:00,"13.28,13.32,13.32,13.27,324692"
2026-05-06T10:15:00.000-00:00,"13.32,13.33,13.37,13.32,703913"
2026-05-06T10:20:00.000-00:00,"13.33,13.3,13.33,13.29,701035"
2026-05-06T10:25:00.000-00:00,"13.3,13.3,13.3,13.15,1123339"
2026-05-06T10:30:00.000-00:00,"13.29,13.34,13.34,13.21,583480"
2026-05-06T10:35:00.000-00:00,"13.3,13.33,13.34,13.26,507715"
2026-05-06T10:40:00.000-00:00,"13.33,13.27,13.34,13.27,481791"
2026-05-06T10:45:00.000-00:00,"13.29,13.27,13.29,13.26,298930"
2026-05-06T10:50:00.000-00:00,"13.27,13.28,13.3,13.26,377434"
2026-05-06T10:55:00.000-00:00,"13.27,13.25,13.28,13.19,934946"
2026-05-06T11:00:00.000-00:00,"13.21,13.1,13.24,13.03,2152415"
2026-05-06T11:05:00.000-00:00,"13.1,13.26,13.26,13.1,1059392"
2026-05-06T11:10:00.000-00:00,"13.25,13.29,13.35,13.24,1907538"
2026-05-06T11:25:00.000-00:00,"13.3,13.3,13.3,13.3,1049151"
2026-05-10T07:00:00.000-00:00,"13.52,13.77,13.89,13.52,2647862"
2026-05-10T07:05:00.000-00:00,"13.75,13.79,13.86,13.7,1316854"
2026-05-10T07:10:00.000-00:00,"13.79,13.81,13.87,13.7,1367903"
2026-05-10T07:15:00.000-00:00,"13.85,14.04,14.09,13.82,5659262"
2026-05-10T07:20:00.000-00:00,"14.04,14.01,14.04,13.9,1614769"
2026-05-10T07:25:00.000-00:00,"14,14.45,14.5,14,3093446"
2026-05-10T07:30:00.000-00:00,"14.45,14.32,14.45,14.3,660858"
2026-05-10T07:35:00.000-00:00,"14.32,14.19,14.33,14.16,1227449"
2026-05-10T07:40:00.000-00:00,"14.19,14.25,14.25,14.02,2229892"
2026-05-10T07:45:00.000-00:00,"14.26,14.23,14.42,14.23,1241469"
2026-05-10T07:50:00.000-00:00,"14.25,14.27,14.3,14.25,265034"
2026-05-10T07:55:00.000-00:00,"14.28,14.3,14.3,14.2,1724992"
2026-05-10T08:00:00.000-00:00,"14.29,14.33,14.34,14.28,292544"
2026-05-10T08:05:00.000-00:00,"14.33,14.3,14.38,14.3,439012"
2026-05-10T08:10:00.000-00:00,"14.3,14.36,14.38,14.3,533578"
2026-05-10T08:15:00.000-00:00,"14.36,14.37,14.37,14.3,221403"
2026-05-10T08:20:00.000-00:00,"14.36,14.44,14.45,14.35,821407"
2026-05-10T08:25:00.000-00:00,"14.44,14.49,14.54,14.4,3844800"
2026-05-10T08:30:00.000-00:00,"14.47,14.44,14.49,14.4,829467"
2026-05-10T08:35:00.000-00:00,"14.44,14.55,14.55,14.41,2266295"
2026-05-10T08:40:00.000-00:00,"14.55,14.48,14.6,14.48,1528973"
2026-05-10T08:45:00.000-00:00,"14.48,14.34,14.48,14.3,1667608"
2026-05-10T08:50:00.000-00:00,"14.34,14.39,14.47,14.29,608962"
2026-05-10T08:55:00.000-00:00,"14.39,14.32,14.39,14.32,584550"
2026-05-10T09:00:00.000-00:00,"14.32,14.4,14.42,14.31,718314"
2026-05-10T09:05:00.000-00:00,"14.4,14.38,14.4,14.34,499917"
2026-05-10T09:10:00.000-00:00,"14.39,14.38,14.39,14.35,240835"
2026-05-10T09:15:00.000-00:00,"14.39,14.38,14.39,14.36,137999"
2026-05-10T09:20:00.000-00:00,"14.38,14.35,14.38,14.35,167361"
2026-05-10T09:25:00.000-00:00,"14.35,14.38,14.38,14.35,1560549"
2026-05-10T09:30:00.000-00:00,"14.38,14.38,14.38,14.35,293535"
2026-05-10T09:35:00.000-00:00,"14.38,14.39,14.45,14.38,2314612"
2026-05-10T09:40:00.000-00:00,"14.39,14.4,14.42,14.37,206922"
2026-05-10T09:45:00.000-00:00,"14.4,14.37,14.4,14.35,223662"
2026-05-10T09:50:00.000-00:00,"14.37,14.36,14.38,14.34,148178"
2026-05-10T09:55:00.000-00:00,"14.35,14.35,14.35,14.31,169653"
2026-05-10T10:00:00.000-00:00,"14.35,14.38,14.38,14.33,112891"
2026-05-10T10:05:00.000-00:00,"14.37,14.35,14.37,14.33,122892"
2026-05-10T10:10:00.000-00:00,"14.35,14.39,14.42,14.35,485922"
2026-05-10T10:15:00.000-00:00,"14.39,14.37,14.42,14.37,411089"
2026-05-10T10:20:00.000-00:00,"14.36,14.39,14.4,14.33,408124"
2026-05-10T10:25:00.000-00:00,"14.39,14.38,14.39,14.3,832716"
2026-05-10T10:30:00.000-00:00,"14.35,14.34,14.38,14.3,612729"
2026-05-10T10:35:00.000-00:00,"14.34,14.34,14.35,14.3,197189"
2026-05-10T10:40:00.000-00:00,"14.32,14.34,14.35,14.31,242707"
2026-05-10T10:45:00.000-00:00,"14.34,14.37,14.37,14.34,1029807"
2026-05-10T10:50:00.000-00:00,"14.38,14.5,14.54,14.37,2682018"
2026-05-10T10:55:00.000-00:00,"14.49,14.45,14.49,14.38,280697"
2026-05-10T11:00:00.000-00:00,"14.48,14.41,14.5,14.4,629360"
2026-05-10T11:05:00.000-00:00,"14.44,14.41,14.48,14.38,428264"
2026-05-10T11:10:00.000-00:00,"14.46,14.5,14.6,14.41,1613755"
2026-05-10T11:25:00.000-00:00,"14.41,14.41,14.41,14.41,1032277"
2026-05-11T07:00:00.000-00:00,"14.67,14.79,14.79,14.52,1088561"
2026-05-11T07:05:00.000-00:00,"14.79,14.88,14.99,14.76,2679286"
2026-05-11T07:10:00.000-00:00,"14.88,14.76,14.89,14.73,708766"
2026-05-11T07:15:00.000-00:00,"14.76,14.68,14.76,14.65,1553338"
2026-05-11T07:20:00.000-00:00,"14.68,14.58,14.68,14.57,757001"
2026-05-11T07:25:00.000-00:00,"14.57,14.55,14.6,14.46,1567050"
2026-05-11T07:30:00.000-00:00,"14.54,14.7,14.7,14.5,934593"
2026-05-11T07:35:00.000-00:00,"14.7,14.59,14.73,14.52,437433"
2026-05-11T07:40:00.000-00:00,"14.55,14.59,14.6,14.53,71241"
2026-05-11T07:45:00.000-00:00,"14.57,14.63,14.65,14.57,77213"
2026-05-11T07:50:00.000-00:00,"14.63,14.57,14.66,14.57,171210"
2026-05-11T07:55:00.000-00:00,"14.57,14.53,14.57,14.49,575278"
2026-05-11T08:00:00.000-00:00,"14.54,14.55,14.55,14.48,397841"
2026-05-11T08:05:00.000-00:00,"14.55,14.56,14.57,14.53,168540"
2026-05-11T08:10:00.000-00:00,"14.55,14.53,14.56,14.52,209699"
2026-05-11T08:15:00.000-00:00,"14.54,14.55,14.56,14.5,213887"
2026-05-11T08:20:00.000-00:00,"14.54,14.49,14.54,14.49,133450"
2026-05-11T08:25:00.000-00:00,"14.49,14.45,14.5,14.39,864331"
2026-05-11T08:30:00.000-00:00,"14.4,14.44,14.44,14.39,642263"
2026-05-11T08:35:00.000-00:00,"14.44,14.44,14.46,14.38,317623"
2026-05-11T08:40:00.000-00:00,"14.44,14.46,14.49,14.4,229173"
2026-05-11T08:45:00.000-00:00,"14.46,14.5,14.53,14.46,688724"
2026-05-11T08:50:00.000-00:00,"14.48,14.47,14.5,14.46,128020"
2026-05-11T08:55:00.000-00:00,"14.47,14.48,14.5,14.45,135153"
2026-05-11T09:00:00.000-00:00,"14.46,14.49,14.5,14.44,290580"
2026-05-11T09:05:00.000-00:00,"14.49,14.49,14.49,14.42,62056"
2026-05-11T09:10:00.000-00:00,"14.49,14.44,14.49,14.42,49890"
2026-05-11T09:15:00.000-00:00,"14.44,14.44,14.45,14.42,72963"
2026-05-11T09:20:00.000-00:00,"14.43,14.45,14.47,14.42,112654"
2026-05-11T09:25:00.000-00:00,"14.45,14.4,14.45,14.4,636295"
2026-05-11T09:30:00.000-00:00,"14.4,14.39,14.41,14.39,90388"
2026-05-11T09:35:00.000-00:00,"14.39,14.34,14.39,14.31,300368"
2026-05-11T09:40:00.000-00:00,"14.32,14.34,14.34,14.29,269667"
2026-05-11T09:45:00.000-00:00,"14.34,14.34,14.38,14.34,163432"
2026-05-11T09:50:00.000-00:00,"14.35,14.33,14.35,14.3,81153"
2026-05-11T09:55:00.000-00:00,"14.33,14.32,14.4,14.31,238657"
2026-05-11T10:00:00.000-00:00,"14.33,14.34,14.34,14.31,83541"
2026-05-11T10:05:00.000-00:00,"14.34,14.3,14.34,14.29,175592"
2026-05-11T10:10:00.000-00:00,"14.3,14.33,14.33,14.26,316152"
2026-05-11T10:15:00.000-00:00,"14.3,14.13,14.34,14.13,1563759"
2026-05-11T10:20:00.000-00:00,"14.2,14.13,14.2,14,2766099"
2026-05-11T10:25:00.000-00:00,"14.14,14.25,14.27,14.07,1045260"
2026-05-11T10:30:00.000-00:00,"14.25,14.18,14.25,14.15,195193"
2026-05-11T10:35:00.000-00:00,"14.18,14.28,14.29,14.15,644401"
2026-05-11T10:40:00.000-00:00,"14.29,14.3,14.3,14.16,804924"
2026-05-11T10:45:00.000-00:00,"14.3,14.3,14.3,14.2,356438"
2026-05-11T10:50:00.000-00:00,"14.27,14.25,14.3,14.19,591342"
2026-05-11T10:55:00.000-00:00,"14.25,14.34,14.35,14.23,689481"
2026-05-11T11:00:00.000-00:00,"14.35,14.35,14.47,14.3,1695138"
2026-05-11T11:05:00.000-00:00,"14.39,14.35,14.39,14.33,450672"
2026-05-11T11:10:00.000-00:00,"14.35,14.4,14.4,14.33,667499"
2026-05-11T11:15:00.000-00:00,"14.41,14.4,14.41,14.4,1321"
2026-05-11T11:25:00.000-00:00,"14.35,14.35,14.35,14.35,652511"
2026-05-12T07:00:00.000-00:00,"14.44,14.5,14.5,14.31,424140"
2026-05-12T07:05:00.000-00:00,"14.49,14.5,14.57,14.4,581770"
2026-05-12T07:10:00.000-00:00,"14.48,14.43,14.54,14.42,109720"
2026-05-12T07:15:00.000-00:00,"14.43,14.35,14.43,14.35,160911"
2026-05-12T07:20:00.000-00:00,"14.34,14.25,14.35,14.23,394665"
2026-05-12T07:25:00.000-00:00,"14.23,14.32,14.34,14.23,78209"
2026-05-12T07:30:00.000-00:00,"14.32,14.35,14.35,14.3,57404"
2026-05-12T07:35:00.000-00:00,"14.35,14.33,14.35,14.29,178700"
2026-05-12T07:40:00.000-00:00,"14.31,14.32,14.34,14.3,114879"
2026-05-12T07:45:00.000-00:00,"14.32,14.33,14.33,14.29,126192"
2026-05-12T07:50:00.000-00:00,"14.3,14.32,14.33,14.29,141733"
2026-05-12T07:55:00.000-00:00,"14.32,14.29,14.32,14.29,75560"
2026-05-12T08:00:00.000-00:00,"14.29,14.3,14.3,14.27,104958"
2026-05-12T08:05:00.000-00:00,"14.3,14.22,14.3,14.16,204826"
2026-05-12T08:10:00.000-00:00,"14.2,14.2,14.22,14.18,78919"
2026-05-12T08:15:00.000-00:00,"14.22,14.29,14.29,14.17,282608"
2026-05-12T08:20:00.000-00:00,"14.29,14.27,14.3,14.21,231884"
2026-05-12T08:25:00.000-00:00,"14.25,14.25,14.25,14.22,53892"
2026-05-12T08:30:00.000-00:00,"14.26,14.28,14.29,14.23,11698"
2026-05-12T08:35:00.000-00:00,"14.28,14.35,14.35,14.27,715103"
2026-05-12T08:40:00.000-00:00,"14.37,14.3,14.38,14.3,422174"
2026-05-12T08:45:00.000-00:00,"14.3,14.3,14.34,14.27,449310"
2026-05-12T08:50:00.000-00:00,"14.3,14.32,14.34,14.29,495271"
2026-05-12T08:55:00.000-00:00,"14.32,14.37,14.37,14.32,296299"
2026-05-12T09:00:00.000-00:00,"14.37,14.38,14.39,14.36,756915"
2026-05-12T09:05:00.000-00:00,"14.38,14.34,14.38,14.33,240567"
2026-05-12T09:10:00.000-00:00,"14.34,14.33,14.35,14.32,52073"
2026-05-12T09:15:00.000-00:00,"14.33,14.3,14.33,14.3,508641"
2026-05-12T09:20:00.000-00:00,"14.3,14.28,14.3,14.28,229472"
2026-05-12T09:25:00.000-00:00,"14.29,14.28,14.3,14.28,81064"
2026-05-12T09:30:00.000-00:00,"14.27,14.27,14.28,14.25,150756"
2026-05-12T09:35:00.000-00:00,"14.27,14.25,14.27,14.24,123149"
2026-05-12T09:40:00.000-00:00,"14.25,14.22,14.26,14.19,460718"
2026-05-12T09:45:00.000-00:00,"14.2,14.2,14.22,14.19,93254"
2026-05-12T09:50:00.000-00:00,"14.2,14.19,14.21,14.19,122947"
2026-05-12T09:55:00.000-00:00,"14.2,14.18,14.21,14.18,179195"
2026-05-12T10:00:00.000-00:00,"14.19,14.18,14.19,14.1,1363645"
2026-05-12T10:05:00.000-00:00,"14.17,14.1,14.17,14.09,346186"
2026-05-12T10:10:00.000-00:00,"14.1,14.09,14.13,14.05,443579"
2026-05-12T10:15:00.000-00:00,"14.09,14.1,14.13,14.07,703193"
2026-05-12T10:20:00.000-00:00,"14.1,14.1,14.11,14.08,211627"
2026-05-12T10:25:00.000-00:00,"14.1,14.1,14.11,14.08,381613"
2026-05-12T10:30:00.000-00:00,"14.1,14.04,14.1,14.02,932212"
2026-05-12T10:35:00.000-00:00,"14.04,13.98,14.07,13.92,2726375"
2026-05-12T10:40:00.000-00:00,"13.99,13.91,13.99,13.85,1921837"
2026-05-12T10:45:00.000-00:00,"13.9,13.96,13.97,13.9,663276"
2026-05-12T10:50:00.000-00:00,"13.96,13.97,13.99,13.91,768594"
2026-05-12T10:55:00.000-00:00,"13.97,13.96,13.98,13.91,261170"
2026-05-12T11:00:00.000-00:00,"13.95,13.98,14.01,13.95,895030"
2026-05-12T11:05:00.000-00:00,"13.97,14.05,14.05,13.95,1477694"
2026-05-12T11:10:00.000-00:00,"14.01,13.99,14.04,13.98,731835"
2026-05-12T11:25:00.000-00:00,"14,14,14,14,1603520"
2026-05-13T07:00:00.000-00:00,"14.13,14.13,14.16,14.04,589552"
2026-05-13T07:05:00.000-00:00,"14.13,14.03,14.15,14.02,769027"
2026-05-13T07:10:00.000-00:00,"14.09,13.94,14.09,13.91,632225"
2026-05-13T07:15:00.000-00:00,"13.99,13.92,13.99,13.92,462509"
2026-05-13T07:20:00.000-00:00,"13.94,13.93,13.95,13.9,869201"
2026-05-13T07:25:00.000-00:00,"13.93,13.89,13.97,13.87,824281"
2026-05-13T07:30:00.000-00:00,"13.9,13.86,13.9,13.84,473548"
2026-05-13T07:35:00.000-00:00,"13.86,14.04,14.1,13.86,2007372"
2026-05-13T07:40:00.000-00:00,"14.05,14.08,14.1,13.96,837073"
2026-05-13T07:45:00.000-00:00,"14.1,14,14.1,13.98,478407"
2026-05-13T07:50:00.000-00:00,"14,14.03,14.03,13.95,214826"
2026-05-13T07:55:00.000-00:00,"14.03,14.07,14.09,14,575011"
2026-05-13T08:00:00.000-00:00,"14.07,14.1,14.15,14.05,745820"
2026-05-13T08:05:00.000-00:00,"14.1,14.05,14.16,14.02,674645"
2026-05-13T08:10:00.000-00:00,"14.05,14.05,14.05,14,206427"
2026-05-13T08:15:00.000-00:00,"14.05,14.03,14.05,14,432431"
2026-05-13T08:20:00.000-00:00,"14.05,14.05,14.06,14.03,335282"
2026-05-13T08:25:00.000-00:00,"14.05,13.99,14.05,13.98,357460"
2026-05-13T08:30:00.000-00:00,"13.99,13.96,14,13.96,104471"
2026-05-13T08:35:00.000-00:00,"13.97,14.06,14.06,13.95,494139"
2026-05-13T08:40:00.000-00:00,"14.07,14.07,14.1,14.06,769810"
2026-05-13T08:45:00.000-00:00,"14.07,14.07,14.09,14.05,130475"
2026-05-13T08:50:00.000-00:00,"14.07,14.14,14.18,14.05,1159158"
2026-05-13T08:55:00.000-00:00,"14.15,14.18,14.29,14.14,1532653"
2026-05-13T09:00:00.000-00:00,"14.19,14.14,14.25,14.14,661700"
2026-05-13T09:05:00.000-00:00,"14.14,14.13,14.14,14.05,321562"
2026-05-13T09:10:00.000-00:00,"14.13,14.1,14.16,14.1,245207"
2026-05-13T09:15:00.000-00:00,"14.14,14.1,14.14,14.06,212700"
2026-05-13T09:20:00.000-00:00,"14.1,14.09,14.11,14.08,114290"
2026-05-13T09:25:00.000-00:00,"14.09,14.09,14.11,14.08,273220"
2026-05-13T09:30:00.000-00:00,"14.1,14.05,14.1,14.04,290901"
2026-05-13T09:35:00.000-00:00,"14.05,14.02,14.05,14.01,275306"
2026-05-13T09:40:00.000-00:00,"14.02,14.02,14.04,13.98,545112"
2026-05-13T09:45:00.000-00:00,"14,14.09,14.1,14,219486"
2026-05-13T09:50:00.000-00:00,"14.08,14.02,14.08,13.99,464778"
2026-05-13T09:55:00.000-00:00,"14.02,13.96,14.02,13.96,191940"
2026-05-13T10:00:00.000-00:00,"13.96,13.92,14,13.9,999751"
2026-05-13T10:05:00.000-00:00,"13.92,13.96,13.96,13.91,139466"
2026-05-13T10:10:00.000-00:00,"13.96,13.96,13.98,13.94,48818"
2026-05-13T10:15:00.000-00:00,"13.97,13.98,14,13.96,161326"
2026-05-13T10:20:00.000-00:00,"13.98,13.98,14,13.96,7682"
2026-05-13T10:25:00.000-00:00,"14,14.03,14.03,13.98,132786"
2026-05-13T10:30:00.000-00:00,"14.03,14.13,14.13,14.03,1239489"
2026-05-13T10:35:00.000-00:00,"14.14,14.15,14.22,14.1,2985141"
2026-05-13T10:40:00.000-00:00,"14.15,14.25,14.25,14.15,2168089"
2026-05-13T10:45:00.000-00:00,"14.23,14.32,14.35,14.23,2371239"
2026-05-13T10:50:00.000-00:00,"14.34,14.3,14.4,14.28,2733416"
2026-05-13T10:55:00.000-00:00,"14.29,14.25,14.3,14.22,409695"
2026-05-13T11:00:00.000-00:00,"14.23,14.26,14.3,14.22,425495"
2026-05-13T11:05:00.000-00:00,"14.28,14.31,14.32,14.24,774517"
2026-05-13T11:10:00.000-00:00,"14.3,14.37,14.37,14.29,643275"
2026-05-13T11:25:00.000-00:00,"14.3,14.3,14.3,14.3,1344282"
2026-05-14T07:00:00.000-00:00,"14.4,14.31,14.4,14.31,545099"
2026-05-14T07:05:00.000-00:00,"14.32,14.34,14.35,14.3,154466"
2026-05-14T07:10:00.000-00:00,"14.34,14.3,14.34,14.27,141302"
2026-05-14T07:15:00.000-00:00,"14.27,14.31,14.34,14.27,90293"
2026-05-14T07:20:00.000-00:00,"14.32,14.33,14.35,14.3,403268"
2026-05-14T07:25:00.000-00:00,"14.35,14.3,14.4,14.3,717913"
2026-05-14T07:30:00.000-00:00,"14.3,14.27,14.31,14.26,476494"
2026-05-14T07:35:00.000-00:00,"14.27,14.27,14.28,14.26,215694"
2026-05-14T07:40:00.000-00:00,"14.27,14.24,14.27,14.2,453985"
2026-05-14T07:45:00.000-00:00,"14.22,14.2,14.24,14.16,349099"
2026-05-14T07:50:00.000-00:00,"14.23,14.25,14.27,14.21,274354"
2026-05-14T07:55:00.000-00:00,"14.24,14.24,14.27,14.22,237218"
2026-05-14T08:00:00.000-00:00,"14.24,14.2,14.25,14.18,286682"
2026-05-14T08:05:00.000-00:00,"14.2,14.2,14.25,14.18,188562"
2026-05-14T08:10:00.000-00:00,"14.2,14.16,14.2,14.16,108589"
2026-05-14T08:15:00.000-00:00,"14.18,14.2,14.21,14.16,248574"
2026-05-14T08:20:00.000-00:00,"14.18,14.18,14.2,14.18,80703"
2026-05-14T08:25:00.000-00:00,"14.18,14.19,14.2,14.14,428816"
2026-05-14T08:30:00.000-00:00,"14.19,14.2,14.2,14.16,285603"
2026-05-14T08:35:00.000-00:00,"14.2,14.2,14.2,14.16,271065"
2026-05-14T08:40:00.000-00:00,"14.2,14.28,14.28,14.17,692597"
2026-05-14T08:45:00.000-00:00,"14.26,14.22,14.31,14.22,385575"
2026-05-14T08:50:00.000-00:00,"14.23,14.24,14.28,14.19,279467"
2026-05-14T08:55:00.000-00:00,"14.24,14.19,14.24,14.19,46053"
2026-05-14T09:00:00.000-00:00,"14.21,14.2,14.22,14.19,291816"
2026-05-14T09:05:00.000-00:00,"14.2,14.19,14.2,14.17,299861"
2026-05-14T09:10:00.000-00:00,"14.19,14.19,14.19,14.18,46030"
2026-05-14T09:15:00.000-00:00,"14.19,14.09,14.19,14.09,707664"
2026-05-14T09:20:00.000-00:00,"14.09,14.12,14.15,14.06,334143"
2026-05-14T09:25:00.000-00:00,"14.1,14.1,14.12,14.09,132745"
2026-05-14T09:30:00.000-00:00,"14.11,14.12,14.12,14.1,18005"
2026-05-14T09:35:00.000-00:00,"14.12,14.1,14.14,14.07,125175"
2026-05-14T09:40:00.000-00:00,"14.09,14.05,14.09,14,1316919"
2026-05-14T09:45:00.000-00:00,"14.01,14,14.05,13.99,1750002"
2026-05-14T09:50:00.000-00:00,"14,13.95,14,13.94,1035089"
2026-05-14T09:55:00.000-00:00,"13.95,13.99,14,13.94,414150"
2026-05-14T10:00:00.000-00:00,"13.99,13.94,14,13.92,472233"
2026-05-14T10:05:00.000-00:00,"13.94,13.97,13.98,13.94,186068"
2026-05-14T10:10:00.000-00:00,"13.97,14,14,13.95,166187"
2026-05-14T10:15:00.000-00:00,"13.96,13.95,13.98,13.94,146766"
2026-05-14T10:20:00.000-00:00,"13.95,13.97,14.04,13.95,814757"
2026-05-14T10:25:00.000-00:00,"13.97,13.99,13.99,13.94,263207"
2026-05-14T10:30:00.000-00:00,"13.99,13.95,13.99,13.95,197903"
2026-05-14T10:35:00.000-00:00,"13.95,14,14,13.94,135515"
2026-05-14T10:40:00.000-00:00,"13.97,13.99,14,13.96,504414"
2026-05-14T10:45:00.000-00:00,"13.99,13.95,13.99,13.94,406636"
2026-05-14T10:50:00.000-00:00,"13.95,13.94,13.95,13.87,1089700"
2026-05-14T10:55:00.000-00:00,"13.94,13.97,13.97,13.92,124873"
2026-05-14T11:00:00.000-00:00,"13.97,13.99,14,13.91,466394"
2026-05-14T11:05:00.000-00:00,"13.99,13.94,14,13.9,574591"
2026-05-14T11:10:00.000-00:00,"13.94,13.95,13.99,13.91,512696"
2026-05-14T11:25:00.000-00:00,"13.9,13.9,13.9,13.9,1369077"
2026-05-17T07:00:00.000-00:00,"13.85,13.75,13.95,13.75,752397"
2026-05-17T07:05:00.000-00:00,"13.75,13.75,13.8,13.51,772652"
2026-05-17T07:10:00.000-00:00,"13.77,13.75,13.77,13.67,587143"
2026-05-17T07:15:00.000-00:00,"13.75,13.7,13.77,13.66,771335"
2026-05-17T07:20:00.000-00:00,"13.71,13.7,13.72,13.66,694859"
2026-05-17T07:25:00.000-00:00,"13.67,13.83,13.84,13.67,481510"
2026-05-17T07:30:00.000-00:00,"13.83,13.8,13.84,13.77,807565"
2026-05-17T07:35:00.000-00:00,"13.8,13.81,13.82,13.75,177044"
2026-05-17T07:40:00.000-00:00,"13.81,13.74,13.81,13.72,422408"
2026-05-17T07:45:00.000-00:00,"13.74,13.8,13.8,13.73,318947"
2026-05-17T07:50:00.000-00:00,"13.77,13.9,13.91,13.77,1086816"
2026-05-17T07:55:00.000-00:00,"13.89,13.87,13.89,13.85,81150"
2026-05-17T08:00:00.000-00:00,"13.85,13.8,13.87,13.77,471541"
2026-05-17T08:05:00.000-00:00,"13.8,13.74,13.8,13.71,625053"
2026-05-17T08:10:00.000-00:00,"13.73,13.75,13.75,13.68,434893"
2026-05-17T08:15:00.000-00:00,"13.75,13.79,13.79,13.7,208290"
2026-05-17T08:20:00.000-00:00,"13.78,13.86,13.87,13.78,392387"
2026-05-17T08:25:00.000-00:00,"13.87,13.83,13.9,13.82,799931"
2026-05-17T08:30:00.000-00:00,"13.85,13.79,13.89,13.76,245092"
2026-05-17T08:35:00.000-00:00,"13.79,13.76,13.79,13.75,114339"
2026-05-17T08:40:00.000-00:00,"13.76,13.77,13.78,13.75,58608"
2026-05-17T08:45:00.000-00:00,"13.77,13.73,13.77,13.72,156571"
2026-05-17T08:50:00.000-00:00,"13.75,13.8,13.8,13.71,614166"
2026-05-17T08:55:00.000-00:00,"13.8,13.77,13.81,13.77,551868"
2026-05-17T09:00:00.000-00:00,"13.77,13.77,13.79,13.71,238529"
2026-05-17T09:05:00.000-00:00,"13.75,13.77,13.77,13.73,45458"
2026-05-17T09:10:00.000-00:00,"13.77,13.75,13.77,13.74,113124"
2026-05-17T09:15:00.000-00:00,"13.77,13.77,13.77,13.75,69409"
2026-05-17T09:20:00.000-00:00,"13.76,13.75,13.77,13.75,19252"
2026-05-17T09:25:00.000-00:00,"13.75,13.74,13.76,13.74,208030"
2026-05-17T09:30:00.000-00:00,"13.74,13.72,13.74,13.71,277543"
2026-05-17T09:35:00.000-00:00,"13.71,13.73,13.73,13.71,90913"
2026-05-17T09:40:00.000-00:00,"13.72,13.73,13.73,13.72,26978"
2026-05-17T09:45:00.000-00:00,"13.72,13.66,13.72,13.66,928441"
2026-05-17T09:50:00.000-00:00,"13.68,13.68,13.68,13.65,172735"
2026-05-17T09:55:00.000-00:00,"13.67,13.68,13.68,13.65,58537"
2026-05-17T10:00:00.000-00:00,"13.68,13.65,13.69,13.64,129678"
2026-05-17T10:05:00.000-00:00,"13.65,13.63,13.68,13.62,541758"
2026-05-17T10:10:00.000-00:00,"13.64,13.64,13.65,13.62,342209"
2026-05-17T10:15:00.000-00:00,"13.63,13.65,13.65,13.63,95518"
2026-05-17T10:20:00.000-00:00,"13.65,13.63,13.68,13.62,160671"
2026-05-17T10:25:00.000-00:00,"13.63,13.57,13.64,13.55,1013896"
2026-05-17T10:30:00.000-00:00,"13.57,13.56,13.57,13.55,288099"
2026-05-17T10:35:00.000-00:00,"13.55,13.6,13.6,13.55,434336"
2026-05-17T10:40:00.000-00:00,"13.59,13.53,13.64,13.53,348889"
2026-05-17T10:45:00.000-00:00,"13.53,13.53,13.54,13.47,1076221"
2026-05-17T10:50:00.000-00:00,"13.54,13.63,13.65,13.54,379159"
2026-05-17T10:55:00.000-00:00,"13.61,13.66,13.66,13.56,154611"
2026-05-17T11:00:00.000-00:00,"13.65,13.6,13.66,13.6,508893"
2026-05-17T11:05:00.000-00:00,"13.6,13.6,13.62,13.6,249886"
2026-05-17T11:10:00.000-00:00,"13.6,13.6,13.61,13.56,211643"
2026-05-17T11:15:00.000-00:00,"13.6,13.6,13.6,13.6,70"
2026-05-17T11:25:00.000-00:00,"13.54,13.54,13.54,13.54,1392251"
2026-05-18T07:00:00.000-00:00,"13.5,13.45,13.5,13.01,728462"
2026-05-18T07:05:00.000-00:00,"13.47,13.56,13.6,13.44,573990"
2026-05-18T07:10:00.000-00:00,"13.55,13.55,13.59,13.48,190811"
2026-05-18T07:15:00.000-00:00,"13.53,13.49,13.55,13.47,110839"
2026-05-18T07:20:00.000-00:00,"13.49,13.48,13.5,13.32,323586"
2026-05-18T07:25:00.000-00:00,"13.48,13.4,13.48,13.4,102451"
2026-05-18T07:30:00.000-00:00,"13.41,13.41,13.46,13.4,40570"
2026-05-18T07:35:00.000-00:00,"13.42,13.33,13.45,13.33,92788"
2026-05-18T07:40:00.000-00:00,"13.34,13.43,13.44,13.33,129770"
2026-05-18T07:45:00.000-00:00,"13.42,13.31,13.42,13.26,1075409"
2026-05-18T07:50:00.000-00:00,"13.33,13.36,13.4,13.32,426060"
2026-05-18T07:55:00.000-00:00,"13.4,13.4,13.42,13.35,429560"
2026-05-18T08:00:00.000-00:00,"13.4,13.46,13.46,13.38,711838"
2026-05-18T08:05:00.000-00:00,"13.46,13.44,13.47,13.38,743854"
2026-05-18T08:10:00.000-00:00,"13.44,13.45,13.45,13.41,77157"
2026-05-18T08:15:00.000-00:00,"13.43,13.43,13.45,13.42,31201"
2026-05-18T08:20:00.000-00:00,"13.43,13.47,13.47,13.4,359005"
2026-05-18T08:25:00.000-00:00,"13.46,13.48,13.49,13.46,158806"
2026-05-18T08:30:00.000-00:00,"13.48,13.47,13.5,13.45,293086"
2026-05-18T08:35:00.000-00:00,"13.47,13.64,13.64,13.47,1055143"
2026-05-18T08:40:00.000-00:00,"13.64,13.64,13.68,13.62,574410"
2026-05-18T08:45:00.000-00:00,"13.63,13.6,13.64,13.58,239390"
2026-05-18T08:50:00.000-00:00,"13.6,13.63,13.65,13.57,344110"
2026-05-18T08:55:00.000-00:00,"13.62,13.66,13.66,13.61,171608"
2026-05-18T09:00:00.000-00:00,"13.66,13.65,13.68,13.65,380843"
2026-05-18T09:05:00.000-00:00,"13.65,13.7,13.75,13.65,400094"
2026-05-18T09:10:00.000-00:00,"13.7,13.64,13.7,13.62,235761"
2026-05-18T09:15:00.000-00:00,"13.64,13.61,13.65,13.58,494415"
2026-05-18T09:20:00.000-00:00,"13.63,13.61,13.65,13.6,318375"
2026-05-18T09:25:00.000-00:00,"13.63,13.6,13.63,13.57,448623"
2026-05-18T09:30:00.000-00:00,"13.6,13.54,13.6,13.52,233268"
2026-05-18T09:35:00.000-00:00,"13.55,13.52,13.55,13.52,106616"
2026-05-18T09:40:00.000-00:00,"13.51,13.5,13.54,13.48,142668"
2026-05-18T09:45:00.000-00:00,"13.48,13.49,13.5,13.47,188838"
2026-05-18T09:50:00.000-00:00,"13.48,13.47,13.53,13.39,1318491"
2026-05-18T09:55:00.000-00:00,"13.45,13.41,13.45,13.41,18648"
2026-05-18T10:00:00.000-00:00,"13.43,13.44,13.44,13.4,213885"
2026-05-18T10:05:00.000-00:00,"13.44,13.4,13.44,13.34,497064"
2026-05-18T10:10:00.000-00:00,"13.4,13.4,13.45,13.4,232413"
2026-05-18T10:15:00.000-00:00,"13.4,13.4,13.44,13.39,421976"
2026-05-18T10:20:00.000-00:00,"13.41,13.38,13.41,13.32,119721"
2026-05-18T10:25:00.000-00:00,"13.38,13.28,13.38,13.22,841913"
2026-05-18T10:30:00.000-00:00,"13.28,13.35,13.36,13.25,629605"
2026-05-18T10:35:00.000-00:00,"13.36,13.3,13.36,13.28,603491"
2026-05-18T10:40:00.000-00:00,"13.29,13.2,13.29,13.17,1516118"
2026-05-18T10:45:00.000-00:00,"13.24,13.2,13.25,13.18,398317"
2026-05-18T10:50:00.000-00:00,"13.2,13.28,13.34,13.19,644882"
2026-05-18T10:55:00.000-00:00,"13.27,13.28,13.28,13.2,397452"
2026-05-18T11:00:00.000-00:00,"13.28,13.47,13.47,13.26,1642623"
2026-05-18T11:05:00.000-00:00,"13.41,13.4,13.45,13.38,965075"
2026-05-18T11:10:00.000-00:00,"13.37,13.38,13.4,13.35,154324"
2026-05-18T11:25:00.000-00:00,"13.47,13.47,13.47,13.47,628961"
2026-05-19T07:00:00.000-00:00,"13.7,13.79,13.94,13.55,1539056"
2026-05-19T07:05:00.000-00:00,"13.78,13.74,13.84,13.73,493257"
2026-05-19T07:10:00.000-00:00,"13.73,13.75,13.8,13.73,233530"
2026-05-19T07:15:00.000-00:00,"13.75,13.72,13.77,13.71,74909"
2026-05-19T07:20:00.000-00:00,"13.72,13.7,13.72,13.64,167374"
2026-05-19T07:25:00.000-00:00,"13.72,13.73,13.74,13.7,138425"
2026-05-19T07:30:00.000-00:00,"13.73,13.74,13.74,13.7,74936"
2026-05-19T07:35:00.000-00:00,"13.74,13.7,13.74,13.69,27621"
2026-05-19T07:40:00.000-00:00,"13.7,13.8,13.8,13.69,378638"
2026-05-19T07:45:00.000-00:00,"13.79,13.79,13.8,13.76,191261"
2026-05-19T07:50:00.000-00:00,"13.76,13.8,13.85,13.76,1343970"
2026-05-19T07:55:00.000-00:00,"13.8,13.85,13.85,13.77,392885"
2026-05-19T08:00:00.000-00:00,"13.85,13.8,13.85,13.8,52783"
2026-05-19T08:05:00.000-00:00,"13.83,13.8,13.83,13.77,683601"
2026-05-19T08:10:00.000-00:00,"13.8,13.83,13.83,13.77,436776"
2026-05-19T08:15:00.000-00:00,"13.83,13.82,13.86,13.82,495673"
2026-05-19T08:20:00.000-00:00,"13.83,13.84,13.86,13.82,423452"
2026-05-19T08:25:00.000-00:00,"13.83,13.82,13.83,13.8,143966"
2026-05-19T08:30:00.000-00:00,"13.82,13.83,13.83,13.81,33436"
2026-05-19T08:35:00.000-00:00,"13.83,13.8,13.83,13.8,1245499"
2026-05-19T08:40:00.000-00:00,"13.8,13.7,13.8,13.7,700706"
2026-05-19T08:45:00.000-00:00,"13.76,13.7,13.76,13.69,189626"
2026-05-19T08:50:00.000-00:00,"13.69,13.7,13.71,13.65,173630"
2026-05-19T08:55:00.000-00:00,"13.69,13.74,13.74,13.68,123358"
2026-05-19T09:00:00.000-00:00,"13.73,13.72,13.75,13.72,269272"
2026-05-19T09:05:00.000-00:00,"13.74,13.78,13.78,13.74,196069"
2026-05-19T09:10:00.000-00:00,"13.77,13.8,13.81,13.77,842159"
2026-05-19T09:15:00.000-00:00,"13.8,13.8,13.83,13.79,350866"
2026-05-19T09:20:00.000-00:00,"13.8,13.79,13.81,13.79,121324"
2026-05-19T09:25:00.000-00:00,"13.79,13.79,13.79,13.76,92961"
2026-05-19T09:30:00.000-00:00,"13.78,13.78,13.79,13.77,53438"
2026-05-19T09:35:00.000-00:00,"13.77,13.79,13.79,13.76,91816"
2026-05-19T09:40:00.000-00:00,"13.78,13.79,13.8,13.78,41092"
2026-05-19T09:45:00.000-00:00,"13.79,13.77,13.79,13.75,153946"
2026-05-19T09:50:00.000-00:00,"13.78,13.77,13.79,13.77,87675"
2026-05-19T09:55:00.000-00:00,"13.78,13.73,13.78,13.72,134878"
2026-05-19T10:00:00.000-00:00,"13.71,13.67,13.75,13.67,390776"
2026-05-19T10:05:00.000-00:00,"13.67,13.68,13.69,13.66,58097"
2026-05-19T10:10:00.000-00:00,"13.68,13.66,13.69,13.64,126437"
2026-05-19T10:15:00.000-00:00,"13.65,13.63,13.66,13.63,78612"
2026-05-19T10:20:00.000-00:00,"13.65,13.64,13.66,13.63,64621"
2026-05-19T10:25:00.000-00:00,"13.65,13.66,13.68,13.64,87670"
2026-05-19T10:30:00.000-00:00,"13.66,13.63,13.66,13.6,514594"
2026-05-19T10:35:00.000-00:00,"13.62,13.64,13.64,13.56,357796"
2026-05-19T10:40:00.000-00:00,"13.64,13.65,13.7,13.64,238266"
2026-05-19T10:45:00.000-00:00,"13.65,13.7,13.71,13.64,581847"
2026-05-19T10:50:00.000-00:00,"13.7,13.7,13.7,13.67,49747"
2026-05-19T10:55:00.000-00:00,"13.67,13.7,13.7,13.67,47136"
2026-05-19T11:00:00.000-00:00,"13.7,13.64,13.7,13.64,125249"
2026-05-19T11:05:00.000-00:00,"13.64,13.59,13.65,13.59,1415731"
2026-05-19T11:10:00.000-00:00,"13.58,13.61,13.63,13.58,310356"
2026-05-19T11:25:00.000-00:00,"13.69,13.69,13.69,13.69,839732"
2026-05-20T07:00:00.000-00:00,"13.76,13.73,13.76,13.7,167988"
2026-05-20T07:05:00.000-00:00,"13.74,13.75,13.78,13.73,75467"
2026-05-20T07:10:00.000-00:00,"13.74,13.69,13.74,13.67,200968"
2026-05-20T07:15:00.000-00:00,"13.69,13.74,13.74,13.68,422632"
2026-05-20T07:20:00.000-00:00,"13.74,13.82,13.85,13.74,1427020"
2026-05-20T07:25:00.000-00:00,"13.84,13.87,13.87,13.8,598013"
2026-05-20T07:30:00.000-00:00,"13.85,13.92,13.93,13.85,3850226"
2026-05-20T07:35:00.000-00:00,"13.91,13.94,13.95,13.9,959205"
2026-05-20T07:40:00.000-00:00,"13.94,13.9,13.97,13.9,667607"
2026-05-20T07:45:00.000-00:00,"13.91,13.83,13.91,13.83,148480"
2026-05-20T07:50:00.000-00:00,"13.83,13.84,13.9,13.81,309269"
2026-05-20T07:55:00.000-00:00,"13.84,13.84,13.85,13.81,816247"
2026-05-20T08:00:00.000-00:00,"13.84,13.83,13.84,13.83,4960"
2026-05-20T08:05:00.000-00:00,"13.83,13.81,13.84,13.81,180650"
2026-05-20T08:10:00.000-00:00,"13.81,13.81,13.82,13.81,369033"
2026-05-20T08:15:00.000-00:00,"13.82,13.77,13.82,13.77,711748"
2026-05-20T08:20:00.000-00:00,"13.8,13.8,13.82,13.78,467502"
2026-05-20T08:25:00.000-00:00,"13.82,13.79,13.83,13.78,184611"
2026-05-20T08:30:00.000-00:00,"13.8,13.82,13.83,13.8,67849"
2026-05-20T08:35:00.000-00:00,"13.82,13.84,13.85,13.8,860707"
2026-05-20T08:40:00.000-00:00,"13.84,13.88,13.89,13.83,763461"
2026-05-20T08:45:00.000-00:00,"13.88,13.83,13.88,13.8,397490"
2026-05-20T08:50:00.000-00:00,"13.83,13.75,13.85,13.75,612078"
2026-05-20T08:55:00.000-00:00,"13.76,13.79,13.8,13.72,51572"
2026-05-20T09:00:00.000-00:00,"13.79,13.78,13.79,13.76,21591"
2026-05-20T09:05:00.000-00:00,"13.76,13.79,13.79,13.74,43145"
2026-05-20T09:10:00.000-00:00,"13.79,13.79,13.79,13.75,50480"
2026-05-20T09:15:00.000-00:00,"13.76,13.77,13.8,13.76,7382"
2026-05-20T09:20:00.000-00:00,"13.79,13.8,13.8,13.77,59663"
2026-05-20T09:25:00.000-00:00,"13.8,13.8,13.8,13.8,13367"
2026-05-20T09:30:00.000-00:00,"13.8,13.79,13.8,13.76,47258"
2026-05-20T09:35:00.000-00:00,"13.79,13.79,13.8,13.79,6729"
2026-05-20T09:40:00.000-00:00,"13.79,13.79,13.8,13.78,12207"
2026-05-20T09:45:00.000-00:00,"13.77,13.8,13.8,13.77,39079"
2026-05-20T09:50:00.000-00:00,"13.8,13.79,13.8,13.75,81340"
2026-05-20T09:55:00.000-00:00,"13.79,13.7,13.8,13.7,186873"
2026-05-20T10:00:00.000-00:00,"13.7,13.79,13.8,13.7,171196"
2026-05-20T10:05:00.000-00:00,"13.79,13.78,13.79,13.7,142672"
2026-05-20T10:10:00.000-00:00,"13.78,13.74,13.78,13.74,33981"
2026-05-20T10:15:00.000-00:00,"13.75,13.77,13.8,13.74,177761"
2026-05-20T10:20:00.000-00:00,"13.77,13.77,13.8,13.7,886821"
2026-05-20T10:25:00.000-00:00,"13.77,13.75,13.78,13.7,74028"
2026-05-20T10:30:00.000-00:00,"13.74,13.75,13.78,13.72,164238"
2026-05-20T10:35:00.000-00:00,"13.77,13.7,13.77,13.7,355130"
2026-05-20T10:40:00.000-00:00,"13.7,13.68,13.73,13.68,139271"
2026-05-20T10:45:00.000-00:00,"13.68,13.65,13.7,13.64,160105"
2026-05-20T10:50:00.000-00:00,"13.64,13.66,13.69,13.62,397449"
2026-05-20T10:55:00.000-00:00,"13.67,13.65,13.68,13.64,74627"
2026-05-20T11:00:00.000-00:00,"13.64,13.59,13.65,13.59,583275"
2026-05-20T11:05:00.000-00:00,"13.59,13.6,13.6,13.55,143429"
2026-05-20T11:10:00.000-00:00,"13.59,13.42,13.59,13.42,475933"
2026-05-20T11:15:00.000-00:00,"13.5,13.42,13.5,13.42,6453"
2026-05-20T11:25:00.000-00:00,"13.4,13.4,13.4,13.4,1993895"
