Date,Message
2025-07-28T09:55:00.000-00:00,"12.3,12.27,12.3,12.27,1039"
2025-07-28T10:00:00.000-00:00,"12.29,12.27,12.29,12.27,456"
2025-07-28T10:05:00.000-00:00,"12.27,12.29,12.29,12.25,17269"
2025-07-28T10:10:00.000-00:00,"12.26,12.25,12.28,12.25,24290"
2025-07-28T10:15:00.000-00:00,"12.25,12.2,12.25,12.16,127490"
2025-07-28T10:20:00.000-00:00,"12.2,12.2,12.27,12.2,9237"
2025-07-28T10:25:00.000-00:00,"12.2,12.15,12.25,12.15,63067"
2025-07-28T10:30:00.000-00:00,"12.16,12.2,12.2,12.16,19702"
2025-07-28T10:35:00.000-00:00,"12.2,12.2,12.2,12.2,8404"
2025-07-28T10:40:00.000-00:00,"12.2,12.17,12.2,12.17,1425"
2025-07-28T10:45:00.000-00:00,"12.2,12.2,12.2,12.16,16530"
2025-07-28T10:50:00.000-00:00,"12.16,12.11,12.19,12.1,59367"
2025-07-28T10:55:00.000-00:00,"12.12,12.1,12.12,12.1,13750"
2025-07-28T11:00:00.000-00:00,"12.12,12.05,12.14,12.05,58819"
2025-07-28T11:05:00.000-00:00,"12.08,12.09,12.14,12.03,40717"
2025-07-28T11:10:00.000-00:00,"12.09,12.14,12.14,12.02,53006"
2025-07-28T11:25:00.000-00:00,"12.04,12.04,12.04,12.04,13189"
2025-07-29T07:00:00.000-00:00,"12.12,12.1,12.12,12.08,15441"
2025-07-29T07:05:00.000-00:00,"12.1,12.1,12.1,12.1,1000"
2025-07-29T07:10:00.000-00:00,"12.13,12.13,12.14,12.13,8973"
2025-07-29T07:15:00.000-00:00,"12.11,12.13,12.13,12.1,1483"
2025-07-29T07:20:00.000-00:00,"12.12,12.12,12.12,12.12,3681"
2025-07-29T07:25:00.000-00:00,"12.12,12.18,12.18,12.11,21223"
2025-07-29T07:30:00.000-00:00,"12.17,12.2,12.21,12.11,85408"
2025-07-29T07:35:00.000-00:00,"12.2,12.11,12.2,12.11,17158"
2025-07-29T07:40:00.000-00:00,"12.19,12.19,12.19,12.19,41"
2025-07-29T07:45:00.000-00:00,"12.19,12.19,12.19,12.19,300"
2025-07-29T07:55:00.000-00:00,"12.12,12.12,12.12,12.12,1850"
2025-07-29T08:00:00.000-00:00,"12.17,12.19,12.19,12.16,85777"
2025-07-29T08:05:00.000-00:00,"12.19,12.2,12.21,12.15,40025"
2025-07-29T08:10:00.000-00:00,"12.2,12.17,12.2,12.17,11047"
2025-07-29T08:15:00.000-00:00,"12.13,12.19,12.2,12.11,5083"
2025-07-29T08:20:00.000-00:00,"12.17,12.18,12.18,12.11,22261"
2025-07-29T08:30:00.000-00:00,"12.15,12.11,12.15,12.11,11087"
2025-07-29T08:35:00.000-00:00,"12.11,12.14,12.15,12.1,11822"
2025-07-29T08:40:00.000-00:00,"12.14,12.14,12.14,12.14,2553"
2025-07-29T08:45:00.000-00:00,"12.12,12.14,12.14,12.11,3170"
2025-07-29T08:50:00.000-00:00,"12.14,12.15,12.15,12.14,580"
2025-07-29T08:55:00.000-00:00,"12.15,12.15,12.15,12.15,200"
2025-07-29T09:00:00.000-00:00,"12.15,12.15,12.15,12.15,1860"
2025-07-29T09:05:00.000-00:00,"12.15,12.1,12.15,12.1,5487"
2025-07-29T09:10:00.000-00:00,"12.1,12.14,12.14,12.1,32000"
2025-07-29T09:15:00.000-00:00,"12.12,12.12,12.12,12.12,100"
2025-07-29T09:20:00.000-00:00,"12.12,12.12,12.14,12.12,910"
2025-07-29T09:25:00.000-00:00,"12.12,12.12,12.12,12.12,190"
2025-07-29T09:30:00.000-00:00,"12.14,12.14,12.14,12.14,92"
2025-07-29T09:35:00.000-00:00,"12.11,12.11,12.11,12.11,5000"
2025-07-29T09:40:00.000-00:00,"12.14,12.11,12.14,12.11,6736"
2025-07-29T09:45:00.000-00:00,"12.11,12.14,12.14,12.11,450"
2025-07-29T09:50:00.000-00:00,"12.14,12.14,12.14,12.14,75"
2025-07-29T09:55:00.000-00:00,"12.14,12.14,12.14,12.14,366"
2025-07-29T10:00:00.000-00:00,"12.11,12.14,12.14,12.09,16703"
2025-07-29T10:05:00.000-00:00,"12.1,12.1,12.1,12.1,1250"
2025-07-29T10:10:00.000-00:00,"12.1,12.1,12.1,12.09,3876"
2025-07-29T10:15:00.000-00:00,"12.1,12.07,12.1,12.07,21191"
2025-07-29T10:20:00.000-00:00,"12.07,12.1,12.1,12.07,6228"
2025-07-29T10:25:00.000-00:00,"12.1,12.1,12.1,12.1,50"
2025-07-29T10:30:00.000-00:00,"12.1,12.15,12.15,12.1,21048"
2025-07-29T10:35:00.000-00:00,"12.12,12.12,12.12,12.12,95"
2025-07-29T10:40:00.000-00:00,"12.14,12.12,12.14,12.12,692"
2025-07-29T10:45:00.000-00:00,"12.14,12.12,12.14,12.12,8000"
2025-07-29T10:50:00.000-00:00,"12.14,12.15,12.16,12.12,32789"
2025-07-29T10:55:00.000-00:00,"12.16,12.15,12.18,12.13,98225"
2025-07-29T11:00:00.000-00:00,"12.15,12.15,12.15,12.15,10030"
2025-07-29T11:05:00.000-00:00,"12.18,12.2,12.2,12.18,73527"
2025-07-29T11:10:00.000-00:00,"12.21,12.3,12.3,12.21,46509"
2025-07-29T11:25:00.000-00:00,"12.3,12.3,12.3,12.3,182343"
2025-07-30T07:00:00.000-00:00,"12.39,12.37,12.39,12.37,1367"
2025-07-30T07:05:00.000-00:00,"12.36,12.3,12.37,12.3,9237"
2025-07-30T07:10:00.000-00:00,"12.35,12.25,12.37,12.25,4802"
2025-07-30T07:15:00.000-00:00,"12.36,12.37,12.37,12.26,3874"
2025-07-30T07:20:00.000-00:00,"12.37,12.36,12.37,12.28,653"
2025-07-30T07:25:00.000-00:00,"12.28,12.28,12.28,12.28,280"
2025-07-30T07:30:00.000-00:00,"12.28,12.3,12.35,12.28,15296"
2025-07-30T07:35:00.000-00:00,"12.34,12.34,12.35,12.34,9776"
2025-07-30T07:40:00.000-00:00,"12.28,12.3,12.3,12.28,11620"
2025-07-30T07:45:00.000-00:00,"12.34,12.35,12.35,12.32,13850"
2025-07-30T07:50:00.000-00:00,"12.34,12.35,12.35,12.31,10626"
2025-07-30T07:55:00.000-00:00,"12.35,12.35,12.35,12.35,3011"
2025-07-30T08:00:00.000-00:00,"12.31,12.31,12.31,12.3,17214"
2025-07-30T08:05:00.000-00:00,"12.33,12.34,12.34,12.33,307"
2025-07-30T08:10:00.000-00:00,"12.31,12.34,12.34,12.31,508"
2025-07-30T08:15:00.000-00:00,"12.32,12.33,12.33,12.3,19939"
2025-07-30T08:20:00.000-00:00,"12.34,12.31,12.34,12.31,953"
2025-07-30T08:25:00.000-00:00,"12.34,12.31,12.34,12.31,8493"
2025-07-30T08:30:00.000-00:00,"12.32,12.36,12.36,12.32,22300"
2025-07-30T08:35:00.000-00:00,"12.36,12.31,12.37,12.31,4039"
2025-07-30T08:40:00.000-00:00,"12.31,12.3,12.31,12.3,33748"
2025-07-30T08:50:00.000-00:00,"12.36,12.32,12.37,12.31,12242"
2025-07-30T08:55:00.000-00:00,"12.32,12.3,12.32,12.3,14242"
2025-07-30T09:00:00.000-00:00,"12.29,12.29,12.29,12.28,1400"
2025-07-30T09:05:00.000-00:00,"12.29,12.3,12.3,12.29,629"
2025-07-30T09:10:00.000-00:00,"12.3,12.3,12.3,12.29,9000"
2025-07-30T09:15:00.000-00:00,"12.31,12.31,12.31,12.31,2150"
2025-07-30T09:20:00.000-00:00,"12.31,12.32,12.32,12.31,4761"
2025-07-30T09:25:00.000-00:00,"12.32,12.32,12.32,12.32,306"
2025-07-30T09:30:00.000-00:00,"12.32,12.32,12.32,12.31,2900"
2025-07-30T09:35:00.000-00:00,"12.35,12.35,12.36,12.31,7088"
2025-07-30T09:45:00.000-00:00,"12.32,12.33,12.34,12.3,22575"
2025-07-30T09:50:00.000-00:00,"12.33,12.3,12.33,12.3,30438"
2025-07-30T09:55:00.000-00:00,"12.3,12.3,12.3,12.3,22910"
2025-07-30T10:00:00.000-00:00,"12.28,12.26,12.32,12.26,35356"
2025-07-30T10:05:00.000-00:00,"12.26,12.29,12.29,12.25,25536"
2025-07-30T10:10:00.000-00:00,"12.25,12.18,12.25,12.18,19926"
2025-07-30T10:15:00.000-00:00,"12.2,12.2,12.2,12.19,23668"
2025-07-30T10:20:00.000-00:00,"12.19,12.13,12.19,12.13,56537"
2025-07-30T10:25:00.000-00:00,"12.13,12.1,12.13,12.1,49941"
2025-07-30T10:30:00.000-00:00,"12.11,12.1,12.11,12.1,40000"
2025-07-30T10:35:00.000-00:00,"12.1,12.12,12.15,12.1,11193"
2025-07-30T10:40:00.000-00:00,"12.15,12.15,12.15,12.15,9993"
2025-07-30T10:45:00.000-00:00,"12.15,12.13,12.15,12.13,18409"
2025-07-30T10:50:00.000-00:00,"12.15,12.1,12.15,12.1,25800"
2025-07-30T10:55:00.000-00:00,"12.1,12.1,12.1,12.09,5377"
2025-07-30T11:00:00.000-00:00,"12.09,12.09,12.1,12.05,41378"
2025-07-30T11:05:00.000-00:00,"12.1,12.02,12.1,12.02,47034"
2025-07-30T11:10:00.000-00:00,"12.03,11.87,12.09,11.87,135578"
2025-07-30T11:15:00.000-00:00,"12.02,12.14,12.14,11.9,6666"
2025-07-30T11:25:00.000-00:00,"11.9,11.9,11.9,11.9,24680"
2025-07-31T07:00:00.000-00:00,"12.04,12.04,12.04,12.03,7880"
2025-07-31T07:05:00.000-00:00,"12.03,12.05,12.05,12,14046"
2025-07-31T07:10:00.000-00:00,"12.04,12.01,12.04,12.01,333"
2025-07-31T07:15:00.000-00:00,"12.03,12,12.04,12,10050"
2025-07-31T07:20:00.000-00:00,"12,12.03,12.03,12,2029"
2025-07-31T07:25:00.000-00:00,"12.03,12.03,12.03,12.03,4094"
2025-07-31T07:30:00.000-00:00,"12.01,12.04,12.04,12.01,6470"
2025-07-31T07:35:00.000-00:00,"12.04,12.01,12.04,12.01,55"
2025-07-31T07:40:00.000-00:00,"12.04,12.04,12.04,12.04,400"
2025-07-31T07:45:00.000-00:00,"12.04,12.02,12.04,12.02,3093"
2025-07-31T07:50:00.000-00:00,"12.02,12.07,12.07,12.02,24623"
2025-07-31T07:55:00.000-00:00,"12.07,12.06,12.07,12.06,3032"
2025-07-31T08:00:00.000-00:00,"12.06,12.09,12.09,12.05,3004"
2025-07-31T08:05:00.000-00:00,"12.09,12.05,12.09,12.05,10326"
2025-07-31T08:10:00.000-00:00,"12.05,12.04,12.05,12.04,16972"
2025-07-31T08:15:00.000-00:00,"12.04,12.04,12.04,12.04,3"
2025-07-31T08:20:00.000-00:00,"12.04,12.01,12.04,11.99,29360"
2025-07-31T08:25:00.000-00:00,"12.01,12.03,12.03,12.01,1608"
2025-07-31T08:35:00.000-00:00,"12.01,12,12.01,12,8843"
2025-07-31T08:40:00.000-00:00,"11.99,11.99,11.99,11.99,839"
2025-07-31T08:45:00.000-00:00,"11.97,11.95,11.97,11.95,8562"
2025-07-31T08:50:00.000-00:00,"11.95,11.92,11.97,11.92,34480"
2025-07-31T08:55:00.000-00:00,"11.92,11.95,11.95,11.91,12887"
2025-07-31T09:00:00.000-00:00,"11.94,11.94,11.94,11.94,997"
2025-07-31T09:05:00.000-00:00,"12,12,12.01,11.92,6112"
2025-07-31T09:10:00.000-00:00,"12,11.93,12,11.93,30934"
2025-07-31T09:15:00.000-00:00,"11.99,12,12,11.99,6938"
2025-07-31T09:20:00.000-00:00,"12,12,12.01,12,34717"
2025-07-31T09:25:00.000-00:00,"11.96,12,12.01,11.96,16256"
2025-07-31T09:30:00.000-00:00,"12,12,12,11.98,16500"
2025-07-31T09:35:00.000-00:00,"12,11.99,12,11.99,1822"
2025-07-31T09:40:00.000-00:00,"11.99,12,12,11.92,25025"
2025-07-31T09:45:00.000-00:00,"11.99,11.99,11.99,11.99,2000"
2025-07-31T09:50:00.000-00:00,"11.99,12,12,11.97,14030"
2025-07-31T09:55:00.000-00:00,"12,12.02,12.03,12,13741"
2025-07-31T10:00:00.000-00:00,"12.02,12.07,12.07,12.02,29922"
2025-07-31T10:05:00.000-00:00,"12.07,12.02,12.1,12.02,1001"
2025-07-31T10:10:00.000-00:00,"12.05,12.1,12.1,12.03,17268"
2025-07-31T10:15:00.000-00:00,"12.1,12.1,12.1,12.1,5817"
2025-07-31T10:20:00.000-00:00,"12.1,12.1,12.1,12.1,1030"
2025-07-31T10:25:00.000-00:00,"12.1,12.1,12.1,12.1,6170"
2025-07-31T10:30:00.000-00:00,"12.1,12.1,12.12,12.02,20474"
2025-07-31T10:35:00.000-00:00,"12.12,12.1,12.12,12.1,8535"
2025-07-31T10:40:00.000-00:00,"12.1,12.1,12.1,12.1,18460"
2025-07-31T10:45:00.000-00:00,"12.1,12.1,12.11,12.1,851"
2025-07-31T10:50:00.000-00:00,"12.1,12.11,12.11,12.1,11101"
2025-07-31T10:55:00.000-00:00,"12.11,12.06,12.11,12.06,13709"
2025-07-31T11:00:00.000-00:00,"12.07,12.1,12.1,12.01,78808"
2025-07-31T11:05:00.000-00:00,"12.1,12.1,12.14,12.1,50494"
2025-07-31T11:10:00.000-00:00,"12.11,12.13,12.15,12.1,24840"
2025-07-31T11:25:00.000-00:00,"12.2,12.2,12.2,12.2,94975"
2025-08-03T07:00:00.000-00:00,"12.19,12.13,12.25,12.12,25316"
2025-08-03T07:05:00.000-00:00,"12.13,12.19,12.19,12.12,18089"
2025-08-03T07:10:00.000-00:00,"12.14,12.2,12.2,12.13,9368"
2025-08-03T07:15:00.000-00:00,"12.2,12.24,12.24,12.2,14038"
2025-08-03T07:20:00.000-00:00,"12.23,12.21,12.25,12.21,14380"
2025-08-03T07:25:00.000-00:00,"12.19,12.24,12.24,12.19,7019"
2025-08-03T07:30:00.000-00:00,"12.24,12.2,12.25,12.2,18685"
2025-08-03T07:35:00.000-00:00,"12.18,12.2,12.2,12.18,17832"
2025-08-03T07:40:00.000-00:00,"12.22,12.21,12.23,12.18,11463"
2025-08-03T07:45:00.000-00:00,"12.2,12.22,12.22,12.2,15623"
2025-08-03T07:50:00.000-00:00,"12.22,12.23,12.23,12.22,14238"
2025-08-03T07:55:00.000-00:00,"12.21,12.21,12.23,12.21,11544"
2025-08-03T08:00:00.000-00:00,"12.22,12.21,12.23,12.21,8467"
2025-08-03T08:05:00.000-00:00,"12.21,12.2,12.22,12.2,59430"
2025-08-03T08:10:00.000-00:00,"12.21,12.2,12.22,12.2,27836"
2025-08-03T08:15:00.000-00:00,"12.2,12.19,12.2,12.19,22700"
2025-08-03T08:20:00.000-00:00,"12.21,12.21,12.21,12.19,10092"
2025-08-03T08:25:00.000-00:00,"12.2,12.19,12.21,12.19,14206"
2025-08-03T08:30:00.000-00:00,"12.2,12.2,12.2,12.2,19325"
2025-08-03T08:35:00.000-00:00,"12.2,12.19,12.2,12.19,8911"
2025-08-03T08:40:00.000-00:00,"12.2,12.17,12.2,12.17,18365"
2025-08-03T08:45:00.000-00:00,"12.17,12.2,12.2,12.17,9486"
2025-08-03T08:50:00.000-00:00,"12.2,12.2,12.2,12.2,13206"
2025-08-03T08:55:00.000-00:00,"12.19,12.2,12.2,12.19,32887"
2025-08-03T09:00:00.000-00:00,"12.2,12.19,12.2,12.19,37501"
2025-08-03T09:05:00.000-00:00,"12.2,12.19,12.2,12.18,14610"
2025-08-03T09:10:00.000-00:00,"12.19,12.2,12.2,12.19,5173"
2025-08-03T09:15:00.000-00:00,"12.2,12.2,12.21,12.2,11252"
2025-08-03T09:20:00.000-00:00,"12.2,12.15,12.2,12.15,47248"
2025-08-03T09:25:00.000-00:00,"12.16,12.2,12.2,12.16,17101"
2025-08-03T09:30:00.000-00:00,"12.18,12.16,12.18,12.16,12900"
2025-08-03T09:35:00.000-00:00,"12.18,12.2,12.2,12.18,28613"
2025-08-03T09:40:00.000-00:00,"12.2,12.22,12.22,12.18,17659"
2025-08-03T09:45:00.000-00:00,"12.21,12.2,12.22,12.2,35224"
2025-08-03T09:50:00.000-00:00,"12.2,12.22,12.22,12.2,5798"
2025-08-03T09:55:00.000-00:00,"12.2,12.22,12.22,12.2,1759"
2025-08-03T10:00:00.000-00:00,"12.22,12.22,12.22,12.22,378"
2025-08-03T10:05:00.000-00:00,"12.21,12.19,12.22,12.19,36255"
2025-08-03T10:10:00.000-00:00,"12.2,12.22,12.22,12.2,3068"
2025-08-03T10:15:00.000-00:00,"12.2,12.21,12.22,12.2,4615"
2025-08-03T10:20:00.000-00:00,"12.21,12.21,12.21,12.21,880"
2025-08-03T10:25:00.000-00:00,"12.21,12.18,12.21,12.18,424"
2025-08-03T10:30:00.000-00:00,"12.19,12.2,12.2,12.19,69999"
2025-08-03T10:35:00.000-00:00,"12.2,12.17,12.22,12.17,22329"
2025-08-03T10:40:00.000-00:00,"12.2,12.2,12.2,12.2,22880"
2025-08-03T10:45:00.000-00:00,"12.18,12.2,12.2,12.18,51011"
2025-08-03T10:50:00.000-00:00,"12.17,12.2,12.22,12.17,11003"
2025-08-03T10:55:00.000-00:00,"12.2,12.18,12.21,12.18,28077"
2025-08-03T11:00:00.000-00:00,"12.2,12.21,12.21,12.19,70096"
2025-08-03T11:05:00.000-00:00,"12.21,12.21,12.22,12.2,19634"
2025-08-03T11:10:00.000-00:00,"12.2,12.3,12.34,12.2,151635"
2025-08-03T11:15:00.000-00:00,"12.34,12.35,12.35,12.34,8500"
2025-08-03T11:25:00.000-00:00,"12.35,12.35,12.35,12.35,118945"
2025-08-04T07:00:00.000-00:00,"12.35,12.36,12.41,12.35,3734"
2025-08-04T07:05:00.000-00:00,"12.4,12.36,12.41,12.36,12019"
2025-08-04T07:10:00.000-00:00,"12.41,12.37,12.41,12.35,23347"
2025-08-04T07:15:00.000-00:00,"12.37,12.39,12.39,12.36,22344"
2025-08-04T07:20:00.000-00:00,"12.39,12.4,12.49,12.39,87222"
2025-08-04T07:25:00.000-00:00,"12.47,12.55,12.55,12.47,230139"
2025-08-04T07:30:00.000-00:00,"12.54,12.53,12.58,12.53,44269"
2025-08-04T07:35:00.000-00:00,"12.53,12.53,12.53,12.5,31435"
2025-08-04T07:40:00.000-00:00,"12.51,12.5,12.53,12.49,22771"
2025-08-04T07:45:00.000-00:00,"12.5,12.5,12.55,12.49,72791"
2025-08-04T07:50:00.000-00:00,"12.55,12.55,12.56,12.55,60046"
2025-08-04T07:55:00.000-00:00,"12.56,12.57,12.57,12.55,18546"
2025-08-04T08:00:00.000-00:00,"12.56,12.59,12.59,12.56,33210"
2025-08-04T08:05:00.000-00:00,"12.59,12.56,12.6,12.56,67279"
2025-08-04T08:10:00.000-00:00,"12.57,12.53,12.57,12.53,34452"
2025-08-04T08:15:00.000-00:00,"12.53,12.52,12.55,12.52,21945"
2025-08-04T08:20:00.000-00:00,"12.52,12.54,12.54,12.5,10752"
2025-08-04T08:25:00.000-00:00,"12.5,12.5,12.53,12.5,6364"
2025-08-04T08:30:00.000-00:00,"12.48,12.51,12.51,12.46,17508"
2025-08-04T08:35:00.000-00:00,"12.46,12.51,12.51,12.46,5887"
2025-08-04T08:40:00.000-00:00,"12.51,12.51,12.51,12.51,1000"
2025-08-04T08:45:00.000-00:00,"12.53,12.54,12.54,12.53,4400"
2025-08-04T08:50:00.000-00:00,"12.53,12.55,12.55,12.51,45781"
2025-08-04T08:55:00.000-00:00,"12.55,12.56,12.61,12.55,126872"
2025-08-04T09:00:00.000-00:00,"12.59,12.58,12.6,12.57,27818"
2025-08-04T09:05:00.000-00:00,"12.6,12.58,12.61,12.58,27913"
2025-08-04T09:10:00.000-00:00,"12.58,12.6,12.61,12.58,49034"
2025-08-04T09:15:00.000-00:00,"12.6,12.58,12.6,12.57,27276"
2025-08-04T09:20:00.000-00:00,"12.57,12.55,12.58,12.53,42126"
2025-08-04T09:25:00.000-00:00,"12.55,12.54,12.57,12.54,24147"
2025-08-04T09:30:00.000-00:00,"12.54,12.54,12.6,12.53,70540"
2025-08-04T09:35:00.000-00:00,"12.54,12.58,12.58,12.54,15292"
2025-08-04T09:40:00.000-00:00,"12.58,12.54,12.58,12.54,3000"
2025-08-04T09:45:00.000-00:00,"12.55,12.59,12.59,12.55,29877"
2025-08-04T09:50:00.000-00:00,"12.57,12.65,12.65,12.56,96666"
2025-08-04T09:55:00.000-00:00,"12.65,12.61,12.65,12.6,75781"
2025-08-04T10:00:00.000-00:00,"12.61,12.63,12.63,12.6,67531"
2025-08-04T10:05:00.000-00:00,"12.63,12.7,12.73,12.61,210202"
2025-08-04T10:10:00.000-00:00,"12.7,12.71,12.76,12.7,138100"
2025-08-04T10:15:00.000-00:00,"12.75,12.73,12.8,12.73,140378"
2025-08-04T10:20:00.000-00:00,"12.73,12.78,12.78,12.73,44918"
2025-08-04T10:25:00.000-00:00,"12.78,12.76,12.79,12.73,103009"
2025-08-04T10:30:00.000-00:00,"12.76,12.78,12.79,12.76,92907"
2025-08-04T10:35:00.000-00:00,"12.77,12.75,12.77,12.72,85559"
2025-08-04T10:40:00.000-00:00,"12.77,12.72,12.78,12.72,102832"
2025-08-04T10:45:00.000-00:00,"12.72,12.73,12.77,12.7,104091"
2025-08-04T10:50:00.000-00:00,"12.72,12.75,12.75,12.72,78476"
2025-08-04T10:55:00.000-00:00,"12.75,12.72,12.76,12.72,190296"
2025-08-04T11:00:00.000-00:00,"12.75,12.81,12.81,12.75,228484"
2025-08-04T11:05:00.000-00:00,"12.81,12.8,12.82,12.8,138888"
2025-08-04T11:10:00.000-00:00,"12.8,12.84,12.85,12.8,193767"
2025-08-04T11:25:00.000-00:00,"12.84,12.84,12.84,12.84,122839"
2025-08-05T07:00:00.000-00:00,"12.84,12.87,12.87,12.76,50898"
2025-08-05T07:05:00.000-00:00,"12.81,12.85,12.87,12.81,5328"
2025-08-05T07:10:00.000-00:00,"12.84,12.85,12.87,12.81,17506"
2025-08-05T07:15:00.000-00:00,"12.85,12.81,12.87,12.81,10518"
2025-08-05T07:20:00.000-00:00,"12.81,12.81,12.81,12.81,16400"
2025-08-05T07:25:00.000-00:00,"12.81,12.76,12.84,12.76,18323"
2025-08-05T07:30:00.000-00:00,"12.76,12.79,12.79,12.68,44119"
2025-08-05T07:35:00.000-00:00,"12.79,12.75,12.8,12.75,2128"
2025-08-05T07:40:00.000-00:00,"12.76,12.75,12.79,12.75,9314"
2025-08-05T07:45:00.000-00:00,"12.79,12.79,12.8,12.79,6485"
2025-08-05T07:50:00.000-00:00,"12.78,12.75,12.79,12.75,3900"
2025-08-05T07:55:00.000-00:00,"12.75,12.72,12.75,12.72,27667"
2025-08-05T08:00:00.000-00:00,"12.74,12.72,12.77,12.72,74884"
2025-08-05T08:05:00.000-00:00,"12.76,12.73,12.76,12.73,7938"
2025-08-05T08:10:00.000-00:00,"12.75,12.77,12.77,12.73,9819"
2025-08-05T08:15:00.000-00:00,"12.76,12.73,12.76,12.72,20050"
2025-08-05T08:20:00.000-00:00,"12.72,12.65,12.72,12.63,40748"
2025-08-05T08:25:00.000-00:00,"12.66,12.69,12.69,12.65,11889"
2025-08-05T08:30:00.000-00:00,"12.68,12.68,12.68,12.68,9229"
2025-08-05T08:35:00.000-00:00,"12.69,12.65,12.69,12.65,9294"
2025-08-05T08:40:00.000-00:00,"12.65,12.65,12.66,12.65,10000"
2025-08-05T08:45:00.000-00:00,"12.67,12.72,12.73,12.67,79866"
2025-08-05T08:50:00.000-00:00,"12.75,12.75,12.75,12.75,2365"
2025-08-05T08:55:00.000-00:00,"12.75,12.7,12.75,12.7,33103"
2025-08-05T09:00:00.000-00:00,"12.7,12.72,12.75,12.7,6356"
2025-08-05T09:05:00.000-00:00,"12.75,12.76,12.76,12.75,7481"
2025-08-05T09:15:00.000-00:00,"12.75,12.75,12.75,12.75,2667"
2025-08-05T09:20:00.000-00:00,"12.75,12.75,12.75,12.73,6864"
2025-08-05T09:25:00.000-00:00,"12.73,12.73,12.73,12.73,82"
2025-08-05T09:30:00.000-00:00,"12.75,12.75,12.75,12.75,5"
2025-08-05T09:35:00.000-00:00,"12.74,12.75,12.75,12.72,6599"
2025-08-05T09:40:00.000-00:00,"12.74,12.73,12.74,12.73,7500"
2025-08-05T09:45:00.000-00:00,"12.73,12.75,12.75,12.73,21547"
2025-08-05T09:50:00.000-00:00,"12.75,12.72,12.75,12.72,71922"
2025-08-05T09:55:00.000-00:00,"12.73,12.73,12.73,12.73,100"
2025-08-05T10:00:00.000-00:00,"12.75,12.75,12.75,12.74,34591"
2025-08-05T10:05:00.000-00:00,"12.75,12.75,12.76,12.75,58088"
2025-08-05T10:10:00.000-00:00,"12.75,12.76,12.76,12.75,9977"
2025-08-05T10:15:00.000-00:00,"12.75,12.75,12.76,12.75,72502"
2025-08-05T10:20:00.000-00:00,"12.75,12.75,12.76,12.75,25856"
2025-08-05T10:25:00.000-00:00,"12.74,12.85,12.85,12.74,185271"
2025-08-05T10:30:00.000-00:00,"12.8,12.86,12.86,12.8,263916"
2025-08-05T10:35:00.000-00:00,"12.87,13,13.1,12.87,1075934"
2025-08-05T10:40:00.000-00:00,"13.03,13,13.09,13,206801"
2025-08-05T10:45:00.000-00:00,"13,12.96,13.04,12.95,98649"
2025-08-05T10:50:00.000-00:00,"12.96,12.95,13,12.91,152165"
2025-08-05T10:55:00.000-00:00,"12.95,12.99,13,12.94,28816"
2025-08-05T11:00:00.000-00:00,"12.95,12.96,13,12.95,58953"
2025-08-05T11:05:00.000-00:00,"12.96,12.95,12.99,12.95,36793"
2025-08-05T11:10:00.000-00:00,"12.95,12.99,13,12.94,129434"
2025-08-05T11:15:00.000-00:00,"12.99,12.99,12.99,12.99,3000"
2025-08-05T11:25:00.000-00:00,"13,13,13,13,110286"
2025-08-06T07:00:00.000-00:00,"13,13,13,12.92,103028"
2025-08-06T07:05:00.000-00:00,"13,12.99,13,12.93,23496"
2025-08-06T07:15:00.000-00:00,"12.94,12.96,12.96,12.9,49550"
2025-08-06T07:20:00.000-00:00,"12.95,12.95,12.96,12.95,2958"
2025-08-06T07:25:00.000-00:00,"12.96,12.9,12.96,12.9,64564"
2025-08-06T07:30:00.000-00:00,"12.9,12.94,12.94,12.9,4902"
2025-08-06T07:35:00.000-00:00,"12.9,12.88,12.9,12.87,20538"
2025-08-06T07:40:00.000-00:00,"12.88,12.9,12.9,12.88,17423"
2025-08-06T07:45:00.000-00:00,"12.9,12.9,12.9,12.87,33440"
2025-08-06T07:50:00.000-00:00,"12.87,12.91,12.91,12.86,13645"
2025-08-06T07:55:00.000-00:00,"12.93,12.87,12.93,12.87,988"
2025-08-06T08:00:00.000-00:00,"12.87,12.91,12.91,12.87,7811"
2025-08-06T08:05:00.000-00:00,"12.9,12.92,12.92,12.88,17799"
2025-08-06T08:10:00.000-00:00,"12.92,12.9,12.92,12.9,21898"
2025-08-06T08:15:00.000-00:00,"12.92,12.94,12.95,12.92,27623"
2025-08-06T08:20:00.000-00:00,"12.95,12.97,12.97,12.9,23130"
2025-08-06T08:25:00.000-00:00,"12.91,12.92,12.97,12.91,9250"
2025-08-06T08:30:00.000-00:00,"12.92,13,13,12.92,180721"
2025-08-06T08:35:00.000-00:00,"13.03,13.04,13.05,13.02,41468"
2025-08-06T08:40:00.000-00:00,"13.04,13,13.05,13,55443"
2025-08-06T08:45:00.000-00:00,"13.01,13,13.04,13,75284"
2025-08-06T08:50:00.000-00:00,"13.01,13,13.04,13,94653"
2025-08-06T08:55:00.000-00:00,"13,12.94,13,12.94,31400"
2025-08-06T09:00:00.000-00:00,"12.94,12.96,12.96,12.94,6087"
2025-08-06T09:05:00.000-00:00,"12.96,13,13,12.96,33405"
2025-08-06T09:10:00.000-00:00,"13,13,13,12.98,39625"
2025-08-06T09:15:00.000-00:00,"12.98,12.96,12.98,12.96,967"
2025-08-06T09:20:00.000-00:00,"12.96,13,13,12.96,20786"
2025-08-06T09:25:00.000-00:00,"13,12.96,13,12.96,54464"
2025-08-06T09:30:00.000-00:00,"13,12.96,13,12.96,17966"
2025-08-06T09:35:00.000-00:00,"12.96,12.95,12.96,12.95,9880"
2025-08-06T09:40:00.000-00:00,"12.95,12.92,12.95,12.92,38576"
2025-08-06T09:45:00.000-00:00,"12.95,12.91,12.95,12.91,27956"
2025-08-06T09:50:00.000-00:00,"12.93,12.91,12.93,12.91,22837"
2025-08-06T09:55:00.000-00:00,"12.91,12.91,12.99,12.9,52444"
2025-08-06T10:00:00.000-00:00,"12.95,13,13,12.92,75428"
2025-08-06T10:05:00.000-00:00,"13,12.92,13,12.92,17062"
2025-08-06T10:10:00.000-00:00,"12.94,12.95,12.95,12.92,15599"
2025-08-06T10:15:00.000-00:00,"12.96,13,13,12.96,27750"
2025-08-06T10:20:00.000-00:00,"12.96,12.97,12.97,12.96,949"
2025-08-06T10:25:00.000-00:00,"12.96,12.95,12.96,12.95,9465"
2025-08-06T10:30:00.000-00:00,"12.95,12.99,12.99,12.93,35397"
2025-08-06T10:35:00.000-00:00,"12.99,12.95,13,12.95,18451"
2025-08-06T10:40:00.000-00:00,"12.97,12.95,12.99,12.95,4788"
2025-08-06T10:45:00.000-00:00,"12.95,13,13,12.95,30768"
2025-08-06T10:50:00.000-00:00,"13,13,13,12.96,17649"
2025-08-06T10:55:00.000-00:00,"12.96,13,13,12.96,167844"
2025-08-06T11:00:00.000-00:00,"12.97,12.99,12.99,12.96,33585"
2025-08-06T11:05:00.000-00:00,"12.99,12.98,13,12.98,158375"
2025-08-06T11:10:00.000-00:00,"12.98,13,13.05,12.95,602566"
2025-08-06T11:25:00.000-00:00,"13,13,13,13,57246"
2025-08-07T07:00:00.000-00:00,"13,13,13.1,12.96,11448"
2025-08-07T07:05:00.000-00:00,"13.08,13.08,13.08,13.08,433"
2025-08-07T07:10:00.000-00:00,"13.05,13.05,13.1,13.04,24128"
2025-08-07T07:15:00.000-00:00,"13.05,13.12,13.15,13.05,208950"
2025-08-07T07:20:00.000-00:00,"13.12,13.12,13.12,13.1,33686"
2025-08-07T07:25:00.000-00:00,"13.12,13.1,13.13,13.1,23776"
2025-08-07T07:30:00.000-00:00,"13.11,13.1,13.11,13.1,30005"
2025-08-07T07:35:00.000-00:00,"13.1,13.11,13.12,13.1,23257"
2025-08-07T07:40:00.000-00:00,"13.12,13.11,13.12,13.1,50551"
2025-08-07T07:45:00.000-00:00,"13.11,13.11,13.12,13.1,25128"
2025-08-07T07:50:00.000-00:00,"13.11,13.11,13.12,13.1,11656"
2025-08-07T07:55:00.000-00:00,"13.1,13.12,13.12,13.09,41125"
2025-08-07T08:00:00.000-00:00,"13.1,13.12,13.12,13.1,5931"
2025-08-07T08:05:00.000-00:00,"13.12,13.1,13.12,13.1,4053"
2025-08-07T08:10:00.000-00:00,"13.1,13.11,13.11,13.1,1729"
2025-08-07T08:15:00.000-00:00,"13.1,13.1,13.11,13.1,3744"
2025-08-07T08:20:00.000-00:00,"13.1,13.11,13.11,13.09,46386"
2025-08-07T08:25:00.000-00:00,"13.11,13.09,13.11,13.09,42055"
2025-08-07T08:30:00.000-00:00,"13.1,13.1,13.1,13.1,35673"
2025-08-07T08:35:00.000-00:00,"13.1,13.1,13.11,13.1,11486"
2025-08-07T08:40:00.000-00:00,"13.11,13.1,13.11,13.1,11227"
2025-08-07T08:45:00.000-00:00,"13.1,13.1,13.11,13.08,49732"
2025-08-07T08:50:00.000-00:00,"13.1,13.1,13.1,13.1,56000"
2025-08-07T08:55:00.000-00:00,"13.1,13.1,13.11,13.1,4472"
2025-08-07T09:00:00.000-00:00,"13.1,13.1,13.1,13.1,1424"
2025-08-07T09:05:00.000-00:00,"13.1,13.1,13.1,13.1,37240"
2025-08-07T09:10:00.000-00:00,"13.11,13.11,13.11,13.11,9239"
2025-08-07T09:20:00.000-00:00,"13.13,13.15,13.15,13.13,63536"
2025-08-07T09:25:00.000-00:00,"13.15,13.23,13.23,13.15,147116"
2025-08-07T09:30:00.000-00:00,"13.23,13.2,13.23,13.1,38272"
2025-08-07T09:35:00.000-00:00,"13.13,13.14,13.14,13.13,1744"
2025-08-07T09:40:00.000-00:00,"13.14,13.2,13.24,13.13,51815"
2025-08-07T09:45:00.000-00:00,"13.2,13.22,13.22,13.14,2687"
2025-08-07T09:50:00.000-00:00,"13.2,13.21,13.25,13.2,249599"
2025-08-07T09:55:00.000-00:00,"13.21,13.2,13.29,13.2,106031"
2025-08-07T10:00:00.000-00:00,"13.2,13.23,13.23,13.2,46881"
2025-08-07T10:05:00.000-00:00,"13.24,13.25,13.31,13.24,248119"
2025-08-07T10:10:00.000-00:00,"13.3,13.3,13.3,13.26,37064"
2025-08-07T10:15:00.000-00:00,"13.3,13.34,13.34,13.3,76627"
2025-08-07T10:20:00.000-00:00,"13.33,13.31,13.34,13.3,30538"
2025-08-07T10:25:00.000-00:00,"13.33,13.36,13.36,13.33,142421"
2025-08-07T10:30:00.000-00:00,"13.37,13.35,13.38,13.35,34261"
2025-08-07T10:35:00.000-00:00,"13.38,13.44,13.44,13.35,211187"
2025-08-07T10:40:00.000-00:00,"13.44,13.41,13.44,13.4,168915"
2025-08-07T10:45:00.000-00:00,"13.43,13.5,13.7,13.41,722421"
2025-08-07T10:50:00.000-00:00,"13.53,13.53,13.59,13.45,159696"
2025-08-07T10:55:00.000-00:00,"13.51,13.65,13.66,13.51,145583"
2025-08-07T11:00:00.000-00:00,"13.65,13.73,13.8,13.55,795690"
2025-08-07T11:05:00.000-00:00,"13.8,14,14,13.75,807703"
2025-08-07T11:10:00.000-00:00,"13.93,13.99,14,13.78,801565"
2025-08-07T11:25:00.000-00:00,"13.82,13.82,13.82,13.82,1292661"
2025-08-10T07:00:00.000-00:00,"13.91,14.26,14.3,13.91,787032"
2025-08-10T07:05:00.000-00:00,"14.26,14.2,14.29,14.16,155069"
2025-08-10T07:10:00.000-00:00,"14.2,14.19,14.2,14,367998"
2025-08-10T07:15:00.000-00:00,"14.19,14.17,14.2,14.1,104934"
2025-08-10T07:20:00.000-00:00,"14.15,14.1,14.17,14.09,95636"
2025-08-10T07:25:00.000-00:00,"14.1,14.16,14.16,14.1,71834"
2025-08-10T07:30:00.000-00:00,"14.16,14.16,14.17,14.11,109505"
2025-08-10T07:35:00.000-00:00,"14.16,14.2,14.27,14.12,794796"
2025-08-10T07:40:00.000-00:00,"14.2,14.17,14.2,14.16,55711"
2025-08-10T07:45:00.000-00:00,"14.17,14.24,14.25,14.1,441462"
2025-08-10T07:50:00.000-00:00,"14.24,14.05,14.24,14.05,215611"
2025-08-10T07:55:00.000-00:00,"14.1,14.08,14.14,14,272265"
2025-08-10T08:00:00.000-00:00,"14.08,14.03,14.08,14.03,112960"
2025-08-10T08:05:00.000-00:00,"14.03,14,14.04,13.98,129139"
2025-08-10T08:10:00.000-00:00,"13.98,13.99,14,13.98,21997"
2025-08-10T08:15:00.000-00:00,"13.99,13.99,14.03,13.98,45858"
2025-08-10T08:20:00.000-00:00,"13.99,13.98,13.99,13.98,19495"
2025-08-10T08:25:00.000-00:00,"13.98,13.94,13.98,13.92,115026"
2025-08-10T08:30:00.000-00:00,"13.95,13.95,13.95,13.9,145976"
2025-08-10T08:35:00.000-00:00,"13.95,13.95,13.95,13.91,57475"
2025-08-10T08:40:00.000-00:00,"13.95,13.95,13.95,13.91,42764"
2025-08-10T08:45:00.000-00:00,"13.93,13.93,13.95,13.92,45415"
2025-08-10T08:50:00.000-00:00,"13.95,13.89,13.95,13.89,199865"
2025-08-10T08:55:00.000-00:00,"13.88,13.89,13.93,13.88,36586"
2025-08-10T09:00:00.000-00:00,"13.9,13.9,13.95,13.9,137394"
2025-08-10T09:05:00.000-00:00,"13.92,13.9,13.94,13.9,211747"
2025-08-10T09:10:00.000-00:00,"13.9,13.91,13.97,13.89,70122"
2025-08-10T09:15:00.000-00:00,"13.93,13.97,13.98,13.93,4755"
2025-08-10T09:20:00.000-00:00,"13.95,13.92,13.98,13.9,34698"
2025-08-10T09:25:00.000-00:00,"13.91,13.97,13.97,13.91,13340"
2025-08-10T09:30:00.000-00:00,"13.98,14.01,14.01,13.98,58467"
2025-08-10T09:35:00.000-00:00,"14.01,13.96,14.01,13.96,42423"
2025-08-10T09:40:00.000-00:00,"13.96,13.95,13.99,13.95,65857"
2025-08-10T09:45:00.000-00:00,"13.96,13.95,13.96,13.95,4472"
2025-08-10T09:50:00.000-00:00,"13.96,14,14,13.95,55504"
2025-08-10T09:55:00.000-00:00,"14,13.99,14,13.95,36775"
2025-08-10T10:00:00.000-00:00,"13.99,13.95,14,13.95,53267"
2025-08-10T10:05:00.000-00:00,"13.95,13.94,13.96,13.94,46926"
2025-08-10T10:10:00.000-00:00,"13.94,13.91,13.95,13.91,42307"
2025-08-10T10:15:00.000-00:00,"13.94,13.96,13.96,13.91,48952"
2025-08-10T10:20:00.000-00:00,"13.96,13.99,13.99,13.96,66876"
2025-08-10T10:25:00.000-00:00,"13.99,14.02,14.02,13.99,164238"
2025-08-10T10:30:00.000-00:00,"14,14.02,14.02,13.99,6871"
2025-08-10T10:35:00.000-00:00,"14.01,14,14.02,14,57121"
2025-08-10T10:40:00.000-00:00,"14.02,14.1,14.1,14.01,136072"
2025-08-10T10:45:00.000-00:00,"14.09,14.1,14.12,14.04,128524"
2025-08-10T10:50:00.000-00:00,"14.1,14,14.1,14,143794"
2025-08-10T10:55:00.000-00:00,"13.97,13.96,14,13.96,29068"
2025-08-10T11:00:00.000-00:00,"13.97,13.96,13.99,13.96,58656"
2025-08-10T11:05:00.000-00:00,"13.98,13.96,13.99,13.95,135539"
2025-08-10T11:10:00.000-00:00,"13.98,13.95,13.99,13.92,128308"
2025-08-10T11:25:00.000-00:00,"13.95,13.95,13.95,13.95,142704"
2025-08-11T07:00:00.000-00:00,"13.98,14.01,14.06,13.96,23302"
2025-08-11T07:05:00.000-00:00,"14.01,14,14.01,13.96,79162"
2025-08-11T07:10:00.000-00:00,"14,14,14.01,13.95,95900"
2025-08-11T07:15:00.000-00:00,"14,14,14.04,13.97,130674"
2025-08-11T07:20:00.000-00:00,"14,14,14.04,14,29450"
2025-08-11T07:25:00.000-00:00,"14,13.98,14,13.98,112414"
2025-08-11T07:30:00.000-00:00,"14,14,14.01,13.98,74268"
2025-08-11T07:35:00.000-00:00,"14,14,14.01,13.99,271035"
2025-08-11T07:40:00.000-00:00,"14,14,14.02,13.98,46608"
2025-08-11T07:45:00.000-00:00,"14,13.92,14,13.92,73426"
2025-08-11T07:50:00.000-00:00,"13.9,13.82,13.9,13.71,141165"
2025-08-11T07:55:00.000-00:00,"13.82,14,14,13.82,120778"
2025-08-11T08:00:00.000-00:00,"13.91,13.9,13.93,13.9,72472"
2025-08-11T08:05:00.000-00:00,"13.92,13.87,13.98,13.87,27363"
2025-08-11T08:10:00.000-00:00,"13.87,13.83,14,13.83,106278"
2025-08-11T08:15:00.000-00:00,"13.99,14,14.05,13.9,241488"
2025-08-11T08:20:00.000-00:00,"14,14.05,14.06,13.9,191152"
2025-08-11T08:25:00.000-00:00,"14,14,14.1,13.91,120151"
2025-08-11T08:30:00.000-00:00,"14.01,14.1,14.1,14.01,37994"
2025-08-11T08:35:00.000-00:00,"14.01,14,14.01,13.97,36107"
2025-08-11T08:40:00.000-00:00,"14,14,14.05,13.96,84914"
2025-08-11T08:45:00.000-00:00,"14,14,14.06,14,35635"
2025-08-11T08:50:00.000-00:00,"14,14.04,14.05,13.97,27634"
2025-08-11T08:55:00.000-00:00,"14.04,14,14.08,14,52460"
2025-08-11T09:00:00.000-00:00,"14,14.06,14.07,14,102756"
2025-08-11T09:05:00.000-00:00,"14.05,14.05,14.05,14,18503"
2025-08-11T09:10:00.000-00:00,"14,14,14,14,31289"
2025-08-11T09:15:00.000-00:00,"14,13.96,14,13.96,29537"
2025-08-11T09:20:00.000-00:00,"13.96,13.91,13.96,13.9,20500"
2025-08-11T09:25:00.000-00:00,"13.91,13.91,13.91,13.91,10562"
2025-08-11T09:30:00.000-00:00,"13.9,13.96,13.96,13.9,24128"
2025-08-11T09:35:00.000-00:00,"13.95,13.87,14,13.87,216801"
2025-08-11T09:40:00.000-00:00,"13.9,13.9,13.9,13.9,11271"
2025-08-11T09:45:00.000-00:00,"13.9,13.91,13.91,13.9,2521"
2025-08-11T09:50:00.000-00:00,"13.94,13.94,13.99,13.93,51196"
2025-08-11T09:55:00.000-00:00,"13.94,13.9,13.94,13.9,12908"
2025-08-11T10:00:00.000-00:00,"13.94,14,14,13.9,224012"
2025-08-11T10:05:00.000-00:00,"13.99,13.99,13.99,13.99,4000"
2025-08-11T10:10:00.000-00:00,"13.92,13.99,13.99,13.92,541"
2025-08-11T10:15:00.000-00:00,"13.99,13.94,13.99,13.94,3140"
2025-08-11T10:20:00.000-00:00,"13.99,13.95,14,13.95,202052"
2025-08-11T10:25:00.000-00:00,"13.96,13.96,13.96,13.96,27"
2025-08-11T10:30:00.000-00:00,"14,14,14.02,14,6005"
2025-08-11T10:35:00.000-00:00,"14.01,14.04,14.04,14,15499"
2025-08-11T10:40:00.000-00:00,"14.04,14,14.04,13.97,157596"
2025-08-11T10:45:00.000-00:00,"14.03,14.01,14.03,14,174531"
2025-08-11T10:50:00.000-00:00,"14.01,14.1,14.1,14,356733"
2025-08-11T10:55:00.000-00:00,"14.1,14.1,14.12,14.05,114076"
2025-08-11T11:00:00.000-00:00,"14.1,14.1,14.12,14.1,42640"
2025-08-11T11:05:00.000-00:00,"14.12,14.21,14.21,14.1,388082"
2025-08-11T11:10:00.000-00:00,"14.2,14.22,14.23,14.16,93659"
2025-08-11T11:25:00.000-00:00,"14.22,14.22,14.22,14.22,316457"
2025-08-12T07:00:00.000-00:00,"14.22,14.2,14.25,14.2,80838"
2025-08-12T07:05:00.000-00:00,"14.2,14.2,14.25,14.15,5045"
2025-08-12T07:10:00.000-00:00,"14.16,14.19,14.19,14.14,2994"
2025-08-12T07:15:00.000-00:00,"14.15,14.12,14.17,14.12,10942"
2025-08-12T07:20:00.000-00:00,"14.12,14.14,14.14,14.12,10406"
2025-08-12T07:25:00.000-00:00,"14.12,14.11,14.12,14.11,12673"
2025-08-12T07:30:00.000-00:00,"14.1,14.11,14.13,14.1,14455"
2025-08-12T07:35:00.000-00:00,"14.11,14.1,14.11,14.09,41222"
2025-08-12T07:40:00.000-00:00,"14.09,14.08,14.1,14.08,20854"
2025-08-12T07:45:00.000-00:00,"14.07,14.08,14.08,14.05,14811"
2025-08-12T07:50:00.000-00:00,"14.08,14.06,14.08,14.05,31898"
2025-08-12T07:55:00.000-00:00,"14.07,14.09,14.09,14.06,68534"
2025-08-12T08:00:00.000-00:00,"14.07,14,14.18,14,309327"
2025-08-12T08:05:00.000-00:00,"14,14.1,14.13,14,56120"
2025-08-12T08:10:00.000-00:00,"14.1,14.1,14.1,14.1,5099"
2025-08-12T08:15:00.000-00:00,"14.04,14.04,14.04,14.04,1067"
2025-08-12T08:20:00.000-00:00,"14.05,14.04,14.05,14.04,5500"
2025-08-12T08:25:00.000-00:00,"14.09,14,14.09,14,151544"
2025-08-12T08:30:00.000-00:00,"14.01,14,14.02,14,153886"
2025-08-12T08:35:00.000-00:00,"14,14,14,14,1445"
2025-08-12T08:40:00.000-00:00,"13.98,14.08,14.08,13.98,41049"
2025-08-12T08:45:00.000-00:00,"13.98,14,14,13.95,15519"
2025-08-12T08:50:00.000-00:00,"14,14,14,14,1017"
2025-08-12T08:55:00.000-00:00,"14,14,14,13.97,42608"
2025-08-12T09:00:00.000-00:00,"14,14,14,14,54519"
2025-08-12T09:05:00.000-00:00,"14,14,14.09,14,133352"
2025-08-12T09:10:00.000-00:00,"14,14.02,14.02,14,20120"
2025-08-12T09:15:00.000-00:00,"14.02,14.08,14.08,14,33456"
2025-08-12T09:20:00.000-00:00,"14.05,14.05,14.08,14.05,278"
2025-08-12T09:25:00.000-00:00,"14.05,14.1,14.1,14.05,32258"
2025-08-12T09:30:00.000-00:00,"14.05,14.05,14.05,14.05,75"
2025-08-12T09:35:00.000-00:00,"14.05,14.01,14.05,14.01,5117"
2025-08-12T09:40:00.000-00:00,"14.05,14,14.08,14,68696"
2025-08-12T09:45:00.000-00:00,"14,14,14,14,13706"
2025-08-12T09:50:00.000-00:00,"14.06,14,14.07,14,70431"
2025-08-12T09:55:00.000-00:00,"14,14,14,14,23157"
2025-08-12T10:00:00.000-00:00,"14,14,14,14,8403"
2025-08-12T10:05:00.000-00:00,"13.99,13.99,14,13.99,6350"
2025-08-12T10:10:00.000-00:00,"13.99,14,14,13.98,17093"
2025-08-12T10:15:00.000-00:00,"14,13.99,14,13.99,1619"
2025-08-12T10:20:00.000-00:00,"13.99,14,14,13.98,67386"
2025-08-12T10:25:00.000-00:00,"14,14,14,13.97,17717"
2025-08-12T10:30:00.000-00:00,"13.97,14,14,13.96,1209"
2025-08-12T10:35:00.000-00:00,"13.96,14,14,13.96,107093"
2025-08-12T10:40:00.000-00:00,"14.05,14.05,14.05,14,53063"
2025-08-12T10:45:00.000-00:00,"14.05,14.05,14.05,14,61543"
2025-08-12T10:50:00.000-00:00,"14.01,14,14.05,14,67563"
2025-08-12T10:55:00.000-00:00,"14,14,14.04,14,193689"
2025-08-12T11:00:00.000-00:00,"14,14,14.03,14,92985"
2025-08-12T11:05:00.000-00:00,"14.03,14.04,14.04,14,5660"
2025-08-12T11:10:00.000-00:00,"14.04,14,14.1,14,119829"
2025-08-12T11:25:00.000-00:00,"14.11,14.11,14.11,14.11,306749"
2025-08-13T07:00:00.000-00:00,"14.12,14.2,14.2,14.05,27678"
2025-08-13T07:05:00.000-00:00,"14.19,14.35,14.35,14.19,439211"
2025-08-13T07:10:00.000-00:00,"14.34,14.45,14.47,14.34,349083"
2025-08-13T07:15:00.000-00:00,"14.45,14.4,14.5,14.31,427047"
2025-08-13T07:20:00.000-00:00,"14.4,14.35,14.4,14.32,48039"
2025-08-13T07:25:00.000-00:00,"14.33,14.3,14.45,14.3,107984"
2025-08-13T07:30:00.000-00:00,"14.32,14.29,14.35,14.29,51028"
2025-08-13T07:35:00.000-00:00,"14.34,14.35,14.35,14.34,42101"
2025-08-13T07:40:00.000-00:00,"14.35,14.4,14.44,14.35,57247"
2025-08-13T07:45:00.000-00:00,"14.4,14.45,14.5,14.4,398076"
2025-08-13T07:50:00.000-00:00,"14.4,14.36,14.4,14.36,30865"
2025-08-13T07:55:00.000-00:00,"14.37,14.39,14.39,14.35,75409"
2025-08-13T08:00:00.000-00:00,"14.36,14.29,14.37,14.29,240642"
2025-08-13T08:05:00.000-00:00,"14.29,14.3,14.3,14.27,92278"
2025-08-13T08:10:00.000-00:00,"14.3,14.3,14.3,14.18,209686"
2025-08-13T08:15:00.000-00:00,"14.3,14.21,14.3,14.21,58267"
2025-08-13T08:20:00.000-00:00,"14.21,14.29,14.29,14.21,1136"
2025-08-13T08:25:00.000-00:00,"14.27,14.3,14.3,14.27,64221"
2025-08-13T08:30:00.000-00:00,"14.3,14.3,14.3,14.3,324"
2025-08-13T08:35:00.000-00:00,"14.26,14.33,14.33,14.26,19450"
2025-08-13T08:40:00.000-00:00,"14.3,14.35,14.35,14.21,54117"
2025-08-13T08:45:00.000-00:00,"14.35,14.39,14.39,14.27,20179"
2025-08-13T08:50:00.000-00:00,"14.36,14.2,14.36,14.2,138968"
2025-08-13T08:55:00.000-00:00,"14.3,14.3,14.3,14.22,9402"
2025-08-13T09:00:00.000-00:00,"14.25,14.25,14.25,14.2,46000"
2025-08-13T09:05:00.000-00:00,"14.26,14.21,14.26,14.21,50000"
2025-08-13T09:10:00.000-00:00,"14.28,14.22,14.29,14.22,57840"
2025-08-13T09:15:00.000-00:00,"14.22,14.25,14.3,14.22,6903"
2025-08-13T09:20:00.000-00:00,"14.25,14.25,14.29,14.22,16198"
2025-08-13T09:25:00.000-00:00,"14.28,14.19,14.3,14.19,128261"
2025-08-13T09:30:00.000-00:00,"14.19,14.19,14.19,14.18,19476"
2025-08-13T09:35:00.000-00:00,"14.19,14.18,14.19,14.18,39671"
2025-08-13T09:40:00.000-00:00,"14.18,14.14,14.19,14.14,46124"
2025-08-13T09:45:00.000-00:00,"14.14,14.06,14.15,14.06,207541"
2025-08-13T09:50:00.000-00:00,"14.06,14.03,14.1,14.03,56597"
2025-08-13T09:55:00.000-00:00,"14.02,13.95,14.04,13.95,152790"
2025-08-13T10:00:00.000-00:00,"13.95,14,14,13.95,13098"
2025-08-13T10:05:00.000-00:00,"14,13.97,14,13.97,13861"
2025-08-13T10:10:00.000-00:00,"13.97,14.14,14.14,13.95,25817"
2025-08-13T10:15:00.000-00:00,"14.13,14.14,14.14,14,32564"
2025-08-13T10:25:00.000-00:00,"14.01,14,14.01,14,26527"
2025-08-13T10:30:00.000-00:00,"14,14.01,14.05,14,20035"
2025-08-13T10:35:00.000-00:00,"14.01,14.08,14.08,14.01,5008"
2025-08-13T10:40:00.000-00:00,"14.02,14.02,14.02,14.02,900"
2025-08-13T10:45:00.000-00:00,"14.08,14.15,14.15,14.08,17709"
2025-08-13T10:50:00.000-00:00,"14.18,14.11,14.18,14.11,13427"
2025-08-13T10:55:00.000-00:00,"14.13,14.13,14.19,14.13,22170"
2025-08-13T11:00:00.000-00:00,"14.14,14.05,14.19,14.05,106093"
2025-08-13T11:05:00.000-00:00,"14.14,14.15,14.19,14.06,40500"
2025-08-13T11:10:00.000-00:00,"14.15,14.05,14.16,14.05,61789"
2025-08-13T11:25:00.000-00:00,"14.16,14.16,14.16,14.16,55959"
2025-08-14T07:00:00.000-00:00,"14.17,14.19,14.2,14.16,3142"
2025-08-14T07:05:00.000-00:00,"14.16,14.15,14.17,14.06,19911"
2025-08-14T07:10:00.000-00:00,"14.14,14.02,14.14,14.02,5231"
2025-08-14T07:15:00.000-00:00,"14.03,14.13,14.13,14.01,26510"
2025-08-14T07:20:00.000-00:00,"14.13,14.03,14.13,14.03,833"
2025-08-14T07:25:00.000-00:00,"14.05,14.05,14.05,14.05,302"
2025-08-14T07:30:00.000-00:00,"14.13,14.1,14.2,14.1,33225"
2025-08-14T07:35:00.000-00:00,"14.18,14.11,14.18,14.08,3326"
2025-08-14T07:40:00.000-00:00,"14.11,14.11,14.11,14.11,3132"
2025-08-14T07:45:00.000-00:00,"14.11,14.3,14.3,14.11,75573"
2025-08-14T07:50:00.000-00:00,"14.28,14.21,14.3,14.21,38593"
2025-08-14T07:55:00.000-00:00,"14.25,14.23,14.3,14.21,32095"
2025-08-14T08:00:00.000-00:00,"14.29,14.26,14.33,14.26,70063"
2025-08-14T08:05:00.000-00:00,"14.26,14.25,14.26,14.25,65001"
2025-08-14T08:10:00.000-00:00,"14.24,14.3,14.3,14.24,105759"
2025-08-14T08:15:00.000-00:00,"14.3,14.35,14.35,14.3,101250"
2025-08-14T08:20:00.000-00:00,"14.35,14.3,14.35,14.3,1578"
2025-08-14T08:25:00.000-00:00,"14.3,14.25,14.32,14.25,101388"
2025-08-14T08:30:00.000-00:00,"14.24,14.1,14.24,14.1,77304"
2025-08-14T08:35:00.000-00:00,"14.12,14.1,14.12,14.1,22077"
2025-08-14T08:40:00.000-00:00,"14.1,14.07,14.19,14.04,111298"
2025-08-14T08:45:00.000-00:00,"14.1,14.02,14.1,14.02,393507"
2025-08-14T08:50:00.000-00:00,"14.05,13.95,14.05,13.95,173432"
2025-08-14T08:55:00.000-00:00,"13.95,13.86,13.95,13.8,205045"
2025-08-14T09:00:00.000-00:00,"13.86,13.99,13.99,13.85,26996"
2025-08-14T09:05:00.000-00:00,"13.99,14.04,14.04,13.96,41950"
2025-08-14T09:10:00.000-00:00,"14,14,14.04,13.87,29535"
2025-08-14T09:15:00.000-00:00,"14,14.03,14.03,13.93,41205"
2025-08-14T09:20:00.000-00:00,"14.03,14.08,14.08,14.03,12057"
2025-08-14T09:25:00.000-00:00,"14.07,14.09,14.09,14.07,4564"
2025-08-14T09:30:00.000-00:00,"14.08,14.09,14.09,14.08,11726"
2025-08-14T09:35:00.000-00:00,"14,13.96,14,13.96,7746"
2025-08-14T09:40:00.000-00:00,"14,13.96,14,13.96,103"
2025-08-14T09:45:00.000-00:00,"13.96,14,14,13.96,1420"
2025-08-14T09:50:00.000-00:00,"14,14.07,14.07,14,4000"
2025-08-14T09:55:00.000-00:00,"14,14.03,14.03,14,2571"
2025-08-14T10:05:00.000-00:00,"14.01,14,14.01,14,14900"
2025-08-14T10:15:00.000-00:00,"13.99,13.98,14,13.98,137961"
2025-08-14T10:20:00.000-00:00,"13.98,13.99,13.99,13.98,13044"
2025-08-14T10:25:00.000-00:00,"13.98,13.96,14,13.96,41404"
2025-08-14T10:30:00.000-00:00,"14,13.96,14,13.96,22"
2025-08-14T10:35:00.000-00:00,"13.99,14,14,13.95,92182"
2025-08-14T10:40:00.000-00:00,"14,13.92,14,13.92,80500"
2025-08-14T10:45:00.000-00:00,"13.93,13.9,13.99,13.89,129667"
2025-08-14T10:50:00.000-00:00,"13.9,13.9,13.91,13.87,150983"
2025-08-14T10:55:00.000-00:00,"13.9,13.97,13.97,13.9,69261"
2025-08-14T11:00:00.000-00:00,"13.95,13.96,14,13.81,182418"
2025-08-14T11:05:00.000-00:00,"13.83,13.9,13.97,13.76,347183"
2025-08-14T11:10:00.000-00:00,"13.85,13.95,13.95,13.8,533734"
2025-08-14T11:15:00.000-00:00,"13.9,13.9,13.9,13.9,95"
2025-08-14T11:25:00.000-00:00,"13.95,13.95,13.95,13.95,227006"
2025-08-17T07:00:00.000-00:00,"14,13.95,14.03,13.95,6164"
2025-08-17T07:05:00.000-00:00,"14.02,14,14.02,13.96,544"
2025-08-17T07:10:00.000-00:00,"13.99,13.97,14,13.97,12799"
2025-08-17T07:15:00.000-00:00,"13.97,13.95,13.99,13.95,6505"
2025-08-17T07:20:00.000-00:00,"13.95,13.78,13.99,13.78,21549"
2025-08-17T07:25:00.000-00:00,"13.81,13.82,13.82,13.8,6200"
2025-08-17T07:30:00.000-00:00,"13.84,13.94,13.94,13.84,1222"
2025-08-17T07:35:00.000-00:00,"13.84,13.85,13.93,13.84,4834"
2025-08-17T07:40:00.000-00:00,"13.91,13.91,13.91,13.91,233"
2025-08-17T07:45:00.000-00:00,"13.91,13.83,13.91,13.83,28011"
2025-08-17T07:50:00.000-00:00,"13.83,13.85,13.85,13.83,10796"
2025-08-17T07:55:00.000-00:00,"13.83,13.89,13.89,13.83,5050"
2025-08-17T08:00:00.000-00:00,"13.89,13.83,13.89,13.83,1293"
2025-08-17T08:05:00.000-00:00,"13.85,13.84,13.85,13.84,3910"
2025-08-17T08:10:00.000-00:00,"13.83,13.8,13.84,13.8,48183"
2025-08-17T08:15:00.000-00:00,"13.79,13.81,13.81,13.79,3857"
2025-08-17T08:20:00.000-00:00,"13.8,13.81,13.81,13.8,6193"
2025-08-17T08:25:00.000-00:00,"13.83,13.81,13.83,13.81,8501"
2025-08-17T08:30:00.000-00:00,"13.82,13.83,13.83,13.82,278"
2025-08-17T08:35:00.000-00:00,"13.82,13.91,13.91,13.8,44173"
2025-08-17T08:40:00.000-00:00,"13.8,13.84,13.84,13.8,2260"
2025-08-17T08:45:00.000-00:00,"13.8,13.8,13.8,13.8,12434"
2025-08-17T08:50:00.000-00:00,"13.8,13.79,13.8,13.79,11787"
2025-08-17T08:55:00.000-00:00,"13.8,13.8,13.8,13.8,39570"
2025-08-17T09:00:00.000-00:00,"13.8,13.8,13.8,13.8,3726"
2025-08-17T09:05:00.000-00:00,"13.79,13.8,13.8,13.79,10400"
2025-08-17T09:10:00.000-00:00,"13.8,13.8,13.8,13.8,101848"
2025-08-17T09:15:00.000-00:00,"13.8,13.8,13.8,13.8,1766"
2025-08-17T09:20:00.000-00:00,"13.8,13.8,13.8,13.8,24057"
2025-08-17T09:25:00.000-00:00,"13.8,13.8,13.8,13.76,72350"
2025-08-17T09:30:00.000-00:00,"13.8,13.9,13.9,13.8,18936"
2025-08-17T09:35:00.000-00:00,"13.9,13.9,13.9,13.9,2000"
2025-08-17T09:40:00.000-00:00,"13.85,13.8,13.87,13.8,34762"
2025-08-17T09:45:00.000-00:00,"13.8,13.75,13.8,13.75,14015"
2025-08-17T09:50:00.000-00:00,"13.75,13.73,13.77,13.72,13178"
2025-08-17T09:55:00.000-00:00,"13.77,13.77,13.77,13.74,354"
2025-08-17T10:00:00.000-00:00,"13.77,13.77,13.77,13.74,12544"
2025-08-17T10:05:00.000-00:00,"13.77,13.78,13.78,13.74,8704"
2025-08-17T10:10:00.000-00:00,"13.78,13.78,13.8,13.78,19626"
2025-08-17T10:15:00.000-00:00,"13.78,13.7,13.79,13.7,117084"
2025-08-17T10:20:00.000-00:00,"13.7,13.8,13.8,13.7,17455"
2025-08-17T10:25:00.000-00:00,"13.8,13.76,13.8,13.76,16599"
2025-08-17T10:30:00.000-00:00,"13.77,13.76,13.8,13.75,16721"
2025-08-17T10:35:00.000-00:00,"13.8,13.8,13.8,13.8,7648"
2025-08-17T10:40:00.000-00:00,"13.8,13.84,13.84,13.77,68962"
2025-08-17T10:45:00.000-00:00,"13.84,13.84,13.84,13.84,17571"
2025-08-17T10:50:00.000-00:00,"13.84,13.8,13.84,13.78,118339"
2025-08-17T10:55:00.000-00:00,"13.8,13.85,13.85,13.8,263142"
2025-08-17T11:00:00.000-00:00,"13.85,13.85,13.85,13.85,14176"
2025-08-17T11:05:00.000-00:00,"13.88,13.95,13.98,13.88,157142"
2025-08-17T11:10:00.000-00:00,"13.95,13.94,13.98,13.94,15104"
2025-08-17T11:25:00.000-00:00,"13.95,13.95,13.95,13.95,9856"
2025-08-18T07:00:00.000-00:00,"13.99,13.83,13.99,13.83,2142"
2025-08-18T07:05:00.000-00:00,"13.95,13.87,13.95,13.87,5298"
2025-08-18T07:10:00.000-00:00,"13.95,13.95,13.95,13.94,9898"
2025-08-18T07:15:00.000-00:00,"13.94,13.94,13.94,13.94,2000"
2025-08-18T07:20:00.000-00:00,"13.94,13.94,13.95,13.89,5205"
2025-08-18T07:25:00.000-00:00,"13.91,13.92,13.93,13.91,1795"
2025-08-18T07:30:00.000-00:00,"13.95,13.95,13.95,13.95,1085"
2025-08-18T07:35:00.000-00:00,"13.95,13.92,13.95,13.92,1849"
2025-08-18T07:40:00.000-00:00,"13.94,13.94,13.94,13.93,847"
2025-08-18T07:45:00.000-00:00,"13.93,13.92,13.93,13.92,600"
2025-08-18T07:50:00.000-00:00,"13.92,13.91,13.92,13.91,4725"
2025-08-18T07:55:00.000-00:00,"13.91,13.94,13.94,13.91,5226"
2025-08-18T08:00:00.000-00:00,"13.94,13.9,13.94,13.9,6615"
2025-08-18T08:05:00.000-00:00,"13.9,13.87,13.9,13.87,13000"
2025-08-18T08:10:00.000-00:00,"13.93,13.87,13.93,13.87,6531"
2025-08-18T08:15:00.000-00:00,"13.87,13.9,13.9,13.87,4475"
2025-08-18T08:20:00.000-00:00,"13.9,13.9,13.9,13.87,15816"
2025-08-18T08:25:00.000-00:00,"13.9,13.9,13.93,13.87,17131"
2025-08-18T08:30:00.000-00:00,"13.9,13.88,13.9,13.88,4084"
2025-08-18T08:35:00.000-00:00,"13.88,13.9,13.9,13.88,2706"
2025-08-18T08:40:00.000-00:00,"13.9,13.88,13.9,13.88,7442"
2025-08-18T08:45:00.000-00:00,"13.9,13.9,13.9,13.89,23407"
2025-08-18T08:50:00.000-00:00,"13.9,13.9,13.9,13.9,28825"
2025-08-18T08:55:00.000-00:00,"13.9,13.9,13.9,13.9,4582"
2025-08-18T09:00:00.000-00:00,"13.9,13.88,13.9,13.88,81657"
2025-08-18T09:05:00.000-00:00,"13.88,13.88,13.88,13.88,25000"
2025-08-18T09:10:00.000-00:00,"13.9,13.88,13.9,13.88,18472"
2025-08-18T09:15:00.000-00:00,"13.9,13.89,13.9,13.89,11364"
2025-08-18T09:20:00.000-00:00,"13.89,13.89,13.9,13.89,14479"
2025-08-18T09:25:00.000-00:00,"13.89,13.9,13.94,13.89,64219"
2025-08-18T09:30:00.000-00:00,"13.9,13.9,13.9,13.9,29757"
2025-08-18T09:35:00.000-00:00,"13.89,13.88,13.9,13.88,3033"
2025-08-18T09:40:00.000-00:00,"13.9,13.9,13.9,13.9,8514"
2025-08-18T09:45:00.000-00:00,"13.88,13.9,13.9,13.88,7223"
2025-08-18T09:50:00.000-00:00,"13.88,13.86,13.88,13.86,10200"
2025-08-18T09:55:00.000-00:00,"13.89,13.9,13.9,13.89,3582"
2025-08-18T10:00:00.000-00:00,"13.89,13.87,13.89,13.87,8216"
2025-08-18T10:05:00.000-00:00,"13.86,13.87,13.87,13.76,104766"
2025-08-18T10:10:00.000-00:00,"13.87,13.85,13.87,13.74,99808"
2025-08-18T10:15:00.000-00:00,"13.85,13.85,13.85,13.8,98583"
2025-08-18T10:20:00.000-00:00,"13.77,13.75,13.77,13.75,2348"
2025-08-18T10:25:00.000-00:00,"13.84,13.76,13.85,13.76,5425"
2025-08-18T10:30:00.000-00:00,"13.84,13.85,13.85,13.84,1791"
2025-08-18T10:35:00.000-00:00,"13.84,13.84,13.84,13.84,3582"
2025-08-18T10:40:00.000-00:00,"13.84,13.75,13.84,13.75,81502"
2025-08-18T10:45:00.000-00:00,"13.78,13.78,13.79,13.78,13805"
2025-08-18T10:50:00.000-00:00,"13.75,13.66,13.79,13.66,117716"
2025-08-18T10:55:00.000-00:00,"13.7,13.75,13.75,13.67,46876"
2025-08-18T11:00:00.000-00:00,"13.75,13.75,13.75,13.69,34413"
2025-08-18T11:05:00.000-00:00,"13.75,13.81,13.82,13.75,5494"
2025-08-18T11:10:00.000-00:00,"13.75,13.6,13.75,13.58,126181"
2025-08-19T07:00:00.000-00:00,"13.7,13.75,13.75,13.61,14331"
2025-08-19T07:05:00.000-00:00,"13.76,13.7,13.79,13.7,9065"
2025-08-19T07:10:00.000-00:00,"13.75,13.7,13.75,13.7,989"
2025-08-19T07:15:00.000-00:00,"13.7,13.68,13.74,13.68,4787"
2025-08-19T07:20:00.000-00:00,"13.7,13.74,13.77,13.7,20855"
2025-08-19T07:25:00.000-00:00,"13.73,13.75,13.75,13.73,16279"
2025-08-19T07:30:00.000-00:00,"13.76,13.74,13.77,13.74,12760"
2025-08-19T07:35:00.000-00:00,"13.75,13.77,13.78,13.75,14952"
2025-08-19T07:40:00.000-00:00,"13.78,13.75,13.78,13.75,37414"
2025-08-19T07:45:00.000-00:00,"13.75,13.77,13.77,13.75,902"
2025-08-19T07:50:00.000-00:00,"13.77,13.77,13.77,13.75,9664"
2025-08-19T07:55:00.000-00:00,"13.77,13.74,13.77,13.74,19700"
2025-08-19T08:00:00.000-00:00,"13.78,13.75,13.78,13.75,13300"
2025-08-19T08:05:00.000-00:00,"13.76,13.76,13.76,13.76,165"
2025-08-19T08:10:00.000-00:00,"13.75,13.76,13.76,13.75,24911"
2025-08-19T08:15:00.000-00:00,"13.76,13.76,13.76,13.75,7700"
2025-08-19T08:20:00.000-00:00,"13.77,13.76,13.77,13.76,16800"
2025-08-19T08:25:00.000-00:00,"13.75,13.77,13.77,13.75,11620"
2025-08-19T08:30:00.000-00:00,"13.77,13.77,13.77,13.77,140"
2025-08-19T08:35:00.000-00:00,"13.76,13.8,13.8,13.76,36242"
2025-08-19T08:40:00.000-00:00,"13.79,13.8,13.8,13.78,45635"
2025-08-19T08:45:00.000-00:00,"13.8,13.78,13.83,13.78,21688"
2025-08-19T08:50:00.000-00:00,"13.78,13.79,13.8,13.78,54168"
2025-08-19T08:55:00.000-00:00,"13.79,13.79,13.79,13.79,41497"
2025-08-19T09:00:00.000-00:00,"13.79,13.76,13.79,13.76,44490"
2025-08-19T09:05:00.000-00:00,"13.76,13.79,13.79,13.76,34932"
2025-08-19T09:10:00.000-00:00,"13.76,13.8,13.8,13.76,10019"
2025-08-19T09:15:00.000-00:00,"13.78,13.79,13.8,13.78,41254"
2025-08-19T09:20:00.000-00:00,"13.78,13.76,13.78,13.76,30000"
2025-08-19T09:25:00.000-00:00,"13.78,13.79,13.79,13.78,4022"
2025-08-19T09:30:00.000-00:00,"13.75,13.75,13.75,13.74,60647"
2025-08-19T09:35:00.000-00:00,"13.75,13.75,13.75,13.75,48081"
2025-08-19T09:40:00.000-00:00,"13.78,13.78,13.78,13.75,1658"
2025-08-19T09:45:00.000-00:00,"13.75,13.74,13.78,13.74,60152"
2025-08-19T09:50:00.000-00:00,"13.74,13.74,13.74,13.73,800"
2025-08-19T09:55:00.000-00:00,"13.78,13.75,13.78,13.75,574"
2025-08-19T10:00:00.000-00:00,"13.77,13.8,13.8,13.77,32804"
2025-08-19T10:05:00.000-00:00,"13.79,13.8,13.8,13.79,31250"
2025-08-19T10:10:00.000-00:00,"13.78,13.8,13.8,13.78,19849"
2025-08-19T10:15:00.000-00:00,"13.8,13.8,13.8,13.8,56722"
2025-08-19T10:20:00.000-00:00,"13.8,13.76,13.8,13.76,2268"
2025-08-19T10:25:00.000-00:00,"13.76,13.79,13.79,13.74,37339"
2025-08-19T10:30:00.000-00:00,"13.79,13.79,13.79,13.73,3307"
2025-08-19T10:35:00.000-00:00,"13.77,13.73,13.77,13.73,219"
2025-08-19T10:40:00.000-00:00,"13.74,13.76,13.76,13.74,31250"
2025-08-19T10:45:00.000-00:00,"13.76,13.72,13.76,13.72,44127"
2025-08-19T10:50:00.000-00:00,"13.72,13.74,13.74,13.72,42835"
2025-08-19T10:55:00.000-00:00,"13.73,13.73,13.73,13.73,20"
2025-08-19T11:00:00.000-00:00,"13.72,13.71,13.77,13.7,48450"
2025-08-19T11:05:00.000-00:00,"13.7,13.77,13.77,13.68,7012"
2025-08-19T11:10:00.000-00:00,"13.71,13.76,13.76,13.71,1582"
2025-08-19T11:25:00.000-00:00,"13.77,13.77,13.77,13.77,81749"
2025-08-20T07:00:00.000-00:00,"13.78,13.85,13.85,13.78,2951"
2025-08-20T07:05:00.000-00:00,"13.85,13.85,13.87,13.85,5593"
2025-08-20T07:10:00.000-00:00,"13.87,13.81,13.87,13.81,9686"
2025-08-20T07:15:00.000-00:00,"13.82,13.81,13.82,13.81,5765"
2025-08-20T07:20:00.000-00:00,"13.83,13.85,13.85,13.82,8453"
2025-08-20T07:25:00.000-00:00,"13.85,13.85,13.85,13.85,50"
2025-08-20T07:30:00.000-00:00,"13.85,13.82,13.85,13.82,2896"
2025-08-20T07:35:00.000-00:00,"13.83,13.87,13.87,13.83,31574"
2025-08-20T07:40:00.000-00:00,"13.89,13.92,13.92,13.89,12681"
2025-08-20T07:45:00.000-00:00,"13.92,13.95,13.95,13.92,60346"
2025-08-20T07:50:00.000-00:00,"13.95,13.95,13.96,13.95,2923"
2025-08-20T07:55:00.000-00:00,"13.95,13.91,13.95,13.91,2746"
2025-08-20T08:00:00.000-00:00,"13.93,13.9,13.93,13.9,10366"
2025-08-20T08:05:00.000-00:00,"13.9,13.88,13.9,13.88,108"
2025-08-20T08:10:00.000-00:00,"13.88,13.87,13.88,13.87,10232"
2025-08-20T08:15:00.000-00:00,"13.89,13.89,13.89,13.89,1600"
2025-08-20T08:20:00.000-00:00,"13.85,13.85,13.85,13.85,5200"
2025-08-20T08:25:00.000-00:00,"13.85,13.85,13.85,13.85,5100"
2025-08-20T08:30:00.000-00:00,"13.85,13.85,13.85,13.85,577"
2025-08-20T08:35:00.000-00:00,"13.85,13.83,13.86,13.83,12122"
2025-08-20T08:40:00.000-00:00,"13.83,13.8,13.83,13.8,33959"
2025-08-20T08:45:00.000-00:00,"13.8,13.78,13.8,13.78,24423"
2025-08-20T08:50:00.000-00:00,"13.8,13.78,13.8,13.78,255"
2025-08-20T08:55:00.000-00:00,"13.8,13.8,13.8,13.8,14359"
2025-08-20T09:00:00.000-00:00,"13.82,13.82,13.82,13.81,3897"
2025-08-20T09:05:00.000-00:00,"13.81,13.81,13.81,13.81,1000"
2025-08-20T09:10:00.000-00:00,"13.81,13.8,13.82,13.76,53348"
2025-08-20T09:15:00.000-00:00,"13.76,13.76,13.76,13.76,104"
2025-08-20T09:20:00.000-00:00,"13.76,13.73,13.76,13.73,30692"
2025-08-20T09:25:00.000-00:00,"13.79,13.79,13.79,13.79,100"
2025-08-20T09:30:00.000-00:00,"13.74,13.7,13.74,13.7,94947"
2025-08-20T09:35:00.000-00:00,"13.68,13.7,13.7,13.65,21027"
2025-08-20T09:40:00.000-00:00,"13.7,13.75,13.75,13.7,1347"
2025-08-20T09:50:00.000-00:00,"13.73,13.75,13.75,13.73,3100"
2025-08-20T09:55:00.000-00:00,"13.73,13.67,13.73,13.67,1733"
2025-08-20T10:00:00.000-00:00,"13.67,13.7,13.7,13.66,11199"
2025-08-20T10:05:00.000-00:00,"13.7,13.71,13.71,13.7,1756"
2025-08-20T10:10:00.000-00:00,"13.71,13.65,13.71,13.65,53085"
2025-08-20T10:15:00.000-00:00,"13.67,13.71,13.71,13.67,1150"
2025-08-20T10:20:00.000-00:00,"13.67,13.66,13.68,13.66,12571"
2025-08-20T10:25:00.000-00:00,"13.66,13.64,13.66,13.6,64909"
2025-08-20T10:30:00.000-00:00,"13.61,13.6,13.61,13.6,75879"
2025-08-20T10:35:00.000-00:00,"13.61,13.6,13.61,13.6,5784"
2025-08-20T10:40:00.000-00:00,"13.6,13.7,13.75,13.6,21200"
2025-08-20T10:45:00.000-00:00,"13.62,13.6,13.65,13.6,56094"
2025-08-20T10:50:00.000-00:00,"13.69,13.68,13.69,13.61,1287"
2025-08-20T10:55:00.000-00:00,"13.67,13.62,13.67,13.62,19693"
2025-08-20T11:00:00.000-00:00,"13.63,13.63,13.67,13.63,805"
2025-08-20T11:05:00.000-00:00,"13.63,13.62,13.64,13.61,54100"
2025-08-20T11:10:00.000-00:00,"13.62,13.65,13.65,13.61,76285"
2025-08-20T11:25:00.000-00:00,"13.63,13.63,13.63,13.63,100968"
2025-08-21T07:00:00.000-00:00,"13.63,13.69,13.7,13.63,2465"
2025-08-21T07:05:00.000-00:00,"13.69,13.7,13.8,13.69,127671"
2025-08-21T07:10:00.000-00:00,"13.7,13.7,13.7,13.7,100"
2025-08-21T07:15:00.000-00:00,"13.65,13.66,13.7,13.65,15021"
2025-08-21T07:20:00.000-00:00,"13.69,13.74,13.74,13.69,21000"
2025-08-21T07:25:00.000-00:00,"13.74,13.75,13.75,13.74,5000"
2025-08-21T07:30:00.000-00:00,"13.7,13.69,13.7,13.69,5302"
2025-08-21T07:35:00.000-00:00,"13.7,13.67,13.7,13.67,1080"
2025-08-21T07:45:00.000-00:00,"13.67,13.7,13.7,13.65,5027"
2025-08-21T07:50:00.000-00:00,"13.69,13.65,13.69,13.65,4496"
2025-08-21T07:55:00.000-00:00,"13.63,13.6,13.65,13.6,35313"
2025-08-21T08:00:00.000-00:00,"13.6,13.53,13.6,13.53,39775"
2025-08-21T08:05:00.000-00:00,"13.53,13.55,13.55,13.51,9672"
2025-08-21T08:10:00.000-00:00,"13.59,13.55,13.59,13.55,13200"
2025-08-21T08:15:00.000-00:00,"13.59,13.55,13.59,13.55,4315"
2025-08-21T08:20:00.000-00:00,"13.55,13.56,13.56,13.55,13544"
2025-08-21T08:25:00.000-00:00,"13.56,13.55,13.59,13.55,18460"
2025-08-21T08:30:00.000-00:00,"13.59,13.55,13.59,13.55,23685"
2025-08-21T08:35:00.000-00:00,"13.54,13.54,13.54,13.54,2250"
2025-08-21T08:40:00.000-00:00,"13.54,13.54,13.54,13.54,400"
2025-08-21T08:45:00.000-00:00,"13.59,13.59,13.59,13.55,14739"
2025-08-21T08:50:00.000-00:00,"13.59,13.6,13.6,13.55,42005"
2025-08-21T08:55:00.000-00:00,"13.6,13.6,13.6,13.6,7326"
2025-08-21T09:00:00.000-00:00,"13.6,13.59,13.61,13.59,5014"
2025-08-21T09:10:00.000-00:00,"13.6,13.59,13.6,13.59,16525"
2025-08-21T09:15:00.000-00:00,"13.6,13.75,13.75,13.6,34936"
2025-08-21T09:20:00.000-00:00,"13.75,13.75,13.75,13.75,73"
2025-08-21T09:25:00.000-00:00,"13.65,13.65,13.7,13.65,4721"
2025-08-21T09:30:00.000-00:00,"13.66,13.65,13.66,13.65,15100"
2025-08-21T09:35:00.000-00:00,"13.67,13.65,13.67,13.65,26685"
2025-08-21T09:40:00.000-00:00,"13.62,13.65,13.65,13.62,9718"
2025-08-21T09:45:00.000-00:00,"13.65,13.64,13.65,13.62,19662"
2025-08-21T09:50:00.000-00:00,"13.63,13.6,13.65,13.59,31961"
2025-08-21T09:55:00.000-00:00,"13.6,13.64,13.64,13.6,3083"
2025-08-21T10:00:00.000-00:00,"13.6,13.6,13.6,13.59,11235"
2025-08-21T10:10:00.000-00:00,"13.62,13.6,13.62,13.6,716"
2025-08-21T10:15:00.000-00:00,"13.59,13.6,13.6,13.56,27135"
2025-08-21T10:20:00.000-00:00,"13.6,13.6,13.6,13.6,500"
2025-08-21T10:25:00.000-00:00,"13.57,13.58,13.6,13.57,7520"
2025-08-21T10:30:00.000-00:00,"13.6,13.56,13.6,13.56,30989"
2025-08-21T10:35:00.000-00:00,"13.56,13.59,13.59,13.55,33677"
2025-08-21T10:40:00.000-00:00,"13.56,13.59,13.59,13.55,21900"
2025-08-21T10:45:00.000-00:00,"13.56,13.59,13.59,13.56,10516"
2025-08-21T10:50:00.000-00:00,"13.59,13.56,13.59,13.55,8537"
2025-08-21T10:55:00.000-00:00,"13.56,13.64,13.64,13.56,18309"
2025-08-21T11:00:00.000-00:00,"13.6,13.6,13.64,13.6,38887"
2025-08-21T11:05:00.000-00:00,"13.64,13.6,13.64,13.57,66818"
2025-08-21T11:10:00.000-00:00,"13.6,13.6,13.65,13.57,50546"
2025-08-21T11:25:00.000-00:00,"13.6,13.6,13.6,13.6,117032"
2025-08-24T07:00:00.000-00:00,"13.65,13.72,13.73,13.63,4352"
2025-08-24T07:05:00.000-00:00,"13.71,13.63,13.71,13.63,2852"
2025-08-24T07:10:00.000-00:00,"13.63,13.61,13.63,13.61,7186"
2025-08-24T07:15:00.000-00:00,"13.69,13.6,13.69,13.6,1673"
2025-08-24T07:25:00.000-00:00,"13.62,13.7,13.7,13.62,5774"
2025-08-24T07:30:00.000-00:00,"13.69,13.65,13.69,13.65,8592"
2025-08-24T07:35:00.000-00:00,"13.65,13.68,13.68,13.63,17601"
2025-08-24T07:40:00.000-00:00,"13.68,13.65,13.68,13.65,972"
2025-08-24T07:45:00.000-00:00,"13.65,13.7,13.7,13.65,2468"
2025-08-24T07:50:00.000-00:00,"13.65,13.69,13.69,13.65,5102"
2025-08-24T07:55:00.000-00:00,"13.66,13.65,13.66,13.65,1896"
2025-08-24T08:00:00.000-00:00,"13.66,13.63,13.66,13.63,10000"
2025-08-24T08:05:00.000-00:00,"13.65,13.67,13.67,13.65,1677"
2025-08-24T08:10:00.000-00:00,"13.65,13.65,13.67,13.65,5284"
2025-08-24T08:15:00.000-00:00,"13.65,13.65,13.65,13.65,11000"
2025-08-24T08:20:00.000-00:00,"13.69,13.69,13.69,13.69,4000"
2025-08-24T08:35:00.000-00:00,"13.66,13.65,13.66,13.65,11156"
2025-08-24T08:40:00.000-00:00,"13.66,13.7,13.7,13.65,30465"
2025-08-24T08:45:00.000-00:00,"13.7,13.72,13.75,13.7,39986"
2025-08-24T08:50:00.000-00:00,"13.72,13.7,13.75,13.67,121508"
2025-08-24T08:55:00.000-00:00,"13.7,13.7,13.7,13.7,20485"
2025-08-24T09:00:00.000-00:00,"13.7,13.8,13.8,13.7,66402"
2025-08-24T09:05:00.000-00:00,"13.8,13.94,13.96,13.79,262330"
2025-08-24T09:10:00.000-00:00,"13.94,13.93,13.97,13.92,143241"
2025-08-24T09:15:00.000-00:00,"13.94,13.9,13.95,13.9,461887"
2025-08-24T09:20:00.000-00:00,"13.9,13.89,13.9,13.89,20782"
2025-08-24T09:25:00.000-00:00,"13.89,13.9,13.9,13.87,84902"
2025-08-24T09:30:00.000-00:00,"13.9,13.92,13.92,13.87,57407"
2025-08-24T09:35:00.000-00:00,"13.88,13.84,13.88,13.84,60973"
2025-08-24T09:40:00.000-00:00,"13.84,13.85,13.85,13.84,31797"
2025-08-24T09:45:00.000-00:00,"13.85,13.85,13.85,13.85,75320"
2025-08-24T09:50:00.000-00:00,"13.85,13.89,13.89,13.85,21846"
2025-08-24T09:55:00.000-00:00,"13.89,13.89,13.9,13.85,67603"
2025-08-24T10:00:00.000-00:00,"13.89,13.87,13.9,13.87,50098"
2025-08-24T10:05:00.000-00:00,"13.87,13.92,13.92,13.87,64976"
2025-08-24T10:10:00.000-00:00,"13.92,13.92,13.92,13.88,12118"
2025-08-24T10:15:00.000-00:00,"13.92,13.91,13.92,13.91,14555"
2025-08-24T10:20:00.000-00:00,"13.9,13.9,13.9,13.9,49487"
2025-08-24T10:25:00.000-00:00,"13.89,13.9,13.9,13.89,84682"
2025-08-24T10:30:00.000-00:00,"13.9,13.9,13.9,13.88,21274"
2025-08-24T10:35:00.000-00:00,"13.91,13.91,13.91,13.9,7197"
2025-08-24T10:40:00.000-00:00,"13.9,13.89,13.9,13.89,33368"
2025-08-24T10:45:00.000-00:00,"13.9,13.92,13.92,13.9,52100"
2025-08-24T10:50:00.000-00:00,"13.92,13.93,13.94,13.91,132973"
2025-08-24T10:55:00.000-00:00,"13.93,13.92,13.94,13.92,90897"
2025-08-24T11:00:00.000-00:00,"13.93,13.93,13.95,13.92,76992"
2025-08-24T11:05:00.000-00:00,"13.93,13.95,13.95,13.93,20147"
2025-08-24T11:10:00.000-00:00,"13.95,13.95,13.95,13.94,46570"
2025-08-24T11:15:00.000-00:00,"13.95,13.94,13.95,13.94,27000"
2025-08-24T11:25:00.000-00:00,"13.95,13.95,13.95,13.95,303545"
2025-08-25T07:00:00.000-00:00,"13.97,14.1,14.11,13.97,389817"
2025-08-25T07:05:00.000-00:00,"14.1,14.12,14.15,14.08,118077"
2025-08-25T07:10:00.000-00:00,"14.14,14.15,14.16,14.1,324983"
2025-08-25T07:15:00.000-00:00,"14.15,14.1,14.15,14.1,50143"
2025-08-25T07:20:00.000-00:00,"14.13,14.15,14.15,14.1,43425"
2025-08-25T07:25:00.000-00:00,"14.12,14.16,14.16,14.12,12059"
2025-08-25T07:30:00.000-00:00,"14.16,14.2,14.23,14.16,390544"
2025-08-25T07:35:00.000-00:00,"14.2,14.17,14.2,14.17,81687"
2025-08-25T07:40:00.000-00:00,"14.17,14.1,14.17,14.1,311132"
2025-08-25T07:45:00.000-00:00,"14.09,14.15,14.15,14.05,39156"
2025-08-25T07:50:00.000-00:00,"14.15,14.12,14.15,14.12,9838"
2025-08-25T07:55:00.000-00:00,"14.12,14.15,14.15,14.12,2481"
2025-08-25T08:00:00.000-00:00,"14.15,14.15,14.15,14.12,73243"
2025-08-25T08:05:00.000-00:00,"14.17,14.15,14.17,14.15,6626"
2025-08-25T08:10:00.000-00:00,"14.15,14.15,14.17,14.15,226182"
2025-08-25T08:15:00.000-00:00,"14.15,14.09,14.15,14.09,42735"
2025-08-25T08:20:00.000-00:00,"14.09,14.1,14.1,14.09,9822"
2025-08-25T08:25:00.000-00:00,"14.1,14.09,14.1,14.09,10383"
2025-08-25T08:30:00.000-00:00,"14.09,14.07,14.09,14.07,16808"
2025-08-25T08:35:00.000-00:00,"14.07,14.07,14.07,14.07,21961"
2025-08-25T08:40:00.000-00:00,"14.06,14,14.06,13.96,83521"
2025-08-25T08:45:00.000-00:00,"14,14,14,13.99,51230"
2025-08-25T08:50:00.000-00:00,"14,14.01,14.01,14,1107"
2025-08-25T08:55:00.000-00:00,"14.01,14.01,14.01,14.01,3946"
2025-08-25T09:00:00.000-00:00,"14.02,14.02,14.02,14.01,2592"
2025-08-25T09:05:00.000-00:00,"14.02,14.02,14.02,14.02,11414"
2025-08-25T09:10:00.000-00:00,"14.02,14.05,14.05,14.01,11277"
2025-08-25T09:15:00.000-00:00,"14.05,14.06,14.06,14.05,36538"
2025-08-25T09:20:00.000-00:00,"14.06,14.05,14.06,14.05,4170"
2025-08-25T09:25:00.000-00:00,"14.04,14.04,14.04,14.03,7603"
2025-08-25T09:30:00.000-00:00,"14.04,14.04,14.05,14.04,14821"
2025-08-25T09:35:00.000-00:00,"14.04,14.04,14.04,14.03,21326"
2025-08-25T09:40:00.000-00:00,"14.03,14.04,14.04,14,139220"
2025-08-25T09:45:00.000-00:00,"14.02,14,14.05,14,45317"
2025-08-25T09:50:00.000-00:00,"14,14.05,14.05,13.98,50708"
2025-08-25T09:55:00.000-00:00,"14.05,14.06,14.07,14.05,17667"
2025-08-25T10:00:00.000-00:00,"14.01,14,14.01,14,115584"
2025-08-25T10:05:00.000-00:00,"14,14.04,14.04,14,32856"
2025-08-25T10:10:00.000-00:00,"14.01,14.06,14.06,14,71843"
2025-08-25T10:15:00.000-00:00,"14.05,14.1,14.12,14.03,232203"
2025-08-25T10:20:00.000-00:00,"14.09,14.16,14.21,14.09,720814"
2025-08-25T10:25:00.000-00:00,"14.15,14.13,14.15,14.13,27356"
2025-08-25T10:30:00.000-00:00,"14.13,14.08,14.13,14.08,60176"
2025-08-25T10:35:00.000-00:00,"14.08,14.14,14.14,14.08,14644"
2025-08-25T10:40:00.000-00:00,"14.08,14.08,14.08,14.08,31681"
2025-08-25T10:45:00.000-00:00,"14.08,14.08,14.1,14.08,54956"
2025-08-25T10:50:00.000-00:00,"14.08,14.08,14.09,14.08,60069"
2025-08-25T10:55:00.000-00:00,"14.07,14.07,14.1,14.07,61808"
2025-08-25T11:00:00.000-00:00,"14.08,14.08,14.1,14.07,75068"
2025-08-25T11:05:00.000-00:00,"14.1,14.1,14.11,14.08,42234"
2025-08-25T11:10:00.000-00:00,"14.1,14.1,14.1,14.08,110150"
2025-08-25T11:25:00.000-00:00,"14.08,14.08,14.08,14.08,212749"
2025-08-26T07:00:00.000-00:00,"14.19,14.13,14.2,14.11,40263"
2025-08-26T07:05:00.000-00:00,"14.13,14.15,14.15,14.12,21700"
2025-08-26T07:10:00.000-00:00,"14.15,14.14,14.15,14.1,36940"
2025-08-26T07:15:00.000-00:00,"14.1,14.12,14.13,14.1,8844"
2025-08-26T07:20:00.000-00:00,"14.11,14.12,14.13,14.11,11155"
2025-08-26T07:25:00.000-00:00,"14.12,14.11,14.12,14.11,22566"
2025-08-26T07:30:00.000-00:00,"14.12,14.09,14.12,14.09,61121"
2025-08-26T07:35:00.000-00:00,"14.08,14.05,14.1,14.05,38090"
2025-08-26T07:40:00.000-00:00,"14.05,14.07,14.07,14.03,29473"
2025-08-26T07:45:00.000-00:00,"14.07,14.08,14.1,14.07,23340"
2025-08-26T07:50:00.000-00:00,"14.08,14.1,14.11,14.08,47634"
2025-08-26T07:55:00.000-00:00,"14.11,14.13,14.13,14.1,29264"
2025-08-26T08:00:00.000-00:00,"14.13,14.13,14.14,14.13,14719"
2025-08-26T08:05:00.000-00:00,"14.13,14.12,14.13,14.11,6715"
2025-08-26T08:10:00.000-00:00,"14.12,14.14,14.14,14.12,23567"
2025-08-26T08:15:00.000-00:00,"14.14,14.14,14.14,14.14,15855"
2025-08-26T08:20:00.000-00:00,"14.14,14.15,14.15,14.13,66586"
2025-08-26T08:25:00.000-00:00,"14.15,14.12,14.15,14.11,15275"
2025-08-26T08:30:00.000-00:00,"14.11,14.12,14.13,14.1,21376"
2025-08-26T08:35:00.000-00:00,"14.1,14.12,14.12,14.1,79"
2025-08-26T08:40:00.000-00:00,"14.1,14.12,14.12,14.1,3319"
2025-08-26T08:45:00.000-00:00,"14.12,14.15,14.15,14.1,85317"
2025-08-26T08:50:00.000-00:00,"14.13,14.1,14.13,14.1,30932"
2025-08-26T08:55:00.000-00:00,"14.1,14.09,14.1,14.08,25887"
2025-08-26T09:00:00.000-00:00,"14.1,14.08,14.1,14.07,13720"
2025-08-26T09:05:00.000-00:00,"14.08,14.09,14.09,14.07,5501"
2025-08-26T09:10:00.000-00:00,"14.09,14.08,14.09,14.07,9994"
2025-08-26T09:15:00.000-00:00,"14.08,14.03,14.08,14.03,58204"
2025-08-26T09:20:00.000-00:00,"14.03,13.9,14.03,13.9,181973"
2025-08-26T09:25:00.000-00:00,"13.95,13.9,13.95,13.85,75539"
2025-08-26T09:30:00.000-00:00,"13.9,13.93,13.95,13.88,16449"
2025-08-26T09:35:00.000-00:00,"13.92,13.94,13.94,13.9,28514"
2025-08-26T09:40:00.000-00:00,"13.94,13.96,13.96,13.9,33891"
2025-08-26T09:45:00.000-00:00,"13.96,14,14,13.96,40897"
2025-08-26T09:50:00.000-00:00,"14,14,14.03,14,24962"
2025-08-26T09:55:00.000-00:00,"14.03,14.06,14.06,14.03,16469"
2025-08-26T10:00:00.000-00:00,"14.06,14.01,14.07,14,20660"
2025-08-26T10:05:00.000-00:00,"14.02,14.07,14.07,14.02,19886"
2025-08-26T10:10:00.000-00:00,"14.07,14.07,14.08,14.07,6888"
2025-08-26T10:15:00.000-00:00,"14.04,14.07,14.07,14.04,217"
2025-08-26T10:20:00.000-00:00,"14.04,14.02,14.04,14.01,27863"
2025-08-26T10:25:00.000-00:00,"14.05,14.03,14.06,14.01,12628"
2025-08-26T10:30:00.000-00:00,"14.03,14.02,14.05,14,28438"
2025-08-26T10:35:00.000-00:00,"14,13.98,14,13.98,13488"
2025-08-26T10:40:00.000-00:00,"14,13.96,14,13.96,106399"
2025-08-26T10:45:00.000-00:00,"13.99,13.92,13.99,13.91,13722"
2025-08-26T10:50:00.000-00:00,"13.91,13.9,13.91,13.89,115678"
2025-08-26T10:55:00.000-00:00,"13.89,13.95,13.95,13.89,15651"
2025-08-26T11:00:00.000-00:00,"13.95,13.94,13.95,13.94,27772"
2025-08-26T11:05:00.000-00:00,"13.91,13.91,13.93,13.91,5889"
2025-08-26T11:10:00.000-00:00,"13.93,13.88,13.93,13.88,20357"
2025-08-26T11:15:00.000-00:00,"13.88,13.88,13.88,13.88,1000"
2025-08-26T11:25:00.000-00:00,"13.85,13.85,13.85,13.85,340649"
2025-08-27T07:00:00.000-00:00,"13.91,13.8,13.91,13.75,25930"
2025-08-27T07:05:00.000-00:00,"13.9,13.81,13.9,13.81,3074"
2025-08-27T07:10:00.000-00:00,"13.81,13.81,13.81,13.81,9926"
2025-08-27T07:15:00.000-00:00,"13.84,13.8,13.89,13.8,10858"
2025-08-27T07:20:00.000-00:00,"13.8,13.78,13.85,13.78,18777"
2025-08-27T07:25:00.000-00:00,"13.79,13.85,13.85,13.79,9305"
2025-08-27T07:30:00.000-00:00,"13.86,13.9,13.91,13.86,34757"
2025-08-27T07:35:00.000-00:00,"13.91,13.91,13.91,13.9,3525"
2025-08-27T07:40:00.000-00:00,"13.9,13.87,13.9,13.87,17864"
2025-08-27T07:45:00.000-00:00,"13.87,13.8,13.88,13.78,21334"
2025-08-27T07:50:00.000-00:00,"13.8,13.75,13.9,13.75,110042"
2025-08-27T07:55:00.000-00:00,"13.77,13.73,13.9,13.73,41780"
2025-08-27T08:00:00.000-00:00,"13.74,13.72,13.76,13.7,21609"
2025-08-27T08:05:00.000-00:00,"13.72,13.77,13.77,13.72,3786"
2025-08-27T08:10:00.000-00:00,"13.77,13.76,13.81,13.75,7045"
2025-08-27T08:15:00.000-00:00,"13.76,13.8,13.81,13.76,5324"
2025-08-27T08:20:00.000-00:00,"13.8,13.73,13.8,13.73,69413"
2025-08-27T08:25:00.000-00:00,"13.74,13.75,13.75,13.73,31430"
2025-08-27T08:30:00.000-00:00,"13.75,13.8,13.8,13.72,25988"
2025-08-27T08:35:00.000-00:00,"13.8,13.85,13.85,13.74,17975"
2025-08-27T08:40:00.000-00:00,"13.85,13.89,13.9,13.85,90635"
2025-08-27T08:45:00.000-00:00,"13.88,13.86,13.88,13.77,4280"
2025-08-27T08:50:00.000-00:00,"13.8,13.8,13.85,13.8,37340"
2025-08-27T08:55:00.000-00:00,"13.8,13.77,13.8,13.77,4624"
2025-08-27T09:00:00.000-00:00,"13.79,13.81,13.84,13.79,13935"
2025-08-27T09:05:00.000-00:00,"13.81,13.85,13.86,13.81,18578"
2025-08-27T09:10:00.000-00:00,"13.84,13.81,13.84,13.81,9126"
2025-08-27T09:15:00.000-00:00,"13.83,13.83,13.84,13.81,5347"
2025-08-27T09:20:00.000-00:00,"13.81,13.79,13.83,13.79,30000"
2025-08-27T09:25:00.000-00:00,"13.79,13.79,13.8,13.76,13483"
2025-08-27T09:30:00.000-00:00,"13.76,13.74,13.76,13.74,57790"
2025-08-27T09:35:00.000-00:00,"13.74,13.78,13.78,13.74,9138"
2025-08-27T09:40:00.000-00:00,"13.78,13.79,13.8,13.76,30840"
2025-08-27T09:45:00.000-00:00,"13.8,13.76,13.8,13.76,4336"
2025-08-27T09:50:00.000-00:00,"13.77,13.8,13.8,13.76,8498"
2025-08-27T09:55:00.000-00:00,"13.8,13.8,13.8,13.8,25940"
2025-08-27T10:00:00.000-00:00,"13.8,13.8,13.82,13.8,20553"
2025-08-27T10:05:00.000-00:00,"13.78,13.8,13.81,13.78,33335"
2025-08-27T10:10:00.000-00:00,"13.8,13.79,13.8,13.79,46296"
2025-08-27T10:15:00.000-00:00,"13.79,13.83,13.83,13.79,19010"
2025-08-27T10:20:00.000-00:00,"13.82,13.81,13.83,13.81,8452"
2025-08-27T10:25:00.000-00:00,"13.81,13.79,13.82,13.79,39637"
2025-08-27T10:30:00.000-00:00,"13.79,13.78,13.8,13.78,20645"
2025-08-27T10:35:00.000-00:00,"13.78,13.8,13.8,13.76,14461"
2025-08-27T10:40:00.000-00:00,"13.78,13.8,13.8,13.77,23682"
2025-08-27T10:45:00.000-00:00,"13.8,13.8,13.8,13.78,32673"
2025-08-27T10:50:00.000-00:00,"13.8,13.76,13.8,13.76,30442"
2025-08-27T10:55:00.000-00:00,"13.77,13.72,13.8,13.72,134747"
2025-08-27T11:00:00.000-00:00,"13.79,13.76,13.79,13.73,11286"
2025-08-27T11:05:00.000-00:00,"13.76,13.72,13.78,13.72,61804"
2025-08-27T11:10:00.000-00:00,"13.72,13.7,13.74,13.68,100476"
2025-08-27T11:25:00.000-00:00,"13.7,13.7,13.7,13.7,147659"
2025-08-28T07:00:00.000-00:00,"13.72,13.79,13.8,13.71,7648"
2025-08-28T07:05:00.000-00:00,"13.79,13.8,13.8,13.7,5265"
2025-08-28T07:10:00.000-00:00,"13.77,13.78,13.78,13.77,2032"
2025-08-28T07:15:00.000-00:00,"13.78,13.75,13.8,13.75,10957"
2025-08-28T07:20:00.000-00:00,"13.75,13.79,13.79,13.75,4515"
2025-08-28T07:25:00.000-00:00,"13.75,13.75,13.77,13.75,5196"
2025-08-28T07:30:00.000-00:00,"13.73,13.74,13.75,13.73,1305"
2025-08-28T07:35:00.000-00:00,"13.74,13.74,13.75,13.74,3500"
2025-08-28T07:40:00.000-00:00,"13.73,13.73,13.74,13.7,30198"
2025-08-28T07:45:00.000-00:00,"13.73,13.72,13.74,13.71,7631"
2025-08-28T07:50:00.000-00:00,"13.72,13.71,13.72,13.7,60759"
2025-08-28T07:55:00.000-00:00,"13.71,13.71,13.71,13.7,74629"
2025-08-28T08:00:00.000-00:00,"13.71,13.71,13.73,13.71,2142"
2025-08-28T08:05:00.000-00:00,"13.71,13.72,13.72,13.71,3454"
2025-08-28T08:10:00.000-00:00,"13.71,13.75,13.75,13.71,9985"
2025-08-28T08:15:00.000-00:00,"13.77,13.79,13.79,13.77,10443"
2025-08-28T08:20:00.000-00:00,"13.79,13.78,13.79,13.78,107"
2025-08-28T08:25:00.000-00:00,"13.78,13.76,13.78,13.76,659"
2025-08-28T08:30:00.000-00:00,"13.75,13.75,13.77,13.75,10194"
2025-08-28T08:35:00.000-00:00,"13.75,13.75,13.75,13.75,32340"
2025-08-28T08:40:00.000-00:00,"13.74,13.74,13.74,13.74,6500"
2025-08-28T08:45:00.000-00:00,"13.73,13.69,13.73,13.68,87249"
2025-08-28T08:50:00.000-00:00,"13.7,13.7,13.7,13.7,11753"
2025-08-28T08:55:00.000-00:00,"13.7,13.7,13.7,13.69,4253"
2025-08-28T09:00:00.000-00:00,"13.7,13.7,13.7,13.7,1000"
2025-08-28T09:05:00.000-00:00,"13.72,13.71,13.72,13.71,4660"
2025-08-28T09:10:00.000-00:00,"13.71,13.71,13.71,13.7,2530"
2025-08-28T09:15:00.000-00:00,"13.72,13.72,13.72,13.72,1025"
2025-08-28T09:20:00.000-00:00,"13.72,13.75,13.75,13.72,30068"
2025-08-28T09:30:00.000-00:00,"13.73,13.73,13.75,13.73,10447"
2025-08-28T09:35:00.000-00:00,"13.73,13.75,13.75,13.73,16217"
2025-08-28T09:40:00.000-00:00,"13.74,13.74,13.76,13.74,423"
2025-08-28T09:45:00.000-00:00,"13.75,13.73,13.75,13.73,6328"
2025-08-28T09:50:00.000-00:00,"13.75,13.75,13.75,13.75,5006"
2025-08-28T09:55:00.000-00:00,"13.74,13.75,13.75,13.74,5150"
2025-08-28T10:00:00.000-00:00,"13.74,13.77,13.77,13.74,30713"
2025-08-28T10:05:00.000-00:00,"13.78,13.79,13.79,13.77,32769"
2025-08-28T10:10:00.000-00:00,"13.8,13.82,13.86,13.79,141736"
2025-08-28T10:15:00.000-00:00,"13.83,13.85,13.87,13.83,29164"
2025-08-28T10:20:00.000-00:00,"13.85,13.88,13.88,13.85,73960"
2025-08-28T10:25:00.000-00:00,"13.88,13.88,13.88,13.81,75262"
2025-08-28T10:30:00.000-00:00,"13.87,13.86,13.87,13.84,24082"
2025-08-28T10:35:00.000-00:00,"13.86,13.87,13.87,13.86,19411"
2025-08-28T10:40:00.000-00:00,"13.88,13.87,13.88,13.87,38715"
2025-08-28T10:45:00.000-00:00,"13.87,13.87,13.87,13.86,27560"
2025-08-28T10:50:00.000-00:00,"13.86,13.87,13.88,13.86,44701"
2025-08-28T10:55:00.000-00:00,"13.88,13.88,13.89,13.88,47164"
2025-08-28T11:00:00.000-00:00,"13.89,13.9,13.9,13.88,92388"
2025-08-28T11:05:00.000-00:00,"13.89,13.89,13.9,13.88,49351"
2025-08-28T11:10:00.000-00:00,"13.88,13.87,13.89,13.87,53073"
2025-08-28T11:25:00.000-00:00,"13.89,13.89,13.89,13.89,133216"
2025-08-31T07:00:00.000-00:00,"13.9,13.9,14,13.9,13021"
2025-08-31T07:05:00.000-00:00,"13.92,13.99,14,13.92,24090"
2025-08-31T07:10:00.000-00:00,"13.98,13.98,13.98,13.98,1000"
2025-08-31T07:15:00.000-00:00,"13.95,13.95,13.98,13.95,3242"
2025-08-31T07:20:00.000-00:00,"13.98,13.99,14,13.98,21058"
2025-08-31T07:25:00.000-00:00,"14,13.99,14,13.99,3425"
2025-08-31T07:30:00.000-00:00,"13.99,13.98,13.99,13.96,2480"
2025-08-31T07:35:00.000-00:00,"13.97,13.95,13.97,13.95,1001"
2025-08-31T07:40:00.000-00:00,"13.97,13.98,13.98,13.95,1394"
2025-08-31T07:45:00.000-00:00,"13.95,13.94,13.95,13.94,1941"
2025-08-31T07:50:00.000-00:00,"13.94,13.82,13.94,13.82,31004"
2025-08-31T07:55:00.000-00:00,"13.82,13.89,13.89,13.82,6438"
2025-08-31T08:00:00.000-00:00,"13.89,13.83,13.89,13.83,3695"
2025-08-31T08:05:00.000-00:00,"13.89,13.85,13.89,13.83,5916"
2025-08-31T08:10:00.000-00:00,"13.85,13.9,13.9,13.85,3644"
2025-08-31T08:15:00.000-00:00,"13.86,13.86,13.9,13.86,3752"
2025-08-31T08:20:00.000-00:00,"13.86,13.84,13.86,13.84,13312"
2025-08-31T08:25:00.000-00:00,"13.85,13.84,13.85,13.84,708"
2025-08-31T08:30:00.000-00:00,"13.84,13.89,13.89,13.84,2820"
2025-08-31T08:35:00.000-00:00,"13.89,13.89,13.89,13.89,684"
2025-08-31T08:40:00.000-00:00,"13.85,13.8,13.85,13.8,43058"
2025-08-31T08:45:00.000-00:00,"13.79,13.79,13.79,13.79,713"
2025-08-31T08:50:00.000-00:00,"13.79,13.78,13.88,13.78,9150"
2025-08-31T08:55:00.000-00:00,"13.78,13.75,13.78,13.71,60050"
2025-08-31T09:00:00.000-00:00,"13.75,13.76,13.76,13.75,3016"
2025-08-31T09:05:00.000-00:00,"13.76,13.77,13.77,13.76,2183"
2025-08-31T09:10:00.000-00:00,"13.82,13.82,13.82,13.82,806"
2025-08-31T09:15:00.000-00:00,"13.77,13.77,13.82,13.76,9647"
2025-08-31T09:20:00.000-00:00,"13.82,13.82,13.82,13.82,100"
2025-08-31T09:25:00.000-00:00,"13.79,13.79,13.79,13.79,32364"
2025-08-31T09:30:00.000-00:00,"13.79,13.78,13.79,13.78,1550"
2025-08-31T09:35:00.000-00:00,"13.78,13.78,13.78,13.78,3000"
2025-08-31T09:40:00.000-00:00,"13.79,13.78,13.82,13.78,411"
2025-08-31T09:45:00.000-00:00,"13.78,13.81,13.81,13.77,9305"
2025-08-31T09:50:00.000-00:00,"13.81,13.81,13.81,13.81,7"
2025-08-31T09:55:00.000-00:00,"13.81,13.78,13.81,13.78,957"
2025-08-31T10:00:00.000-00:00,"13.89,13.89,13.89,13.89,1"
2025-08-31T10:05:00.000-00:00,"13.88,13.89,13.89,13.88,3849"
2025-08-31T10:10:00.000-00:00,"13.8,13.72,13.9,13.71,109327"
2025-08-31T10:15:00.000-00:00,"13.85,13.85,13.85,13.85,1000"
2025-08-31T10:25:00.000-00:00,"13.74,13.71,13.74,13.7,75347"
2025-08-31T10:30:00.000-00:00,"13.71,13.61,13.79,13.61,46960"
2025-08-31T10:35:00.000-00:00,"13.61,13.78,13.78,13.61,20734"
2025-08-31T10:40:00.000-00:00,"13.7,13.57,13.7,13.57,88875"
2025-08-31T10:45:00.000-00:00,"13.57,13.35,13.62,13.35,106300"
2025-08-31T10:50:00.000-00:00,"13.35,13.34,13.41,13.15,116094"
2025-08-31T10:55:00.000-00:00,"13.2,13.3,13.34,13.2,53161"
2025-08-31T11:00:00.000-00:00,"13.33,13.35,13.35,13.3,89132"
2025-08-31T11:05:00.000-00:00,"13.31,13.4,13.4,13.31,49506"
2025-08-31T11:10:00.000-00:00,"13.38,13.4,13.46,13.38,20336"
2025-08-31T11:25:00.000-00:00,"13.42,13.42,13.42,13.42,73242"
2025-09-01T07:00:00.000-00:00,"13.42,13.22,13.45,13.22,46329"
2025-09-01T07:05:00.000-00:00,"13.25,13.35,13.35,13.23,3626"
2025-09-01T07:10:00.000-00:00,"13.34,13.3,13.35,13.3,25924"
2025-09-01T07:15:00.000-00:00,"13.3,13.28,13.35,13.26,5884"
2025-09-01T07:20:00.000-00:00,"13.28,13.34,13.34,13.25,23030"
2025-09-01T07:25:00.000-00:00,"13.34,13.3,13.34,13.3,234"
2025-09-01T07:30:00.000-00:00,"13.3,13.34,13.34,13.3,248"
2025-09-01T07:35:00.000-00:00,"13.34,13.34,13.35,13.34,5672"
2025-09-01T07:40:00.000-00:00,"13.31,13.31,13.31,13.31,171"
2025-09-01T07:45:00.000-00:00,"13.34,13.36,13.36,13.33,9364"
2025-09-01T07:50:00.000-00:00,"13.35,13.4,13.4,13.35,15049"
2025-09-01T07:55:00.000-00:00,"13.4,13.43,13.44,13.36,22972"
2025-09-01T08:00:00.000-00:00,"13.43,13.4,13.46,13.4,26159"
2025-09-01T08:05:00.000-00:00,"13.4,13.4,13.4,13.36,6545"
2025-09-01T08:10:00.000-00:00,"13.41,13.41,13.41,13.4,16080"
2025-09-01T08:15:00.000-00:00,"13.4,13.4,13.4,13.4,30000"
2025-09-01T08:20:00.000-00:00,"13.38,13.38,13.38,13.38,74"
2025-09-01T08:25:00.000-00:00,"13.41,13.37,13.41,13.36,5437"
2025-09-01T08:30:00.000-00:00,"13.37,13.4,13.4,13.36,3501"
2025-09-01T08:35:00.000-00:00,"13.4,13.4,13.4,13.36,1072"
2025-09-01T08:40:00.000-00:00,"13.37,13.37,13.37,13.37,738"
2025-09-01T08:50:00.000-00:00,"13.37,13.37,13.37,13.37,501"
2025-09-01T08:55:00.000-00:00,"13.4,13.4,13.4,13.37,3421"
2025-09-01T09:00:00.000-00:00,"13.38,13.33,13.38,13.33,9156"
2025-09-01T09:05:00.000-00:00,"13.35,13.33,13.35,13.33,4247"
2025-09-01T09:10:00.000-00:00,"13.35,13.35,13.4,13.32,49518"
2025-09-01T09:15:00.000-00:00,"13.35,13.34,13.35,13.34,5347"
2025-09-01T09:20:00.000-00:00,"13.39,13.39,13.39,13.39,2541"
2025-09-01T09:25:00.000-00:00,"13.34,13.39,13.39,13.34,2689"
2025-09-01T09:30:00.000-00:00,"13.34,13.39,13.39,13.32,7632"
2025-09-01T09:35:00.000-00:00,"13.34,13.35,13.35,13.33,967"
2025-09-01T09:40:00.000-00:00,"13.35,13.39,13.39,13.35,2541"
2025-09-01T09:45:00.000-00:00,"13.39,13.4,13.4,13.39,25432"
2025-09-01T09:50:00.000-00:00,"13.41,13.44,13.44,13.41,4539"
2025-09-01T09:55:00.000-00:00,"13.44,13.6,13.6,13.44,292472"
2025-09-01T10:00:00.000-00:00,"13.6,13.6,13.65,13.6,49118"
2025-09-01T10:05:00.000-00:00,"13.6,13.63,13.65,13.6,53844"
2025-09-01T10:10:00.000-00:00,"13.63,13.56,13.64,13.56,28944"
2025-09-01T10:15:00.000-00:00,"13.59,13.42,13.59,13.42,49828"
2025-09-01T10:20:00.000-00:00,"13.42,13.56,13.58,13.41,7842"
2025-09-01T10:25:00.000-00:00,"13.5,13.48,13.5,13.45,8802"
2025-09-01T10:30:00.000-00:00,"13.48,13.49,13.49,13.48,5034"
2025-09-01T10:35:00.000-00:00,"13.48,13.45,13.49,13.45,6686"
2025-09-01T10:40:00.000-00:00,"13.46,13.4,13.46,13.4,40684"
2025-09-01T10:45:00.000-00:00,"13.4,13.4,13.4,13.4,5114"
2025-09-01T10:50:00.000-00:00,"13.4,13.4,13.4,13.4,3741"
2025-09-01T10:55:00.000-00:00,"13.4,13.39,13.4,13.3,115198"
2025-09-01T11:00:00.000-00:00,"13.39,13.38,13.39,13.29,62403"
2025-09-01T11:05:00.000-00:00,"13.35,13.35,13.4,13.3,67280"
2025-09-01T11:10:00.000-00:00,"13.33,13.4,13.4,13.31,38275"
2025-09-01T11:25:00.000-00:00,"13.44,13.44,13.44,13.44,36674"
2025-09-02T07:00:00.000-00:00,"13.48,13.4,13.54,13.4,10197"
2025-09-02T07:05:00.000-00:00,"13.39,13.39,13.39,13.39,1393"
2025-09-02T07:10:00.000-00:00,"13.39,13.4,13.4,13.36,10825"
2025-09-02T07:15:00.000-00:00,"13.41,13.41,13.41,13.41,1141"
2025-09-02T07:20:00.000-00:00,"13.41,13.45,13.45,13.4,27459"
2025-09-02T07:25:00.000-00:00,"13.43,13.48,13.48,13.42,19876"
2025-09-02T07:30:00.000-00:00,"13.42,13.42,13.45,13.42,6815"
2025-09-02T07:35:00.000-00:00,"13.42,13.41,13.42,13.41,14427"
2025-09-02T07:40:00.000-00:00,"13.41,13.41,13.42,13.41,17340"
2025-09-02T07:45:00.000-00:00,"13.41,13.42,13.42,13.41,8848"
2025-09-02T07:50:00.000-00:00,"13.42,13.41,13.42,13.4,18723"
2025-09-02T07:55:00.000-00:00,"13.41,13.4,13.42,13.4,4932"
2025-09-02T08:00:00.000-00:00,"13.38,13.41,13.41,13.38,2701"
2025-09-02T08:05:00.000-00:00,"13.41,13.42,13.42,13.41,6590"
2025-09-02T08:10:00.000-00:00,"13.42,13.4,13.42,13.4,2854"
2025-09-02T08:15:00.000-00:00,"13.4,13.4,13.4,13.4,7938"
2025-09-02T08:20:00.000-00:00,"13.4,13.4,13.4,13.4,64"
2025-09-02T08:25:00.000-00:00,"13.4,13.4,13.4,13.4,2000"
2025-09-02T08:30:00.000-00:00,"13.4,13.4,13.4,13.38,6250"
2025-09-02T08:35:00.000-00:00,"13.38,13.36,13.38,13.36,3546"
2025-09-02T08:40:00.000-00:00,"13.36,13.39,13.39,13.36,3550"
2025-09-02T08:45:00.000-00:00,"13.39,13.4,13.43,13.39,31548"
2025-09-02T08:50:00.000-00:00,"13.4,13.4,13.4,13.4,1"
2025-09-02T08:55:00.000-00:00,"13.4,13.4,13.4,13.4,1792"
2025-09-02T09:00:00.000-00:00,"13.4,13.4,13.4,13.4,73"
2025-09-02T09:05:00.000-00:00,"13.37,13.37,13.37,13.37,550"
2025-09-02T09:10:00.000-00:00,"13.37,13.4,13.4,13.37,1674"
2025-09-02T09:15:00.000-00:00,"13.37,13.36,13.37,13.36,36770"
2025-09-02T09:20:00.000-00:00,"13.36,13.37,13.4,13.36,22889"
2025-09-02T09:25:00.000-00:00,"13.37,13.37,13.37,13.37,511"
2025-09-02T09:30:00.000-00:00,"13.4,13.37,13.4,13.37,10"
2025-09-02T09:35:00.000-00:00,"13.4,13.4,13.4,13.4,12"
2025-09-02T09:40:00.000-00:00,"13.38,13.36,13.38,13.36,62417"
2025-09-02T09:45:00.000-00:00,"13.36,13.36,13.36,13.36,31194"
2025-09-02T09:55:00.000-00:00,"13.36,13.35,13.37,13.35,1701"
2025-09-02T10:00:00.000-00:00,"13.37,13.39,13.39,13.37,2019"
2025-09-02T10:05:00.000-00:00,"13.37,13.39,13.39,13.35,6309"
2025-09-02T10:15:00.000-00:00,"13.36,13.36,13.36,13.36,15500"
2025-09-02T10:20:00.000-00:00,"13.35,13.38,13.38,13.35,52565"
2025-09-02T10:30:00.000-00:00,"13.38,13.38,13.38,13.36,10344"
2025-09-02T10:35:00.000-00:00,"13.36,13.36,13.36,13.36,45"
2025-09-02T10:40:00.000-00:00,"13.36,13.36,13.36,13.36,747"
2025-09-02T10:45:00.000-00:00,"13.36,13.36,13.36,13.36,548"
2025-09-02T10:50:00.000-00:00,"13.38,13.36,13.38,13.36,3345"
2025-09-02T10:55:00.000-00:00,"13.36,13.36,13.36,13.36,13453"
2025-09-02T11:00:00.000-00:00,"13.36,13.36,13.36,13.35,10896"
2025-09-02T11:05:00.000-00:00,"13.36,13.36,13.36,13.35,15901"
2025-09-02T11:10:00.000-00:00,"13.36,13.36,13.36,13.35,20102"
2025-09-02T11:25:00.000-00:00,"13.3,13.3,13.3,13.3,56079"
2025-09-03T07:00:00.000-00:00,"13.28,13.28,13.39,13.27,10982"
2025-09-03T07:05:00.000-00:00,"13.29,13.29,13.29,13.29,3317"
2025-09-03T07:10:00.000-00:00,"13.3,13.25,13.3,13.25,46803"
2025-09-03T07:15:00.000-00:00,"13.25,13.25,13.26,13.25,12143"
2025-09-03T07:20:00.000-00:00,"13.25,13.26,13.26,13.24,9977"
2025-09-03T07:25:00.000-00:00,"13.27,13.25,13.27,13.25,5029"
2025-09-03T07:30:00.000-00:00,"13.26,13.25,13.26,13.25,8222"
2025-09-03T07:35:00.000-00:00,"13.25,13.3,13.32,13.25,17093"
2025-09-03T07:40:00.000-00:00,"13.3,13.27,13.31,13.27,19777"
2025-09-03T07:45:00.000-00:00,"13.27,13.27,13.27,13.25,5146"
2025-09-03T07:50:00.000-00:00,"13.27,13.3,13.3,13.27,12833"
2025-09-03T07:55:00.000-00:00,"13.3,13.3,13.32,13.3,9957"
2025-09-03T08:00:00.000-00:00,"13.3,13.3,13.3,13.26,10565"
2025-09-03T08:05:00.000-00:00,"13.26,13.23,13.26,13.22,21576"
2025-09-03T08:10:00.000-00:00,"13.23,13.23,13.25,13.2,40789"
2025-09-03T08:15:00.000-00:00,"13.23,13.21,13.24,13.21,19821"
2025-09-03T08:20:00.000-00:00,"13.21,13.22,13.22,13.21,7507"
2025-09-03T08:25:00.000-00:00,"13.24,13.24,13.24,13.24,430"
2025-09-03T08:30:00.000-00:00,"13.22,13.2,13.23,13.2,34564"
2025-09-03T08:35:00.000-00:00,"13.19,13.19,13.22,13.18,25239"
2025-09-03T08:40:00.000-00:00,"13.19,13.08,13.2,13.07,77989"
2025-09-03T08:45:00.000-00:00,"13.08,13.2,13.2,13.07,21460"
2025-09-03T08:50:00.000-00:00,"13.12,13.1,13.19,13.1,8947"
2025-09-03T08:55:00.000-00:00,"13.1,13.1,13.18,13.1,25677"
2025-09-03T09:00:00.000-00:00,"13.1,13.11,13.11,13.09,9851"
2025-09-03T09:05:00.000-00:00,"13.11,13.1,13.12,13.1,56000"
2025-09-03T09:10:00.000-00:00,"13.09,13.06,13.1,13.06,39897"
2025-09-03T09:15:00.000-00:00,"13.06,13.05,13.06,13.02,44331"
2025-09-03T09:20:00.000-00:00,"13.05,13.05,13.05,13.03,26281"
2025-09-03T09:25:00.000-00:00,"13.04,13.1,13.1,13.04,30897"
2025-09-03T09:30:00.000-00:00,"13.1,13.1,13.1,13.08,26837"
2025-09-03T09:35:00.000-00:00,"13.1,13.1,13.1,13.1,10471"
2025-09-03T09:40:00.000-00:00,"13.09,13.09,13.1,13.08,13041"
2025-09-03T09:45:00.000-00:00,"13.09,13.07,13.1,13.07,29044"
2025-09-03T09:50:00.000-00:00,"13.1,13.05,13.1,13.05,47691"
2025-09-03T09:55:00.000-00:00,"13.05,13.04,13.06,13.03,17901"
2025-09-03T10:00:00.000-00:00,"13.04,13.07,13.07,13.04,2300"
2025-09-03T10:05:00.000-00:00,"13.06,13.07,13.07,13.06,8500"
2025-09-03T10:10:00.000-00:00,"13.05,13.05,13.05,13.05,4500"
2025-09-03T10:15:00.000-00:00,"13.05,12.96,13.05,12.96,126366"
2025-09-03T10:20:00.000-00:00,"12.97,13,13.01,12.95,202699"
2025-09-03T10:25:00.000-00:00,"13,12.95,13,12.95,14923"
2025-09-03T10:30:00.000-00:00,"12.96,12.97,12.97,12.95,18443"
2025-09-03T10:35:00.000-00:00,"12.97,12.98,13,12.97,56709"
2025-09-03T10:40:00.000-00:00,"12.99,13,13,12.97,33724"
2025-09-03T10:45:00.000-00:00,"13,13,13,12.98,179889"
2025-09-03T10:50:00.000-00:00,"13.01,13.07,13.07,13,177192"
2025-09-03T10:55:00.000-00:00,"13.05,13.03,13.07,13,87973"
2025-09-03T11:00:00.000-00:00,"13.09,13.13,13.13,13.07,101376"
2025-09-03T11:05:00.000-00:00,"13.11,13.1,13.15,13.1,71012"
2025-09-03T11:10:00.000-00:00,"13.09,13.01,13.09,13.01,133223"
2025-09-03T11:25:00.000-00:00,"13.08,13.08,13.08,13.08,66399"
2025-09-07T07:00:00.000-00:00,"13.2,13.2,13.2,13.1,53685"
2025-09-07T07:05:00.000-00:00,"13.19,13.19,13.2,13.19,2842"
2025-09-07T07:10:00.000-00:00,"13.19,13.1,13.19,13.1,7966"
2025-09-07T07:15:00.000-00:00,"13.1,13.1,13.18,13.1,12524"
2025-09-07T07:20:00.000-00:00,"13.1,13.08,13.13,13.07,11269"
2025-09-07T07:25:00.000-00:00,"13.15,13.1,13.15,13.1,251"
2025-09-07T07:30:00.000-00:00,"13.1,13.14,13.14,13.1,4575"
2025-09-07T07:35:00.000-00:00,"13.14,13.1,13.17,13.09,11300"
2025-09-07T07:40:00.000-00:00,"13.1,13.15,13.15,13.1,15500"
2025-09-07T07:45:00.000-00:00,"13.1,13.05,13.1,13.05,6700"
2025-09-07T07:50:00.000-00:00,"13.05,13.03,13.05,13.03,6091"
2025-09-07T07:55:00.000-00:00,"13.1,13,13.1,13,30028"
2025-09-07T08:00:00.000-00:00,"13,12.96,13,12.96,10063"
2025-09-07T08:05:00.000-00:00,"12.99,13,13,12.99,3698"
2025-09-07T08:10:00.000-00:00,"13,12.99,13.09,12.95,7063"
2025-09-07T08:15:00.000-00:00,"12.97,13,13,12.96,6264"
2025-09-07T08:20:00.000-00:00,"12.96,12.95,12.96,12.95,5750"
2025-09-07T08:25:00.000-00:00,"13,13,13,13,9357"
2025-09-07T08:30:00.000-00:00,"13,13.08,13.08,13,1774"
2025-09-07T08:35:00.000-00:00,"13,12.97,13,12.97,9190"
2025-09-07T08:40:00.000-00:00,"12.98,12.97,12.98,12.97,1030"
2025-09-07T08:45:00.000-00:00,"12.98,12.95,12.98,12.94,26658"
2025-09-07T08:50:00.000-00:00,"12.95,12.95,13.06,12.95,21625"
2025-09-07T08:55:00.000-00:00,"12.95,12.95,12.95,12.95,28000"
2025-09-07T09:00:00.000-00:00,"12.95,12.91,13.07,12.91,49426"
2025-09-07T09:05:00.000-00:00,"12.95,12.88,12.95,12.88,51093"
2025-09-07T09:10:00.000-00:00,"12.88,12.88,12.9,12.85,22336"
2025-09-07T09:15:00.000-00:00,"12.89,12.9,12.9,12.82,92702"
2025-09-07T09:20:00.000-00:00,"12.9,12.9,12.99,12.9,33980"
2025-09-07T09:25:00.000-00:00,"12.91,12.97,12.97,12.91,3129"
2025-09-07T09:30:00.000-00:00,"12.95,12.97,12.97,12.95,890"
2025-09-07T09:35:00.000-00:00,"12.97,13.06,13.06,12.97,2679"
2025-09-07T09:40:00.000-00:00,"13.03,13.03,13.03,13.03,2149"
2025-09-07T09:45:00.000-00:00,"13,12.94,13.03,12.94,2683"
2025-09-07T09:50:00.000-00:00,"12.94,13,13,12.94,8674"
2025-09-07T09:55:00.000-00:00,"13.03,13.01,13.04,13.01,14711"
2025-09-07T10:00:00.000-00:00,"13.01,13,13.01,13,19515"
2025-09-07T10:05:00.000-00:00,"13,12.93,13,12.93,3686"
2025-09-07T10:10:00.000-00:00,"13,12.94,13,12.94,16229"
2025-09-07T10:15:00.000-00:00,"12.95,13.01,13.01,12.95,12350"
2025-09-07T10:20:00.000-00:00,"13.01,13.08,13.08,13,24349"
2025-09-07T10:25:00.000-00:00,"13.06,13.06,13.06,13.06,700"
2025-09-07T10:30:00.000-00:00,"13.04,13.04,13.04,13.04,1539"
2025-09-07T10:35:00.000-00:00,"13.04,13.04,13.05,13.01,15040"
2025-09-07T10:40:00.000-00:00,"13.04,13,13.04,12.97,55909"
2025-09-07T10:45:00.000-00:00,"13,13,13,12.96,2316"
2025-09-07T10:50:00.000-00:00,"12.96,12.96,12.96,12.96,160"
2025-09-07T10:55:00.000-00:00,"12.96,13,13,12.95,1651"
2025-09-07T11:00:00.000-00:00,"12.97,13,13,12.97,1238"
2025-09-07T11:05:00.000-00:00,"12.98,12.96,12.98,12.95,7203"
2025-09-07T11:10:00.000-00:00,"12.96,12.96,13,12.95,11147"
2025-09-07T11:25:00.000-00:00,"12.87,12.87,12.87,12.87,92556"
2025-09-08T07:00:00.000-00:00,"12.86,13,13,12.86,8821"
2025-09-08T07:05:00.000-00:00,"12.86,12.86,12.9,12.81,29526"
2025-09-08T07:10:00.000-00:00,"12.86,12.86,12.86,12.86,2486"
2025-09-08T07:15:00.000-00:00,"12.85,12.85,12.9,12.84,3764"
2025-09-08T07:20:00.000-00:00,"12.9,12.9,12.93,12.89,59248"
2025-09-08T07:25:00.000-00:00,"12.91,12.91,12.93,12.91,13902"
2025-09-08T07:30:00.000-00:00,"12.9,12.9,12.9,12.9,8133"
2025-09-08T07:35:00.000-00:00,"12.9,12.9,12.9,12.9,4443"
2025-09-08T07:40:00.000-00:00,"12.9,12.88,12.9,12.87,20038"
2025-09-08T07:45:00.000-00:00,"12.88,12.86,12.9,12.86,49701"
2025-09-08T07:50:00.000-00:00,"12.88,12.86,12.88,12.86,7244"
2025-09-08T07:55:00.000-00:00,"12.86,12.95,12.95,12.86,43754"
2025-09-08T08:00:00.000-00:00,"12.93,12.95,12.95,12.91,18794"
2025-09-08T08:05:00.000-00:00,"12.92,12.91,12.97,12.91,17551"
2025-09-08T08:10:00.000-00:00,"12.95,13.02,13.02,12.95,53053"
2025-09-08T08:15:00.000-00:00,"13,13.1,13.1,13,149121"
2025-09-08T08:20:00.000-00:00,"13.12,13.01,13.12,13.01,300111"
2025-09-08T08:25:00.000-00:00,"13,13.04,13.04,13,102808"
2025-09-08T08:30:00.000-00:00,"13.02,13.02,13.09,13,137173"
2025-09-08T08:35:00.000-00:00,"13.02,13,13.04,13,71736"
2025-09-08T08:40:00.000-00:00,"12.99,12.97,12.99,12.97,52534"
2025-09-08T08:45:00.000-00:00,"12.97,12.91,12.97,12.9,158058"
2025-09-08T08:50:00.000-00:00,"12.92,12.93,12.93,12.92,88195"
2025-09-08T08:55:00.000-00:00,"12.95,12.97,12.98,12.94,311465"
2025-09-08T09:00:00.000-00:00,"12.97,13,13,12.97,12573"
2025-09-08T09:05:00.000-00:00,"12.99,12.97,13,12.97,33877"
2025-09-08T09:10:00.000-00:00,"12.97,12.95,12.97,12.95,97963"
2025-09-08T09:15:00.000-00:00,"12.95,12.95,12.95,12.94,2129"
2025-09-08T09:20:00.000-00:00,"12.95,12.95,12.95,12.95,17739"
2025-09-08T09:25:00.000-00:00,"12.95,12.96,12.96,12.95,59487"
2025-09-08T09:30:00.000-00:00,"12.97,12.97,12.97,12.97,1973"
2025-09-08T09:35:00.000-00:00,"12.96,12.97,12.97,12.96,11148"
2025-09-08T09:40:00.000-00:00,"12.97,12.91,12.97,12.88,133339"
2025-09-08T09:45:00.000-00:00,"12.88,12.83,12.88,12.83,108629"
2025-09-08T09:50:00.000-00:00,"12.83,12.85,12.85,12.83,78917"
2025-09-08T09:55:00.000-00:00,"12.85,12.83,12.85,12.82,50892"
2025-09-08T10:00:00.000-00:00,"12.83,12.83,12.83,12.83,10029"
2025-09-08T10:05:00.000-00:00,"12.84,12.86,12.86,12.84,7846"
2025-09-08T10:10:00.000-00:00,"12.87,12.87,12.88,12.87,5258"
2025-09-08T10:15:00.000-00:00,"12.87,12.8,12.87,12.8,113076"
2025-09-08T10:20:00.000-00:00,"12.8,12.8,12.8,12.8,92051"
2025-09-08T10:25:00.000-00:00,"12.8,12.65,12.8,12.65,218998"
2025-09-08T10:30:00.000-00:00,"12.65,12.79,12.79,12.61,149820"
2025-09-08T10:35:00.000-00:00,"12.67,12.68,12.68,12.67,16669"
2025-09-08T10:40:00.000-00:00,"12.7,12.75,12.75,12.7,902"
2025-09-08T10:45:00.000-00:00,"12.71,12.53,12.75,12.5,343631"
2025-09-08T10:50:00.000-00:00,"12.54,12.7,12.7,12.53,65025"
2025-09-08T10:55:00.000-00:00,"12.68,12.72,12.77,12.68,71804"
2025-09-08T11:00:00.000-00:00,"12.7,12.63,12.7,12.63,29395"
2025-09-08T11:05:00.000-00:00,"12.63,12.7,12.71,12.61,102477"
2025-09-08T11:10:00.000-00:00,"12.69,12.6,12.76,12.55,141749"
2025-09-08T11:15:00.000-00:00,"12.6,12.6,12.6,12.6,100"
2025-09-08T11:25:00.000-00:00,"12.38,12.38,12.38,12.38,593311"
2025-09-09T07:00:00.000-00:00,"12.42,12.51,12.54,12.42,73340"
2025-09-09T07:05:00.000-00:00,"12.5,12.47,12.5,12.47,27613"
2025-09-09T07:10:00.000-00:00,"12.48,12.54,12.54,12.47,25796"
2025-09-09T07:15:00.000-00:00,"12.49,12.45,12.49,12.45,41098"
2025-09-09T07:20:00.000-00:00,"12.44,12.5,12.5,12.43,72105"
2025-09-09T07:25:00.000-00:00,"12.45,12.5,12.5,12.44,60784"
2025-09-09T07:30:00.000-00:00,"12.52,12.52,12.52,12.51,17407"
2025-09-09T07:35:00.000-00:00,"12.52,12.52,12.53,12.51,40844"
2025-09-09T07:40:00.000-00:00,"12.51,12.5,12.54,12.5,18280"
2025-09-09T07:45:00.000-00:00,"12.51,12.51,12.51,12.5,16473"
2025-09-09T07:50:00.000-00:00,"12.5,12.51,12.51,12.5,13926"
2025-09-09T07:55:00.000-00:00,"12.5,12.53,12.53,12.49,8277"
2025-09-09T08:00:00.000-00:00,"12.53,12.52,12.53,12.52,2686"
2025-09-09T08:05:00.000-00:00,"12.52,12.52,12.52,12.51,11884"
2025-09-09T08:10:00.000-00:00,"12.52,12.53,12.53,12.52,2952"
2025-09-09T08:15:00.000-00:00,"12.53,12.53,12.53,12.53,2800"
2025-09-09T08:20:00.000-00:00,"12.53,12.52,12.53,12.51,39083"
2025-09-09T08:25:00.000-00:00,"12.5,12.45,12.51,12.45,34243"
2025-09-09T08:30:00.000-00:00,"12.45,12.48,12.5,12.45,8897"
2025-09-09T08:35:00.000-00:00,"12.48,12.5,12.5,12.48,9456"
2025-09-09T08:40:00.000-00:00,"12.51,12.5,12.51,12.5,9288"
2025-09-09T08:45:00.000-00:00,"12.48,12.5,12.5,12.48,5895"
2025-09-09T08:50:00.000-00:00,"12.49,12.48,12.5,12.48,2218"
2025-09-09T08:55:00.000-00:00,"12.48,12.5,12.5,12.48,3164"
2025-09-09T09:00:00.000-00:00,"12.48,12.48,12.48,12.47,6661"
2025-09-09T09:05:00.000-00:00,"12.48,12.5,12.5,12.47,6532"
2025-09-09T09:10:00.000-00:00,"12.5,12.44,12.5,12.44,28696"
2025-09-09T09:15:00.000-00:00,"12.44,12.42,12.44,12.42,15262"
2025-09-09T09:20:00.000-00:00,"12.43,12.4,12.43,12.4,98432"
2025-09-09T09:25:00.000-00:00,"12.4,12.37,12.4,12.3,173467"
2025-09-09T09:30:00.000-00:00,"12.36,12.37,12.37,12.32,3836"
2025-09-09T09:35:00.000-00:00,"12.37,12.33,12.37,12.33,800"
2025-09-09T09:40:00.000-00:00,"12.33,12.25,12.37,12.17,262293"
2025-09-09T09:45:00.000-00:00,"12.2,12.28,12.29,12.17,90399"
2025-09-09T09:50:00.000-00:00,"12.29,12.27,12.3,12.25,43001"
2025-09-09T09:55:00.000-00:00,"12.27,12.26,12.27,12.26,23785"
2025-09-09T10:00:00.000-00:00,"12.26,12.28,12.3,12.26,20935"
2025-09-09T10:05:00.000-00:00,"12.3,12.3,12.3,12.3,22277"
2025-09-09T10:10:00.000-00:00,"12.3,12.32,12.36,12.3,35548"
2025-09-09T10:15:00.000-00:00,"12.35,12.39,12.39,12.35,19387"
2025-09-09T10:20:00.000-00:00,"12.37,12.35,12.38,12.35,28584"
2025-09-09T10:25:00.000-00:00,"12.34,12.35,12.37,12.34,57652"
2025-09-09T10:30:00.000-00:00,"12.34,12.31,12.34,12.31,30921"
2025-09-09T10:35:00.000-00:00,"12.31,12.3,12.31,12.3,38191"
2025-09-09T10:40:00.000-00:00,"12.29,12.3,12.3,12.25,53263"
2025-09-09T10:45:00.000-00:00,"12.3,12.3,12.34,12.29,14787"
2025-09-09T10:50:00.000-00:00,"12.29,12.29,12.29,12.26,25587"
2025-09-09T10:55:00.000-00:00,"12.29,12.27,12.3,12.27,15285"
2025-09-09T11:00:00.000-00:00,"12.27,12.25,12.27,12.25,33371"
2025-09-09T11:05:00.000-00:00,"12.26,12.27,12.27,12.25,28627"
2025-09-09T11:10:00.000-00:00,"12.26,12.3,12.3,12.25,43799"
2025-09-09T11:25:00.000-00:00,"12.27,12.27,12.27,12.27,54700"
2025-09-10T07:00:00.000-00:00,"12.29,12.3,12.34,12.27,12755"
2025-09-10T07:05:00.000-00:00,"12.31,12.31,12.32,12.31,2658"
2025-09-10T07:10:00.000-00:00,"12.31,12.32,12.34,12.31,14783"
2025-09-10T07:15:00.000-00:00,"12.32,12.29,12.32,12.29,39805"
2025-09-10T07:20:00.000-00:00,"12.29,12.29,12.33,12.29,9004"
2025-09-10T07:25:00.000-00:00,"12.29,12.29,12.33,12.29,2250"
2025-09-10T07:30:00.000-00:00,"12.3,12.3,12.3,12.3,250"
2025-09-10T07:35:00.000-00:00,"12.33,12.3,12.33,12.3,1250"
2025-09-10T07:40:00.000-00:00,"12.3,12.28,12.31,12.28,21089"
2025-09-10T07:45:00.000-00:00,"12.28,12.24,12.28,12.24,9935"
2025-09-10T07:50:00.000-00:00,"12.24,12.25,12.32,12.21,30987"
2025-09-10T07:55:00.000-00:00,"12.25,12.26,12.3,12.25,1979"
2025-09-10T08:00:00.000-00:00,"12.26,12.24,12.26,12.22,16765"
2025-09-10T08:05:00.000-00:00,"12.24,12.27,12.29,12.24,3867"
2025-09-10T08:10:00.000-00:00,"12.27,12.27,12.27,12.27,2039"
2025-09-10T08:15:00.000-00:00,"12.25,12.3,12.33,12.25,7272"
2025-09-10T08:20:00.000-00:00,"12.3,12.29,12.3,12.29,2251"
2025-09-10T08:25:00.000-00:00,"12.3,12.33,12.33,12.3,6300"
2025-09-10T08:30:00.000-00:00,"12.3,12.31,12.33,12.3,1441"
2025-09-10T08:35:00.000-00:00,"12.32,12.33,12.33,12.32,1124"
2025-09-10T08:40:00.000-00:00,"12.33,12.32,12.33,12.31,16399"
2025-09-10T08:45:00.000-00:00,"12.32,12.31,12.34,12.31,17738"
2025-09-10T08:50:00.000-00:00,"12.31,12.25,12.32,12.25,52415"
2025-09-10T08:55:00.000-00:00,"12.25,12.26,12.3,12.24,16719"
2025-09-10T09:00:00.000-00:00,"12.26,12.3,12.3,12.26,4657"
2025-09-10T09:05:00.000-00:00,"12.3,12.3,12.34,12.28,9914"
2025-09-10T09:10:00.000-00:00,"12.3,12.3,12.3,12.3,5000"
2025-09-10T09:15:00.000-00:00,"12.3,12.28,12.3,12.28,1250"
2025-09-10T09:20:00.000-00:00,"12.33,12.29,12.33,12.29,6429"
2025-09-10T09:25:00.000-00:00,"12.29,12.29,12.3,12.28,11051"
2025-09-10T09:30:00.000-00:00,"12.28,12.29,12.29,12.26,9480"
2025-09-10T09:35:00.000-00:00,"12.27,12.26,12.29,12.26,13587"
2025-09-10T09:45:00.000-00:00,"12.26,12.26,12.26,12.26,11521"
2025-09-10T09:50:00.000-00:00,"12.34,12.34,12.34,12.34,1631"
2025-09-10T09:55:00.000-00:00,"12.28,12.28,12.28,12.28,407"
2025-09-10T10:00:00.000-00:00,"12.29,12.27,12.29,12.27,4211"
2025-09-10T10:05:00.000-00:00,"12.3,12.3,12.32,12.3,15500"
2025-09-10T10:10:00.000-00:00,"12.31,12.34,12.35,12.3,20000"
2025-09-10T10:15:00.000-00:00,"12.31,12.34,12.34,12.31,14276"
2025-09-10T10:20:00.000-00:00,"12.31,12.36,12.36,12.31,55914"
2025-09-10T10:25:00.000-00:00,"12.35,12.4,12.4,12.35,95429"
2025-09-10T10:30:00.000-00:00,"12.41,12.46,12.46,12.4,44752"
2025-09-10T10:35:00.000-00:00,"12.45,12.4,12.45,12.4,68617"
2025-09-10T10:40:00.000-00:00,"12.4,12.4,12.4,12.37,64003"
2025-09-10T10:45:00.000-00:00,"12.37,12.46,12.46,12.37,45151"
2025-09-10T10:50:00.000-00:00,"12.46,12.47,12.48,12.46,56312"
2025-09-10T10:55:00.000-00:00,"12.47,12.45,12.48,12.44,66472"
2025-09-10T11:00:00.000-00:00,"12.46,12.49,12.5,12.45,126893"
2025-09-10T11:05:00.000-00:00,"12.49,12.48,12.52,12.48,108139"
2025-09-10T11:10:00.000-00:00,"12.48,12.45,12.5,12.45,61475"
2025-09-10T11:25:00.000-00:00,"12.46,12.46,12.46,12.46,113219"
2025-09-11T07:00:00.000-00:00,"12.5,12.56,12.57,12.48,47429"
2025-09-11T07:05:00.000-00:00,"12.56,12.55,12.56,12.52,10029"
2025-09-11T07:10:00.000-00:00,"12.55,12.5,12.55,12.5,13610"
2025-09-11T07:15:00.000-00:00,"12.5,12.5,12.52,12.5,14472"
2025-09-11T07:20:00.000-00:00,"12.5,12.55,12.55,12.5,8632"
2025-09-11T07:25:00.000-00:00,"12.55,12.55,12.55,12.52,5102"
2025-09-11T07:30:00.000-00:00,"12.55,12.57,12.58,12.5,31355"
2025-09-11T07:35:00.000-00:00,"12.55,12.56,12.56,12.55,4000"
2025-09-11T07:40:00.000-00:00,"12.56,12.55,12.57,12.55,5887"
2025-09-11T07:45:00.000-00:00,"12.55,12.53,12.57,12.53,14139"
2025-09-11T07:50:00.000-00:00,"12.55,12.5,12.55,12.5,38562"
2025-09-11T07:55:00.000-00:00,"12.5,12.5,12.5,12.5,2810"
2025-09-11T08:00:00.000-00:00,"12.53,12.5,12.54,12.48,25564"
2025-09-11T08:05:00.000-00:00,"12.51,12.54,12.54,12.5,25500"
2025-09-11T08:10:00.000-00:00,"12.54,12.5,12.55,12.5,9739"
2025-09-11T08:15:00.000-00:00,"12.54,12.52,12.55,12.52,9037"
2025-09-11T08:20:00.000-00:00,"12.52,12.55,12.55,12.52,11272"
2025-09-11T08:25:00.000-00:00,"12.55,12.55,12.56,12.55,8377"
2025-09-11T08:30:00.000-00:00,"12.55,12.55,12.55,12.53,12002"
2025-09-11T08:35:00.000-00:00,"12.55,12.55,12.56,12.55,6583"
2025-09-11T08:40:00.000-00:00,"12.54,12.54,12.54,12.54,23140"
2025-09-11T08:45:00.000-00:00,"12.55,12.53,12.55,12.53,18383"
2025-09-11T08:50:00.000-00:00,"12.55,12.55,12.55,12.54,11004"
2025-09-11T08:55:00.000-00:00,"12.54,12.55,12.56,12.54,215498"
2025-09-11T09:00:00.000-00:00,"12.55,12.55,12.56,12.53,16813"
2025-09-11T09:05:00.000-00:00,"12.55,12.55,12.55,12.53,19619"
2025-09-11T09:10:00.000-00:00,"12.55,12.55,12.56,12.55,20639"
2025-09-11T09:15:00.000-00:00,"12.55,12.54,12.55,12.54,20496"
2025-09-11T09:20:00.000-00:00,"12.55,12.69,12.7,12.54,148687"
2025-09-11T09:25:00.000-00:00,"12.65,12.65,12.69,12.65,15498"
2025-09-11T09:30:00.000-00:00,"12.65,12.7,12.7,12.61,69290"
2025-09-11T09:35:00.000-00:00,"12.7,12.63,12.7,12.63,17803"
2025-09-11T09:40:00.000-00:00,"12.68,12.68,12.68,12.68,6236"
2025-09-11T09:45:00.000-00:00,"12.63,12.64,12.64,12.62,25720"
2025-09-11T09:50:00.000-00:00,"12.62,12.62,12.65,12.62,36673"
2025-09-11T09:55:00.000-00:00,"12.62,12.63,12.63,12.62,4600"
2025-09-11T10:00:00.000-00:00,"12.62,12.6,12.64,12.6,27854"
2025-09-11T10:05:00.000-00:00,"12.58,12.64,12.65,12.58,26416"
2025-09-11T10:10:00.000-00:00,"12.63,12.64,12.64,12.63,3000"
2025-09-11T10:15:00.000-00:00,"12.63,12.63,12.64,12.63,6076"
2025-09-11T10:20:00.000-00:00,"12.61,12.58,12.61,12.58,39910"
2025-09-11T10:25:00.000-00:00,"12.58,12.6,12.64,12.58,22295"
2025-09-11T10:30:00.000-00:00,"12.63,12.6,12.64,12.6,17802"
2025-09-11T10:35:00.000-00:00,"12.63,12.7,12.7,12.63,164686"
2025-09-11T10:40:00.000-00:00,"12.7,12.6,12.7,12.6,11767"
2025-09-11T10:45:00.000-00:00,"12.65,12.65,12.67,12.62,18467"
2025-09-11T10:50:00.000-00:00,"12.65,12.64,12.65,12.63,7865"
2025-09-11T10:55:00.000-00:00,"12.65,12.64,12.65,12.63,27720"
2025-09-11T11:00:00.000-00:00,"12.62,12.69,12.69,12.61,73606"
2025-09-11T11:05:00.000-00:00,"12.68,12.66,12.68,12.63,22491"
2025-09-11T11:10:00.000-00:00,"12.68,12.73,12.73,12.6,84331"
2025-09-11T11:25:00.000-00:00,"12.74,12.74,12.74,12.74,128281"
2025-09-14T07:00:00.000-00:00,"12.75,12.74,12.75,12.74,14037"
2025-09-14T07:05:00.000-00:00,"12.71,12.71,12.71,12.71,5467"
2025-09-14T07:10:00.000-00:00,"12.73,12.74,12.74,12.73,1178"
2025-09-14T07:15:00.000-00:00,"12.72,12.6,12.72,12.6,30904"
2025-09-14T07:20:00.000-00:00,"12.62,12.63,12.63,12.62,131"
2025-09-14T07:25:00.000-00:00,"12.65,12.65,12.65,12.64,866"
2025-09-14T07:30:00.000-00:00,"12.69,12.69,12.69,12.66,3742"
2025-09-14T07:35:00.000-00:00,"12.69,12.66,12.69,12.66,3940"
2025-09-14T07:40:00.000-00:00,"12.69,12.69,12.69,12.69,322"
2025-09-14T07:45:00.000-00:00,"12.67,12.65,12.67,12.65,1170"
2025-09-14T07:50:00.000-00:00,"12.68,12.68,12.68,12.68,7"
2025-09-14T07:55:00.000-00:00,"12.66,12.69,12.69,12.66,1868"
2025-09-14T08:00:00.000-00:00,"12.69,12.7,12.7,12.68,20692"
2025-09-14T08:05:00.000-00:00,"12.73,12.73,12.73,12.73,500"
2025-09-14T08:10:00.000-00:00,"12.73,12.73,12.73,12.73,426"
2025-09-14T08:15:00.000-00:00,"12.73,12.72,12.73,12.72,2174"
2025-09-14T08:25:00.000-00:00,"12.72,12.7,12.72,12.7,5644"
2025-09-14T08:30:00.000-00:00,"12.7,12.7,12.7,12.7,18004"
2025-09-14T08:35:00.000-00:00,"12.7,12.7,12.7,12.69,1555"
2025-09-14T08:40:00.000-00:00,"12.7,12.72,12.72,12.69,2651"
2025-09-14T08:45:00.000-00:00,"12.72,12.7,12.73,12.7,3720"
2025-09-14T08:50:00.000-00:00,"12.71,12.7,12.71,12.7,128"
2025-09-14T08:55:00.000-00:00,"12.71,12.7,12.71,12.7,11500"
2025-09-14T09:00:00.000-00:00,"12.7,12.66,12.7,12.66,211719"
2025-09-14T09:05:00.000-00:00,"12.65,12.64,12.65,12.64,1950"
2025-09-14T09:10:00.000-00:00,"12.65,12.64,12.65,12.63,6750"
2025-09-14T09:15:00.000-00:00,"12.64,12.65,12.65,12.61,27835"
2025-09-14T09:20:00.000-00:00,"12.63,12.65,12.65,12.61,2002"
2025-09-14T09:25:00.000-00:00,"12.65,12.64,12.65,12.61,4967"
2025-09-14T09:30:00.000-00:00,"12.64,12.64,12.65,12.63,50949"
2025-09-14T09:35:00.000-00:00,"12.64,12.64,12.64,12.64,6691"
2025-09-14T09:40:00.000-00:00,"12.64,12.64,12.64,12.63,7611"
2025-09-14T09:45:00.000-00:00,"12.63,12.61,12.63,12.61,27847"
2025-09-14T09:50:00.000-00:00,"12.62,12.64,12.64,12.62,9585"
2025-09-14T09:55:00.000-00:00,"12.63,12.65,12.65,12.63,22415"
2025-09-14T10:00:00.000-00:00,"12.65,12.68,12.68,12.65,56425"
2025-09-14T10:05:00.000-00:00,"12.7,12.68,12.7,12.68,5398"
2025-09-14T10:10:00.000-00:00,"12.65,12.7,12.7,12.65,526"
2025-09-14T10:20:00.000-00:00,"12.7,12.65,12.7,12.65,831"
2025-09-14T10:25:00.000-00:00,"12.65,12.65,12.65,12.65,100"
2025-09-14T10:30:00.000-00:00,"12.69,12.69,12.69,12.69,123"
2025-09-14T10:35:00.000-00:00,"12.69,12.69,12.69,12.69,651"
2025-09-14T10:40:00.000-00:00,"12.67,12.63,12.67,12.63,16414"
2025-09-14T10:45:00.000-00:00,"12.64,12.6,12.65,12.6,54219"
2025-09-14T10:50:00.000-00:00,"12.61,12.6,12.61,12.6,27077"
2025-09-14T10:55:00.000-00:00,"12.6,12.6,12.63,12.6,22900"
2025-09-14T11:00:00.000-00:00,"12.61,12.62,12.62,12.6,9179"
2025-09-14T11:05:00.000-00:00,"12.63,12.68,12.68,12.62,69733"
2025-09-14T11:10:00.000-00:00,"12.63,12.65,12.68,12.63,10325"
2025-09-14T11:25:00.000-00:00,"12.62,12.62,12.62,12.62,70802"
2025-09-15T07:00:00.000-00:00,"12.62,12.67,12.67,12.6,16562"
2025-09-15T07:05:00.000-00:00,"12.66,12.62,12.66,12.62,1511"
2025-09-15T07:10:00.000-00:00,"12.62,12.62,12.62,12.62,320"
2025-09-15T07:15:00.000-00:00,"12.62,12.65,12.65,12.61,15109"
2025-09-15T07:20:00.000-00:00,"12.65,12.67,12.67,12.65,13280"
2025-09-15T07:25:00.000-00:00,"12.67,12.65,12.68,12.65,25020"
2025-09-15T07:30:00.000-00:00,"12.62,12.64,12.65,12.62,67800"
2025-09-15T07:35:00.000-00:00,"12.64,12.61,12.64,12.61,44512"
2025-09-15T07:40:00.000-00:00,"12.61,12.6,12.61,12.6,177163"
2025-09-15T07:45:00.000-00:00,"12.6,12.56,12.6,12.56,91744"
2025-09-15T07:50:00.000-00:00,"12.56,12.55,12.57,12.55,35338"
2025-09-15T07:55:00.000-00:00,"12.55,12.55,12.55,12.55,40000"
2025-09-15T08:00:00.000-00:00,"12.55,12.56,12.56,12.55,20280"
2025-09-15T08:05:00.000-00:00,"12.58,12.59,12.6,12.58,26147"
2025-09-15T08:10:00.000-00:00,"12.59,12.59,12.59,12.59,8042"
2025-09-15T08:15:00.000-00:00,"12.57,12.59,12.59,12.55,54910"
2025-09-15T08:20:00.000-00:00,"12.59,12.58,12.59,12.55,22603"
2025-09-15T08:25:00.000-00:00,"12.58,12.54,12.58,12.54,12250"
2025-09-15T08:30:00.000-00:00,"12.54,12.54,12.55,12.52,41651"
2025-09-15T08:35:00.000-00:00,"12.53,12.53,12.55,12.53,49600"
2025-09-15T08:40:00.000-00:00,"12.55,12.55,12.55,12.54,11953"
2025-09-15T08:45:00.000-00:00,"12.55,12.53,12.55,12.53,20887"
2025-09-15T08:50:00.000-00:00,"12.54,12.55,12.55,12.52,52679"
2025-09-15T08:55:00.000-00:00,"12.54,12.48,12.54,12.48,204314"
2025-09-15T09:00:00.000-00:00,"12.48,12.45,12.48,12.4,85642"
2025-09-15T09:05:00.000-00:00,"12.45,12.45,12.45,12.42,7121"
2025-09-15T09:10:00.000-00:00,"12.45,12.39,12.45,12.39,28337"
2025-09-15T09:15:00.000-00:00,"12.38,12.37,12.4,12.37,26365"
2025-09-15T09:20:00.000-00:00,"12.4,12.37,12.4,12.37,20971"
2025-09-15T09:25:00.000-00:00,"12.37,12.35,12.4,12.33,74591"
2025-09-15T09:30:00.000-00:00,"12.4,12.39,12.4,12.39,4000"
2025-09-15T09:35:00.000-00:00,"12.39,12.33,12.39,12.33,46447"
2025-09-15T09:40:00.000-00:00,"12.35,12.35,12.35,12.3,48622"
2025-09-15T09:45:00.000-00:00,"12.35,12.29,12.35,12.29,15685"
2025-09-15T09:50:00.000-00:00,"12.3,12.34,12.34,12.3,17486"
2025-09-15T09:55:00.000-00:00,"12.34,12.31,12.35,12.31,82360"
2025-09-15T10:00:00.000-00:00,"12.31,12.3,12.35,12.3,70491"
2025-09-15T10:05:00.000-00:00,"12.3,12.31,12.34,12.3,52436"
2025-09-15T10:10:00.000-00:00,"12.34,12.38,12.38,12.34,28955"
2025-09-15T10:15:00.000-00:00,"12.36,12.35,12.36,12.34,25200"
2025-09-15T10:20:00.000-00:00,"12.35,12.38,12.38,12.35,5526"
2025-09-15T10:25:00.000-00:00,"12.38,12.35,12.38,12.35,8785"
2025-09-15T10:30:00.000-00:00,"12.34,12.34,12.37,12.32,73128"
2025-09-15T10:35:00.000-00:00,"12.34,12.37,12.38,12.33,181279"
2025-09-15T10:40:00.000-00:00,"12.35,12.35,12.35,12.35,51780"
2025-09-15T10:45:00.000-00:00,"12.35,12.3,12.35,12.29,172125"
2025-09-15T10:50:00.000-00:00,"12.3,12.3,12.3,12.29,66811"
2025-09-15T10:55:00.000-00:00,"12.3,12.3,12.3,12.27,63947"
2025-09-15T11:00:00.000-00:00,"12.3,12.3,12.3,12.28,41385"
2025-09-15T11:05:00.000-00:00,"12.29,12.3,12.37,12.29,77369"
2025-09-15T11:10:00.000-00:00,"12.31,12.3,12.31,12.28,84700"
2025-09-15T11:25:00.000-00:00,"12.3,12.3,12.3,12.3,271861"
2025-09-16T07:00:00.000-00:00,"12.36,12.3,12.38,12.3,12281"
2025-09-16T07:05:00.000-00:00,"12.3,12.29,12.3,12.28,9710"
2025-09-16T07:10:00.000-00:00,"12.3,12.28,12.35,12.28,16300"
2025-09-16T07:15:00.000-00:00,"12.35,12.28,12.38,12.28,25196"
2025-09-16T07:20:00.000-00:00,"12.37,12.37,12.37,12.37,770"
2025-09-16T07:25:00.000-00:00,"12.35,12.35,12.35,12.35,10505"
2025-09-16T07:30:00.000-00:00,"12.35,12.35,12.35,12.35,1400"
2025-09-16T07:35:00.000-00:00,"12.35,12.35,12.35,12.35,1199"
2025-09-16T07:40:00.000-00:00,"12.35,12.29,12.35,12.29,15514"
2025-09-16T07:45:00.000-00:00,"12.3,12.35,12.35,12.3,11044"
2025-09-16T07:50:00.000-00:00,"12.35,12.35,12.35,12.31,535"
2025-09-16T07:55:00.000-00:00,"12.35,12.35,12.35,12.35,179"
2025-09-16T08:00:00.000-00:00,"12.31,12.3,12.31,12.3,5463"
2025-09-16T08:10:00.000-00:00,"12.32,12.31,12.32,12.31,2500"
2025-09-16T08:15:00.000-00:00,"12.34,12.34,12.34,12.34,2103"
2025-09-16T08:20:00.000-00:00,"12.34,12.36,12.36,12.33,24965"
2025-09-16T08:25:00.000-00:00,"12.35,12.32,12.35,12.32,17000"
2025-09-16T08:30:00.000-00:00,"12.34,12.35,12.35,12.31,77495"
2025-09-16T08:35:00.000-00:00,"12.35,12.35,12.35,12.34,28000"
2025-09-16T08:40:00.000-00:00,"12.32,12.26,12.32,12.26,75600"
2025-09-16T08:45:00.000-00:00,"12.26,12.2,12.26,12.2,76085"
2025-09-16T08:50:00.000-00:00,"12.2,12.1,12.2,12.1,42175"
2025-09-16T08:55:00.000-00:00,"12.1,12.1,12.19,12.05,80559"
2025-09-16T09:00:00.000-00:00,"12.1,12.1,12.1,12.06,30085"
2025-09-16T09:05:00.000-00:00,"12.1,12.08,12.1,12.06,12226"
2025-09-16T09:10:00.000-00:00,"12.06,12.09,12.09,12.03,53636"
2025-09-16T09:15:00.000-00:00,"12.06,12.08,12.09,12.01,63349"
2025-09-16T09:20:00.000-00:00,"12.08,12.14,12.14,12.08,25035"
2025-09-16T09:25:00.000-00:00,"12.14,12.06,12.19,12.06,82992"
2025-09-16T09:30:00.000-00:00,"12.15,12.05,12.15,12.05,33328"
2025-09-16T09:35:00.000-00:00,"12.09,12.02,12.09,12.02,60400"
2025-09-16T09:40:00.000-00:00,"12.03,12.09,12.1,12.01,98241"
2025-09-16T09:45:00.000-00:00,"12.08,12.06,12.08,12.06,9050"
2025-09-16T09:50:00.000-00:00,"12.06,12.08,12.08,12.03,535957"
2025-09-16T09:55:00.000-00:00,"12.07,12.1,12.11,12.05,12903"
2025-09-16T10:00:00.000-00:00,"12.1,12.09,12.1,12.05,16310"
2025-09-16T10:05:00.000-00:00,"12.09,12.12,12.12,12.09,7541"
2025-09-16T10:10:00.000-00:00,"12.12,12.15,12.15,12.12,9538"
2025-09-16T10:15:00.000-00:00,"12.1,12.1,12.13,12.07,34434"
2025-09-16T10:20:00.000-00:00,"12.12,12.13,12.13,12.12,3000"
2025-09-16T10:25:00.000-00:00,"12.11,12.1,12.13,12.1,28892"
2025-09-16T10:30:00.000-00:00,"12.1,12.1,12.11,12.05,32007"
2025-09-16T10:35:00.000-00:00,"12.1,12.11,12.11,12.07,11624"
2025-09-16T10:40:00.000-00:00,"12.11,12.11,12.11,12.1,5169"
2025-09-16T10:45:00.000-00:00,"12.1,12.12,12.12,12.1,23732"
2025-09-16T10:50:00.000-00:00,"12.12,12.16,12.16,12.11,11110"
2025-09-16T10:55:00.000-00:00,"12.16,12.11,12.16,12.08,102491"
2025-09-16T11:00:00.000-00:00,"12.14,12.1,12.16,12.1,54890"
2025-09-16T11:05:00.000-00:00,"12.1,12.1,12.14,12.1,44555"
2025-09-16T11:10:00.000-00:00,"12.1,12.05,12.11,12.05,39976"
2025-09-16T11:25:00.000-00:00,"12,12,12,12,315050"
2025-09-17T07:00:00.000-00:00,"12,12.01,12.08,12,5603"
2025-09-17T07:05:00.000-00:00,"12.07,12.01,12.07,12.01,3132"
2025-09-17T07:10:00.000-00:00,"12.01,11.95,12.02,11.95,33723"
2025-09-17T07:15:00.000-00:00,"11.96,11.96,11.99,11.96,5910"
2025-09-17T07:20:00.000-00:00,"11.95,11.93,11.96,11.93,27874"
2025-09-17T07:25:00.000-00:00,"11.92,11.91,11.92,11.9,17370"
2025-09-17T07:30:00.000-00:00,"11.91,11.91,11.93,11.91,28537"
2025-09-17T07:35:00.000-00:00,"11.92,12,12,11.92,35809"
2025-09-17T07:40:00.000-00:00,"12,11.97,12,11.97,376"
2025-09-17T07:45:00.000-00:00,"11.97,12,12,11.97,12098"
2025-09-17T07:50:00.000-00:00,"12,11.97,12,11.95,47214"
2025-09-17T07:55:00.000-00:00,"11.97,11.97,11.97,11.97,2784"
2025-09-17T08:00:00.000-00:00,"11.97,12,12,11.97,45099"
2025-09-17T08:05:00.000-00:00,"12,12,12,12,41046"
2025-09-17T08:10:00.000-00:00,"12,12,12.07,12,84393"
2025-09-17T08:15:00.000-00:00,"12,12,12.01,12,39730"
2025-09-17T08:20:00.000-00:00,"12,12.05,12.05,12,2637"
2025-09-17T08:25:00.000-00:00,"12.05,12.05,12.05,12.05,1145"
2025-09-17T08:30:00.000-00:00,"12.02,12.03,12.05,12.02,14665"
2025-09-17T08:35:00.000-00:00,"12.03,12.05,12.05,12.03,18792"
2025-09-17T08:40:00.000-00:00,"12.05,12.07,12.07,12.05,8479"
2025-09-17T08:45:00.000-00:00,"12.07,12.07,12.07,12.02,22732"
2025-09-17T08:50:00.000-00:00,"12.03,12,12.03,12,49750"
2025-09-17T08:55:00.000-00:00,"12.04,12.05,12.05,12.04,17326"
2025-09-17T09:00:00.000-00:00,"12,12,12,11.98,37478"
2025-09-17T09:05:00.000-00:00,"12,12,12,12,1922"
2025-09-17T09:10:00.000-00:00,"12.02,12.04,12.04,12.02,8096"
2025-09-17T09:15:00.000-00:00,"12.01,11.98,12.01,11.98,31103"
2025-09-17T09:20:00.000-00:00,"11.98,12,12,11.97,24004"
2025-09-17T09:25:00.000-00:00,"12,11.97,12,11.96,11400"
2025-09-17T09:30:00.000-00:00,"12,12,12,12,8460"
2025-09-17T09:35:00.000-00:00,"12,11.97,12,11.97,5263"
2025-09-17T09:40:00.000-00:00,"11.96,12,12,11.94,87651"
2025-09-17T09:45:00.000-00:00,"12,12.04,12.04,12,24931"
2025-09-17T09:50:00.000-00:00,"12.04,12.04,12.04,12.04,7227"
2025-09-17T09:55:00.000-00:00,"12.02,12.04,12.04,12,26203"
2025-09-17T10:00:00.000-00:00,"12.02,12,12.02,12,91980"
2025-09-17T10:05:00.000-00:00,"12,12,12.02,12,7734"
2025-09-17T10:10:00.000-00:00,"12,12.02,12.02,12,47583"
2025-09-17T10:15:00.000-00:00,"12,12,12.02,12,11256"
2025-09-17T10:20:00.000-00:00,"11.97,11.95,11.97,11.94,26500"
2025-09-17T10:25:00.000-00:00,"11.99,11.98,11.99,11.98,9740"
2025-09-17T10:30:00.000-00:00,"11.99,11.98,12,11.98,18031"
2025-09-17T10:35:00.000-00:00,"11.98,11.97,11.98,11.97,30564"
2025-09-17T10:40:00.000-00:00,"11.97,12.02,12.02,11.97,21780"
2025-09-17T10:45:00.000-00:00,"12.02,11.97,12.02,11.97,19258"
2025-09-17T10:50:00.000-00:00,"11.99,11.99,11.99,11.97,15848"
2025-09-17T10:55:00.000-00:00,"11.97,11.99,12,11.97,17168"
2025-09-17T11:00:00.000-00:00,"11.97,11.98,12,11.96,40895"
2025-09-17T11:05:00.000-00:00,"11.98,11.95,11.99,11.95,40300"
2025-09-17T11:10:00.000-00:00,"11.95,11.97,11.99,11.95,21571"
2025-09-17T11:25:00.000-00:00,"11.96,11.96,11.96,11.96,29300"
2025-09-18T07:00:00.000-00:00,"11.97,12.02,12.02,11.97,2410"
2025-09-18T07:05:00.000-00:00,"12.02,12.03,12.04,12.02,12444"
2025-09-18T07:10:00.000-00:00,"12.03,12.05,12.05,12,35446"
2025-09-18T07:15:00.000-00:00,"12.07,12.16,12.16,12.07,78336"
2025-09-18T07:20:00.000-00:00,"12.16,12.15,12.16,12.15,7631"
2025-09-18T07:25:00.000-00:00,"12.15,12.18,12.2,12.15,15392"
2025-09-18T07:30:00.000-00:00,"12.19,12.2,12.2,12.19,19074"
2025-09-18T07:35:00.000-00:00,"12.2,12.25,12.25,12.2,50185"
2025-09-18T07:40:00.000-00:00,"12.25,12.23,12.25,12.23,26682"
2025-09-18T07:45:00.000-00:00,"12.23,12.23,12.25,12.22,3135"
2025-09-18T07:50:00.000-00:00,"12.22,12.22,12.22,12.22,2379"
2025-09-18T07:55:00.000-00:00,"12.21,12.2,12.21,12.2,5254"
2025-09-18T08:00:00.000-00:00,"12.15,12.14,12.15,12.14,8205"
2025-09-18T08:05:00.000-00:00,"12.14,12.15,12.19,12.14,12929"
2025-09-18T08:10:00.000-00:00,"12.16,12.15,12.16,12.15,5962"
2025-09-18T08:15:00.000-00:00,"12.15,12.15,12.16,12.15,19467"
2025-09-18T08:20:00.000-00:00,"12.16,12.16,12.16,12.15,10271"
2025-09-18T08:25:00.000-00:00,"12.16,12.15,12.16,12.14,13796"
2025-09-18T08:30:00.000-00:00,"12.15,12.12,12.15,12.12,23119"
2025-09-18T08:35:00.000-00:00,"12.11,12.11,12.11,12.11,26200"
2025-09-18T08:40:00.000-00:00,"12.11,12.12,12.12,12.11,10828"
2025-09-18T08:45:00.000-00:00,"12.1,12.12,12.12,12.1,2126"
2025-09-18T08:50:00.000-00:00,"12.13,12.15,12.15,12.13,39909"
2025-09-18T08:55:00.000-00:00,"12.15,12.17,12.17,12.15,9909"
2025-09-18T09:00:00.000-00:00,"12.17,12.18,12.18,12.17,2215"
2025-09-18T09:05:00.000-00:00,"12.17,12.15,12.17,12.15,34744"
2025-09-18T09:10:00.000-00:00,"12.16,12.15,12.16,12.15,14932"
2025-09-18T09:15:00.000-00:00,"12.15,12.15,12.15,12.12,24696"
2025-09-18T09:20:00.000-00:00,"12.15,12.15,12.16,12.13,30728"
2025-09-18T09:25:00.000-00:00,"12.15,12.17,12.17,12.15,19503"
2025-09-18T09:30:00.000-00:00,"12.13,12.17,12.17,12.13,100"
2025-09-18T09:35:00.000-00:00,"12.15,12.13,12.15,12.13,5356"
2025-09-18T09:40:00.000-00:00,"12.13,12.15,12.15,12.13,11145"
2025-09-18T09:45:00.000-00:00,"12.16,12.16,12.16,12.16,109"
2025-09-18T09:50:00.000-00:00,"12.16,12.15,12.16,12.15,49150"
2025-09-18T09:55:00.000-00:00,"12.15,12.17,12.17,12.15,11392"
2025-09-18T10:00:00.000-00:00,"12.17,12.17,12.17,12.17,469"
2025-09-18T10:05:00.000-00:00,"12.15,12.15,12.15,12.15,23048"
2025-09-18T10:10:00.000-00:00,"12.15,12.13,12.17,12.13,13934"
2025-09-18T10:15:00.000-00:00,"12.13,12.11,12.13,12.1,20743"
2025-09-18T10:20:00.000-00:00,"12.13,12.13,12.13,12.13,296"
2025-09-18T10:25:00.000-00:00,"12.11,12.09,12.11,12.09,177173"
2025-09-18T10:30:00.000-00:00,"12.09,12.05,12.1,12.02,84667"
2025-09-18T10:35:00.000-00:00,"12.04,11.99,12.04,11.98,174020"
2025-09-18T10:40:00.000-00:00,"11.98,12,12,11.96,57887"
2025-09-18T10:45:00.000-00:00,"12,12,12.05,12,82184"
2025-09-18T10:50:00.000-00:00,"12,12,12,11.98,74671"
2025-09-18T10:55:00.000-00:00,"11.99,11.95,11.99,11.95,137989"
2025-09-18T11:00:00.000-00:00,"11.94,11.95,11.96,11.9,115013"
2025-09-18T11:05:00.000-00:00,"11.95,11.95,11.95,11.95,22594"
2025-09-18T11:10:00.000-00:00,"11.94,12,12.05,11.92,62510"
2025-09-18T11:25:00.000-00:00,"12,12,12,12,556857"
2025-09-21T07:00:00.000-00:00,"12.15,12.08,12.15,12.06,9352"
2025-09-21T07:05:00.000-00:00,"12.08,12.06,12.08,12.06,490"
2025-09-21T07:10:00.000-00:00,"12.08,12.06,12.08,12.06,10505"
2025-09-21T07:15:00.000-00:00,"12.08,12.08,12.08,12.08,990"
2025-09-21T07:20:00.000-00:00,"12.08,12.08,12.1,12.06,17196"
2025-09-21T07:25:00.000-00:00,"12.08,12.07,12.08,12.07,7007"
2025-09-21T07:30:00.000-00:00,"12.07,12.06,12.08,12.06,4071"
2025-09-21T07:35:00.000-00:00,"12.08,12.12,12.14,12.07,12847"
2025-09-21T07:40:00.000-00:00,"12.09,12.12,12.12,12.09,4686"
2025-09-21T07:45:00.000-00:00,"12.09,12.08,12.09,12.07,5392"
2025-09-21T07:50:00.000-00:00,"12.11,12.11,12.12,12.1,16342"
2025-09-21T07:55:00.000-00:00,"12.12,12.11,12.12,12.1,16456"
2025-09-21T08:00:00.000-00:00,"12.1,12.06,12.1,12.06,13000"
2025-09-21T08:05:00.000-00:00,"12.08,12.15,12.15,12.07,56905"
2025-09-21T08:10:00.000-00:00,"12.15,12.08,12.15,12.08,9495"
2025-09-21T08:15:00.000-00:00,"12.1,12.1,12.13,12.08,13230"
2025-09-21T08:20:00.000-00:00,"12.13,12.1,12.13,12.1,4942"
2025-09-21T08:25:00.000-00:00,"12.12,12.1,12.12,12.1,20112"
2025-09-21T08:30:00.000-00:00,"12.1,12.07,12.12,12.07,22700"
2025-09-21T08:35:00.000-00:00,"12.09,12.08,12.09,12.08,650"
2025-09-21T08:40:00.000-00:00,"12.08,12.08,12.08,12.05,26358"
2025-09-21T08:45:00.000-00:00,"12.08,12.09,12.09,12.08,274"
2025-09-21T08:50:00.000-00:00,"12.09,12.1,12.1,12.09,3475"
2025-09-21T08:55:00.000-00:00,"12.08,12.07,12.08,12.07,5713"
2025-09-21T09:00:00.000-00:00,"12.07,12.09,12.09,12.05,16850"
2025-09-21T09:05:00.000-00:00,"12.05,12.05,12.05,12.05,17"
2025-09-21T09:10:00.000-00:00,"12.06,12.1,12.1,12.03,25478"
2025-09-21T09:15:00.000-00:00,"12.06,12.1,12.1,12.06,25303"
2025-09-21T09:25:00.000-00:00,"12.1,12.03,12.1,12.03,38161"
2025-09-21T09:30:00.000-00:00,"12.04,12.02,12.07,12.02,22200"
2025-09-21T09:35:00.000-00:00,"12.02,12.01,12.02,12,114229"
2025-09-21T09:40:00.000-00:00,"12.02,12,12.02,12,58007"
2025-09-21T09:45:00.000-00:00,"12,12,12,11.98,6352"
2025-09-21T09:50:00.000-00:00,"12,12.01,12.01,12,90"
2025-09-21T09:55:00.000-00:00,"12.01,12.09,12.09,12,33776"
2025-09-21T10:00:00.000-00:00,"12.01,12,12.05,12,26731"
2025-09-21T10:05:00.000-00:00,"12.01,12,12.01,12,40948"
2025-09-21T10:10:00.000-00:00,"12,12,12.05,12,94264"
2025-09-21T10:15:00.000-00:00,"12.01,12.05,12.05,12,46870"
2025-09-21T10:20:00.000-00:00,"12.01,12.01,12.05,12,11529"
2025-09-21T10:25:00.000-00:00,"12.05,12.05,12.05,12.05,12819"
2025-09-21T10:30:00.000-00:00,"12.05,12.03,12.05,12.03,1469"
2025-09-21T10:35:00.000-00:00,"12.03,12.03,12.03,12.03,5404"
2025-09-21T10:40:00.000-00:00,"12.03,12.03,12.05,12.03,5190"
2025-09-21T10:45:00.000-00:00,"12.04,12.07,12.07,12.04,15256"
2025-09-21T10:50:00.000-00:00,"12.06,12.06,12.06,12.05,17092"
2025-09-21T10:55:00.000-00:00,"12.06,12.06,12.06,12.06,5373"
2025-09-21T11:00:00.000-00:00,"12.07,12,12.07,12,134801"
2025-09-21T11:05:00.000-00:00,"12.01,12.01,12.01,12,178386"
2025-09-21T11:10:00.000-00:00,"12.01,12.1,12.1,12,321403"
2025-09-21T11:25:00.000-00:00,"12.1,12.1,12.1,12.1,10000"
2025-09-22T07:00:00.000-00:00,"12.1,12.12,12.14,12.1,10388"
2025-09-22T07:05:00.000-00:00,"12.11,12.12,12.12,12.1,18693"
2025-09-22T07:10:00.000-00:00,"12.12,12.11,12.12,12.11,7515"
2025-09-22T07:15:00.000-00:00,"12.11,12.11,12.11,12.1,15680"
2025-09-22T07:20:00.000-00:00,"12.1,12.1,12.11,12.08,43891"
2025-09-22T07:25:00.000-00:00,"12.1,12.11,12.11,12.1,7124"
2025-09-22T07:30:00.000-00:00,"12.11,12.1,12.11,12.1,30850"
2025-09-22T07:35:00.000-00:00,"12.1,12.1,12.1,12.1,357"
2025-09-22T07:40:00.000-00:00,"12.1,12.1,12.11,12.1,26160"
2025-09-22T07:45:00.000-00:00,"12.09,12.09,12.09,12.09,895"
2025-09-22T07:50:00.000-00:00,"12.09,12.1,12.1,12.09,23400"
2025-09-22T07:55:00.000-00:00,"12.1,12.1,12.1,12.08,10991"
2025-09-22T08:00:00.000-00:00,"12.1,12.03,12.1,12.02,27000"
2025-09-22T08:10:00.000-00:00,"12.05,12.1,12.1,12.05,317"
2025-09-22T08:15:00.000-00:00,"12.06,12.05,12.06,12.05,30000"
2025-09-22T08:20:00.000-00:00,"12.06,12.05,12.09,12.05,8019"
2025-09-22T08:25:00.000-00:00,"12.05,12.09,12.09,12.02,12332"
2025-09-22T08:30:00.000-00:00,"12.07,12.03,12.07,12.03,1243"
2025-09-22T08:35:00.000-00:00,"12.05,12.05,12.07,12.05,11721"
2025-09-22T08:40:00.000-00:00,"12.05,12.03,12.05,12.03,32516"
2025-09-22T08:45:00.000-00:00,"12.03,12.07,12.09,12.03,56340"
2025-09-22T08:50:00.000-00:00,"12.05,12.07,12.07,12.05,1872"
2025-09-22T08:55:00.000-00:00,"12.05,12.07,12.07,12.03,2665"
2025-09-22T09:00:00.000-00:00,"12.06,12.06,12.06,12.06,429"
2025-09-22T09:05:00.000-00:00,"12.03,12.03,12.03,12.03,135"
2025-09-22T09:10:00.000-00:00,"12.03,12.02,12.03,12,43791"
2025-09-22T09:15:00.000-00:00,"12.02,12,12.02,12,27545"
2025-09-22T09:20:00.000-00:00,"11.98,12,12,11.98,4065"
2025-09-22T09:25:00.000-00:00,"12,11.95,12,11.95,9223"
2025-09-22T09:30:00.000-00:00,"12,12,12,12,306"
2025-09-22T09:35:00.000-00:00,"11.96,12,12,11.96,147"
2025-09-22T09:45:00.000-00:00,"11.96,11.96,11.96,11.96,2000"
2025-09-22T09:50:00.000-00:00,"12,11.97,12,11.97,15253"
2025-09-22T09:55:00.000-00:00,"12,11.92,12,11.9,101491"
2025-09-22T10:00:00.000-00:00,"11.99,11.99,11.99,11.99,1000"
2025-09-22T10:05:00.000-00:00,"11.99,12,12,11.99,2755"
2025-09-22T10:10:00.000-00:00,"11.94,11.98,11.98,11.94,1659"
2025-09-22T10:15:00.000-00:00,"11.95,11.98,11.98,11.94,19935"
2025-09-22T10:20:00.000-00:00,"11.98,11.96,11.98,11.91,27270"
2025-09-22T10:25:00.000-00:00,"11.96,11.98,11.98,11.95,11343"
2025-09-22T10:30:00.000-00:00,"11.98,11.95,11.98,11.95,9034"
2025-09-22T10:35:00.000-00:00,"11.98,11.98,11.98,11.98,5014"
2025-09-22T10:40:00.000-00:00,"11.98,11.98,11.98,11.98,8050"
2025-09-22T10:45:00.000-00:00,"11.96,12,12,11.96,77262"
2025-09-22T10:50:00.000-00:00,"11.99,12,12,11.99,19458"
2025-09-22T10:55:00.000-00:00,"12,11.99,12,11.99,6377"
2025-09-22T11:00:00.000-00:00,"11.98,11.95,11.98,11.95,18402"
2025-09-22T11:05:00.000-00:00,"11.95,11.91,11.98,11.91,71473"
2025-09-22T11:10:00.000-00:00,"11.92,11.95,11.96,11.91,27671"
2025-09-22T11:25:00.000-00:00,"11.93,11.93,11.93,11.93,67427"
2025-09-23T07:00:00.000-00:00,"12,11.95,12,11.95,500"
2025-09-23T07:05:00.000-00:00,"12,12,12,12,1267"
2025-09-23T07:10:00.000-00:00,"12,12,12.05,12,1818"
2025-09-23T07:15:00.000-00:00,"12,12,12,12,5480"
2025-09-23T07:20:00.000-00:00,"11.95,11.95,11.99,11.95,5144"
2025-09-23T07:25:00.000-00:00,"12,11.96,12,11.95,5454"
2025-09-23T07:30:00.000-00:00,"11.98,12.02,12.02,11.98,858"
2025-09-23T07:35:00.000-00:00,"12.03,12.02,12.03,12.02,542"
2025-09-23T07:40:00.000-00:00,"12.02,12.05,12.06,12,64365"
2025-09-23T07:45:00.000-00:00,"12.05,12.06,12.07,12.05,8155"
2025-09-23T07:50:00.000-00:00,"12.06,12.03,12.1,12.03,105802"
2025-09-23T07:55:00.000-00:00,"12.02,12.05,12.1,12.02,22702"
2025-09-23T08:00:00.000-00:00,"12.05,12.11,12.12,12.05,34175"
2025-09-23T08:05:00.000-00:00,"12.11,12.1,12.12,12.1,13905"
2025-09-23T08:10:00.000-00:00,"12.12,12.15,12.16,12.1,125376"
2025-09-23T08:15:00.000-00:00,"12.16,12.19,12.21,12.12,83644"
2025-09-23T08:20:00.000-00:00,"12.19,12.2,12.24,12.19,95981"
2025-09-23T08:25:00.000-00:00,"12.23,12.27,12.3,12.21,165313"
2025-09-23T08:30:00.000-00:00,"12.3,12.4,12.42,12.3,372485"
2025-09-23T08:35:00.000-00:00,"12.4,12.44,12.5,12.4,266503"
2025-09-23T08:40:00.000-00:00,"12.44,12.42,12.44,12.42,51969"
2025-09-23T08:45:00.000-00:00,"12.42,12.4,12.42,12.37,49172"
2025-09-23T08:50:00.000-00:00,"12.4,12.43,12.44,12.4,6927"
2025-09-23T08:55:00.000-00:00,"12.43,12.4,12.43,12.4,1329"
2025-09-23T09:00:00.000-00:00,"12.4,12.42,12.42,12.37,68394"
2025-09-23T09:05:00.000-00:00,"12.42,12.4,12.44,12.4,42133"
2025-09-23T09:10:00.000-00:00,"12.4,12.47,12.49,12.4,226054"
2025-09-23T09:15:00.000-00:00,"12.45,12.43,12.45,12.42,15773"
2025-09-23T09:20:00.000-00:00,"12.43,12.4,12.43,12.36,77997"
2025-09-23T09:25:00.000-00:00,"12.39,12.4,12.41,12.38,79478"
2025-09-23T09:30:00.000-00:00,"12.4,12.4,12.41,12.4,32832"
2025-09-23T09:35:00.000-00:00,"12.4,12.34,12.4,12.33,63045"
2025-09-23T09:40:00.000-00:00,"12.33,12.25,12.33,12.2,475778"
2025-09-23T09:45:00.000-00:00,"12.28,12.29,12.29,12.23,49869"
2025-09-23T09:50:00.000-00:00,"12.28,12.28,12.28,12.28,1"
2025-09-23T09:55:00.000-00:00,"12.24,12.25,12.27,12.22,75182"
2025-09-23T10:00:00.000-00:00,"12.27,12.3,12.32,12.25,153188"
2025-09-23T10:05:00.000-00:00,"12.3,12.3,12.32,12.3,95140"
2025-09-23T10:10:00.000-00:00,"12.3,12.3,12.31,12.3,72887"
2025-09-23T10:15:00.000-00:00,"12.31,12.3,12.31,12.3,245241"
2025-09-23T10:20:00.000-00:00,"12.32,12.3,12.32,12.29,90020"
2025-09-23T10:25:00.000-00:00,"12.32,12.35,12.35,12.3,69369"
2025-09-23T10:30:00.000-00:00,"12.31,12.3,12.33,12.3,86575"
2025-09-23T10:35:00.000-00:00,"12.33,12.45,12.45,12.3,210707"
2025-09-23T10:40:00.000-00:00,"12.43,12.4,12.46,12.4,98079"
2025-09-23T10:45:00.000-00:00,"12.4,12.4,12.4,12.39,291689"
2025-09-23T10:50:00.000-00:00,"12.39,12.4,12.4,12.38,89331"
2025-09-23T10:55:00.000-00:00,"12.4,12.55,12.55,12.4,528322"
2025-09-23T11:00:00.000-00:00,"12.52,12.48,12.52,12.41,409727"
2025-09-23T11:05:00.000-00:00,"12.42,12.4,12.42,12.38,241554"
2025-09-23T11:10:00.000-00:00,"12.38,12.5,12.5,12.38,141450"
2025-09-23T11:25:00.000-00:00,"12.4,12.4,12.4,12.4,97703"
2025-09-24T07:00:00.000-00:00,"12.42,12.4,12.53,12.4,25129"
2025-09-24T07:05:00.000-00:00,"12.4,12.4,12.4,12.4,15341"
2025-09-24T07:10:00.000-00:00,"12.4,12.4,12.4,12.4,50"
2025-09-24T07:15:00.000-00:00,"12.49,12.4,12.49,12.4,20977"
2025-09-24T07:20:00.000-00:00,"12.4,12.49,12.49,12.38,44361"
2025-09-24T07:25:00.000-00:00,"12.49,12.49,12.5,12.4,41746"
2025-09-24T07:30:00.000-00:00,"12.48,12.41,12.48,12.4,33059"
2025-09-24T07:35:00.000-00:00,"12.41,12.41,12.41,12.4,23589"
2025-09-24T07:40:00.000-00:00,"12.41,12.41,12.42,12.4,11575"
2025-09-24T07:45:00.000-00:00,"12.41,12.42,12.42,12.4,11906"
2025-09-24T07:50:00.000-00:00,"12.41,12.41,12.41,12.41,7025"
2025-09-24T07:55:00.000-00:00,"12.41,12.41,12.43,12.41,5011"
2025-09-24T08:00:00.000-00:00,"12.42,12.4,12.43,12.4,46370"
2025-09-24T08:05:00.000-00:00,"12.4,12.38,12.4,12.36,17307"
2025-09-24T08:10:00.000-00:00,"12.4,12.38,12.4,12.38,5254"
2025-09-24T08:15:00.000-00:00,"12.38,12.36,12.4,12.36,11890"
2025-09-24T08:20:00.000-00:00,"12.36,12.36,12.36,12.36,2260"
2025-09-24T08:25:00.000-00:00,"12.36,12.33,12.36,12.33,13279"
2025-09-24T08:30:00.000-00:00,"12.33,12.33,12.33,12.33,5082"
2025-09-24T08:35:00.000-00:00,"12.34,12.34,12.35,12.34,6661"
2025-09-24T08:40:00.000-00:00,"12.36,12.36,12.4,12.34,17460"
2025-09-24T08:45:00.000-00:00,"12.37,12.37,12.37,12.37,354"
2025-09-24T08:50:00.000-00:00,"12.4,12.47,12.47,12.4,10000"
2025-09-24T09:00:00.000-00:00,"12.45,12.4,12.45,12.4,1648"
2025-09-24T09:05:00.000-00:00,"12.4,12.4,12.4,12.4,1126"
2025-09-24T09:10:00.000-00:00,"12.41,12.4,12.41,12.4,6599"
2025-09-24T09:15:00.000-00:00,"12.4,12.4,12.41,12.4,19838"
2025-09-24T09:20:00.000-00:00,"12.4,12.38,12.4,12.38,3421"
2025-09-24T09:25:00.000-00:00,"12.39,12.37,12.39,12.37,10699"
2025-09-24T09:30:00.000-00:00,"12.37,12.4,12.4,12.37,6510"
2025-09-24T09:35:00.000-00:00,"12.37,12.37,12.4,12.37,361"
2025-09-24T09:40:00.000-00:00,"12.4,12.4,12.46,12.39,11510"
2025-09-24T09:45:00.000-00:00,"12.4,12.4,12.4,12.4,218"
2025-09-24T09:50:00.000-00:00,"12.46,12.41,12.46,12.41,733"
2025-09-24T09:55:00.000-00:00,"12.46,12.46,12.46,12.46,3918"
2025-09-24T10:10:00.000-00:00,"12.46,12.4,12.46,12.39,32929"
2025-09-24T10:15:00.000-00:00,"12.4,12.39,12.4,12.39,2579"
2025-09-24T10:20:00.000-00:00,"12.37,12.37,12.39,12.37,6170"
2025-09-24T10:25:00.000-00:00,"12.37,12.39,12.39,12.37,3422"
2025-09-24T10:30:00.000-00:00,"12.38,12.4,12.4,12.38,38153"
2025-09-24T10:35:00.000-00:00,"12.38,12.38,12.38,12.38,3676"
2025-09-24T10:40:00.000-00:00,"12.4,12.4,12.4,12.4,5000"
2025-09-24T10:45:00.000-00:00,"12.39,12.39,12.39,12.38,7288"
2025-09-24T10:50:00.000-00:00,"12.39,12.4,12.4,12.38,8972"
2025-09-24T10:55:00.000-00:00,"12.39,12.39,12.39,12.38,13986"
2025-09-24T11:00:00.000-00:00,"12.39,12.42,12.42,12.38,11509"
2025-09-24T11:05:00.000-00:00,"12.4,12.4,12.43,12.39,10115"
2025-09-24T11:10:00.000-00:00,"12.39,12.39,12.5,12.38,93212"
2025-09-24T11:25:00.000-00:00,"12.4,12.4,12.4,12.4,66551"
2025-09-25T07:00:00.000-00:00,"12.4,12.5,12.52,12.4,58035"
2025-09-25T07:05:00.000-00:00,"12.5,12.5,12.5,12.5,2048"
2025-09-25T07:10:00.000-00:00,"12.5,12.5,12.5,12.42,9913"
2025-09-25T07:15:00.000-00:00,"12.5,12.5,12.51,12.46,36085"
2025-09-25T07:20:00.000-00:00,"12.5,12.51,12.51,12.46,27044"
2025-09-25T07:30:00.000-00:00,"12.51,12.5,12.51,12.5,29613"
2025-09-25T07:35:00.000-00:00,"12.5,12.43,12.5,12.43,61521"
2025-09-25T07:40:00.000-00:00,"12.44,12.5,12.5,12.44,36030"
2025-09-25T07:45:00.000-00:00,"12.5,12.51,12.51,12.5,33887"
2025-09-25T07:50:00.000-00:00,"12.46,12.5,12.55,12.45,26618"
2025-09-25T07:55:00.000-00:00,"12.51,12.5,12.55,12.5,61518"
2025-09-25T08:00:00.000-00:00,"12.5,12.5,12.51,12.5,54488"
2025-09-25T08:05:00.000-00:00,"12.5,12.55,12.55,12.5,87565"
2025-09-25T08:10:00.000-00:00,"12.55,12.5,12.55,12.5,90990"
2025-09-25T08:15:00.000-00:00,"12.51,12.5,12.51,12.5,20964"
2025-09-25T08:20:00.000-00:00,"12.5,12.51,12.51,12.5,8328"
2025-09-25T08:25:00.000-00:00,"12.51,12.54,12.59,12.51,109448"
2025-09-25T08:30:00.000-00:00,"12.54,12.63,12.63,12.54,234080"
2025-09-25T08:35:00.000-00:00,"12.64,12.64,12.67,12.6,173159"
2025-09-25T08:40:00.000-00:00,"12.6,12.54,12.6,12.54,66003"
2025-09-25T08:45:00.000-00:00,"12.55,12.6,12.6,12.55,187745"
2025-09-25T08:50:00.000-00:00,"12.6,12.6,12.63,12.6,16130"
2025-09-25T08:55:00.000-00:00,"12.62,12.65,12.65,12.62,21312"
2025-09-25T09:00:00.000-00:00,"12.64,12.66,12.66,12.61,47176"
2025-09-25T09:05:00.000-00:00,"12.66,12.7,12.7,12.66,434354"
2025-09-25T09:10:00.000-00:00,"12.7,12.69,12.7,12.67,25764"
2025-09-25T09:15:00.000-00:00,"12.67,12.69,12.7,12.65,21401"
2025-09-25T09:20:00.000-00:00,"12.65,12.65,12.65,12.65,4151"
2025-09-25T09:25:00.000-00:00,"12.65,12.63,12.65,12.63,10606"
2025-09-25T09:30:00.000-00:00,"12.63,12.63,12.63,12.63,5328"
2025-09-25T09:35:00.000-00:00,"12.63,12.62,12.64,12.62,18188"
2025-09-25T09:40:00.000-00:00,"12.62,12.6,12.62,12.6,111110"
2025-09-25T09:45:00.000-00:00,"12.6,12.6,12.6,12.56,16876"
2025-09-25T09:50:00.000-00:00,"12.6,12.65,12.65,12.6,2047"
2025-09-25T09:55:00.000-00:00,"12.67,12.62,12.67,12.62,1897"
2025-09-25T10:00:00.000-00:00,"12.61,12.55,12.61,12.55,26893"
2025-09-25T10:05:00.000-00:00,"12.55,12.55,12.56,12.55,53035"
2025-09-25T10:10:00.000-00:00,"12.55,12.51,12.55,12.51,21143"
2025-09-25T10:15:00.000-00:00,"12.52,12.52,12.53,12.52,2773"
2025-09-25T10:20:00.000-00:00,"12.53,12.5,12.56,12.5,29160"
2025-09-25T10:25:00.000-00:00,"12.52,12.46,12.52,12.46,77617"
2025-09-25T10:30:00.000-00:00,"12.46,12.44,12.5,12.44,34739"
2025-09-25T10:35:00.000-00:00,"12.44,12.43,12.45,12.43,3349"
2025-09-25T10:40:00.000-00:00,"12.49,12.49,12.49,12.49,6065"
2025-09-25T10:45:00.000-00:00,"12.46,12.48,12.48,12.45,25769"
2025-09-25T10:50:00.000-00:00,"12.45,12.42,12.45,12.42,30341"
2025-09-25T10:55:00.000-00:00,"12.45,12.46,12.48,12.45,11037"
2025-09-25T11:00:00.000-00:00,"12.49,12.42,12.49,12.42,21327"
2025-09-25T11:05:00.000-00:00,"12.42,12.41,12.46,12.41,23081"
2025-09-25T11:10:00.000-00:00,"12.41,12.45,12.45,12.41,49979"
2025-09-25T11:25:00.000-00:00,"12.46,12.46,12.46,12.46,214027"
2025-09-28T07:00:00.000-00:00,"12.5,12.5,12.54,12.5,4284"
2025-09-28T07:05:00.000-00:00,"12.51,12.53,12.54,12.51,13263"
2025-09-28T07:10:00.000-00:00,"12.54,12.55,12.55,12.53,5093"
2025-09-28T07:15:00.000-00:00,"12.54,12.63,12.63,12.53,29071"
2025-09-28T07:20:00.000-00:00,"12.6,12.59,12.6,12.59,1245"
2025-09-28T07:25:00.000-00:00,"12.59,12.64,12.64,12.55,63579"
2025-09-28T07:30:00.000-00:00,"12.64,12.75,12.78,12.64,79441"
2025-09-28T07:35:00.000-00:00,"12.67,12.8,12.8,12.67,210710"
2025-09-28T07:40:00.000-00:00,"12.7,12.69,12.8,12.69,173969"
2025-09-28T07:45:00.000-00:00,"12.7,12.8,12.8,12.63,164835"
2025-09-28T07:50:00.000-00:00,"12.7,12.76,12.8,12.69,63204"
2025-09-28T07:55:00.000-00:00,"12.75,12.77,12.79,12.67,74041"
2025-09-28T08:00:00.000-00:00,"12.77,12.71,12.77,12.7,22027"
2025-09-28T08:05:00.000-00:00,"12.71,12.74,12.75,12.69,54139"
2025-09-28T08:10:00.000-00:00,"12.74,12.68,12.74,12.68,102597"
2025-09-28T08:15:00.000-00:00,"12.68,12.7,12.75,12.68,29200"
2025-09-28T08:20:00.000-00:00,"12.74,12.7,12.75,12.65,15020"
2025-09-28T08:30:00.000-00:00,"12.66,12.7,12.7,12.65,14694"
2025-09-28T08:35:00.000-00:00,"12.7,12.7,12.7,12.7,35932"
2025-09-28T08:40:00.000-00:00,"12.7,12.65,12.7,12.65,2327"
2025-09-28T08:45:00.000-00:00,"12.69,12.7,12.74,12.69,39198"
2025-09-28T08:50:00.000-00:00,"12.7,12.69,12.7,12.66,12858"
2025-09-28T09:00:00.000-00:00,"12.65,12.63,12.65,12.63,20306"
2025-09-28T09:05:00.000-00:00,"12.63,12.65,12.65,12.62,125183"
2025-09-28T09:10:00.000-00:00,"12.64,12.62,12.65,12.62,25536"
2025-09-28T09:15:00.000-00:00,"12.62,12.63,12.65,12.62,56815"
2025-09-28T09:20:00.000-00:00,"12.63,12.64,12.64,12.63,4650"
2025-09-28T09:25:00.000-00:00,"12.64,12.65,12.65,12.64,167018"
2025-09-28T09:30:00.000-00:00,"12.65,12.64,12.65,12.63,80622"
2025-09-28T09:35:00.000-00:00,"12.63,12.64,12.65,12.63,45524"
2025-09-28T09:40:00.000-00:00,"12.64,12.64,12.65,12.64,27534"
2025-09-28T09:45:00.000-00:00,"12.64,12.69,12.7,12.63,165351"
2025-09-28T09:50:00.000-00:00,"12.65,12.65,12.68,12.65,19654"
2025-09-28T09:55:00.000-00:00,"12.65,12.7,12.7,12.65,207900"
2025-09-28T10:00:00.000-00:00,"12.66,12.7,12.7,12.66,32699"
2025-09-28T10:05:00.000-00:00,"12.7,12.68,12.7,12.63,211226"
2025-09-28T10:10:00.000-00:00,"12.65,12.68,12.68,12.65,10200"
2025-09-28T10:15:00.000-00:00,"12.68,12.65,12.68,12.65,10679"
2025-09-28T10:20:00.000-00:00,"12.65,12.65,12.65,12.65,10000"
2025-09-28T10:25:00.000-00:00,"12.65,12.63,12.65,12.63,11633"
2025-09-28T10:30:00.000-00:00,"12.63,12.62,12.65,12.62,16735"
2025-09-28T10:35:00.000-00:00,"12.62,12.62,12.62,12.62,8336"
2025-09-28T10:40:00.000-00:00,"12.63,12.7,12.7,12.63,146656"
2025-09-28T10:45:00.000-00:00,"12.67,12.63,12.67,12.63,62479"
2025-09-28T10:50:00.000-00:00,"12.63,12.6,12.63,12.6,130307"
2025-09-28T10:55:00.000-00:00,"12.59,12.6,12.65,12.58,135957"
2025-09-28T11:00:00.000-00:00,"12.61,12.65,12.65,12.6,189000"
2025-09-28T11:05:00.000-00:00,"12.65,12.7,12.7,12.6,320925"
2025-09-28T11:10:00.000-00:00,"12.69,12.69,12.74,12.6,375193"
2025-09-28T11:25:00.000-00:00,"12.69,12.69,12.69,12.69,258705"
2025-09-29T07:00:00.000-00:00,"12.69,12.79,12.8,12.69,32748"
2025-09-29T07:05:00.000-00:00,"12.71,12.81,12.81,12.7,116236"
2025-09-29T07:10:00.000-00:00,"12.72,12.77,12.77,12.71,379"
2025-09-29T07:15:00.000-00:00,"12.72,12.69,12.72,12.69,61488"
2025-09-29T07:20:00.000-00:00,"12.69,12.63,12.69,12.63,21656"
2025-09-29T07:25:00.000-00:00,"12.63,12.65,12.69,12.63,50844"
2025-09-29T07:30:00.000-00:00,"12.68,12.63,12.7,12.63,33975"
2025-09-29T07:35:00.000-00:00,"12.65,12.68,12.69,12.64,14770"
2025-09-29T07:40:00.000-00:00,"12.69,12.65,12.69,12.65,16153"
2025-09-29T07:45:00.000-00:00,"12.65,12.62,12.65,12.62,59686"
2025-09-29T07:50:00.000-00:00,"12.62,12.6,12.65,12.6,70420"
2025-09-29T07:55:00.000-00:00,"12.62,12.6,12.62,12.6,11539"
2025-09-29T08:00:00.000-00:00,"12.63,12.61,12.63,12.6,10094"
2025-09-29T08:05:00.000-00:00,"12.63,12.6,12.63,12.6,35137"
2025-09-29T08:10:00.000-00:00,"12.6,12.59,12.6,12.58,18399"
2025-09-29T08:15:00.000-00:00,"12.6,12.6,12.62,12.59,277076"
2025-09-29T08:20:00.000-00:00,"12.6,12.6,12.6,12.6,33410"
2025-09-29T08:25:00.000-00:00,"12.59,12.58,12.6,12.58,8102"
2025-09-29T08:30:00.000-00:00,"12.58,12.64,12.64,12.58,112396"
2025-09-29T08:35:00.000-00:00,"12.63,12.58,12.63,12.58,11765"
2025-09-29T08:40:00.000-00:00,"12.6,12.64,12.64,12.58,312479"
2025-09-29T08:45:00.000-00:00,"12.6,12.6,12.6,12.58,13988"
2025-09-29T08:50:00.000-00:00,"12.6,12.6,12.6,12.59,55981"
2025-09-29T08:55:00.000-00:00,"12.6,12.55,12.6,12.55,63500"
2025-09-29T09:00:00.000-00:00,"12.6,12.6,12.6,12.6,30000"
2025-09-29T09:05:00.000-00:00,"12.57,12.6,12.6,12.57,10053"
2025-09-29T09:10:00.000-00:00,"12.58,12.55,12.58,12.55,92000"
2025-09-29T09:15:00.000-00:00,"12.57,12.55,12.57,12.55,9153"
2025-09-29T09:20:00.000-00:00,"12.57,12.55,12.57,12.54,116182"
2025-09-29T09:25:00.000-00:00,"12.55,12.55,12.57,12.54,21053"
2025-09-29T09:30:00.000-00:00,"12.55,12.55,12.57,12.55,84129"
2025-09-29T09:35:00.000-00:00,"12.55,12.56,12.56,12.55,1370"
2025-09-29T09:40:00.000-00:00,"12.55,12.57,12.57,12.55,20327"
2025-09-29T09:45:00.000-00:00,"12.57,12.56,12.58,12.56,24238"
2025-09-29T09:50:00.000-00:00,"12.6,12.6,12.6,12.6,30"
2025-09-29T09:55:00.000-00:00,"12.6,12.59,12.6,12.59,556948"
2025-09-29T10:00:00.000-00:00,"12.58,12.6,12.6,12.57,256680"
2025-09-29T10:05:00.000-00:00,"12.6,12.58,12.6,12.57,68064"
2025-09-29T10:10:00.000-00:00,"12.59,12.6,12.6,12.59,19200"
2025-09-29T10:15:00.000-00:00,"12.58,12.58,12.58,12.57,33596"
2025-09-29T10:20:00.000-00:00,"12.58,12.59,12.59,12.58,23752"
2025-09-29T10:25:00.000-00:00,"12.59,12.57,12.59,12.57,24791"
2025-09-29T10:30:00.000-00:00,"12.57,12.57,12.57,12.57,20305"
2025-09-29T10:35:00.000-00:00,"12.58,12.59,12.6,12.57,68148"
2025-09-29T10:40:00.000-00:00,"12.59,12.59,12.6,12.58,32793"
2025-09-29T10:45:00.000-00:00,"12.6,12.6,12.6,12.6,20725"
2025-09-29T10:50:00.000-00:00,"12.6,12.58,12.6,12.58,26959"
2025-09-29T10:55:00.000-00:00,"12.58,12.58,12.6,12.57,81373"
2025-09-29T11:00:00.000-00:00,"12.57,12.58,12.6,12.57,96319"
2025-09-29T11:05:00.000-00:00,"12.59,12.6,12.6,12.57,137977"
2025-09-29T11:10:00.000-00:00,"12.6,12.6,12.61,12.6,266205"
2025-09-29T11:25:00.000-00:00,"12.57,12.57,12.57,12.57,527416"
2025-09-30T07:00:00.000-00:00,"12.58,12.65,12.68,12.58,18001"
2025-09-30T07:05:00.000-00:00,"12.65,12.6,12.65,12.6,52593"
2025-09-30T07:10:00.000-00:00,"12.6,12.6,12.6,12.6,1445"
2025-09-30T07:15:00.000-00:00,"12.61,12.6,12.61,12.6,21394"
2025-09-30T07:20:00.000-00:00,"12.6,12.6,12.62,12.6,45479"
2025-09-30T07:25:00.000-00:00,"12.6,12.62,12.63,12.6,25567"
2025-09-30T07:30:00.000-00:00,"12.6,12.6,12.61,12.6,41650"
2025-09-30T07:35:00.000-00:00,"12.6,12.6,12.61,12.6,237718"
2025-09-30T07:40:00.000-00:00,"12.6,12.6,12.61,12.6,10398"
2025-09-30T07:45:00.000-00:00,"12.6,12.67,12.67,12.6,34313"
2025-09-30T07:55:00.000-00:00,"12.62,12.62,12.62,12.62,15000"
2025-09-30T08:00:00.000-00:00,"12.63,12.63,12.63,12.63,1000"
2025-09-30T08:05:00.000-00:00,"12.63,12.63,12.63,12.62,10000"
2025-09-30T08:10:00.000-00:00,"12.62,12.6,12.65,12.6,109957"
2025-09-30T08:15:00.000-00:00,"12.6,12.6,12.62,12.6,54386"
2025-09-30T08:20:00.000-00:00,"12.6,12.6,12.6,12.6,9100"
2025-09-30T08:25:00.000-00:00,"12.59,12.58,12.6,12.58,8031"
2025-09-30T08:30:00.000-00:00,"12.58,12.6,12.61,12.57,53098"
2025-09-30T08:35:00.000-00:00,"12.57,12.64,12.64,12.57,70142"
2025-09-30T08:40:00.000-00:00,"12.64,12.64,12.64,12.62,13352"
2025-09-30T08:45:00.000-00:00,"12.64,12.61,12.64,12.61,1423"
2025-09-30T08:50:00.000-00:00,"12.61,12.6,12.61,12.6,65008"
2025-09-30T08:55:00.000-00:00,"12.6,12.57,12.6,12.57,8935"
2025-09-30T09:00:00.000-00:00,"12.57,12.6,12.6,12.57,14667"
2025-09-30T09:05:00.000-00:00,"12.57,12.57,12.57,12.57,16989"
2025-09-30T09:10:00.000-00:00,"12.57,12.56,12.6,12.56,7421"
2025-09-30T09:15:00.000-00:00,"12.56,12.54,12.56,12.52,50380"
2025-09-30T09:20:00.000-00:00,"12.54,12.52,12.55,12.52,16706"
2025-09-30T09:25:00.000-00:00,"12.53,12.51,12.53,12.51,17022"
2025-09-30T09:30:00.000-00:00,"12.51,12.5,12.52,12.48,102958"
2025-09-30T09:35:00.000-00:00,"12.5,12.41,12.5,12.41,46487"
2025-09-30T09:40:00.000-00:00,"12.5,12.49,12.5,12.45,58677"
2025-09-30T09:45:00.000-00:00,"12.49,12.5,12.5,12.49,9763"
2025-09-30T09:50:00.000-00:00,"12.5,12.5,12.5,12.5,3546"
2025-09-30T09:55:00.000-00:00,"12.5,12.5,12.55,12.49,69696"
2025-09-30T10:00:00.000-00:00,"12.5,12.54,12.54,12.5,3271"
2025-09-30T10:05:00.000-00:00,"12.53,12.55,12.55,12.53,15242"
2025-09-30T10:10:00.000-00:00,"12.57,12.53,12.57,12.53,22212"
2025-09-30T10:15:00.000-00:00,"12.53,12.52,12.53,12.52,1500"
2025-09-30T10:20:00.000-00:00,"12.55,12.5,12.55,12.5,70392"
2025-09-30T10:25:00.000-00:00,"12.5,12.49,12.5,12.49,29830"
2025-09-30T10:30:00.000-00:00,"12.49,12.55,12.55,12.49,68992"
2025-09-30T10:35:00.000-00:00,"12.55,12.49,12.55,12.49,108494"
2025-09-30T10:40:00.000-00:00,"12.5,12.5,12.58,12.5,78069"
2025-09-30T10:45:00.000-00:00,"12.55,12.55,12.55,12.5,149856"
2025-09-30T10:50:00.000-00:00,"12.55,12.54,12.6,12.51,299284"
2025-09-30T10:55:00.000-00:00,"12.58,12.58,12.58,12.55,4324"
2025-09-30T11:00:00.000-00:00,"12.58,12.65,12.65,12.54,356218"
2025-09-30T11:05:00.000-00:00,"12.64,12.67,12.72,12.6,438865"
2025-09-30T11:10:00.000-00:00,"12.7,12.79,12.79,12.69,253197"
2025-09-30T11:25:00.000-00:00,"12.8,12.8,12.8,12.8,534054"
2025-10-01T07:00:00.000-00:00,"13,12.99,13.08,12.99,1800339"
2025-10-01T07:05:00.000-00:00,"12.95,12.97,13,12.94,285192"
2025-10-01T07:10:00.000-00:00,"12.97,13.05,13.06,12.95,816395"
2025-10-01T07:15:00.000-00:00,"13.06,13.16,13.2,13.05,818552"
2025-10-01T07:20:00.000-00:00,"13.18,13.06,13.19,13.04,431692"
2025-10-01T07:25:00.000-00:00,"13.07,13.07,13.1,13.07,111513"
2025-10-01T07:30:00.000-00:00,"13.09,13.03,13.09,13.03,267740"
2025-10-01T07:35:00.000-00:00,"13.03,13.04,13.05,13.02,159177"
2025-10-01T07:40:00.000-00:00,"13.04,13.02,13.04,13,209452"
2025-10-01T07:45:00.000-00:00,"13.04,13.04,13.04,13.01,60527"
2025-10-01T07:50:00.000-00:00,"13.03,13,13.04,12.98,257357"
2025-10-01T07:55:00.000-00:00,"13,13.02,13.04,13,94827"
2025-10-01T08:00:00.000-00:00,"13.01,13.05,13.05,13,59661"
2025-10-01T08:05:00.000-00:00,"13.04,13,13.05,13,258291"
2025-10-01T08:10:00.000-00:00,"13.02,13.05,13.07,13.02,171714"
2025-10-01T08:15:00.000-00:00,"13.05,13.05,13.05,13.02,190701"
2025-10-01T08:20:00.000-00:00,"13.05,13.05,13.08,13.05,123301"
2025-10-01T08:25:00.000-00:00,"13.06,13.06,13.06,13.02,120356"
2025-10-01T08:30:00.000-00:00,"13.07,13.05,13.11,13.05,225941"
2025-10-01T08:35:00.000-00:00,"13.05,13.05,13.05,13.03,56709"
2025-10-01T08:40:00.000-00:00,"13.05,13.03,13.05,13.03,63574"
2025-10-01T08:45:00.000-00:00,"13.03,13.02,13.03,13.01,84049"
2025-10-01T08:50:00.000-00:00,"13.02,13.02,13.02,13,150695"
2025-10-01T08:55:00.000-00:00,"13.02,13.04,13.04,13.01,60967"
2025-10-01T09:00:00.000-00:00,"13.04,13.04,13.07,13.04,95202"
2025-10-01T09:05:00.000-00:00,"13.04,13.02,13.05,13.02,78891"
2025-10-01T09:10:00.000-00:00,"13.02,13.01,13.02,13.01,82759"
2025-10-01T09:15:00.000-00:00,"13.01,13,13.02,13,234314"
2025-10-01T09:20:00.000-00:00,"13,13,13.04,13,604868"
2025-10-01T09:25:00.000-00:00,"13.02,12.97,13.02,12.97,197780"
2025-10-01T09:30:00.000-00:00,"12.98,12.99,13,12.98,166168"
2025-10-01T09:35:00.000-00:00,"12.99,12.98,12.99,12.98,31067"
2025-10-01T09:40:00.000-00:00,"12.98,12.99,13,12.97,75327"
2025-10-01T09:45:00.000-00:00,"12.97,12.98,12.98,12.97,54023"
2025-10-01T09:50:00.000-00:00,"12.97,12.99,12.99,12.97,57429"
2025-10-01T09:55:00.000-00:00,"12.98,12.97,12.99,12.97,80792"
2025-10-01T10:00:00.000-00:00,"12.97,12.97,12.97,12.95,59700"
2025-10-01T10:05:00.000-00:00,"12.95,12.9,12.95,12.9,210322"
2025-10-01T10:10:00.000-00:00,"12.9,12.89,12.9,12.87,62739"
2025-10-01T10:15:00.000-00:00,"12.88,12.86,12.92,12.86,48130"
2025-10-01T10:20:00.000-00:00,"12.86,12.85,12.91,12.85,140716"
2025-10-01T10:25:00.000-00:00,"12.86,12.87,12.9,12.85,119172"
2025-10-01T10:30:00.000-00:00,"12.87,12.86,12.87,12.86,49089"
2025-10-01T10:35:00.000-00:00,"12.86,12.87,12.87,12.86,46048"
2025-10-01T10:40:00.000-00:00,"12.86,12.85,12.86,12.85,52924"
2025-10-01T10:45:00.000-00:00,"12.85,12.89,12.89,12.84,146827"
2025-10-01T10:50:00.000-00:00,"12.87,12.85,12.88,12.85,32860"
2025-10-01T10:55:00.000-00:00,"12.87,12.84,12.88,12.84,66670"
2025-10-01T11:00:00.000-00:00,"12.85,12.8,12.85,12.8,168557"
2025-10-01T11:05:00.000-00:00,"12.83,12.84,12.84,12.8,69058"
2025-10-01T11:10:00.000-00:00,"12.83,12.85,12.85,12.81,101670"
2025-10-01T11:25:00.000-00:00,"12.85,12.85,12.85,12.85,140173"
2025-10-02T07:00:00.000-00:00,"12.86,12.81,12.9,12.81,32500"
2025-10-02T07:05:00.000-00:00,"12.82,12.8,12.85,12.8,59350"
2025-10-02T07:10:00.000-00:00,"12.8,12.8,12.8,12.75,84696"
2025-10-02T07:15:00.000-00:00,"12.8,12.8,12.8,12.8,27949"
2025-10-02T07:20:00.000-00:00,"12.82,12.8,12.83,12.79,18410"
2025-10-02T07:25:00.000-00:00,"12.76,12.77,12.79,12.71,95486"
2025-10-02T07:30:00.000-00:00,"12.77,12.77,12.77,12.75,37679"
2025-10-02T07:35:00.000-00:00,"12.77,12.77,12.78,12.75,22104"
2025-10-02T07:40:00.000-00:00,"12.77,12.75,12.77,12.75,19108"
2025-10-02T07:45:00.000-00:00,"12.79,12.8,12.8,12.79,7500"
2025-10-02T07:50:00.000-00:00,"12.76,12.76,12.8,12.76,8525"
2025-10-02T07:55:00.000-00:00,"12.77,12.83,12.83,12.77,1429"
2025-10-02T08:00:00.000-00:00,"12.79,12.79,12.83,12.79,12619"
2025-10-02T08:05:00.000-00:00,"12.79,12.8,12.8,12.79,28017"
2025-10-02T08:10:00.000-00:00,"12.8,12.8,12.83,12.8,36286"
2025-10-02T08:15:00.000-00:00,"12.8,12.78,12.8,12.76,29283"
2025-10-02T08:20:00.000-00:00,"12.78,12.8,12.8,12.78,7851"
2025-10-02T08:25:00.000-00:00,"12.83,12.82,12.83,12.82,3122"
2025-10-02T08:30:00.000-00:00,"12.81,12.86,12.86,12.81,30471"
2025-10-02T08:35:00.000-00:00,"12.86,12.84,12.86,12.82,61455"
2025-10-02T08:40:00.000-00:00,"12.83,12.8,12.84,12.79,28356"
2025-10-02T08:45:00.000-00:00,"12.8,12.81,12.81,12.79,11697"
2025-10-02T08:50:00.000-00:00,"12.81,12.82,12.82,12.8,4556"
2025-10-02T08:55:00.000-00:00,"12.82,12.89,12.89,12.81,78672"
2025-10-02T09:00:00.000-00:00,"12.89,13.02,13.02,12.89,559034"
2025-10-02T09:05:00.000-00:00,"12.99,13,13,12.92,132119"
2025-10-02T09:10:00.000-00:00,"12.96,12.93,13,12.93,98412"
2025-10-02T09:15:00.000-00:00,"12.93,12.91,12.93,12.9,81783"
2025-10-02T09:20:00.000-00:00,"12.91,12.9,12.92,12.9,45601"
2025-10-02T09:25:00.000-00:00,"12.91,12.87,12.91,12.87,49223"
2025-10-02T09:30:00.000-00:00,"12.87,12.86,12.87,12.81,69812"
2025-10-02T09:35:00.000-00:00,"12.84,12.81,12.85,12.81,34089"
2025-10-02T09:40:00.000-00:00,"12.81,12.8,12.85,12.8,86065"
2025-10-02T09:45:00.000-00:00,"12.8,12.84,12.84,12.8,32322"
2025-10-02T09:50:00.000-00:00,"12.81,12.81,12.84,12.8,28656"
2025-10-02T09:55:00.000-00:00,"12.81,12.83,12.85,12.8,63528"
2025-10-02T10:00:00.000-00:00,"12.83,12.84,12.85,12.81,36661"
2025-10-02T10:05:00.000-00:00,"12.84,12.85,12.85,12.81,18638"
2025-10-02T10:10:00.000-00:00,"12.83,12.81,12.86,12.81,52456"
2025-10-02T10:15:00.000-00:00,"12.81,12.79,12.84,12.79,42991"
2025-10-02T10:20:00.000-00:00,"12.8,12.84,12.84,12.79,51263"
2025-10-02T10:25:00.000-00:00,"12.84,12.8,12.84,12.8,22228"
2025-10-02T10:30:00.000-00:00,"12.81,12.8,12.84,12.8,25220"
2025-10-02T10:35:00.000-00:00,"12.82,12.79,12.85,12.79,38702"
2025-10-02T10:40:00.000-00:00,"12.78,12.85,12.85,12.78,74710"
2025-10-02T10:45:00.000-00:00,"12.85,12.79,12.85,12.79,25732"
2025-10-02T10:50:00.000-00:00,"12.8,12.8,12.8,12.79,57242"
2025-10-02T10:55:00.000-00:00,"12.8,12.8,12.8,12.78,66951"
2025-10-02T11:00:00.000-00:00,"12.79,12.8,12.81,12.78,48373"
2025-10-02T11:05:00.000-00:00,"12.81,12.75,12.81,12.75,75422"
2025-10-02T11:10:00.000-00:00,"12.76,12.8,12.83,12.71,195380"
2025-10-02T11:25:00.000-00:00,"12.8,12.8,12.8,12.8,82565"
2025-10-05T07:00:00.000-00:00,"12.91,12.94,12.95,12.9,33102"
2025-10-05T07:05:00.000-00:00,"12.94,12.9,12.95,12.9,34244"
2025-10-05T07:10:00.000-00:00,"12.9,12.91,12.91,12.9,23105"
2025-10-05T07:15:00.000-00:00,"12.9,12.9,12.9,12.8,102167"
2025-10-05T07:20:00.000-00:00,"12.9,12.9,12.9,12.81,10818"
2025-10-05T07:25:00.000-00:00,"12.88,12.92,12.92,12.88,25231"
2025-10-05T07:30:00.000-00:00,"12.9,12.9,12.91,12.9,16321"
2025-10-05T07:35:00.000-00:00,"12.9,12.9,12.9,12.9,20879"
2025-10-05T07:40:00.000-00:00,"12.9,12.94,12.94,12.89,33975"
2025-10-05T07:45:00.000-00:00,"12.9,12.89,12.9,12.89,14032"
2025-10-05T07:50:00.000-00:00,"12.9,12.88,12.9,12.88,7388"
2025-10-05T07:55:00.000-00:00,"12.88,12.9,12.9,12.84,55311"
2025-10-05T08:00:00.000-00:00,"12.9,12.91,12.91,12.9,31548"
2025-10-05T08:05:00.000-00:00,"12.91,12.91,12.91,12.91,697"
2025-10-05T08:10:00.000-00:00,"12.9,12.87,12.9,12.87,3480"
2025-10-05T08:15:00.000-00:00,"12.87,12.83,12.88,12.83,12993"
2025-10-05T08:20:00.000-00:00,"12.87,12.88,12.9,12.81,112145"
2025-10-05T08:25:00.000-00:00,"12.82,12.8,12.89,12.8,107792"
2025-10-05T08:30:00.000-00:00,"12.8,12.85,12.85,12.8,58236"
2025-10-05T08:35:00.000-00:00,"12.82,12.81,12.82,12.81,14111"
2025-10-05T08:40:00.000-00:00,"12.82,12.82,12.84,12.82,11715"
2025-10-05T08:45:00.000-00:00,"12.83,12.81,12.84,12.8,57661"
2025-10-05T08:50:00.000-00:00,"12.84,12.82,12.85,12.81,20150"
2025-10-05T08:55:00.000-00:00,"12.83,12.88,12.88,12.83,57858"
2025-10-05T09:00:00.000-00:00,"12.89,12.86,12.9,12.85,50039"
2025-10-05T09:05:00.000-00:00,"12.88,12.86,12.88,12.86,47"
2025-10-05T09:10:00.000-00:00,"12.86,12.86,12.86,12.86,5491"
2025-10-05T09:15:00.000-00:00,"12.84,12.81,12.85,12.8,105700"
2025-10-05T09:20:00.000-00:00,"12.81,12.8,12.81,12.8,7187"
2025-10-05T09:25:00.000-00:00,"12.83,12.83,12.83,12.83,77"
2025-10-05T09:30:00.000-00:00,"12.83,12.85,12.85,12.81,19420"
2025-10-05T09:35:00.000-00:00,"12.85,12.82,12.85,12.82,7333"
2025-10-05T09:40:00.000-00:00,"12.82,12.8,12.82,12.8,87998"
2025-10-05T09:45:00.000-00:00,"12.84,12.8,12.84,12.8,23869"
2025-10-05T09:50:00.000-00:00,"12.83,12.8,12.83,12.8,64156"
2025-10-05T09:55:00.000-00:00,"12.8,12.78,12.8,12.78,97168"
2025-10-05T10:00:00.000-00:00,"12.78,12.8,12.8,12.78,24877"
2025-10-05T10:05:00.000-00:00,"12.8,12.8,12.8,12.8,1507"
2025-10-05T10:10:00.000-00:00,"12.78,12.8,12.8,12.75,36198"
2025-10-05T10:15:00.000-00:00,"12.8,12.75,12.81,12.75,128715"
2025-10-05T10:20:00.000-00:00,"12.79,12.77,12.79,12.77,459"
2025-10-05T10:25:00.000-00:00,"12.79,12.77,12.79,12.77,11786"
2025-10-05T10:30:00.000-00:00,"12.77,12.75,12.77,12.75,50775"
2025-10-05T10:35:00.000-00:00,"12.75,12.8,12.8,12.74,95779"
2025-10-05T10:40:00.000-00:00,"12.8,12.8,12.8,12.8,2418"
2025-10-05T10:45:00.000-00:00,"12.8,12.8,12.83,12.8,36558"
2025-10-05T10:50:00.000-00:00,"12.82,12.82,12.83,12.8,49418"
2025-10-05T10:55:00.000-00:00,"12.82,12.81,12.82,12.81,9059"
2025-10-05T11:00:00.000-00:00,"12.81,12.8,12.81,12.8,83238"
2025-10-05T11:05:00.000-00:00,"12.8,12.8,12.82,12.8,22519"
2025-10-05T11:10:00.000-00:00,"12.83,12.84,12.85,12.82,61382"
2025-10-05T11:25:00.000-00:00,"12.8,12.8,12.8,12.8,148517"
2025-10-06T07:00:00.000-00:00,"12.8,12.8,12.88,12.8,15679"
2025-10-06T07:05:00.000-00:00,"12.8,12.81,12.84,12.8,20848"
2025-10-06T07:10:00.000-00:00,"12.83,12.8,12.85,12.8,25141"
2025-10-06T07:15:00.000-00:00,"12.79,12.76,12.79,12.75,33763"
2025-10-06T07:20:00.000-00:00,"12.77,12.77,12.78,12.76,11725"
2025-10-06T07:25:00.000-00:00,"12.77,12.8,12.8,12.75,56652"
2025-10-06T07:30:00.000-00:00,"12.77,12.77,12.77,12.77,10"
2025-10-06T07:35:00.000-00:00,"12.78,12.8,12.8,12.77,1561"
2025-10-06T07:40:00.000-00:00,"12.79,12.74,12.8,12.72,193794"
2025-10-06T07:45:00.000-00:00,"12.74,12.74,12.75,12.72,55499"
2025-10-06T07:50:00.000-00:00,"12.73,12.65,12.74,12.65,145350"
2025-10-06T07:55:00.000-00:00,"12.68,12.65,12.76,12.63,1042708"
2025-10-06T08:00:00.000-00:00,"12.71,12.7,12.73,12.66,22090"
2025-10-06T08:05:00.000-00:00,"12.7,12.73,12.73,12.68,205390"
2025-10-06T08:10:00.000-00:00,"12.73,12.69,12.75,12.69,487691"
2025-10-06T08:15:00.000-00:00,"12.7,12.7,12.74,12.7,27605"
2025-10-06T08:20:00.000-00:00,"12.7,12.7,12.73,12.7,23659"
2025-10-06T08:25:00.000-00:00,"12.7,12.7,12.73,12.7,14764"
2025-10-06T08:30:00.000-00:00,"12.73,12.73,12.73,12.73,5075"
2025-10-06T08:35:00.000-00:00,"12.73,12.74,12.74,12.73,11126"
2025-10-06T08:40:00.000-00:00,"12.74,12.75,12.76,12.74,33699"
2025-10-06T08:45:00.000-00:00,"12.75,12.76,12.76,12.71,36691"
2025-10-06T08:50:00.000-00:00,"12.75,12.76,12.76,12.75,37000"
2025-10-06T08:55:00.000-00:00,"12.74,12.8,12.8,12.74,15834"
2025-10-06T09:00:00.000-00:00,"12.79,12.8,12.84,12.76,92511"
2025-10-06T09:05:00.000-00:00,"12.78,12.8,12.8,12.78,5793"
2025-10-06T09:15:00.000-00:00,"12.8,12.8,12.81,12.8,22320"
2025-10-06T09:20:00.000-00:00,"12.8,12.75,12.8,12.75,56602"
2025-10-06T09:25:00.000-00:00,"12.75,12.75,12.75,12.73,44330"
2025-10-06T09:30:00.000-00:00,"12.75,12.75,12.75,12.75,72897"
2025-10-06T09:35:00.000-00:00,"12.75,12.75,12.75,12.74,29859"
2025-10-06T09:40:00.000-00:00,"12.75,12.74,12.75,12.74,15090"
2025-10-06T09:45:00.000-00:00,"12.75,12.74,12.77,12.74,20509"
2025-10-06T09:50:00.000-00:00,"12.75,12.75,12.75,12.75,11000"
2025-10-06T09:55:00.000-00:00,"12.74,12.75,12.77,12.74,60061"
2025-10-06T10:00:00.000-00:00,"12.75,12.75,12.77,12.74,45050"
2025-10-06T10:05:00.000-00:00,"12.75,12.75,12.78,12.75,92958"
2025-10-06T10:10:00.000-00:00,"12.75,12.75,12.78,12.75,62308"
2025-10-06T10:15:00.000-00:00,"12.76,12.75,12.79,12.74,287027"
2025-10-06T10:20:00.000-00:00,"12.74,12.74,12.74,12.74,2405"
2025-10-06T10:25:00.000-00:00,"12.74,12.74,12.75,12.74,49672"
2025-10-06T10:30:00.000-00:00,"12.73,12.74,12.75,12.73,63880"
2025-10-06T10:35:00.000-00:00,"12.74,12.76,12.76,12.73,47364"
2025-10-06T10:40:00.000-00:00,"12.74,12.75,12.77,12.73,151726"
2025-10-06T10:45:00.000-00:00,"12.75,12.73,12.75,12.73,123189"
2025-10-06T10:50:00.000-00:00,"12.75,12.74,12.75,12.74,42311"
2025-10-06T10:55:00.000-00:00,"12.74,12.75,12.75,12.73,101070"
2025-10-06T11:00:00.000-00:00,"12.75,12.75,12.76,12.72,216548"
2025-10-06T11:05:00.000-00:00,"12.76,12.78,12.8,12.75,75967"
2025-10-06T11:10:00.000-00:00,"12.76,12.78,12.79,12.74,129570"
2025-10-06T11:25:00.000-00:00,"12.71,12.71,12.71,12.71,147279"
2025-10-07T07:00:00.000-00:00,"12.78,12.8,12.83,12.76,30056"
2025-10-07T07:05:00.000-00:00,"12.8,12.79,12.83,12.79,22717"
2025-10-07T07:10:00.000-00:00,"12.79,12.8,12.83,12.79,31839"
2025-10-07T07:15:00.000-00:00,"12.8,12.81,12.82,12.8,23987"
2025-10-07T07:20:00.000-00:00,"12.8,12.8,12.81,12.8,23483"
2025-10-07T07:25:00.000-00:00,"12.8,12.8,12.8,12.8,62121"
2025-10-07T07:30:00.000-00:00,"12.77,12.8,12.8,12.77,18840"
2025-10-07T07:35:00.000-00:00,"12.8,12.75,12.8,12.75,46257"
2025-10-07T07:40:00.000-00:00,"12.75,12.75,12.76,12.73,230422"
2025-10-07T07:45:00.000-00:00,"12.75,12.75,12.75,12.73,207747"
2025-10-07T07:50:00.000-00:00,"12.77,12.77,12.77,12.77,1390"
2025-10-07T07:55:00.000-00:00,"12.77,12.76,12.78,12.76,1033"
2025-10-07T08:00:00.000-00:00,"12.77,12.73,12.77,12.73,34710"
2025-10-07T08:05:00.000-00:00,"12.75,12.76,12.76,12.75,1015"
2025-10-07T08:10:00.000-00:00,"12.75,12.75,12.77,12.75,8572"
2025-10-07T08:15:00.000-00:00,"12.77,12.77,12.77,12.75,61503"
2025-10-07T08:20:00.000-00:00,"12.75,12.75,12.75,12.74,91792"
2025-10-07T08:25:00.000-00:00,"12.75,12.75,12.76,12.75,63508"
2025-10-07T08:30:00.000-00:00,"12.75,12.76,12.76,12.75,47448"
2025-10-07T08:35:00.000-00:00,"12.76,12.76,12.76,12.76,1000"
2025-10-07T08:40:00.000-00:00,"12.75,12.75,12.75,12.75,46001"
2025-10-07T08:45:00.000-00:00,"12.75,12.75,12.75,12.75,47574"
2025-10-07T08:50:00.000-00:00,"12.75,12.75,12.75,12.74,8500"
2025-10-07T08:55:00.000-00:00,"12.75,12.75,12.75,12.75,1500"
2025-10-07T09:00:00.000-00:00,"12.75,12.75,12.75,12.74,57663"
2025-10-07T09:05:00.000-00:00,"12.75,12.75,12.76,12.75,16076"
2025-10-07T09:10:00.000-00:00,"12.75,12.75,12.75,12.75,20368"
2025-10-07T09:15:00.000-00:00,"12.75,12.75,12.75,12.75,30100"
2025-10-07T09:20:00.000-00:00,"12.76,12.75,12.76,12.75,40168"
2025-10-07T09:25:00.000-00:00,"12.76,12.74,12.76,12.74,30358"
2025-10-07T09:30:00.000-00:00,"12.74,12.75,12.75,12.74,26627"
2025-10-07T09:35:00.000-00:00,"12.75,12.74,12.76,12.73,16286"
2025-10-07T09:40:00.000-00:00,"12.75,12.75,12.75,12.71,102106"
2025-10-07T09:45:00.000-00:00,"12.71,12.75,12.75,12.71,61581"
2025-10-07T09:50:00.000-00:00,"12.75,12.75,12.76,12.74,26637"
2025-10-07T09:55:00.000-00:00,"12.75,12.75,12.76,12.73,54206"
2025-10-07T10:00:00.000-00:00,"12.74,12.75,12.75,12.73,55080"
2025-10-07T10:05:00.000-00:00,"12.75,12.75,12.76,12.74,33800"
2025-10-07T10:10:00.000-00:00,"12.75,12.75,12.76,12.74,75315"
2025-10-07T10:15:00.000-00:00,"12.75,12.76,12.76,12.7,373825"
2025-10-07T10:20:00.000-00:00,"12.75,12.77,12.77,12.72,84256"
2025-10-07T10:25:00.000-00:00,"12.75,12.76,12.76,12.75,11514"
2025-10-07T10:30:00.000-00:00,"12.76,12.75,12.77,12.75,29924"
2025-10-07T10:35:00.000-00:00,"12.75,12.76,12.76,12.75,52579"
2025-10-07T10:40:00.000-00:00,"12.75,12.76,12.76,12.75,19655"
2025-10-07T10:45:00.000-00:00,"12.75,12.75,12.76,12.75,42635"
2025-10-07T10:50:00.000-00:00,"12.75,12.75,12.76,12.75,64554"
2025-10-07T10:55:00.000-00:00,"12.75,12.76,12.76,12.75,15754"
2025-10-07T11:00:00.000-00:00,"12.75,12.75,12.76,12.75,44761"
2025-10-07T11:05:00.000-00:00,"12.76,12.8,12.8,12.75,132274"
2025-10-07T11:10:00.000-00:00,"12.81,12.85,12.85,12.81,63975"
2025-10-07T11:25:00.000-00:00,"12.85,12.85,12.85,12.85,165473"
2025-10-08T07:00:00.000-00:00,"12.9,12.87,12.93,12.87,36463"
2025-10-08T07:05:00.000-00:00,"12.9,12.85,12.9,12.85,38816"
2025-10-08T07:10:00.000-00:00,"12.88,12.81,12.88,12.81,24877"
2025-10-08T07:15:00.000-00:00,"12.85,12.78,12.85,12.78,20585"
2025-10-08T07:20:00.000-00:00,"12.78,12.8,12.8,12.78,20000"
2025-10-08T07:25:00.000-00:00,"12.8,12.75,12.8,12.75,342500"
2025-10-08T07:30:00.000-00:00,"12.77,12.79,12.79,12.76,95749"
2025-10-08T07:35:00.000-00:00,"12.77,12.77,12.77,12.77,1600"
2025-10-08T07:40:00.000-00:00,"12.77,12.77,12.77,12.77,7220"
2025-10-08T07:45:00.000-00:00,"12.76,12.75,12.77,12.75,71366"
2025-10-08T07:50:00.000-00:00,"12.74,12.74,12.77,12.72,54344"
2025-10-08T07:55:00.000-00:00,"12.75,12.75,12.75,12.75,6500"
2025-10-08T08:00:00.000-00:00,"12.74,12.8,12.8,12.74,54266"
2025-10-08T08:05:00.000-00:00,"12.75,12.79,12.79,12.75,27086"
2025-10-08T08:10:00.000-00:00,"12.79,12.79,12.8,12.74,28136"
2025-10-08T08:15:00.000-00:00,"12.77,12.74,12.79,12.74,6326"
2025-10-08T08:20:00.000-00:00,"12.75,12.75,12.78,12.75,6740"
2025-10-08T08:25:00.000-00:00,"12.74,12.75,12.79,12.74,9778"
2025-10-08T08:30:00.000-00:00,"12.78,12.78,12.78,12.75,11822"
2025-10-08T08:35:00.000-00:00,"12.78,12.75,12.78,12.75,38598"
2025-10-08T08:40:00.000-00:00,"12.75,12.75,12.75,12.74,6170"
2025-10-08T08:45:00.000-00:00,"12.75,12.75,12.75,12.74,48080"
2025-10-08T08:50:00.000-00:00,"12.74,12.75,12.75,12.74,41022"
2025-10-08T08:55:00.000-00:00,"12.76,12.77,12.77,12.75,14670"
2025-10-08T09:00:00.000-00:00,"12.77,12.76,12.77,12.75,9030"
2025-10-08T09:05:00.000-00:00,"12.76,12.75,12.77,12.75,294156"
2025-10-08T09:10:00.000-00:00,"12.75,12.75,12.76,12.75,18591"
2025-10-08T09:15:00.000-00:00,"12.76,12.77,12.78,12.76,24021"
2025-10-08T09:20:00.000-00:00,"12.77,12.77,12.77,12.76,11073"
2025-10-08T09:25:00.000-00:00,"12.77,12.79,12.79,12.76,36359"
2025-10-08T09:30:00.000-00:00,"12.76,12.75,12.79,12.75,50139"
2025-10-08T09:35:00.000-00:00,"12.76,12.77,12.78,12.76,7097"
2025-10-08T09:40:00.000-00:00,"12.76,12.77,12.77,12.75,19241"
2025-10-08T09:45:00.000-00:00,"12.76,12.75,12.76,12.75,16270"
2025-10-08T09:50:00.000-00:00,"12.75,12.75,12.75,12.75,7020"
2025-10-08T09:55:00.000-00:00,"12.75,12.75,12.75,12.74,7826"
2025-10-08T10:00:00.000-00:00,"12.75,12.75,12.77,12.74,32057"
2025-10-08T10:05:00.000-00:00,"12.76,12.76,12.77,12.76,16981"
2025-10-08T10:10:00.000-00:00,"12.77,12.75,12.77,12.75,76454"
2025-10-08T10:15:00.000-00:00,"12.75,12.76,12.77,12.75,15373"
2025-10-08T10:20:00.000-00:00,"12.76,12.78,12.78,12.75,12723"
2025-10-08T10:25:00.000-00:00,"12.77,12.79,12.79,12.76,24641"
2025-10-08T10:30:00.000-00:00,"12.79,12.82,12.83,12.79,23450"
2025-10-08T10:35:00.000-00:00,"12.81,12.77,12.83,12.77,147089"
2025-10-08T10:40:00.000-00:00,"12.76,12.77,12.8,12.76,7880"
2025-10-08T10:45:00.000-00:00,"12.76,12.77,12.78,12.75,124441"
2025-10-08T10:50:00.000-00:00,"12.76,12.75,12.77,12.75,136376"
2025-10-08T10:55:00.000-00:00,"12.75,12.74,12.77,12.74,407073"
2025-10-08T11:00:00.000-00:00,"12.74,12.75,12.75,12.71,313855"
2025-10-08T11:05:00.000-00:00,"12.75,12.71,12.75,12.7,251712"
2025-10-08T11:10:00.000-00:00,"12.71,12.7,12.71,12.68,212632"
2025-10-08T11:25:00.000-00:00,"12.7,12.7,12.7,12.7,361837"
2025-10-12T07:00:00.000-00:00,"12.7,12.65,12.7,12.65,57999"
2025-10-12T07:05:00.000-00:00,"12.65,12.64,12.65,12.64,17825"
2025-10-12T07:10:00.000-00:00,"12.65,12.64,12.67,12.62,14154"
2025-10-12T07:15:00.000-00:00,"12.64,12.55,12.64,12.55,28080"
2025-10-12T07:20:00.000-00:00,"12.56,12.59,12.6,12.56,16776"
2025-10-12T07:25:00.000-00:00,"12.57,12.56,12.59,12.55,16114"
2025-10-12T07:30:00.000-00:00,"12.59,12.57,12.59,12.57,3902"
2025-10-12T07:35:00.000-00:00,"12.58,12.6,12.6,12.57,31908"
2025-10-12T07:40:00.000-00:00,"12.61,12.63,12.63,12.6,28523"
2025-10-12T07:45:00.000-00:00,"12.6,12.61,12.61,12.6,26105"
2025-10-12T07:50:00.000-00:00,"12.61,12.62,12.62,12.6,4345"
2025-10-12T07:55:00.000-00:00,"12.63,12.64,12.64,12.62,7460"
2025-10-12T08:00:00.000-00:00,"12.65,12.68,12.68,12.65,31681"
2025-10-12T08:05:00.000-00:00,"12.68,12.62,12.68,12.62,13340"
2025-10-12T08:10:00.000-00:00,"12.64,12.67,12.67,12.64,502"
2025-10-12T08:15:00.000-00:00,"12.65,12.67,12.67,12.65,5378"
2025-10-12T08:20:00.000-00:00,"12.67,12.63,12.68,12.63,15741"
2025-10-12T08:25:00.000-00:00,"12.63,12.65,12.67,12.63,26669"
2025-10-12T08:30:00.000-00:00,"12.65,12.65,12.65,12.65,33288"
2025-10-12T08:35:00.000-00:00,"12.65,12.65,12.67,12.65,105606"
2025-10-12T08:50:00.000-00:00,"12.65,12.63,12.65,12.63,10200"
2025-10-12T08:55:00.000-00:00,"12.63,12.63,12.63,12.63,18418"
2025-10-12T09:00:00.000-00:00,"12.65,12.65,12.65,12.65,21"
2025-10-12T09:05:00.000-00:00,"12.65,12.61,12.65,12.61,25739"
2025-10-12T09:10:00.000-00:00,"12.65,12.61,12.65,12.61,246"
2025-10-12T09:15:00.000-00:00,"12.61,12.6,12.61,12.6,62353"
2025-10-12T09:20:00.000-00:00,"12.63,12.64,12.64,12.58,10814"
2025-10-12T09:25:00.000-00:00,"12.6,12.6,12.63,12.6,1802"
2025-10-12T09:30:00.000-00:00,"12.61,12.62,12.62,12.61,226"
2025-10-12T09:35:00.000-00:00,"12.62,12.58,12.65,12.58,26897"
2025-10-12T09:40:00.000-00:00,"12.64,12.58,12.64,12.58,505"
2025-10-12T09:45:00.000-00:00,"12.63,12.65,12.66,12.63,30050"
2025-10-12T09:50:00.000-00:00,"12.64,12.65,12.65,12.64,7732"
2025-10-12T09:55:00.000-00:00,"12.65,12.65,12.65,12.6,9421"
2025-10-12T10:00:00.000-00:00,"12.61,12.63,12.65,12.61,39550"
2025-10-12T10:05:00.000-00:00,"12.63,12.63,12.63,12.61,12838"
2025-10-12T10:10:00.000-00:00,"12.63,12.63,12.64,12.62,14636"
2025-10-12T10:15:00.000-00:00,"12.63,12.64,12.64,12.63,1039"
2025-10-12T10:20:00.000-00:00,"12.64,12.65,12.67,12.63,121553"
2025-10-12T10:25:00.000-00:00,"12.65,12.63,12.65,12.63,100531"
2025-10-12T10:30:00.000-00:00,"12.63,12.62,12.63,12.62,23700"
2025-10-12T10:35:00.000-00:00,"12.63,12.64,12.64,12.63,11391"
2025-10-12T10:40:00.000-00:00,"12.63,12.61,12.63,12.61,30934"
2025-10-12T10:45:00.000-00:00,"12.61,12.6,12.62,12.6,47373"
2025-10-12T10:50:00.000-00:00,"12.62,12.61,12.62,12.6,5996"
2025-10-12T10:55:00.000-00:00,"12.61,12.6,12.61,12.6,19229"
2025-10-12T11:00:00.000-00:00,"12.6,12.6,12.62,12.59,33758"
2025-10-12T11:05:00.000-00:00,"12.6,12.58,12.6,12.58,42053"
2025-10-12T11:10:00.000-00:00,"12.59,12.6,12.62,12.57,140371"
2025-10-12T11:25:00.000-00:00,"12.6,12.6,12.6,12.6,319361"
2025-10-13T07:00:00.000-00:00,"12.6,12.55,12.64,12.51,108017"
2025-10-13T07:05:00.000-00:00,"12.55,12.54,12.56,12.54,70669"
2025-10-13T07:10:00.000-00:00,"12.54,12.55,12.55,12.51,77911"
2025-10-13T07:15:00.000-00:00,"12.54,12.55,12.55,12.53,24144"
2025-10-13T07:20:00.000-00:00,"12.54,12.55,12.56,12.53,122457"
2025-10-13T07:25:00.000-00:00,"12.55,12.48,12.55,12.43,186179"
2025-10-13T07:30:00.000-00:00,"12.47,12.45,12.49,12.43,90776"
2025-10-13T07:35:00.000-00:00,"12.45,12.46,12.47,12.45,27629"
2025-10-13T07:40:00.000-00:00,"12.46,12.46,12.47,12.45,54093"
2025-10-13T07:45:00.000-00:00,"12.46,12.4,12.47,12.4,250696"
2025-10-13T07:50:00.000-00:00,"12.4,12.39,12.4,12.35,85073"
2025-10-13T07:55:00.000-00:00,"12.39,12.44,12.5,12.37,1026889"
2025-10-13T08:00:00.000-00:00,"12.44,12.43,12.47,12.43,211125"
2025-10-13T08:05:00.000-00:00,"12.43,12.45,12.45,12.43,15700"
2025-10-13T08:10:00.000-00:00,"12.45,12.45,12.45,12.43,87669"
2025-10-13T08:15:00.000-00:00,"12.45,12.41,12.45,12.4,99947"
2025-10-13T08:20:00.000-00:00,"12.41,12.45,12.45,12.4,144511"
2025-10-13T08:25:00.000-00:00,"12.46,12.46,12.46,12.45,29905"
2025-10-13T08:30:00.000-00:00,"12.46,12.53,12.53,12.46,652278"
2025-10-13T08:35:00.000-00:00,"12.53,12.5,12.54,12.5,105401"
2025-10-13T08:40:00.000-00:00,"12.51,12.54,12.54,12.45,119316"
2025-10-13T08:45:00.000-00:00,"12.53,12.5,12.53,12.5,33900"
2025-10-13T08:50:00.000-00:00,"12.52,12.51,12.53,12.5,59864"
2025-10-13T08:55:00.000-00:00,"12.52,12.51,12.52,12.51,6470"
2025-10-13T09:00:00.000-00:00,"12.51,12.5,12.52,12.5,92339"
2025-10-13T09:05:00.000-00:00,"12.5,12.52,12.54,12.5,31781"
2025-10-13T09:10:00.000-00:00,"12.54,12.55,12.55,12.54,36000"
2025-10-13T09:15:00.000-00:00,"12.54,12.55,12.55,12.5,41692"
2025-10-13T09:20:00.000-00:00,"12.56,12.57,12.57,12.55,34015"
2025-10-13T09:25:00.000-00:00,"12.57,12.54,12.57,12.54,42689"
2025-10-13T09:30:00.000-00:00,"12.55,12.52,12.56,12.52,26216"
2025-10-13T09:35:00.000-00:00,"12.52,12.52,12.52,12.52,8800"
2025-10-13T09:40:00.000-00:00,"12.54,12.55,12.55,12.54,74202"
2025-10-13T09:45:00.000-00:00,"12.56,12.6,12.6,12.56,138009"
2025-10-13T09:50:00.000-00:00,"12.6,12.6,12.63,12.6,168770"
2025-10-13T09:55:00.000-00:00,"12.63,12.75,12.75,12.63,399198"
2025-10-13T10:00:00.000-00:00,"12.74,12.72,12.74,12.67,44746"
2025-10-13T10:05:00.000-00:00,"12.7,12.78,12.8,12.7,532159"
2025-10-13T10:10:00.000-00:00,"12.78,12.79,12.79,12.72,82526"
2025-10-13T10:15:00.000-00:00,"12.76,12.75,12.76,12.75,92425"
2025-10-13T10:20:00.000-00:00,"12.77,12.8,12.82,12.75,1345419"
2025-10-13T10:25:00.000-00:00,"12.81,12.79,12.82,12.75,269715"
2025-10-13T10:30:00.000-00:00,"12.8,12.8,12.81,12.8,34283"
2025-10-13T10:35:00.000-00:00,"12.8,12.8,12.81,12.8,84100"
2025-10-13T10:40:00.000-00:00,"12.8,12.83,12.83,12.8,81742"
2025-10-13T10:45:00.000-00:00,"12.81,12.81,12.81,12.8,66201"
2025-10-13T10:50:00.000-00:00,"12.81,12.8,12.82,12.8,169315"
2025-10-13T10:55:00.000-00:00,"12.8,12.81,12.81,12.8,43600"
2025-10-13T11:00:00.000-00:00,"12.81,12.8,12.82,12.8,153109"
2025-10-13T11:05:00.000-00:00,"12.81,12.82,12.82,12.8,80711"
2025-10-13T11:10:00.000-00:00,"12.81,12.81,12.82,12.8,126619"
2025-10-13T11:25:00.000-00:00,"12.86,12.86,12.86,12.86,445249"
2025-10-14T07:00:00.000-00:00,"12.94,12.92,12.96,12.92,60366"
2025-10-14T07:05:00.000-00:00,"12.92,12.97,12.97,12.92,124893"
2025-10-14T07:10:00.000-00:00,"12.96,12.94,12.97,12.92,22193"
2025-10-14T07:15:00.000-00:00,"12.94,12.93,12.94,12.92,29148"
2025-10-14T07:20:00.000-00:00,"12.93,12.88,12.95,12.88,86526"
2025-10-14T07:25:00.000-00:00,"12.88,13,13,12.87,362028"
2025-10-14T07:30:00.000-00:00,"12.98,13.02,13.02,12.93,150375"
2025-10-14T07:35:00.000-00:00,"13.02,13.11,13.13,13,574097"
2025-10-14T07:40:00.000-00:00,"13.11,13.07,13.12,13.05,255556"
2025-10-14T07:45:00.000-00:00,"13.06,13.05,13.1,13.05,52341"
2025-10-14T07:50:00.000-00:00,"13.05,13.07,13.09,13.05,55657"
2025-10-14T07:55:00.000-00:00,"13.06,13,13.07,12.97,173714"
2025-10-14T08:00:00.000-00:00,"13,13.05,13.07,13,108025"
2025-10-14T08:05:00.000-00:00,"13.05,13.11,13.12,13.05,565099"
2025-10-14T08:10:00.000-00:00,"13.1,13.07,13.11,13.07,86073"
2025-10-14T08:15:00.000-00:00,"13.07,13.09,13.09,13.07,7414"
2025-10-14T08:20:00.000-00:00,"13.08,13.08,13.1,13.05,66106"
2025-10-14T08:25:00.000-00:00,"13.08,13.05,13.09,13.04,25362"
2025-10-14T08:30:00.000-00:00,"13.05,13,13.05,12.98,67522"
2025-10-14T08:35:00.000-00:00,"13,12.99,13.04,12.97,83397"
2025-10-14T08:40:00.000-00:00,"13,12.98,13,12.96,40280"
2025-10-14T08:45:00.000-00:00,"12.98,12.99,12.99,12.98,6363"
2025-10-14T08:50:00.000-00:00,"12.99,12.98,12.99,12.98,13444"
2025-10-14T08:55:00.000-00:00,"12.98,13,13.04,12.98,259659"
2025-10-14T09:00:00.000-00:00,"13.03,13.01,13.04,13,102253"
2025-10-14T09:05:00.000-00:00,"13.04,13.05,13.05,13.01,9336"
2025-10-14T09:10:00.000-00:00,"13.01,13.01,13.04,13.01,2215"
2025-10-14T09:15:00.000-00:00,"13.04,13,13.06,13,44603"
2025-10-14T09:20:00.000-00:00,"13.06,13.07,13.07,13.06,42860"
2025-10-14T09:25:00.000-00:00,"13.02,13.05,13.05,13.01,25437"
2025-10-14T09:30:00.000-00:00,"13.05,13.03,13.06,13.02,8752"
2025-10-14T09:35:00.000-00:00,"13.02,13.03,13.03,13.02,8186"
2025-10-14T09:40:00.000-00:00,"13.04,13.02,13.04,13.02,904"
2025-10-14T09:45:00.000-00:00,"13.02,13.01,13.03,13.01,15762"
2025-10-14T09:50:00.000-00:00,"13.01,13.03,13.04,13.01,10767"
2025-10-14T09:55:00.000-00:00,"13.03,13.01,13.04,13.01,11418"
2025-10-14T10:00:00.000-00:00,"13.01,13.04,13.04,13.01,18082"
2025-10-14T10:05:00.000-00:00,"13.04,13.03,13.04,13.01,17646"
2025-10-14T10:10:00.000-00:00,"13.01,13.03,13.03,13.01,5721"
2025-10-14T10:15:00.000-00:00,"13.02,13.03,13.03,13.01,16413"
2025-10-14T10:20:00.000-00:00,"13.03,13,13.03,13,82931"
2025-10-14T10:25:00.000-00:00,"12.99,13,13,12.98,321173"
2025-10-14T10:30:00.000-00:00,"13,12.98,13,12.98,424966"
2025-10-14T10:35:00.000-00:00,"12.98,12.96,12.99,12.96,5620"
2025-10-14T10:40:00.000-00:00,"12.96,13,13.01,12.95,413985"
2025-10-14T10:45:00.000-00:00,"13,13.05,13.1,13,435585"
2025-10-14T10:50:00.000-00:00,"13.09,13.05,13.1,13.05,203672"
2025-10-14T10:55:00.000-00:00,"13.05,13.04,13.05,13,673331"
2025-10-14T11:00:00.000-00:00,"13.01,13.04,13.04,13.01,7882"
2025-10-14T11:05:00.000-00:00,"13.04,13.01,13.05,13,129772"
2025-10-14T11:10:00.000-00:00,"13,13,13.04,13,171344"
2025-10-14T11:25:00.000-00:00,"13.01,13.01,13.01,13.01,550810"
2025-10-15T07:00:00.000-00:00,"13.05,13.09,13.1,13.03,13656"
2025-10-15T07:05:00.000-00:00,"13.08,13.06,13.1,13.05,22777"
2025-10-15T07:10:00.000-00:00,"13.06,13.04,13.07,13.03,23218"
2025-10-15T07:15:00.000-00:00,"13.04,13.02,13.05,13.02,36483"
2025-10-15T07:20:00.000-00:00,"13.02,13.04,13.04,13.01,12857"
2025-10-15T07:25:00.000-00:00,"13.04,13,13.05,13,20448"
2025-10-15T07:30:00.000-00:00,"13.01,13,13.05,13,199572"
2025-10-15T07:35:00.000-00:00,"13,13.01,13.05,13,44182"
2025-10-15T07:40:00.000-00:00,"13.01,13.04,13.04,13.01,16482"
2025-10-15T07:45:00.000-00:00,"13.01,13.04,13.04,13.01,6910"
2025-10-15T07:50:00.000-00:00,"13.04,13.04,13.05,13.04,741"
2025-10-15T07:55:00.000-00:00,"13.03,13.02,13.03,13.02,8011"
2025-10-15T08:00:00.000-00:00,"13.03,13.01,13.03,13.01,57575"
2025-10-15T08:05:00.000-00:00,"13.01,13,13.02,13,211404"
2025-10-15T08:10:00.000-00:00,"13,13.02,13.02,13,106207"
2025-10-15T08:15:00.000-00:00,"13.02,13.02,13.02,13.02,1378"
2025-10-15T08:20:00.000-00:00,"13.02,13.02,13.02,13.01,19722"
2025-10-15T08:25:00.000-00:00,"13.02,13.03,13.04,13.02,14732"
2025-10-15T08:30:00.000-00:00,"13.02,13.02,13.02,13.02,2900"
2025-10-15T08:35:00.000-00:00,"13.02,13.03,13.03,13.02,24173"
2025-10-15T08:40:00.000-00:00,"13.02,13.02,13.02,13.02,3091"
2025-10-15T08:45:00.000-00:00,"13.03,13.03,13.03,13.01,25870"
2025-10-15T08:50:00.000-00:00,"13.01,13.02,13.02,13.01,11486"
2025-10-15T08:55:00.000-00:00,"13.01,13.02,13.02,13,409563"
2025-10-15T09:00:00.000-00:00,"13.02,13.02,13.02,13.01,6763"
2025-10-15T09:05:00.000-00:00,"13.02,13.03,13.03,13.02,13152"
2025-10-15T09:10:00.000-00:00,"13.01,13.06,13.06,13.01,31609"
2025-10-15T09:15:00.000-00:00,"13.06,13.06,13.06,13.05,2957"
2025-10-15T09:20:00.000-00:00,"13.05,13.05,13.06,13.03,21071"
2025-10-15T09:25:00.000-00:00,"13.05,13.03,13.06,13.03,22313"
2025-10-15T09:30:00.000-00:00,"13.03,13.05,13.05,13.03,2376"
2025-10-15T09:35:00.000-00:00,"13.03,13.05,13.05,13.03,15734"
2025-10-15T09:40:00.000-00:00,"13.05,13.04,13.06,13.04,14576"
2025-10-15T09:45:00.000-00:00,"13.05,13.05,13.05,13.05,500"
2025-10-15T09:50:00.000-00:00,"13.04,13.03,13.05,13.03,42323"
2025-10-15T09:55:00.000-00:00,"13.04,13.03,13.05,13.03,11025"
2025-10-15T10:00:00.000-00:00,"13.03,13,13.05,13,271109"
2025-10-15T10:05:00.000-00:00,"13.04,13.01,13.05,13.01,23182"
2025-10-15T10:10:00.000-00:00,"13.01,13.04,13.04,13,743207"
2025-10-15T10:15:00.000-00:00,"13.01,13.01,13.01,13.01,76"
2025-10-15T10:20:00.000-00:00,"13.04,13.04,13.04,13.04,1522"
2025-10-15T10:25:00.000-00:00,"13.04,13.07,13.08,13.04,56014"
2025-10-15T10:30:00.000-00:00,"13.07,13.08,13.08,13.06,69490"
2025-10-15T10:35:00.000-00:00,"13.08,13.09,13.1,13.08,117877"
2025-10-15T10:40:00.000-00:00,"13.09,13.08,13.1,13.08,67434"
2025-10-15T10:45:00.000-00:00,"13.09,13.08,13.09,13.08,259021"
2025-10-15T10:50:00.000-00:00,"13.09,13.08,13.09,13.08,32331"
2025-10-15T10:55:00.000-00:00,"13.08,13.07,13.1,13.07,573163"
2025-10-15T11:00:00.000-00:00,"13.07,13.1,13.1,13.05,712193"
2025-10-15T11:05:00.000-00:00,"13.09,13.05,13.1,13.05,7447"
2025-10-15T11:10:00.000-00:00,"13.05,13.02,13.08,13,214885"
2025-10-15T11:25:00.000-00:00,"13.01,13.01,13.01,13.01,217468"
2025-10-16T07:00:00.000-00:00,"13.04,13.1,13.1,13.03,137190"
2025-10-16T07:05:00.000-00:00,"13.09,13.09,13.1,13,127716"
2025-10-16T07:10:00.000-00:00,"13.05,13.02,13.05,13.02,15558"
2025-10-16T07:15:00.000-00:00,"13.06,12.96,13.06,12.96,66818"
2025-10-16T07:20:00.000-00:00,"12.96,12.99,13,12.95,65084"
2025-10-16T07:25:00.000-00:00,"12.96,12.97,12.98,12.96,22734"
2025-10-16T07:30:00.000-00:00,"12.96,12.97,12.97,12.95,335116"
2025-10-16T07:35:00.000-00:00,"12.96,12.95,12.97,12.95,7445"
2025-10-16T07:40:00.000-00:00,"12.99,12.95,13,12.95,44764"
2025-10-16T07:45:00.000-00:00,"12.95,12.94,12.97,12.94,11102"
2025-10-16T07:50:00.000-00:00,"12.94,12.91,12.94,12.91,64402"
2025-10-16T07:55:00.000-00:00,"12.92,12.92,12.96,12.92,23714"
2025-10-16T08:00:00.000-00:00,"12.92,12.91,13,12.91,542574"
2025-10-16T08:05:00.000-00:00,"12.97,12.93,12.97,12.93,23928"
2025-10-16T08:10:00.000-00:00,"12.94,12.92,12.95,12.92,34944"
2025-10-16T08:15:00.000-00:00,"12.92,12.93,12.95,12.92,26568"
2025-10-16T08:20:00.000-00:00,"12.93,12.94,12.94,12.92,98100"
2025-10-16T08:25:00.000-00:00,"12.93,12.94,12.94,12.92,6253"
2025-10-16T08:30:00.000-00:00,"12.93,12.94,12.95,12.93,43128"
2025-10-16T08:35:00.000-00:00,"12.96,12.98,12.98,12.96,314953"
2025-10-16T08:40:00.000-00:00,"12.98,12.96,12.98,12.96,9090"
2025-10-16T08:45:00.000-00:00,"12.98,13,13.04,12.97,207660"
2025-10-16T08:50:00.000-00:00,"13.04,13,13.04,13,72661"
2025-10-16T08:55:00.000-00:00,"13.03,13,13.03,13,3043"
2025-10-16T09:00:00.000-00:00,"13.02,13,13.02,13,17570"
2025-10-16T09:05:00.000-00:00,"13,13.01,13.06,12.99,171039"
2025-10-16T09:10:00.000-00:00,"13.06,13.1,13.1,13.06,221573"
2025-10-16T09:15:00.000-00:00,"13.1,13.08,13.1,13.05,19344"
2025-10-16T09:20:00.000-00:00,"13.05,13.06,13.06,13.03,23437"
2025-10-16T09:25:00.000-00:00,"13.03,13,13.03,13,412584"
2025-10-16T09:30:00.000-00:00,"12.98,12.98,13,12.98,11367"
2025-10-16T09:35:00.000-00:00,"12.98,13,13,12.98,11553"
2025-10-16T09:40:00.000-00:00,"12.99,12.98,12.99,12.98,62778"
2025-10-16T09:45:00.000-00:00,"12.98,12.99,12.99,12.98,6600"
2025-10-16T09:50:00.000-00:00,"12.99,13,13,12.99,51068"
2025-10-16T09:55:00.000-00:00,"12.98,13,13,12.97,4840"
2025-10-16T10:00:00.000-00:00,"13,13,13,12.98,67276"
2025-10-16T10:05:00.000-00:00,"12.98,12.98,12.98,12.98,200"
2025-10-16T10:10:00.000-00:00,"13,12.98,13,12.98,66353"
2025-10-16T10:15:00.000-00:00,"12.97,12.98,12.98,12.97,5154"
2025-10-16T10:20:00.000-00:00,"12.97,12.98,12.98,12.97,4428"
2025-10-16T10:25:00.000-00:00,"12.99,13,13,12.99,185885"
2025-10-16T10:30:00.000-00:00,"12.99,12.99,13,12.99,59255"
2025-10-16T10:35:00.000-00:00,"12.99,12.97,12.99,12.97,109010"
2025-10-16T10:40:00.000-00:00,"12.97,12.99,12.99,12.97,7148"
2025-10-16T10:45:00.000-00:00,"12.97,13.02,13.02,12.97,192983"
2025-10-16T10:50:00.000-00:00,"13.02,13.04,13.04,13.02,927"
2025-10-16T10:55:00.000-00:00,"13.01,13,13.02,12.98,311828"
2025-10-16T11:00:00.000-00:00,"13,12.99,13,12.98,26787"
2025-10-16T11:05:00.000-00:00,"12.99,13,13,12.99,39588"
2025-10-16T11:10:00.000-00:00,"13,12.97,13,12.97,79731"
2025-10-16T11:25:00.000-00:00,"12.97,12.97,12.97,12.97,515052"
2025-10-19T07:00:00.000-00:00,"13,13.05,13.05,13,15509"
2025-10-19T07:05:00.000-00:00,"13.04,13.03,13.05,13.01,3255"
2025-10-19T07:10:00.000-00:00,"13.01,13,13.01,13,11543"
2025-10-19T07:15:00.000-00:00,"13.02,13,13.02,13,45433"
2025-10-19T07:20:00.000-00:00,"13,13.02,13.02,13,5032"
2025-10-19T07:25:00.000-00:00,"13,12.97,13,12.97,18624"
2025-10-19T07:30:00.000-00:00,"12.98,12.97,13,12.97,253107"
2025-10-19T07:35:00.000-00:00,"12.97,12.98,12.98,12.95,13683"
2025-10-19T07:40:00.000-00:00,"12.95,12.93,12.98,12.93,43032"
2025-10-19T07:45:00.000-00:00,"12.95,12.95,12.95,12.94,1916"
2025-10-19T07:50:00.000-00:00,"12.95,13,13,12.94,3789"
2025-10-19T07:55:00.000-00:00,"12.95,12.99,13,12.94,33006"
2025-10-19T08:00:00.000-00:00,"12.97,12.95,13.02,12.95,12053"
2025-10-19T08:05:00.000-00:00,"13.01,13.02,13.02,12.96,3070"
2025-10-19T08:10:00.000-00:00,"13.02,13,13.02,12.98,1856"
2025-10-19T08:15:00.000-00:00,"13,13,13,13,1626"
2025-10-19T08:20:00.000-00:00,"13,13,13,13,3237"
2025-10-19T08:25:00.000-00:00,"13,12.96,13,12.96,851"
2025-10-19T08:30:00.000-00:00,"12.97,13,13,12.97,1112"
2025-10-19T08:35:00.000-00:00,"13,13,13,13,1000"
2025-10-19T08:40:00.000-00:00,"12.99,12.99,12.99,12.97,3943"
2025-10-19T08:45:00.000-00:00,"12.97,12.96,12.97,12.96,7347"
2025-10-19T08:50:00.000-00:00,"12.96,12.96,12.96,12.96,1800"
2025-10-19T08:55:00.000-00:00,"12.99,12.96,12.99,12.96,5902"
2025-10-19T09:00:00.000-00:00,"12.99,12.99,12.99,12.99,250"
2025-10-19T09:05:00.000-00:00,"12.99,12.99,12.99,12.96,1405"
2025-10-19T09:10:00.000-00:00,"12.96,12.99,13,12.96,16580"
2025-10-19T09:20:00.000-00:00,"12.97,13,13,12.96,33302"
2025-10-19T09:25:00.000-00:00,"12.96,12.96,13,12.96,7839"
2025-10-19T09:30:00.000-00:00,"13,12.97,13,12.97,3550"
2025-10-19T09:35:00.000-00:00,"13,12.97,13,12.97,2288"
2025-10-19T09:40:00.000-00:00,"12.97,12.97,12.98,12.97,2584"
2025-10-19T09:45:00.000-00:00,"12.97,13.01,13.01,12.96,69600"
2025-10-19T09:50:00.000-00:00,"13.01,13.07,13.09,13,193884"
2025-10-19T09:55:00.000-00:00,"13.05,13.06,13.07,13.02,87747"
2025-10-19T10:00:00.000-00:00,"13.06,13.13,13.14,13.06,376864"
2025-10-19T10:05:00.000-00:00,"13.14,13.13,13.14,13.11,70019"
2025-10-19T10:10:00.000-00:00,"13.13,13.15,13.17,13.12,355766"
2025-10-19T10:15:00.000-00:00,"13.15,13.2,13.21,13.15,572413"
2025-10-19T10:20:00.000-00:00,"13.2,13.3,13.39,13.18,800817"
2025-10-19T10:25:00.000-00:00,"13.3,13.31,13.36,13.3,103332"
2025-10-19T10:30:00.000-00:00,"13.31,13.36,13.4,13.3,463669"
2025-10-19T10:35:00.000-00:00,"13.36,13.35,13.36,13.33,25398"
2025-10-19T10:40:00.000-00:00,"13.33,13.31,13.33,13.31,52103"
2025-10-19T10:45:00.000-00:00,"13.3,13.3,13.3,13.25,111396"
2025-10-19T10:50:00.000-00:00,"13.3,13.31,13.32,13.26,68217"
2025-10-19T10:55:00.000-00:00,"13.31,13.3,13.32,13.3,41977"
2025-10-19T11:00:00.000-00:00,"13.3,13.32,13.32,13.3,114411"
2025-10-19T11:05:00.000-00:00,"13.29,13.35,13.35,13.29,149094"
2025-10-19T11:10:00.000-00:00,"13.35,13.34,13.35,13.31,47962"
2025-10-19T11:25:00.000-00:00,"13.35,13.35,13.35,13.35,214502"
2025-10-20T07:00:00.000-00:00,"13.4,13.46,13.46,13.4,162455"
2025-10-20T07:05:00.000-00:00,"13.46,13.39,13.46,13.35,141704"
2025-10-20T07:10:00.000-00:00,"13.37,13.31,13.38,13.31,137344"
2025-10-20T07:15:00.000-00:00,"13.32,13.34,13.34,13.29,40226"
2025-10-20T07:20:00.000-00:00,"13.31,13.33,13.35,13.25,78668"
2025-10-20T07:25:00.000-00:00,"13.31,13.39,13.39,13.31,67463"
2025-10-20T07:30:00.000-00:00,"13.39,13.3,13.39,13.3,68949"
2025-10-20T07:35:00.000-00:00,"13.37,13.35,13.39,13.3,71481"
2025-10-20T07:40:00.000-00:00,"13.37,13.31,13.38,13.3,34580"
2025-10-20T07:45:00.000-00:00,"13.31,13.31,13.35,13.31,8000"
2025-10-20T07:50:00.000-00:00,"13.31,13.35,13.35,13.31,9688"
2025-10-20T07:55:00.000-00:00,"13.35,13.33,13.38,13.33,128890"
2025-10-20T08:00:00.000-00:00,"13.33,13.35,13.35,13.33,7777"
2025-10-20T08:05:00.000-00:00,"13.34,13.35,13.35,13.33,5574"
2025-10-20T08:10:00.000-00:00,"13.35,13.31,13.35,13.31,44536"
2025-10-20T08:15:00.000-00:00,"13.31,13.26,13.31,13.26,88910"
2025-10-20T08:20:00.000-00:00,"13.27,13.3,13.33,13.27,26393"
2025-10-20T08:25:00.000-00:00,"13.3,13.3,13.3,13.3,51037"
2025-10-20T08:30:00.000-00:00,"13.29,13.28,13.3,13.28,5385"
2025-10-20T08:35:00.000-00:00,"13.28,13.28,13.28,13.28,77"
2025-10-20T08:40:00.000-00:00,"13.3,13.3,13.3,13.29,58540"
2025-10-20T08:45:00.000-00:00,"13.3,13.3,13.3,13.28,7089"
2025-10-20T08:50:00.000-00:00,"13.29,13.28,13.3,13.28,20116"
2025-10-20T08:55:00.000-00:00,"13.3,13.3,13.31,13.29,53713"
2025-10-20T09:00:00.000-00:00,"13.31,13.28,13.31,13.28,42532"
2025-10-20T09:05:00.000-00:00,"13.3,13.28,13.3,13.28,7826"
2025-10-20T09:10:00.000-00:00,"13.29,13.3,13.3,13.28,16876"
2025-10-20T09:15:00.000-00:00,"13.3,13.27,13.3,13.27,75000"
2025-10-20T09:20:00.000-00:00,"13.27,13.32,13.32,13.27,13755"
2025-10-20T09:25:00.000-00:00,"13.31,13.33,13.37,13.31,35684"
2025-10-20T09:30:00.000-00:00,"13.32,13.35,13.35,13.3,78078"
2025-10-20T09:35:00.000-00:00,"13.34,13.3,13.35,13.3,40700"
2025-10-20T09:40:00.000-00:00,"13.33,13.31,13.33,13.31,3500"
2025-10-20T09:45:00.000-00:00,"13.3,13.3,13.31,13.28,47045"
2025-10-20T09:50:00.000-00:00,"13.3,13.33,13.33,13.3,37522"
2025-10-20T09:55:00.000-00:00,"13.33,13.32,13.34,13.32,4352"
2025-10-20T10:00:00.000-00:00,"13.33,13.3,13.33,13.29,32774"
2025-10-20T10:05:00.000-00:00,"13.3,13.3,13.3,13.28,42405"
2025-10-20T10:10:00.000-00:00,"13.28,13.29,13.3,13.28,5393"
2025-10-20T10:15:00.000-00:00,"13.3,13.3,13.3,13.28,58314"
2025-10-20T10:20:00.000-00:00,"13.3,13.3,13.3,13.29,5370"
2025-10-20T10:25:00.000-00:00,"13.3,13.27,13.3,13.27,38196"
2025-10-20T10:30:00.000-00:00,"13.27,13.29,13.3,13.26,584099"
2025-10-20T10:35:00.000-00:00,"13.29,13.3,13.3,13.29,156291"
2025-10-20T10:40:00.000-00:00,"13.3,13.3,13.3,13.29,168000"
2025-10-20T10:45:00.000-00:00,"13.3,13.35,13.35,13.3,278590"
2025-10-20T10:50:00.000-00:00,"13.35,13.35,13.35,13.31,97815"
2025-10-20T10:55:00.000-00:00,"13.34,13.35,13.38,13.33,516646"
2025-10-20T11:00:00.000-00:00,"13.35,13.4,13.4,13.34,271170"
2025-10-20T11:05:00.000-00:00,"13.4,13.4,13.4,13.37,206787"
2025-10-20T11:10:00.000-00:00,"13.4,13.35,13.4,13.35,273784"
2025-10-20T11:25:00.000-00:00,"13.4,13.4,13.4,13.4,513605"
2025-10-21T07:00:00.000-00:00,"13.43,13.36,13.44,13.36,23959"
2025-10-21T07:05:00.000-00:00,"13.42,13.41,13.42,13.37,14168"
2025-10-21T07:10:00.000-00:00,"13.4,13.39,13.4,13.37,3075"
2025-10-21T07:15:00.000-00:00,"13.37,13.36,13.37,13.36,9061"
2025-10-21T07:20:00.000-00:00,"13.36,13.39,13.43,13.36,46610"
2025-10-21T07:25:00.000-00:00,"13.39,13.39,13.39,13.36,4652"
2025-10-21T07:30:00.000-00:00,"13.37,13.36,13.39,13.36,11581"
2025-10-21T07:35:00.000-00:00,"13.36,13.39,13.39,13.35,15621"
2025-10-21T07:40:00.000-00:00,"13.35,13.36,13.38,13.35,13420"
2025-10-21T07:45:00.000-00:00,"13.36,13.3,13.36,13.3,33400"
2025-10-21T07:50:00.000-00:00,"13.34,13.3,13.34,13.27,16239"
2025-10-21T07:55:00.000-00:00,"13.27,13.34,13.34,13.26,53388"
2025-10-21T08:00:00.000-00:00,"13.34,13.33,13.35,13.33,12054"
2025-10-21T08:05:00.000-00:00,"13.33,13.34,13.34,13.31,10121"
2025-10-21T08:10:00.000-00:00,"13.34,13.34,13.34,13.34,908"
2025-10-21T08:15:00.000-00:00,"13.34,13.34,13.34,13.31,1408"
2025-10-21T08:20:00.000-00:00,"13.33,13.3,13.34,13.29,7202"
2025-10-21T08:25:00.000-00:00,"13.3,13.29,13.3,13.28,9513"
2025-10-21T08:30:00.000-00:00,"13.29,13.25,13.29,13.25,59990"
2025-10-21T08:35:00.000-00:00,"13.25,13.21,13.25,13.2,99343"
2025-10-21T08:40:00.000-00:00,"13.21,13.2,13.21,13.18,20429"
2025-10-21T08:45:00.000-00:00,"13.2,13.3,13.3,13.2,101058"
2025-10-21T08:50:00.000-00:00,"13.2,13.21,13.3,13.2,9735"
2025-10-21T09:00:00.000-00:00,"13.29,13.27,13.3,13.27,8061"
2025-10-21T09:05:00.000-00:00,"13.3,13.3,13.3,13.3,4349"
2025-10-21T09:10:00.000-00:00,"13.29,13.28,13.3,13.28,5440"
2025-10-21T09:15:00.000-00:00,"13.28,13.26,13.28,13.26,5691"
2025-10-21T09:20:00.000-00:00,"13.29,13.26,13.29,13.26,2501"
2025-10-21T09:25:00.000-00:00,"13.3,13.3,13.3,13.3,1904"
2025-10-21T09:30:00.000-00:00,"13.3,13.3,13.3,13.28,3207"
2025-10-21T09:35:00.000-00:00,"13.28,13.24,13.29,13.13,243423"
2025-10-21T09:40:00.000-00:00,"13.23,13.2,13.24,13.19,23008"
2025-10-21T09:45:00.000-00:00,"13.22,13.22,13.24,13.2,86474"
2025-10-21T09:50:00.000-00:00,"13.22,13.2,13.22,13.2,22059"
2025-10-21T09:55:00.000-00:00,"13.22,13.22,13.22,13.2,10251"
2025-10-21T10:00:00.000-00:00,"13.23,13.23,13.23,13.22,30039"
2025-10-21T10:05:00.000-00:00,"13.22,13.22,13.22,13.21,13487"
2025-10-21T10:10:00.000-00:00,"13.22,13.2,13.23,13.2,49064"
2025-10-21T10:15:00.000-00:00,"13.2,13.2,13.2,13.19,12093"
2025-10-21T10:20:00.000-00:00,"13.18,13.17,13.18,13.17,22288"
2025-10-21T10:25:00.000-00:00,"13.17,13.18,13.2,13.17,30351"
2025-10-21T10:30:00.000-00:00,"13.2,13.21,13.25,13.2,93212"
2025-10-21T10:35:00.000-00:00,"13.19,13.2,13.2,13.19,610"
2025-10-21T10:40:00.000-00:00,"13.2,13.2,13.2,13.18,23766"
2025-10-21T10:45:00.000-00:00,"13.2,13.2,13.21,13.18,7643"
2025-10-21T10:50:00.000-00:00,"13.2,13.17,13.2,13.17,55099"
2025-10-21T10:55:00.000-00:00,"13.19,13.2,13.2,13.15,25590"
2025-10-21T11:00:00.000-00:00,"13.2,13.19,13.2,13.19,18552"
2025-10-21T11:05:00.000-00:00,"13.18,13.2,13.2,13.18,162720"
2025-10-21T11:10:00.000-00:00,"13.19,13.19,13.2,13.18,25927"
2025-10-21T11:15:00.000-00:00,"13.19,13.2,13.2,13.19,33000"
2025-10-21T11:25:00.000-00:00,"13.2,13.2,13.2,13.2,154978"
2025-10-22T07:00:00.000-00:00,"13.21,13.25,13.26,13.21,8254"
2025-10-22T07:05:00.000-00:00,"13.23,13.21,13.23,13.21,36245"
2025-10-22T07:10:00.000-00:00,"13.21,13.21,13.22,13.2,10577"
2025-10-22T07:15:00.000-00:00,"13.21,13.21,13.21,13.2,20305"
2025-10-22T07:20:00.000-00:00,"13.21,13.18,13.22,13.18,27739"
2025-10-22T07:25:00.000-00:00,"13.2,13.12,13.2,13.12,40780"
2025-10-22T07:30:00.000-00:00,"13.12,13.13,13.18,13.12,30017"
2025-10-22T07:35:00.000-00:00,"13.13,13.17,13.18,13.13,1433"
2025-10-22T07:40:00.000-00:00,"13.16,13.14,13.16,13.14,4408"
2025-10-22T07:45:00.000-00:00,"13.14,13.12,13.14,13.12,25212"
2025-10-22T07:50:00.000-00:00,"13.13,13.19,13.19,13.13,67767"
2025-10-22T07:55:00.000-00:00,"13.18,13.17,13.18,13.14,13613"
2025-10-22T08:00:00.000-00:00,"13.14,13.16,13.17,13.14,6453"
2025-10-22T08:05:00.000-00:00,"13.16,13.2,13.2,13.13,21152"
2025-10-22T08:10:00.000-00:00,"13.19,13.19,13.19,13.19,276"
2025-10-22T08:15:00.000-00:00,"13.19,13.17,13.19,13.17,7764"
2025-10-22T08:20:00.000-00:00,"13.15,13.15,13.15,13.14,14811"
2025-10-22T08:25:00.000-00:00,"13.15,13.13,13.15,13.13,15739"
2025-10-22T08:30:00.000-00:00,"13.12,13.15,13.17,13.07,41844"
2025-10-22T08:35:00.000-00:00,"13.15,13.14,13.15,13.11,10656"
2025-10-22T08:40:00.000-00:00,"13.14,13.14,13.14,13.12,2722"
2025-10-22T08:45:00.000-00:00,"13.13,13.14,13.14,13.12,2351"
2025-10-22T08:50:00.000-00:00,"13.13,13.15,13.15,13.11,37364"
2025-10-22T08:55:00.000-00:00,"13.14,13.14,13.14,13.14,212"
2025-10-22T09:00:00.000-00:00,"13.12,13.16,13.16,13.12,8006"
2025-10-22T09:10:00.000-00:00,"13.16,13.16,13.16,13.16,200"
2025-10-22T09:20:00.000-00:00,"13.16,13.17,13.17,13.16,2966"
2025-10-22T09:25:00.000-00:00,"13.15,13.17,13.17,13.15,2550"
2025-10-22T09:30:00.000-00:00,"13.15,13.14,13.17,13.14,53450"
2025-10-22T09:35:00.000-00:00,"13.15,13.14,13.15,13.14,9979"
2025-10-22T09:40:00.000-00:00,"13.13,13.17,13.17,13.1,46196"
2025-10-22T09:45:00.000-00:00,"13.11,13.11,13.11,13.1,6736"
2025-10-22T09:50:00.000-00:00,"13.11,13.16,13.16,13.11,2162"
2025-10-22T09:55:00.000-00:00,"13.16,13.16,13.16,13.11,234"
2025-10-22T10:00:00.000-00:00,"13.16,13.16,13.16,13.11,4590"
2025-10-22T10:05:00.000-00:00,"13.16,13.12,13.16,13.11,6396"
2025-10-22T10:10:00.000-00:00,"13.12,13.11,13.15,13.11,3557"
2025-10-22T10:25:00.000-00:00,"13.12,13.09,13.12,13.09,37450"
2025-10-22T10:30:00.000-00:00,"13.09,13.09,13.1,13.08,30485"
2025-10-22T10:35:00.000-00:00,"13.08,13.15,13.15,13.08,30494"
2025-10-22T10:40:00.000-00:00,"13.15,13.15,13.17,13.15,35349"
2025-10-22T10:45:00.000-00:00,"13.15,13.11,13.15,13.11,31704"
2025-10-22T10:50:00.000-00:00,"13.12,13.15,13.15,13.1,7458"
2025-10-22T10:55:00.000-00:00,"13.15,13.15,13.15,13.15,1611"
2025-10-22T11:00:00.000-00:00,"13.11,13.1,13.15,13.1,54517"
2025-10-22T11:05:00.000-00:00,"13.15,13.1,13.15,13.1,26687"
2025-10-22T11:10:00.000-00:00,"13.11,13.14,13.14,13.1,99129"
2025-10-22T11:25:00.000-00:00,"13.15,13.15,13.15,13.15,87347"
2025-10-23T07:00:00.000-00:00,"13.09,13.09,13.28,13.02,50699"
2025-10-23T07:05:00.000-00:00,"13.09,13.1,13.18,13.09,757"
2025-10-23T07:10:00.000-00:00,"13.15,13.18,13.2,13.15,7435"
2025-10-23T07:15:00.000-00:00,"13.18,13.2,13.23,13.18,52239"
2025-10-23T07:20:00.000-00:00,"13.18,13.18,13.2,13.18,1493"
2025-10-23T07:25:00.000-00:00,"13.2,13.2,13.2,13.19,44735"
2025-10-23T07:30:00.000-00:00,"13.2,13.18,13.2,13.18,2884"
2025-10-23T07:35:00.000-00:00,"13.21,13.22,13.22,13.21,51200"
2025-10-23T07:40:00.000-00:00,"13.21,13.21,13.21,13.21,2150"
2025-10-23T07:45:00.000-00:00,"13.2,13.2,13.21,13.2,15192"
2025-10-23T07:50:00.000-00:00,"13.2,13.21,13.21,13.2,7308"
2025-10-23T07:55:00.000-00:00,"13.21,13.21,13.21,13.21,500"
2025-10-23T08:00:00.000-00:00,"13.21,13.2,13.21,13.19,24082"
2025-10-23T08:05:00.000-00:00,"13.21,13.2,13.25,13.18,36749"
2025-10-23T08:10:00.000-00:00,"13.25,13.25,13.25,13.25,20"
2025-10-23T08:15:00.000-00:00,"13.25,13.3,13.33,13.25,164217"
2025-10-23T08:20:00.000-00:00,"13.33,13.27,13.33,13.27,2148"
2025-10-23T08:25:00.000-00:00,"13.3,13.27,13.3,13.27,302"
2025-10-23T08:30:00.000-00:00,"13.27,13.25,13.27,13.25,48746"
2025-10-23T08:35:00.000-00:00,"13.22,13.25,13.25,13.22,333"
2025-10-23T08:40:00.000-00:00,"13.22,13.25,13.25,13.22,14125"
2025-10-23T08:45:00.000-00:00,"13.28,13.21,13.28,13.21,36975"
2025-10-23T08:50:00.000-00:00,"13.28,13.27,13.28,13.27,8645"
2025-10-23T08:55:00.000-00:00,"13.27,13.3,13.32,13.27,80058"
2025-10-23T09:00:00.000-00:00,"13.3,13.3,13.3,13.3,20127"
2025-10-23T09:05:00.000-00:00,"13.3,13.3,13.3,13.3,30000"
2025-10-23T09:10:00.000-00:00,"13.29,13.3,13.3,13.29,5000"
2025-10-23T09:15:00.000-00:00,"13.3,13.3,13.33,13.3,82976"
2025-10-23T09:20:00.000-00:00,"13.3,13.3,13.3,13.3,18300"
2025-10-23T09:25:00.000-00:00,"13.3,13.3,13.3,13.23,12801"
2025-10-23T09:30:00.000-00:00,"13.3,13.25,13.3,13.25,475"
2025-10-23T09:35:00.000-00:00,"13.3,13.3,13.3,13.3,1844"
2025-10-23T09:40:00.000-00:00,"13.3,13.3,13.3,13.3,14805"
2025-10-23T09:45:00.000-00:00,"13.3,13.22,13.3,13.22,43618"
2025-10-23T09:50:00.000-00:00,"13.22,13.3,13.3,13.22,3544"
2025-10-23T09:55:00.000-00:00,"13.23,13.22,13.23,13.22,2579"
2025-10-23T10:00:00.000-00:00,"13.22,13.3,13.3,13.22,7700"
2025-10-23T10:05:00.000-00:00,"13.3,13.21,13.3,13.21,23500"
2025-10-23T10:10:00.000-00:00,"13.21,13.22,13.22,13.21,3000"
2025-10-23T10:15:00.000-00:00,"13.25,13.25,13.25,13.25,75"
2025-10-23T10:20:00.000-00:00,"13.25,13.22,13.29,13.22,14036"
2025-10-23T10:25:00.000-00:00,"13.25,13.24,13.25,13.24,869"
2025-10-23T10:30:00.000-00:00,"13.25,13.28,13.28,13.23,22641"
2025-10-23T10:35:00.000-00:00,"13.26,13.3,13.31,13.25,292964"
2025-10-23T10:40:00.000-00:00,"13.3,13.3,13.32,13.3,30744"
2025-10-23T10:45:00.000-00:00,"13.27,13.26,13.27,13.26,5975"
2025-10-23T10:50:00.000-00:00,"13.3,13.3,13.3,13.25,84468"
2025-10-23T10:55:00.000-00:00,"13.32,13.34,13.34,13.31,111379"
2025-10-23T11:00:00.000-00:00,"13.33,13.3,13.33,13.3,15326"
2025-10-23T11:05:00.000-00:00,"13.32,13.34,13.34,13.3,172972"
2025-10-23T11:10:00.000-00:00,"13.33,13.27,13.34,13.27,42858"
2025-10-23T11:25:00.000-00:00,"13.3,13.3,13.3,13.3,233361"
2025-10-26T07:00:00.000-00:00,"13.37,13.42,13.42,13.3,75889"
2025-10-26T07:05:00.000-00:00,"13.4,13.42,13.43,13.4,84247"
2025-10-26T07:10:00.000-00:00,"13.43,13.5,13.5,13.42,406216"
2025-10-26T07:15:00.000-00:00,"13.5,13.45,13.5,13.41,102224"
2025-10-26T07:20:00.000-00:00,"13.45,13.41,13.48,13.41,68666"
2025-10-26T07:25:00.000-00:00,"13.46,13.51,13.51,13.42,237065"
2025-10-26T07:30:00.000-00:00,"13.5,13.5,13.53,13.46,731333"
2025-10-26T07:35:00.000-00:00,"13.5,13.52,13.52,13.46,143244"
2025-10-26T07:40:00.000-00:00,"13.52,13.52,13.56,13.52,513468"
2025-10-26T07:45:00.000-00:00,"13.55,13.57,13.58,13.55,131894"
2025-10-26T07:50:00.000-00:00,"13.57,13.62,13.64,13.57,265522"
2025-10-26T07:55:00.000-00:00,"13.62,13.6,13.63,13.6,51312"
2025-10-26T08:00:00.000-00:00,"13.6,13.61,13.63,13.6,124933"
2025-10-26T08:05:00.000-00:00,"13.61,13.56,13.65,13.56,210466"
2025-10-26T08:10:00.000-00:00,"13.59,13.6,13.62,13.59,168887"
2025-10-26T08:15:00.000-00:00,"13.56,13.59,13.59,13.56,17105"
2025-10-26T08:20:00.000-00:00,"13.59,13.61,13.61,13.58,69330"
2025-10-26T08:25:00.000-00:00,"13.61,13.72,13.72,13.6,700481"
2025-10-26T08:30:00.000-00:00,"13.72,13.85,13.85,13.7,836911"
2025-10-26T08:35:00.000-00:00,"13.8,13.9,14,13.8,2068523"
2025-10-26T08:40:00.000-00:00,"13.87,13.88,14,13.75,816085"
2025-10-26T08:45:00.000-00:00,"13.88,13.85,13.88,13.83,84870"
2025-10-26T08:50:00.000-00:00,"13.85,13.91,13.92,13.85,219105"
2025-10-26T08:55:00.000-00:00,"13.92,13.95,13.95,13.9,420862"
2025-10-26T09:00:00.000-00:00,"13.95,13.99,13.99,13.9,296775"
2025-10-26T09:05:00.000-00:00,"13.96,13.96,14,13.95,1091475"
2025-10-26T09:10:00.000-00:00,"13.95,14.04,14.05,13.95,514534"
2025-10-26T09:15:00.000-00:00,"14.04,14.05,14.09,14,190365"
2025-10-26T09:20:00.000-00:00,"14.05,14.11,14.11,14.05,325153"
2025-10-26T09:25:00.000-00:00,"14.1,14.07,14.11,14.07,619942"
2025-10-26T09:30:00.000-00:00,"14.07,13.98,14.09,13.98,339608"
2025-10-26T09:35:00.000-00:00,"14.05,13.95,14.05,13.95,162099"
2025-10-26T09:40:00.000-00:00,"14,13.92,14,13.92,170090"
2025-10-26T09:45:00.000-00:00,"13.94,14,14.01,13.94,57728"
2025-10-26T09:50:00.000-00:00,"14,13.96,14,13.96,48664"
2025-10-26T09:55:00.000-00:00,"14,13.95,14,13.95,63488"
2025-10-26T10:00:00.000-00:00,"13.95,13.86,13.95,13.86,173728"
2025-10-26T10:05:00.000-00:00,"13.86,13.98,13.98,13.86,6840"
2025-10-26T10:10:00.000-00:00,"13.9,13.9,14,13.88,303749"
2025-10-26T10:15:00.000-00:00,"13.96,13.9,14,13.9,239852"
2025-10-26T10:20:00.000-00:00,"13.9,13.9,13.95,13.9,103281"
2025-10-26T10:25:00.000-00:00,"13.89,13.9,13.97,13.88,129087"
2025-10-26T10:30:00.000-00:00,"13.9,13.98,14,13.9,77729"
2025-10-26T10:35:00.000-00:00,"13.98,13.91,13.99,13.91,55252"
2025-10-26T10:40:00.000-00:00,"13.92,13.9,13.98,13.9,164299"
2025-10-26T10:45:00.000-00:00,"13.97,14.03,14.03,13.9,911639"
2025-10-26T10:50:00.000-00:00,"14,14,14.03,13.95,203579"
2025-10-26T10:55:00.000-00:00,"14.02,14.01,14.1,14,664916"
2025-10-26T11:00:00.000-00:00,"14.02,14.1,14.1,14.02,208151"
2025-10-26T11:05:00.000-00:00,"14.03,14.1,14.12,14.03,227811"
2025-10-26T11:10:00.000-00:00,"14.07,14.1,14.15,14.05,217346"
2025-10-26T11:25:00.000-00:00,"14.14,14.14,14.14,14.14,132788"
2025-10-27T07:00:00.000-00:00,"14.16,14.2,14.25,14.15,230480"
2025-10-27T07:05:00.000-00:00,"14.2,14.14,14.2,14.14,48198"
2025-10-27T07:10:00.000-00:00,"14.14,14.09,14.14,14.02,26423"
2025-10-27T07:15:00.000-00:00,"14.09,14.02,14.1,14.02,50802"
2025-10-27T07:20:00.000-00:00,"14.02,13.92,14.1,13.92,103955"
2025-10-27T07:25:00.000-00:00,"14,13.96,14,13.91,175679"
2025-10-27T07:30:00.000-00:00,"13.98,13.98,14,13.97,15411"
2025-10-27T07:35:00.000-00:00,"14,14,14.08,13.97,100942"
2025-10-27T07:40:00.000-00:00,"14,14,14,13.98,12936"
2025-10-27T07:45:00.000-00:00,"14.07,14.07,14.07,14,3486"
2025-10-27T07:50:00.000-00:00,"14.05,14.05,14.07,14.05,8330"
2025-10-27T07:55:00.000-00:00,"14.05,14.06,14.07,14.02,9726"
2025-10-27T08:00:00.000-00:00,"14.06,14.07,14.07,14,59472"
2025-10-27T08:05:00.000-00:00,"14.01,14.11,14.25,14,628607"
2025-10-27T08:10:00.000-00:00,"14.24,14.25,14.25,14.13,194380"
2025-10-27T08:15:00.000-00:00,"14.25,14.29,14.3,14.19,257094"
2025-10-27T08:20:00.000-00:00,"14.25,14.28,14.34,14.25,74720"
2025-10-27T08:25:00.000-00:00,"14.28,14.28,14.29,14.28,11345"
2025-10-27T08:30:00.000-00:00,"14.28,14.23,14.29,14.23,57016"
2025-10-27T08:35:00.000-00:00,"14.23,14.29,14.31,14.23,77876"
2025-10-27T08:40:00.000-00:00,"14.25,14.33,14.35,14.25,93425"
2025-10-27T08:45:00.000-00:00,"14.33,14.3,14.35,14.29,131518"
2025-10-27T08:50:00.000-00:00,"14.29,14.27,14.3,14.27,7119"
2025-10-27T08:55:00.000-00:00,"14.28,14.28,14.28,14.27,16509"
2025-10-27T09:00:00.000-00:00,"14.28,14.25,14.28,14.25,22029"
2025-10-27T09:05:00.000-00:00,"14.25,14.39,14.39,14.24,252351"
2025-10-27T09:10:00.000-00:00,"14.28,14.3,14.35,14.26,39901"
2025-10-27T09:15:00.000-00:00,"14.3,14.3,14.39,14.3,121171"
2025-10-27T09:20:00.000-00:00,"14.31,14.37,14.38,14.31,67304"
2025-10-27T09:25:00.000-00:00,"14.37,14.35,14.38,14.32,53236"
2025-10-27T09:30:00.000-00:00,"14.35,14.37,14.37,14.35,22828"
2025-10-27T09:35:00.000-00:00,"14.35,14.3,14.36,14.3,1802"
2025-10-27T09:40:00.000-00:00,"14.29,14.29,14.29,14.29,2163"
2025-10-27T09:45:00.000-00:00,"14.28,14.27,14.28,14.27,7417"
2025-10-27T09:50:00.000-00:00,"14.27,14.25,14.29,14.25,23876"
2025-10-27T09:55:00.000-00:00,"14.25,14.28,14.28,14.25,7420"
2025-10-27T10:00:00.000-00:00,"14.26,14.25,14.28,14.25,13997"
2025-10-27T10:05:00.000-00:00,"14.25,14.24,14.25,14.24,20688"
2025-10-27T10:10:00.000-00:00,"14.24,14.23,14.25,14.23,42856"
2025-10-27T10:15:00.000-00:00,"14.23,14.25,14.25,14.23,69118"
2025-10-27T10:20:00.000-00:00,"14.23,14.2,14.23,14.2,38150"
2025-10-27T10:25:00.000-00:00,"14.2,14.2,14.2,14.06,66554"
2025-10-27T10:30:00.000-00:00,"14.2,14.2,14.23,14.1,49718"
2025-10-27T10:35:00.000-00:00,"14.2,14.22,14.22,14.13,44073"
2025-10-27T10:40:00.000-00:00,"14.2,14.2,14.2,14.13,37680"
2025-10-27T10:45:00.000-00:00,"14.2,14.22,14.22,14.2,13520"
2025-10-27T10:50:00.000-00:00,"14.16,14.2,14.2,14.16,43800"
2025-10-27T10:55:00.000-00:00,"14.18,14.2,14.22,14.15,66441"
2025-10-27T11:00:00.000-00:00,"14.2,14.18,14.2,14.18,8190"
2025-10-27T11:05:00.000-00:00,"14.18,14.15,14.18,14.06,156069"
2025-10-27T11:10:00.000-00:00,"14.15,14.25,14.25,14.14,43701"
2025-10-27T11:25:00.000-00:00,"14.23,14.23,14.23,14.23,17200"
2025-10-28T07:00:00.000-00:00,"14.25,14.3,14.32,14.25,49353"
2025-10-28T07:05:00.000-00:00,"14.31,14.28,14.31,14.2,56520"
2025-10-28T07:10:00.000-00:00,"14.28,14.3,14.32,14.21,34503"
2025-10-28T07:15:00.000-00:00,"14.3,14.3,14.32,14.3,35198"
2025-10-28T07:20:00.000-00:00,"14.3,14.26,14.3,14.21,127758"
2025-10-28T07:25:00.000-00:00,"14.26,14.35,14.4,14.26,112644"
2025-10-28T07:30:00.000-00:00,"14.38,14.33,14.39,14.33,37190"
2025-10-28T07:35:00.000-00:00,"14.37,14.4,14.41,14.31,682812"
2025-10-28T07:40:00.000-00:00,"14.41,14.3,14.41,14.3,41090"
2025-10-28T07:45:00.000-00:00,"14.39,14.3,14.39,14.3,1319"
2025-10-28T07:50:00.000-00:00,"14.38,14.38,14.38,14.31,1198"
2025-10-28T07:55:00.000-00:00,"14.33,14.29,14.38,14.29,113066"
2025-10-28T08:00:00.000-00:00,"14.3,14.25,14.3,14.23,55064"
2025-10-28T08:05:00.000-00:00,"14.24,14.2,14.24,14.12,30811"
2025-10-28T08:10:00.000-00:00,"14.17,14.19,14.19,14.15,54212"
2025-10-28T08:15:00.000-00:00,"14.19,14.16,14.19,14.15,22563"
2025-10-28T08:20:00.000-00:00,"14.16,14.15,14.17,14.15,23407"
2025-10-28T08:25:00.000-00:00,"14.17,14.18,14.18,14.16,12268"
2025-10-28T08:30:00.000-00:00,"14.17,14.17,14.2,14.17,38471"
2025-10-28T08:35:00.000-00:00,"14.18,14.18,14.18,14.17,4807"
2025-10-28T08:40:00.000-00:00,"14.18,14.15,14.18,14.15,28047"
2025-10-28T08:45:00.000-00:00,"14.17,14.09,14.17,14.09,107121"
2025-10-28T08:50:00.000-00:00,"14.06,14,14.09,14,141641"
2025-10-28T08:55:00.000-00:00,"14.03,14.01,14.05,14,34262"
2025-10-28T09:00:00.000-00:00,"14.05,14.09,14.09,14.05,11521"
2025-10-28T09:05:00.000-00:00,"14.08,14,14.08,13.98,179005"
2025-10-28T09:10:00.000-00:00,"14,13.98,14.08,13.98,139157"
2025-10-28T09:15:00.000-00:00,"14,13.97,14,13.97,11868"
2025-10-28T09:20:00.000-00:00,"13.97,13.98,13.98,13.97,2344"
2025-10-28T09:25:00.000-00:00,"13.98,13.97,13.98,13.95,5106"
2025-10-28T09:30:00.000-00:00,"13.97,13.94,13.98,13.94,35412"
2025-10-28T09:35:00.000-00:00,"13.94,13.93,13.98,13.93,14001"
2025-10-28T09:40:00.000-00:00,"13.93,13.94,13.95,13.93,25277"
2025-10-28T09:45:00.000-00:00,"13.94,13.92,13.94,13.9,32128"
2025-10-28T09:50:00.000-00:00,"13.93,13.86,13.95,13.86,34310"
2025-10-28T09:55:00.000-00:00,"13.9,13.9,13.9,13.86,26904"
2025-10-28T10:00:00.000-00:00,"13.9,13.98,13.98,13.9,31884"
2025-10-28T10:05:00.000-00:00,"13.97,13.93,13.98,13.93,13149"
2025-10-28T10:10:00.000-00:00,"13.94,13.94,13.98,13.94,11148"
2025-10-28T10:15:00.000-00:00,"13.94,13.93,13.94,13.92,3916"
2025-10-28T10:20:00.000-00:00,"13.98,13.95,13.98,13.93,8408"
2025-10-28T10:25:00.000-00:00,"13.95,14.02,14.02,13.95,78416"
2025-10-28T10:30:00.000-00:00,"14.08,14.09,14.11,14.05,22420"
2025-10-28T10:35:00.000-00:00,"14.09,14.02,14.09,14.01,3154"
2025-10-28T10:40:00.000-00:00,"14.07,14.01,14.07,14.01,1850"
2025-10-28T10:45:00.000-00:00,"14.07,14.07,14.07,14.07,2018"
2025-10-28T10:50:00.000-00:00,"14.07,14.14,14.14,14.06,63044"
2025-10-28T10:55:00.000-00:00,"14.07,14.13,14.14,14.02,23751"
2025-10-28T11:00:00.000-00:00,"14.08,14.05,14.08,14.05,13000"
2025-10-28T11:05:00.000-00:00,"14.05,14.13,14.13,14.03,14400"
2025-10-28T11:10:00.000-00:00,"14.09,14.1,14.1,14.04,51196"
2025-10-28T11:25:00.000-00:00,"14.1,14.1,14.1,14.1,26660"
2025-10-29T07:00:00.000-00:00,"14.2,14.17,14.2,14.01,7124"
2025-10-29T07:05:00.000-00:00,"14.02,14.02,14.05,14.02,20721"
2025-10-29T07:10:00.000-00:00,"14.02,13.94,14.02,13.94,42823"
2025-10-29T07:15:00.000-00:00,"13.94,13.96,13.96,13.9,81309"
2025-10-29T07:20:00.000-00:00,"13.96,14.08,14.08,13.96,70757"
2025-10-29T07:25:00.000-00:00,"14,14.05,14.08,14,1591"
2025-10-29T07:30:00.000-00:00,"14,14.05,14.05,14,4816"
2025-10-29T07:35:00.000-00:00,"14.05,14.1,14.1,14.01,23488"
2025-10-29T07:40:00.000-00:00,"14.1,14.17,14.17,14.1,61060"
2025-10-29T07:45:00.000-00:00,"14.17,14.11,14.17,14.1,16806"
2025-10-29T07:50:00.000-00:00,"14.11,14.1,14.12,14.1,23595"
2025-10-29T07:55:00.000-00:00,"14.1,14.05,14.1,14.05,20000"
2025-10-29T08:00:00.000-00:00,"14.03,14.1,14.1,14.03,12748"
2025-10-29T08:05:00.000-00:00,"14.1,14.1,14.1,14.02,32669"
2025-10-29T08:10:00.000-00:00,"14.02,14.02,14.02,14.02,150"
2025-10-29T08:15:00.000-00:00,"14.1,14,14.1,13.99,157206"
2025-10-29T08:20:00.000-00:00,"14,14.01,14.09,14,65942"
2025-10-29T08:25:00.000-00:00,"14.04,14,14.04,14,122608"
2025-10-29T08:30:00.000-00:00,"14,13.99,14.09,13.99,118787"
2025-10-29T08:35:00.000-00:00,"14,13.99,14.08,13.99,62842"
2025-10-29T08:40:00.000-00:00,"13.99,14.08,14.08,13.99,34816"
2025-10-29T08:45:00.000-00:00,"14,14,14,14,4317"
2025-10-29T08:50:00.000-00:00,"14.01,14,14.01,13.98,37466"
2025-10-29T08:55:00.000-00:00,"14,14,14,13.98,75095"
2025-10-29T09:00:00.000-00:00,"14,14,14,14,24570"
2025-10-29T09:05:00.000-00:00,"13.98,13.95,13.98,13.95,108313"
2025-10-29T09:10:00.000-00:00,"13.95,13.95,14,13.95,14077"
2025-10-29T09:15:00.000-00:00,"13.96,13.95,13.96,13.95,10505"
2025-10-29T09:20:00.000-00:00,"14,14,14.06,14,29100"
2025-10-29T09:25:00.000-00:00,"14,14.06,14.06,14,15690"
2025-10-29T09:30:00.000-00:00,"14.05,14.1,14.1,14,24870"
2025-10-29T09:35:00.000-00:00,"14.09,14.04,14.1,14.04,13217"
2025-10-29T09:40:00.000-00:00,"14.04,14,14.04,13.99,209887"
2025-10-29T09:45:00.000-00:00,"14,14,14,14,56389"
2025-10-29T09:50:00.000-00:00,"14,14.05,14.05,14,3646"
2025-10-29T09:55:00.000-00:00,"14.04,14,14.04,14,4402"
2025-10-29T10:00:00.000-00:00,"14,13.97,14.04,13.96,79704"
2025-10-29T10:05:00.000-00:00,"13.98,14,14,13.98,10000"
2025-10-29T10:10:00.000-00:00,"14,13.96,14,13.96,25003"
2025-10-29T10:15:00.000-00:00,"13.99,13.99,13.99,13.99,1030"
2025-10-29T10:20:00.000-00:00,"14,14,14,13.99,3127"
2025-10-29T10:25:00.000-00:00,"14,14,14,14,1450"
2025-10-29T10:30:00.000-00:00,"13.99,13.98,14,13.97,30630"
2025-10-29T10:35:00.000-00:00,"13.98,13.99,13.99,13.96,8830"
2025-10-29T10:40:00.000-00:00,"13.99,13.99,13.99,13.98,4445"
2025-10-29T10:45:00.000-00:00,"13.97,13.96,13.98,13.96,18120"
2025-10-29T10:50:00.000-00:00,"13.96,13.95,13.99,13.95,64182"
2025-10-29T10:55:00.000-00:00,"13.95,13.88,13.98,13.88,203624"
2025-10-29T11:00:00.000-00:00,"13.9,13.95,13.95,13.88,31064"
2025-10-29T11:05:00.000-00:00,"13.95,13.91,14,13.9,57376"
2025-10-29T11:10:00.000-00:00,"13.96,13.9,13.96,13.9,93591"
2025-10-29T11:25:00.000-00:00,"13.89,13.89,13.89,13.89,89490"
2025-10-30T07:00:00.000-00:00,"13.83,13.85,13.99,13.83,18710"
2025-10-30T07:05:00.000-00:00,"13.98,13.89,14,13.88,18926"
2025-10-30T07:10:00.000-00:00,"13.89,13.9,13.98,13.89,1341"
2025-10-30T07:15:00.000-00:00,"13.97,14,14,13.97,24459"
2025-10-30T07:20:00.000-00:00,"14,13.95,14,13.95,23756"
2025-10-30T07:25:00.000-00:00,"13.95,14,14,13.95,201524"
2025-10-30T07:30:00.000-00:00,"13.97,14,14.04,13.97,213576"
2025-10-30T07:35:00.000-00:00,"14,14.09,14.1,14,245813"
2025-10-30T07:40:00.000-00:00,"14.09,14.15,14.15,14.05,145640"
2025-10-30T07:45:00.000-00:00,"14.15,14.21,14.3,14.15,355903"
2025-10-30T07:50:00.000-00:00,"14.22,14.3,14.3,14.22,337989"
2025-10-30T07:55:00.000-00:00,"14.3,14.45,14.5,14.3,953351"
2025-10-30T08:00:00.000-00:00,"14.4,14.34,14.45,14.31,139375"
2025-10-30T08:05:00.000-00:00,"14.34,14.35,14.35,14.34,36077"
2025-10-30T08:10:00.000-00:00,"14.36,14.35,14.37,14.29,61050"
2025-10-30T08:15:00.000-00:00,"14.35,14.43,14.45,14.35,244395"
2025-10-30T08:20:00.000-00:00,"14.44,14.52,14.53,14.44,936193"
2025-10-30T08:25:00.000-00:00,"14.51,14.51,14.54,14.5,206898"
2025-10-30T08:30:00.000-00:00,"14.51,14.4,14.53,14.4,674107"
2025-10-30T08:35:00.000-00:00,"14.43,14.45,14.45,14.4,39194"
2025-10-30T08:40:00.000-00:00,"14.4,14.45,14.48,14.4,79910"
2025-10-30T08:45:00.000-00:00,"14.43,14.42,14.45,14.42,13279"
2025-10-30T08:50:00.000-00:00,"14.42,14.42,14.42,14.38,28640"
2025-10-30T08:55:00.000-00:00,"14.37,14.31,14.4,14.31,84675"
2025-10-30T09:00:00.000-00:00,"14.31,14.31,14.34,14.3,139614"
2025-10-30T09:05:00.000-00:00,"14.31,14.3,14.35,14.3,114220"
2025-10-30T09:10:00.000-00:00,"14.3,14.32,14.33,14.3,8463"
2025-10-30T09:15:00.000-00:00,"14.32,14.38,14.38,14.31,17428"
2025-10-30T09:20:00.000-00:00,"14.38,14.34,14.38,14.34,2445"
2025-10-30T09:25:00.000-00:00,"14.37,14.31,14.37,14.3,34980"
2025-10-30T09:30:00.000-00:00,"14.31,14.33,14.33,14.31,10739"
2025-10-30T09:35:00.000-00:00,"14.33,14.3,14.33,14.3,34973"
2025-10-30T09:40:00.000-00:00,"14.3,14.31,14.32,14.3,1109"
2025-10-30T09:45:00.000-00:00,"14.3,14.31,14.31,14.3,9898"
2025-10-30T09:50:00.000-00:00,"14.3,14.3,14.3,14.29,8034"
2025-10-30T09:55:00.000-00:00,"14.3,14.28,14.3,14.28,16530"
2025-10-30T10:00:00.000-00:00,"14.3,14.28,14.3,14.28,17153"
2025-10-30T10:05:00.000-00:00,"14.29,14.33,14.33,14.29,27642"
2025-10-30T10:10:00.000-00:00,"14.33,14.35,14.35,14.3,15906"
2025-10-30T10:15:00.000-00:00,"14.35,14.32,14.37,14.31,21087"
2025-10-30T10:20:00.000-00:00,"14.35,14.35,14.35,14.35,1500"
2025-10-30T10:25:00.000-00:00,"14.35,14.3,14.35,14.3,27710"
2025-10-30T10:30:00.000-00:00,"14.31,14.31,14.33,14.31,6325"
2025-10-30T10:35:00.000-00:00,"14.32,14.31,14.34,14.31,4296"
2025-10-30T10:40:00.000-00:00,"14.32,14.3,14.32,14.3,20100"
2025-10-30T10:45:00.000-00:00,"14.3,14.32,14.32,14.3,17707"
2025-10-30T10:50:00.000-00:00,"14.32,14.32,14.36,14.3,166194"
2025-10-30T10:55:00.000-00:00,"14.34,14.33,14.37,14.33,60940"
2025-10-30T11:00:00.000-00:00,"14.34,14.36,14.37,14.33,27710"
2025-10-30T11:05:00.000-00:00,"14.37,14.4,14.42,14.36,93379"
2025-10-30T11:10:00.000-00:00,"14.38,14.34,14.4,14.34,36645"
2025-10-30T11:25:00.000-00:00,"14.34,14.34,14.34,14.34,196385"
2025-11-02T08:00:00.000-00:00,"14.4,14.46,14.49,14.38,104658"
2025-11-02T08:05:00.000-00:00,"14.42,14.4,14.46,14.4,125492"
2025-11-02T08:10:00.000-00:00,"14.4,14.45,14.45,14.4,61556"
2025-11-02T08:15:00.000-00:00,"14.45,14.44,14.45,14.4,56556"
2025-11-02T08:20:00.000-00:00,"14.41,14.42,14.45,14.4,25146"
2025-11-02T08:25:00.000-00:00,"14.4,14.44,14.44,14.4,54163"
2025-11-02T08:30:00.000-00:00,"14.44,14.44,14.45,14.41,14727"
2025-11-02T08:35:00.000-00:00,"14.44,14.4,14.45,14.4,32353"
2025-11-02T08:40:00.000-00:00,"14.42,14.44,14.44,14.4,28669"
2025-11-02T08:45:00.000-00:00,"14.44,14.38,14.44,14.38,52325"
2025-11-02T08:50:00.000-00:00,"14.38,14.38,14.45,14.38,34106"
2025-11-02T08:55:00.000-00:00,"14.43,14.43,14.43,14.4,10435"
2025-11-02T09:00:00.000-00:00,"14.43,14.4,14.43,14.4,34409"
2025-11-02T09:05:00.000-00:00,"14.4,14.4,14.44,14.38,51389"
2025-11-02T09:10:00.000-00:00,"14.41,14.4,14.44,14.37,164720"
2025-11-02T09:15:00.000-00:00,"14.4,14.35,14.4,14.35,73292"
2025-11-02T09:20:00.000-00:00,"14.35,14.35,14.37,14.35,40974"
2025-11-02T09:25:00.000-00:00,"14.35,14.33,14.37,14.33,110479"
2025-11-02T09:30:00.000-00:00,"14.33,14.4,14.4,14.32,41104"
2025-11-02T09:35:00.000-00:00,"14.39,14.39,14.39,14.39,862"
2025-11-02T09:40:00.000-00:00,"14.39,14.39,14.39,14.39,4248"
2025-11-02T09:45:00.000-00:00,"14.39,14.39,14.39,14.39,1010"
2025-11-02T09:50:00.000-00:00,"14.35,14.32,14.35,14.27,50338"
2025-11-02T09:55:00.000-00:00,"14.34,14.34,14.38,14.34,5903"
2025-11-02T10:00:00.000-00:00,"14.38,14.34,14.38,14.34,11165"
2025-11-02T10:05:00.000-00:00,"14.34,14.33,14.37,14.31,30966"
2025-11-02T10:10:00.000-00:00,"14.36,14.32,14.36,14.32,6951"
2025-11-02T10:15:00.000-00:00,"14.34,14.3,14.36,14.3,31869"
2025-11-02T10:20:00.000-00:00,"14.3,14.3,14.35,14.29,28332"
2025-11-02T10:25:00.000-00:00,"14.29,14.28,14.29,14.28,11600"
2025-11-02T10:30:00.000-00:00,"14.34,14.3,14.34,14.28,10298"
2025-11-02T10:35:00.000-00:00,"14.3,14.29,14.3,14.27,23962"
2025-11-02T10:40:00.000-00:00,"14.29,14.27,14.3,14.27,4708"
2025-11-02T10:45:00.000-00:00,"14.3,14.3,14.3,14.27,10097"
2025-11-02T10:50:00.000-00:00,"14.29,14.32,14.32,14.26,16487"
2025-11-02T10:55:00.000-00:00,"14.26,14.26,14.31,14.26,14150"
2025-11-02T11:00:00.000-00:00,"14.25,14.26,14.26,14.25,4401"
2025-11-02T11:05:00.000-00:00,"14.26,14.3,14.3,14.26,3658"
2025-11-02T11:10:00.000-00:00,"14.3,14.31,14.31,14.3,1540"
2025-11-02T11:15:00.000-00:00,"14.31,14.28,14.31,14.28,29565"
2025-11-02T11:20:00.000-00:00,"14.3,14.3,14.33,14.28,22370"
2025-11-02T11:25:00.000-00:00,"14.3,14.28,14.3,14.28,25511"
2025-11-02T11:30:00.000-00:00,"14.3,14.26,14.3,14.25,49363"
2025-11-02T11:35:00.000-00:00,"14.26,14.3,14.3,14.26,3566"
2025-11-02T11:40:00.000-00:00,"14.3,14.3,14.32,14.27,24274"
2025-11-02T11:45:00.000-00:00,"14.3,14.45,14.45,14.3,201242"
2025-11-02T11:50:00.000-00:00,"14.42,14.4,14.46,14.4,256697"
2025-11-02T11:55:00.000-00:00,"14.44,14.51,14.51,14.44,400956"
2025-11-02T12:00:00.000-00:00,"14.51,14.65,14.7,14.49,346774"
2025-11-02T12:05:00.000-00:00,"14.62,14.55,14.65,14.51,96014"
2025-11-02T12:10:00.000-00:00,"14.52,14.63,14.64,14.5,120412"
2025-11-02T12:25:00.000-00:00,"14.6,14.6,14.6,14.6,87987"
2025-11-03T08:00:00.000-00:00,"14.7,14.69,14.74,14.62,76380"
2025-11-03T08:05:00.000-00:00,"14.69,14.55,14.69,14.55,144044"
2025-11-03T08:10:00.000-00:00,"14.55,14.6,14.65,14.54,13267"
2025-11-03T08:15:00.000-00:00,"14.6,14.56,14.6,14.55,22735"
2025-11-03T08:20:00.000-00:00,"14.64,14.6,14.64,14.6,132053"
2025-11-03T08:25:00.000-00:00,"14.6,14.6,14.6,14.6,233597"
2025-11-03T08:30:00.000-00:00,"14.6,14.62,14.63,14.6,190837"
2025-11-03T08:35:00.000-00:00,"14.6,14.6,14.63,14.6,90942"
2025-11-03T08:40:00.000-00:00,"14.6,14.7,14.7,14.6,63037"
2025-11-03T08:45:00.000-00:00,"14.69,14.68,14.7,14.65,92305"
2025-11-03T08:50:00.000-00:00,"14.68,14.69,14.7,14.64,78743"
2025-11-03T08:55:00.000-00:00,"14.69,14.68,14.7,14.64,62274"
2025-11-03T09:00:00.000-00:00,"14.69,14.7,14.7,14.6,62603"
2025-11-03T09:05:00.000-00:00,"14.69,14.6,14.7,14.6,74770"
2025-11-03T09:10:00.000-00:00,"14.6,14.6,14.61,14.56,25218"
2025-11-03T09:15:00.000-00:00,"14.64,14.65,14.71,14.64,58163"
2025-11-03T09:20:00.000-00:00,"14.65,14.7,14.7,14.64,75842"
2025-11-03T09:25:00.000-00:00,"14.7,14.7,14.72,14.69,63717"
2025-11-03T09:30:00.000-00:00,"14.69,14.65,14.69,14.65,4584"
2025-11-03T09:35:00.000-00:00,"14.69,14.67,14.69,14.67,1332"
2025-11-03T09:40:00.000-00:00,"14.66,14.65,14.66,14.65,5228"
2025-11-03T09:45:00.000-00:00,"14.64,14.68,14.68,14.64,28085"
2025-11-03T09:50:00.000-00:00,"14.67,14.69,14.69,14.67,6851"
2025-11-03T09:55:00.000-00:00,"14.68,14.72,14.72,14.65,130651"
2025-11-03T10:00:00.000-00:00,"14.72,14.73,14.73,14.72,4755"
2025-11-03T10:05:00.000-00:00,"14.73,14.72,14.73,14.71,17332"
2025-11-03T10:10:00.000-00:00,"14.73,14.72,14.73,14.72,7536"
2025-11-03T10:15:00.000-00:00,"14.72,14.71,14.73,14.71,33294"
2025-11-03T10:20:00.000-00:00,"14.71,14.69,14.71,14.69,59924"
2025-11-03T10:25:00.000-00:00,"14.71,14.7,14.71,14.69,51301"
2025-11-03T10:30:00.000-00:00,"14.7,14.7,14.72,14.7,46011"
2025-11-03T10:35:00.000-00:00,"14.72,14.7,14.72,14.7,57679"
2025-11-03T10:40:00.000-00:00,"14.71,14.7,14.71,14.7,36735"
2025-11-03T10:45:00.000-00:00,"14.7,14.71,14.75,14.7,87652"
2025-11-03T10:50:00.000-00:00,"14.71,14.75,14.8,14.7,346263"
2025-11-03T10:55:00.000-00:00,"14.79,14.78,14.79,14.73,10182"
2025-11-03T11:00:00.000-00:00,"14.78,14.79,14.79,14.75,39138"
2025-11-03T11:05:00.000-00:00,"14.79,14.8,14.8,14.78,72521"
2025-11-03T11:10:00.000-00:00,"14.8,14.8,14.81,14.79,68473"
2025-11-03T11:15:00.000-00:00,"14.79,14.88,14.89,14.79,399658"
2025-11-03T11:20:00.000-00:00,"14.84,14.81,14.87,14.81,22083"
2025-11-03T11:25:00.000-00:00,"14.81,14.81,14.81,14.8,52130"
2025-11-03T11:30:00.000-00:00,"14.85,14.81,14.85,14.81,19393"
2025-11-03T11:35:00.000-00:00,"14.81,14.86,14.86,14.81,101558"
2025-11-03T11:40:00.000-00:00,"14.85,14.88,14.88,14.81,35960"
2025-11-03T11:45:00.000-00:00,"14.85,14.8,14.88,14.8,270525"
2025-11-03T11:50:00.000-00:00,"14.85,14.75,14.85,14.75,771197"
2025-11-03T11:55:00.000-00:00,"14.75,14.75,14.76,14.73,39724"
2025-11-03T12:00:00.000-00:00,"14.74,14.75,14.8,14.74,164489"
2025-11-03T12:05:00.000-00:00,"14.75,14.79,14.8,14.74,85595"
2025-11-03T12:10:00.000-00:00,"14.76,14.79,14.79,14.75,26435"
2025-11-03T12:25:00.000-00:00,"14.76,14.76,14.76,14.76,52000"
2025-11-04T08:00:00.000-00:00,"14.78,14.8,14.9,14.78,16658"
2025-11-04T08:05:00.000-00:00,"14.79,14.8,14.85,14.78,26806"
2025-11-04T08:10:00.000-00:00,"14.8,14.8,14.85,14.76,21025"
2025-11-04T08:15:00.000-00:00,"14.8,14.9,14.9,14.8,61381"
2025-11-04T08:20:00.000-00:00,"14.9,14.82,14.9,14.82,7963"
2025-11-04T08:25:00.000-00:00,"14.82,14.82,14.9,14.81,22256"
2025-11-04T08:30:00.000-00:00,"14.85,14.84,14.85,14.81,11811"
2025-11-04T08:35:00.000-00:00,"14.81,14.84,14.84,14.81,4595"
2025-11-04T08:40:00.000-00:00,"14.82,14.82,14.82,14.81,2250"
2025-11-04T08:45:00.000-00:00,"14.84,14.83,14.84,14.82,34143"
2025-11-04T08:50:00.000-00:00,"14.83,14.85,14.85,14.82,16366"
2025-11-04T08:55:00.000-00:00,"14.85,14.85,14.88,14.85,42676"
2025-11-04T09:00:00.000-00:00,"14.85,14.84,14.87,14.82,17932"
2025-11-04T09:05:00.000-00:00,"14.83,14.84,14.88,14.83,15505"
2025-11-04T09:10:00.000-00:00,"14.87,14.88,14.9,14.84,115947"
2025-11-04T09:15:00.000-00:00,"14.85,14.88,14.88,14.81,47106"
2025-11-04T09:20:00.000-00:00,"14.82,14.8,14.82,14.8,60536"
2025-11-04T09:25:00.000-00:00,"14.85,14.87,14.88,14.85,2580"
2025-11-04T09:30:00.000-00:00,"14.81,14.88,14.88,14.81,10027"
2025-11-04T09:35:00.000-00:00,"14.85,14.89,14.9,14.85,387589"
2025-11-04T09:40:00.000-00:00,"14.89,14.89,14.9,14.82,19512"
2025-11-04T09:45:00.000-00:00,"14.89,14.89,14.9,14.83,13096"
2025-11-04T09:50:00.000-00:00,"14.89,14.87,14.89,14.84,5782"
2025-11-04T09:55:00.000-00:00,"14.83,14.83,14.83,14.83,29091"
2025-11-04T10:00:00.000-00:00,"14.82,14.8,14.83,14.8,63549"
2025-11-04T10:05:00.000-00:00,"14.8,14.8,14.81,14.8,53617"
2025-11-04T10:10:00.000-00:00,"14.8,14.8,14.81,14.8,1054"
2025-11-04T10:15:00.000-00:00,"14.8,14.89,14.9,14.8,80903"
2025-11-04T10:20:00.000-00:00,"14.89,14.99,15,14.89,1179543"
2025-11-04T10:25:00.000-00:00,"14.94,14.94,14.98,14.91,70746"
2025-11-04T10:30:00.000-00:00,"14.91,14.9,14.93,14.9,98956"
2025-11-04T10:35:00.000-00:00,"14.9,14.9,14.9,14.89,14843"
2025-11-04T10:40:00.000-00:00,"14.9,14.9,14.9,14.89,1846"
2025-11-04T10:45:00.000-00:00,"14.89,14.89,14.9,14.82,16692"
2025-11-04T10:50:00.000-00:00,"14.89,14.88,14.89,14.83,2274"
2025-11-04T10:55:00.000-00:00,"14.85,14.88,14.88,14.83,6301"
2025-11-04T11:00:00.000-00:00,"14.86,14.89,14.89,14.83,23303"
2025-11-04T11:05:00.000-00:00,"14.88,14.83,14.88,14.83,13520"
2025-11-04T11:10:00.000-00:00,"14.82,14.88,14.88,14.82,6737"
2025-11-04T11:15:00.000-00:00,"14.87,14.87,14.87,14.82,10374"
2025-11-04T11:20:00.000-00:00,"14.83,14.82,14.83,14.82,4805"
2025-11-04T11:25:00.000-00:00,"14.85,14.8,14.85,14.8,66492"
2025-11-04T11:30:00.000-00:00,"14.82,14.8,14.82,14.78,35309"
2025-11-04T11:35:00.000-00:00,"14.79,14.8,14.8,14.79,9140"
2025-11-04T11:40:00.000-00:00,"14.8,14.8,14.8,14.79,3803"
2025-11-04T11:45:00.000-00:00,"14.79,14.8,14.8,14.77,15487"
2025-11-04T11:50:00.000-00:00,"14.8,14.8,14.8,14.78,145050"
2025-11-04T11:55:00.000-00:00,"14.8,14.8,14.8,14.8,2316"
2025-11-04T12:00:00.000-00:00,"14.8,14.8,14.86,14.78,123146"
2025-11-04T12:05:00.000-00:00,"14.86,14.86,14.86,14.86,241"
2025-11-04T12:10:00.000-00:00,"14.85,14.8,14.85,14.8,75879"
2025-11-04T12:25:00.000-00:00,"14.81,14.81,14.81,14.81,40813"
2025-11-05T08:00:00.000-00:00,"14.81,14.76,14.81,14.76,22911"
2025-11-05T08:05:00.000-00:00,"14.71,14.75,14.75,14.71,61177"
2025-11-05T08:10:00.000-00:00,"14.8,14.8,14.8,14.74,43083"
2025-11-05T08:15:00.000-00:00,"14.8,14.8,14.8,14.74,33135"
2025-11-05T08:20:00.000-00:00,"14.8,14.75,14.8,14.75,11299"
2025-11-05T08:25:00.000-00:00,"14.74,14.75,14.78,14.72,7190"
2025-11-05T08:30:00.000-00:00,"14.75,14.74,14.75,14.7,53567"
2025-11-05T08:35:00.000-00:00,"14.71,14.72,14.73,14.68,39340"
2025-11-05T08:40:00.000-00:00,"14.72,14.74,14.74,14.72,15720"
2025-11-05T08:45:00.000-00:00,"14.74,14.8,14.8,14.73,133968"
2025-11-05T08:50:00.000-00:00,"14.8,14.8,14.8,14.8,133"
2025-11-05T08:55:00.000-00:00,"14.8,14.86,15,14.75,534298"
2025-11-05T09:00:00.000-00:00,"14.9,14.97,14.98,14.9,162627"
2025-11-05T09:05:00.000-00:00,"14.92,15,15,14.91,410666"
2025-11-05T09:10:00.000-00:00,"15,14.94,15,14.94,23108"
2025-11-05T09:15:00.000-00:00,"14.95,14.94,14.95,14.94,26143"
2025-11-05T09:20:00.000-00:00,"14.94,14.94,14.95,14.91,63572"
2025-11-05T09:25:00.000-00:00,"14.92,14.9,14.92,14.89,58817"
2025-11-05T09:30:00.000-00:00,"14.9,14.89,14.93,14.89,12005"
2025-11-05T09:35:00.000-00:00,"14.89,14.89,14.89,14.85,5825"
2025-11-05T09:40:00.000-00:00,"14.85,14.82,14.85,14.82,13152"
2025-11-05T09:45:00.000-00:00,"14.82,14.82,14.82,14.82,500"
2025-11-05T09:50:00.000-00:00,"14.85,14.84,14.95,14.83,40650"
2025-11-05T09:55:00.000-00:00,"14.84,14.89,14.89,14.84,3631"
2025-11-05T10:00:00.000-00:00,"14.84,14.89,14.89,14.81,26197"
2025-11-05T10:05:00.000-00:00,"14.88,14.79,14.88,14.79,17932"
2025-11-05T10:10:00.000-00:00,"14.8,14.8,14.8,14.8,1507"
2025-11-05T10:15:00.000-00:00,"14.8,14.8,14.87,14.8,14177"
2025-11-05T10:20:00.000-00:00,"14.8,14.79,14.8,14.79,5917"
2025-11-05T10:25:00.000-00:00,"14.76,14.75,14.79,14.75,37519"
2025-11-05T10:30:00.000-00:00,"14.75,14.71,14.75,14.71,31006"
2025-11-05T10:35:00.000-00:00,"14.71,14.71,14.8,14.71,40916"
2025-11-05T10:40:00.000-00:00,"14.8,14.8,14.8,14.73,23156"
2025-11-05T10:45:00.000-00:00,"14.75,14.7,14.75,14.69,51815"
2025-11-05T10:50:00.000-00:00,"14.7,14.66,14.73,14.66,27269"
2025-11-05T10:55:00.000-00:00,"14.66,14.65,14.7,14.65,89196"
2025-11-05T11:00:00.000-00:00,"14.7,14.6,14.7,14.6,87736"
2025-11-05T11:05:00.000-00:00,"14.6,14.51,14.6,14.49,86522"
2025-11-05T11:10:00.000-00:00,"14.52,14.5,14.54,14.5,61686"
2025-11-05T11:15:00.000-00:00,"14.5,14.5,14.53,14.49,51273"
2025-11-05T11:20:00.000-00:00,"14.5,14.47,14.54,14.46,99976"
2025-11-05T11:25:00.000-00:00,"14.5,14.5,14.59,14.47,139126"
2025-11-05T11:30:00.000-00:00,"14.55,14.52,14.6,14.52,72525"
2025-11-05T11:35:00.000-00:00,"14.52,14.57,14.6,14.5,127404"
2025-11-05T11:40:00.000-00:00,"14.61,14.57,14.64,14.55,22624"
2025-11-05T11:45:00.000-00:00,"14.6,14.57,14.65,14.57,18666"
2025-11-05T11:50:00.000-00:00,"14.58,14.5,14.6,14.5,242563"
2025-11-05T11:55:00.000-00:00,"14.57,14.5,14.59,14.46,82971"
2025-11-05T12:00:00.000-00:00,"14.59,14.47,14.59,14.47,37841"
2025-11-05T12:05:00.000-00:00,"14.5,14.48,14.5,14.47,69355"
2025-11-05T12:10:00.000-00:00,"14.48,14.49,14.5,14.4,112552"
2025-11-05T12:25:00.000-00:00,"14.5,14.5,14.5,14.5,212021"
2025-11-06T08:00:00.000-00:00,"14.45,14.67,14.75,14.43,30389"
2025-11-06T08:05:00.000-00:00,"14.67,14.6,14.67,14.51,4442"
2025-11-06T08:10:00.000-00:00,"14.6,14.5,14.6,14.5,32510"
2025-11-06T08:15:00.000-00:00,"14.5,14.5,14.59,14.47,238311"
2025-11-06T08:20:00.000-00:00,"14.5,14.5,14.53,14.5,157870"
2025-11-06T08:25:00.000-00:00,"14.5,14.48,14.51,14.48,194219"
2025-11-06T08:30:00.000-00:00,"14.48,14.45,14.48,14.44,22789"
2025-11-06T08:35:00.000-00:00,"14.47,14.4,14.47,14.38,79191"
2025-11-06T08:40:00.000-00:00,"14.38,14.16,14.4,14.14,246263"
2025-11-06T08:45:00.000-00:00,"14.16,14.3,14.33,14.16,71734"
2025-11-06T08:50:00.000-00:00,"14.29,14.3,14.33,14.26,77763"
2025-11-06T08:55:00.000-00:00,"14.28,14.27,14.4,14.27,88590"
2025-11-06T09:00:00.000-00:00,"14.28,14.34,14.36,14.27,24446"
2025-11-06T09:05:00.000-00:00,"14.3,14.33,14.36,14.29,141880"
2025-11-06T09:10:00.000-00:00,"14.33,14.31,14.37,14.31,41310"
2025-11-06T09:15:00.000-00:00,"14.37,14.3,14.37,14.3,38445"
2025-11-06T09:20:00.000-00:00,"14.3,14.3,14.34,14.29,38974"
2025-11-06T09:25:00.000-00:00,"14.3,14.34,14.35,14.3,45857"
2025-11-06T09:30:00.000-00:00,"14.34,14.31,14.36,14.31,34862"
2025-11-06T09:35:00.000-00:00,"14.33,14.35,14.37,14.3,50199"
2025-11-06T09:40:00.000-00:00,"14.35,14.3,14.35,14.28,12067"
2025-11-06T09:45:00.000-00:00,"14.29,14.33,14.33,14.27,32743"
2025-11-06T09:50:00.000-00:00,"14.28,14.27,14.33,14.27,13161"
2025-11-06T09:55:00.000-00:00,"14.3,14.3,14.32,14.27,30883"
2025-11-06T10:00:00.000-00:00,"14.32,14.32,14.32,14.27,4340"
2025-11-06T10:05:00.000-00:00,"14.27,14.27,14.34,14.27,10336"
2025-11-06T10:10:00.000-00:00,"14.27,14.3,14.34,14.25,486560"
2025-11-06T10:15:00.000-00:00,"14.3,14.22,14.3,14.2,71517"
2025-11-06T10:25:00.000-00:00,"14.25,14.29,14.29,14.22,8122"
2025-11-06T10:30:00.000-00:00,"14.22,14.29,14.29,14.22,6692"
2025-11-06T10:35:00.000-00:00,"14.29,14.3,14.3,14.26,14678"
2025-11-06T10:40:00.000-00:00,"14.3,14.33,14.33,14.26,28696"
2025-11-06T10:45:00.000-00:00,"14.3,14.35,14.35,14.27,46201"
2025-11-06T10:50:00.000-00:00,"14.35,14.35,14.36,14.3,44732"
2025-11-06T10:55:00.000-00:00,"14.35,14.5,14.5,14.35,169742"
2025-11-06T11:00:00.000-00:00,"14.48,14.7,14.75,14.4,763883"
2025-11-06T11:05:00.000-00:00,"14.7,14.71,14.75,14.65,899702"
2025-11-06T11:10:00.000-00:00,"14.7,14.61,14.72,14.61,341470"
2025-11-06T11:15:00.000-00:00,"14.6,14.56,14.6,14.55,75055"
2025-11-06T11:20:00.000-00:00,"14.59,14.5,14.6,14.5,150634"
2025-11-06T11:25:00.000-00:00,"14.5,14.47,14.5,14.46,160419"
2025-11-06T11:30:00.000-00:00,"14.5,14.47,14.5,14.47,16739"
2025-11-06T11:35:00.000-00:00,"14.47,14.47,14.5,14.47,27946"
2025-11-06T11:40:00.000-00:00,"14.5,14.63,14.63,14.46,231220"
2025-11-06T11:45:00.000-00:00,"14.63,14.7,14.72,14.6,375513"
2025-11-06T11:50:00.000-00:00,"14.7,14.7,14.72,14.65,108786"
2025-11-06T11:55:00.000-00:00,"14.7,14.71,14.73,14.7,127765"
2025-11-06T12:00:00.000-00:00,"14.71,14.72,14.73,14.7,219251"
2025-11-06T12:05:00.000-00:00,"14.7,14.71,14.75,14.62,129405"
2025-11-06T12:10:00.000-00:00,"14.71,14.8,14.81,14.7,239976"
2025-11-06T12:25:00.000-00:00,"14.75,14.75,14.75,14.75,303581"
2025-11-09T08:00:00.000-00:00,"14.77,14.92,14.93,14.75,51984"
2025-11-09T08:05:00.000-00:00,"14.93,15.05,15.1,14.93,415939"
2025-11-09T08:10:00.000-00:00,"15.03,14.97,15.03,14.96,100114"
2025-11-09T08:15:00.000-00:00,"15,15,15.05,15,136203"
2025-11-09T08:20:00.000-00:00,"15.04,15,15.06,14.98,95569"
2025-11-09T08:25:00.000-00:00,"15,14.98,15,14.98,81517"
2025-11-09T08:30:00.000-00:00,"15,14.96,15.03,14.96,102977"
2025-11-09T08:35:00.000-00:00,"15,15,15,14.96,73529"
2025-11-09T08:40:00.000-00:00,"15,14.97,15,14.96,33279"
2025-11-09T08:45:00.000-00:00,"14.99,14.91,14.99,14.91,39617"
2025-11-09T08:50:00.000-00:00,"14.93,14.92,14.94,14.86,36679"
2025-11-09T08:55:00.000-00:00,"14.87,14.92,14.93,14.87,13918"
2025-11-09T09:00:00.000-00:00,"14.92,14.93,14.97,14.9,15797"
2025-11-09T09:05:00.000-00:00,"14.97,14.96,14.97,14.93,10081"
2025-11-09T09:10:00.000-00:00,"14.96,14.97,14.97,14.95,11228"
2025-11-09T09:15:00.000-00:00,"14.97,15,15.02,14.96,389765"
2025-11-09T09:20:00.000-00:00,"15,14.97,15,14.97,39870"
2025-11-09T09:25:00.000-00:00,"14.99,14.97,14.99,14.97,7602"
2025-11-09T09:30:00.000-00:00,"14.99,14.97,15,14.97,136543"
2025-11-09T09:35:00.000-00:00,"14.97,15,15,14.94,62261"
2025-11-09T09:40:00.000-00:00,"15,15,15,15,83546"
2025-11-09T09:45:00.000-00:00,"15,15.01,15.03,15,141447"
2025-11-09T09:50:00.000-00:00,"15.03,15.02,15.08,15.02,56057"
2025-11-09T09:55:00.000-00:00,"15.04,15.1,15.1,15.02,48085"
2025-11-09T10:00:00.000-00:00,"15.09,15.08,15.11,15.08,200477"
2025-11-09T10:05:00.000-00:00,"15.08,15.2,15.23,15.08,624236"
2025-11-09T10:10:00.000-00:00,"15.2,15.3,15.3,15.2,729861"
2025-11-09T10:15:00.000-00:00,"15.29,15.25,15.34,15.23,606951"
2025-11-09T10:20:00.000-00:00,"15.28,15.29,15.3,15.18,598143"
2025-11-09T10:25:00.000-00:00,"15.27,15.25,15.3,15.25,549569"
2025-11-09T10:30:00.000-00:00,"15.26,15.2,15.26,15.2,171881"
2025-11-09T10:35:00.000-00:00,"15.21,15.2,15.25,15.2,263028"
2025-11-09T10:40:00.000-00:00,"15.2,15.32,15.32,15.2,239262"
2025-11-09T10:45:00.000-00:00,"15.32,15.3,15.32,15.25,129049"
2025-11-09T10:50:00.000-00:00,"15.3,15.3,15.32,15.25,139906"
2025-11-09T10:55:00.000-00:00,"15.32,15.28,15.32,15.27,35720"
2025-11-09T11:00:00.000-00:00,"15.3,15.27,15.3,15.27,6309"
2025-11-09T11:05:00.000-00:00,"15.3,15.3,15.32,15.27,33895"
2025-11-09T11:10:00.000-00:00,"15.32,15.34,15.34,15.28,119748"
2025-11-09T11:15:00.000-00:00,"15.32,15.32,15.35,15.31,117650"
2025-11-09T11:20:00.000-00:00,"15.32,15.3,15.35,15.3,125026"
2025-11-09T11:25:00.000-00:00,"15.28,15.27,15.28,15.26,74510"
2025-11-09T11:30:00.000-00:00,"15.28,15.3,15.3,15.27,60808"
2025-11-09T11:35:00.000-00:00,"15.3,15.27,15.3,15.27,28703"
2025-11-09T11:40:00.000-00:00,"15.27,15.27,15.3,15.25,123046"
2025-11-09T11:45:00.000-00:00,"15.3,15.3,15.32,15.27,148338"
2025-11-09T11:50:00.000-00:00,"15.3,15.37,15.37,15.3,139085"
2025-11-09T11:55:00.000-00:00,"15.35,15.32,15.39,15.32,240612"
2025-11-09T12:00:00.000-00:00,"15.33,15.36,15.37,15.33,90459"
2025-11-09T12:05:00.000-00:00,"15.37,15.35,15.37,15.34,98611"
2025-11-09T12:10:00.000-00:00,"15.35,15.34,15.38,15.26,134505"
2025-11-09T12:25:00.000-00:00,"15.4,15.4,15.4,15.4,131232"
2025-11-10T08:00:00.000-00:00,"15.4,15.4,15.45,15.34,83819"
2025-11-10T08:05:00.000-00:00,"15.39,15.4,15.4,15.25,44362"
2025-11-10T08:10:00.000-00:00,"15.4,15.4,15.42,15.31,80276"
2025-11-10T08:15:00.000-00:00,"15.41,15.48,15.48,15.41,115350"
2025-11-10T08:20:00.000-00:00,"15.43,15.6,15.67,15.35,328189"
2025-11-10T08:25:00.000-00:00,"15.55,15.5,15.63,15.5,108510"
2025-11-10T08:30:00.000-00:00,"15.5,15.46,15.53,15.46,65902"
2025-11-10T08:35:00.000-00:00,"15.5,15.41,15.5,15.41,197817"
2025-11-10T08:40:00.000-00:00,"15.46,15.43,15.46,15.38,56245"
2025-11-10T08:45:00.000-00:00,"15.4,15.3,15.43,15.17,279552"
2025-11-10T08:50:00.000-00:00,"15.2,15.3,15.31,15.2,17112"
2025-11-10T08:55:00.000-00:00,"15.33,15.32,15.33,15.26,38118"
2025-11-10T09:00:00.000-00:00,"15.31,15.39,15.39,15.3,99054"
2025-11-10T09:05:00.000-00:00,"15.39,15.4,15.4,15.3,51816"
2025-11-10T09:10:00.000-00:00,"15.4,15.46,15.46,15.33,8278"
2025-11-10T09:15:00.000-00:00,"15.42,15.51,15.52,15.4,99282"
2025-11-10T09:20:00.000-00:00,"15.52,15.4,15.52,15.4,48211"
2025-11-10T09:25:00.000-00:00,"15.4,15.48,15.5,15.4,126132"
2025-11-10T09:30:00.000-00:00,"15.41,15.36,15.45,15.36,108861"
2025-11-10T09:35:00.000-00:00,"15.36,15.36,15.4,15.35,28668"
2025-11-10T09:40:00.000-00:00,"15.36,15.35,15.37,15.35,22074"
2025-11-10T09:45:00.000-00:00,"15.37,15.4,15.4,15.37,26493"
2025-11-10T09:50:00.000-00:00,"15.4,15.4,15.4,15.4,70957"
2025-11-10T09:55:00.000-00:00,"15.39,15.4,15.4,15.38,4133"
2025-11-10T10:00:00.000-00:00,"15.39,15.36,15.4,15.36,14172"
2025-11-10T10:05:00.000-00:00,"15.36,15.39,15.39,15.35,55093"
2025-11-10T10:10:00.000-00:00,"15.39,15.35,15.39,15.35,26421"
2025-11-10T10:15:00.000-00:00,"15.35,15.39,15.39,15.35,15842"
2025-11-10T10:20:00.000-00:00,"15.39,15.38,15.39,15.38,39641"
2025-11-10T10:25:00.000-00:00,"15.39,15.38,15.39,15.38,5226"
2025-11-10T10:30:00.000-00:00,"15.38,15.35,15.38,15.35,103543"
2025-11-10T10:35:00.000-00:00,"15.35,15.27,15.37,15.26,115298"
2025-11-10T10:40:00.000-00:00,"15.31,15.26,15.31,15.25,31646"
2025-11-10T10:45:00.000-00:00,"15.25,15.21,15.28,15.21,63188"
2025-11-10T10:50:00.000-00:00,"15.21,15.24,15.24,15.18,105538"
2025-11-10T10:55:00.000-00:00,"15.2,15.26,15.28,15.19,27618"
2025-11-10T11:00:00.000-00:00,"15.26,15.34,15.34,15.26,29353"
2025-11-10T11:05:00.000-00:00,"15.31,15.3,15.33,15.3,9193"
2025-11-10T11:10:00.000-00:00,"15.33,15.37,15.37,15.33,30993"
2025-11-10T11:15:00.000-00:00,"15.37,15.39,15.39,15.35,29103"
2025-11-10T11:20:00.000-00:00,"15.36,15.39,15.39,15.35,6044"
2025-11-10T11:25:00.000-00:00,"15.39,15.36,15.39,15.36,4660"
2025-11-10T11:30:00.000-00:00,"15.36,15.35,15.36,15.31,29750"
2025-11-10T11:35:00.000-00:00,"15.32,15.44,15.44,15.31,127775"
2025-11-10T11:40:00.000-00:00,"15.36,15.43,15.43,15.36,22191"
2025-11-10T11:45:00.000-00:00,"15.35,15.4,15.4,15.35,9981"
2025-11-10T11:50:00.000-00:00,"15.36,15.31,15.4,15.31,7944"
2025-11-10T11:55:00.000-00:00,"15.31,15.41,15.41,15.31,56969"
2025-11-10T12:00:00.000-00:00,"15.36,15.35,15.44,15.35,44034"
2025-11-10T12:05:00.000-00:00,"15.35,15.43,15.43,15.35,26438"
2025-11-10T12:10:00.000-00:00,"15.4,15.4,15.44,15.35,44728"
2025-11-10T12:25:00.000-00:00,"15.5,15.5,15.5,15.5,869682"
2025-11-11T08:00:00.000-00:00,"15.52,15.52,15.57,15.51,28842"
2025-11-11T08:05:00.000-00:00,"15.52,15.54,15.54,15.5,52702"
2025-11-11T08:10:00.000-00:00,"15.54,15.54,15.54,15.54,1325"
2025-11-11T08:15:00.000-00:00,"15.51,15.54,15.54,15.51,8888"
2025-11-11T08:20:00.000-00:00,"15.52,15.55,15.55,15.52,21774"
2025-11-11T08:25:00.000-00:00,"15.55,15.55,15.56,15.54,40609"
2025-11-11T08:30:00.000-00:00,"15.55,15.55,15.56,15.54,22920"
2025-11-11T08:35:00.000-00:00,"15.56,15.54,15.56,15.54,35684"
2025-11-11T08:40:00.000-00:00,"15.53,15.5,15.54,15.5,63956"
2025-11-11T08:45:00.000-00:00,"15.5,15.4,15.5,15.4,98921"
2025-11-11T08:50:00.000-00:00,"15.4,15.36,15.45,15.36,32899"
2025-11-11T08:55:00.000-00:00,"15.45,15.45,15.45,15.36,189"
2025-11-11T09:00:00.000-00:00,"15.45,15.45,15.45,15.36,50197"
2025-11-11T09:05:00.000-00:00,"15.36,15.36,15.37,15.36,13575"
2025-11-11T09:10:00.000-00:00,"15.36,15.4,15.4,15.36,91371"
2025-11-11T09:15:00.000-00:00,"15.4,15.36,15.4,15.36,9134"
2025-11-11T09:20:00.000-00:00,"15.39,15.44,15.45,15.39,29069"
2025-11-11T09:25:00.000-00:00,"15.38,15.37,15.4,15.36,44440"
2025-11-11T09:30:00.000-00:00,"15.39,15.39,15.39,15.36,44851"
2025-11-11T09:35:00.000-00:00,"15.36,15.35,15.36,15.35,69204"
2025-11-11T09:40:00.000-00:00,"15.35,15.39,15.39,15.35,10930"
2025-11-11T09:45:00.000-00:00,"15.36,15.32,15.39,15.32,7310"
2025-11-11T09:50:00.000-00:00,"15.32,15.37,15.37,15.32,701"
2025-11-11T09:55:00.000-00:00,"15.37,15.33,15.37,15.33,3999"
2025-11-11T10:00:00.000-00:00,"15.33,15.32,15.35,15.32,4270"
2025-11-11T10:05:00.000-00:00,"15.35,15.4,15.4,15.35,56520"
2025-11-11T10:10:00.000-00:00,"15.4,15.36,15.4,15.36,29358"
2025-11-11T10:15:00.000-00:00,"15.36,15.36,15.36,15.36,653"
2025-11-11T10:20:00.000-00:00,"15.36,15.35,15.37,15.35,25559"
2025-11-11T10:25:00.000-00:00,"15.36,15.36,15.36,15.35,13734"
2025-11-11T10:30:00.000-00:00,"15.36,15.39,15.4,15.36,39356"
2025-11-11T10:35:00.000-00:00,"15.39,15.4,15.4,15.39,39493"
2025-11-11T10:40:00.000-00:00,"15.4,15.37,15.43,15.37,84709"
2025-11-11T10:45:00.000-00:00,"15.4,15.43,15.43,15.4,121397"
2025-11-11T10:50:00.000-00:00,"15.43,15.5,15.52,15.43,490522"
2025-11-11T10:55:00.000-00:00,"15.5,15.5,15.52,15.45,49310"
2025-11-11T11:00:00.000-00:00,"15.5,15.5,15.51,15.46,24659"
2025-11-11T11:05:00.000-00:00,"15.51,15.53,15.53,15.51,39743"
2025-11-11T11:10:00.000-00:00,"15.53,15.51,15.53,15.45,111058"
2025-11-11T11:15:00.000-00:00,"15.51,15.5,15.51,15.5,50505"
2025-11-11T11:20:00.000-00:00,"15.44,15.46,15.5,15.44,22476"
2025-11-11T11:25:00.000-00:00,"15.49,15.45,15.5,15.45,56844"
2025-11-11T11:30:00.000-00:00,"15.48,15.5,15.5,15.46,75501"
2025-11-11T11:35:00.000-00:00,"15.49,15.43,15.49,15.43,3290"
2025-11-11T11:40:00.000-00:00,"15.43,15.49,15.49,15.43,26273"
2025-11-11T11:45:00.000-00:00,"15.5,15.45,15.5,15.45,81780"
2025-11-11T11:50:00.000-00:00,"15.45,15.4,15.45,15.4,57108"
2025-11-11T11:55:00.000-00:00,"15.41,15.4,15.41,15.4,34346"
2025-11-11T12:00:00.000-00:00,"15.37,15.44,15.44,15.36,29326"
2025-11-11T12:05:00.000-00:00,"15.44,15.47,15.47,15.4,59450"
2025-11-11T12:10:00.000-00:00,"15.41,15.4,15.46,15.4,46488"
2025-11-11T12:25:00.000-00:00,"15.42,15.42,15.42,15.42,2295"
2025-11-12T08:00:00.000-00:00,"15.42,15.5,15.51,15.42,41423"
2025-11-12T08:05:00.000-00:00,"15.5,15.51,15.51,15.49,22015"
2025-11-12T08:10:00.000-00:00,"15.5,15.68,15.68,15.5,217526"
2025-11-12T08:15:00.000-00:00,"15.68,15.71,15.75,15.56,475772"
2025-11-12T08:20:00.000-00:00,"15.7,15.75,15.86,15.7,270268"
2025-11-12T08:25:00.000-00:00,"15.75,15.72,15.79,15.71,14532"
2025-11-12T08:30:00.000-00:00,"15.71,15.7,15.72,15.7,49163"
2025-11-12T08:35:00.000-00:00,"15.7,15.71,15.72,15.7,22114"
2025-11-12T08:40:00.000-00:00,"15.72,15.66,15.72,15.66,35857"
2025-11-12T08:45:00.000-00:00,"15.7,15.8,15.8,15.7,109845"
2025-11-12T08:50:00.000-00:00,"15.8,15.8,15.83,15.75,251494"
2025-11-12T08:55:00.000-00:00,"15.8,15.8,15.85,15.8,168098"
2025-11-12T09:00:00.000-00:00,"15.76,15.8,15.83,15.76,129562"
2025-11-12T09:05:00.000-00:00,"15.8,15.8,15.81,15.8,59480"
2025-11-12T09:10:00.000-00:00,"15.8,15.8,15.81,15.8,86352"
2025-11-12T09:15:00.000-00:00,"15.8,15.8,15.81,15.8,231689"
2025-11-12T09:20:00.000-00:00,"15.8,15.8,15.81,15.8,175928"
2025-11-12T09:25:00.000-00:00,"15.8,15.8,15.81,15.8,122046"
2025-11-12T09:30:00.000-00:00,"15.8,15.8,15.81,15.78,309394"
2025-11-12T09:35:00.000-00:00,"15.8,15.8,15.8,15.8,48881"
2025-11-12T09:40:00.000-00:00,"15.79,15.78,15.8,15.78,74590"
2025-11-12T09:45:00.000-00:00,"15.77,15.8,15.8,15.77,91053"
2025-11-12T09:50:00.000-00:00,"15.8,15.8,15.81,15.8,147285"
2025-11-12T09:55:00.000-00:00,"15.8,15.8,15.8,15.79,165266"
2025-11-12T10:00:00.000-00:00,"15.8,15.81,15.81,15.8,358177"
2025-11-12T10:05:00.000-00:00,"15.81,15.79,15.82,15.79,86426"
2025-11-12T10:10:00.000-00:00,"15.79,15.78,15.8,15.78,51365"
2025-11-12T10:15:00.000-00:00,"15.77,15.8,15.8,15.77,48637"
2025-11-12T10:20:00.000-00:00,"15.8,15.82,15.82,15.8,9246"
2025-11-12T10:25:00.000-00:00,"15.82,15.83,15.89,15.81,115637"
2025-11-12T10:30:00.000-00:00,"15.83,15.84,15.87,15.82,29972"
2025-11-12T10:35:00.000-00:00,"15.87,16,16.04,15.87,1179639"
2025-11-12T10:40:00.000-00:00,"16,15.92,16,15.92,100586"
2025-11-12T10:45:00.000-00:00,"15.95,16,16,15.92,532906"
2025-11-12T10:50:00.000-00:00,"16,15.99,16,15.95,131407"
2025-11-12T10:55:00.000-00:00,"15.99,16,16,15.93,75501"
2025-11-12T11:00:00.000-00:00,"15.98,15.95,15.99,15.95,86902"
2025-11-12T11:05:00.000-00:00,"15.95,15.94,15.95,15.86,48164"
2025-11-12T11:10:00.000-00:00,"15.94,15.9,15.94,15.9,1630"
2025-11-12T11:15:00.000-00:00,"15.9,15.9,15.9,15.9,26465"
2025-11-12T11:20:00.000-00:00,"15.86,15.86,15.9,15.86,16523"
2025-11-12T11:25:00.000-00:00,"15.9,15.85,15.9,15.85,53746"
2025-11-12T11:30:00.000-00:00,"15.85,15.85,15.89,15.85,23937"
2025-11-12T11:35:00.000-00:00,"15.83,15.82,15.88,15.82,4076"
2025-11-12T11:40:00.000-00:00,"15.82,15.7,15.85,15.7,242290"
2025-11-12T11:45:00.000-00:00,"15.7,15.7,15.71,15.68,116328"
2025-11-12T11:50:00.000-00:00,"15.68,15.7,15.8,15.68,101583"
2025-11-12T11:55:00.000-00:00,"15.7,15.7,15.77,15.69,47750"
2025-11-12T12:00:00.000-00:00,"15.7,15.5,15.7,15.5,337213"
2025-11-12T12:05:00.000-00:00,"15.5,15.51,15.55,15.5,39825"
2025-11-12T12:10:00.000-00:00,"15.59,15.69,15.74,15.53,105961"
2025-11-12T12:25:00.000-00:00,"15.58,15.58,15.58,15.58,23916"
2025-11-13T08:00:00.000-00:00,"15.65,15.75,15.75,15.65,26356"
2025-11-13T08:05:00.000-00:00,"15.7,16,16.1,15.7,1236142"
2025-11-13T08:10:00.000-00:00,"16,16.05,16.05,15.92,809881"
2025-11-13T08:15:00.000-00:00,"16.05,16.04,16.08,16.03,66015"
2025-11-13T08:20:00.000-00:00,"16.03,16.02,16.05,16.02,53595"
2025-11-13T08:25:00.000-00:00,"16.05,16,16.05,15.93,282525"
2025-11-13T08:30:00.000-00:00,"16,15.92,16,15.91,553594"
2025-11-13T08:35:00.000-00:00,"15.92,15.98,16,15.92,33315"
2025-11-13T08:40:00.000-00:00,"15.93,15.98,15.98,15.91,19624"
2025-11-13T08:45:00.000-00:00,"15.92,15.92,16,15.92,43868"
2025-11-13T08:50:00.000-00:00,"15.92,15.99,16,15.91,116689"
2025-11-13T08:55:00.000-00:00,"15.98,15.98,15.99,15.98,10600"
2025-11-13T09:00:00.000-00:00,"15.98,16,16,15.97,106797"
2025-11-13T09:05:00.000-00:00,"15.96,16,16,15.95,55704"
2025-11-13T09:10:00.000-00:00,"16,16,16,15.97,111562"
2025-11-13T09:15:00.000-00:00,"16,16,16,15.97,97261"
2025-11-13T09:20:00.000-00:00,"15.98,16,16,15.98,94815"
2025-11-13T09:25:00.000-00:00,"16,16,16,15.97,81014"
2025-11-13T09:30:00.000-00:00,"16,15.99,16,15.98,59477"
2025-11-13T09:35:00.000-00:00,"16,16,16,15.98,78925"
2025-11-13T09:40:00.000-00:00,"16,15.99,16,15.98,129870"
2025-11-13T09:45:00.000-00:00,"15.99,15.98,16,15.98,54025"
2025-11-13T09:50:00.000-00:00,"16,16,16,15.98,108698"
2025-11-13T09:55:00.000-00:00,"15.99,16,16,15.99,92278"
2025-11-13T10:00:00.000-00:00,"15.98,15.98,16,15.98,133950"
2025-11-13T10:05:00.000-00:00,"16,16.04,16.1,15.99,126337"
2025-11-13T10:10:00.000-00:00,"16.09,16.11,16.11,16.07,82398"
2025-11-13T10:15:00.000-00:00,"16.12,16.12,16.15,16.1,117880"
2025-11-13T10:20:00.000-00:00,"16.11,16.15,16.16,16.11,81579"
2025-11-13T10:25:00.000-00:00,"16.16,16.19,16.2,16.16,201733"
2025-11-13T10:30:00.000-00:00,"16.19,16.2,16.23,16.18,110328"
2025-11-13T10:35:00.000-00:00,"16.22,16.24,16.24,16.16,233307"
2025-11-13T10:40:00.000-00:00,"16.23,16.3,16.39,16.2,747066"
2025-11-13T10:45:00.000-00:00,"16.3,16.31,16.35,16.3,50809"
2025-11-13T10:50:00.000-00:00,"16.3,16.3,16.32,16.15,238639"
2025-11-13T10:55:00.000-00:00,"16.3,16.3,16.32,16.3,60858"
2025-11-13T11:00:00.000-00:00,"16.31,16.32,16.39,16.1,180080"
2025-11-13T11:05:00.000-00:00,"16.3,16.14,16.31,16.1,54196"
2025-11-13T11:10:00.000-00:00,"16.28,16.23,16.28,16.1,38306"
2025-11-13T11:15:00.000-00:00,"16.11,16.2,16.2,16.1,36461"
2025-11-13T11:20:00.000-00:00,"16.18,16.07,16.18,16,161269"
2025-11-13T11:25:00.000-00:00,"16.07,16.01,16.07,16.01,55766"
2025-11-13T11:30:00.000-00:00,"16.05,15.95,16.1,15.95,126002"
2025-11-13T11:35:00.000-00:00,"15.95,15.97,15.97,15.91,23768"
2025-11-13T11:40:00.000-00:00,"15.97,15.98,15.99,15.92,29954"
2025-11-13T11:45:00.000-00:00,"15.98,15.9,15.98,15.9,62418"
2025-11-13T11:50:00.000-00:00,"15.9,15.91,15.99,15.9,109927"
2025-11-13T11:55:00.000-00:00,"15.98,15.98,15.98,15.98,2568"
2025-11-13T12:00:00.000-00:00,"15.98,15.98,15.98,15.93,8566"
2025-11-13T12:05:00.000-00:00,"15.98,16,16,15.95,80844"
2025-11-13T12:10:00.000-00:00,"15.99,16.01,16.16,15.99,80884"
2025-11-13T12:25:00.000-00:00,"16.11,16.11,16.11,16.11,7745"
2025-11-16T08:00:00.000-00:00,"16.3,16.26,16.3,16.2,17007"
2025-11-16T08:05:00.000-00:00,"16.25,16.3,16.3,16.2,12037"
2025-11-16T08:10:00.000-00:00,"16.3,16.32,16.39,16.2,38036"
2025-11-16T08:15:00.000-00:00,"16.39,16.41,16.44,16.39,61282"
2025-11-16T08:20:00.000-00:00,"16.43,16.43,16.47,16.4,25875"
2025-11-16T08:25:00.000-00:00,"16.42,16.42,16.42,16.36,1516"
2025-11-16T08:30:00.000-00:00,"16.42,16.37,16.42,16.35,10574"
2025-11-16T08:35:00.000-00:00,"16.37,16.37,16.42,16.37,23548"
2025-11-16T08:40:00.000-00:00,"16.4,16.37,16.4,16.37,23156"
2025-11-16T08:45:00.000-00:00,"16.37,16.21,16.38,16.21,97964"
2025-11-16T08:50:00.000-00:00,"16.3,16.4,16.4,16.3,119773"
2025-11-16T08:55:00.000-00:00,"16.38,16.3,16.38,16.3,927"
2025-11-16T09:00:00.000-00:00,"16.29,16.2,16.29,16.2,60318"
2025-11-16T09:05:00.000-00:00,"16.21,16.2,16.25,16.18,23756"
2025-11-16T09:10:00.000-00:00,"16.25,16.25,16.25,16.21,24941"
2025-11-16T09:15:00.000-00:00,"16.21,16.25,16.25,16.2,16904"
2025-11-16T09:20:00.000-00:00,"16.2,16.22,16.25,16.2,40483"
2025-11-16T09:25:00.000-00:00,"16.2,16.22,16.22,16.2,62389"
2025-11-16T09:30:00.000-00:00,"16.21,16.25,16.25,16.21,25020"
2025-11-16T09:35:00.000-00:00,"16.24,16.25,16.25,16.21,25764"
2025-11-16T09:40:00.000-00:00,"16.25,16.25,16.25,16.25,59152"
2025-11-16T09:45:00.000-00:00,"16.25,16.25,16.25,16.25,21280"
2025-11-16T09:50:00.000-00:00,"16.27,16.3,16.34,16.27,43147"
2025-11-16T09:55:00.000-00:00,"16.3,16.34,16.34,16.3,2498"
2025-11-16T10:00:00.000-00:00,"16.34,16.34,16.34,16.27,1246"
2025-11-16T10:05:00.000-00:00,"16.27,16.33,16.33,16.26,18236"
2025-11-16T10:10:00.000-00:00,"16.28,16.39,16.4,16.26,27307"
2025-11-16T10:15:00.000-00:00,"16.39,16.45,16.45,16.39,80839"
2025-11-16T10:20:00.000-00:00,"16.41,16.45,16.45,16.41,25183"
2025-11-16T10:25:00.000-00:00,"16.45,16.35,16.45,16.35,26791"
2025-11-16T10:30:00.000-00:00,"16.4,16.35,16.4,16.35,16218"
2025-11-16T10:35:00.000-00:00,"16.38,16.35,16.38,16.35,937"
2025-11-16T10:40:00.000-00:00,"16.35,16.39,16.4,16.32,10214"
2025-11-16T10:45:00.000-00:00,"16.33,16.35,16.4,16.33,26119"
2025-11-16T10:50:00.000-00:00,"16.35,16.4,16.45,16.34,59731"
2025-11-16T10:55:00.000-00:00,"16.4,16.4,16.4,16.34,25498"
2025-11-16T11:00:00.000-00:00,"16.39,16.37,16.39,16.36,20498"
2025-11-16T11:05:00.000-00:00,"16.36,16.4,16.4,16.36,60916"
2025-11-16T11:10:00.000-00:00,"16.36,16.45,16.45,16.36,160685"
2025-11-16T11:15:00.000-00:00,"16.45,16.48,16.49,16.4,70360"
2025-11-16T11:20:00.000-00:00,"16.48,16.45,16.49,16.45,92857"
2025-11-16T11:25:00.000-00:00,"16.45,16.42,16.48,16.42,74867"
2025-11-16T11:30:00.000-00:00,"16.42,16.47,16.48,16.4,41573"
2025-11-16T11:35:00.000-00:00,"16.47,16.49,16.49,16.41,70637"
2025-11-16T11:40:00.000-00:00,"16.48,16.49,16.49,16.48,38192"
2025-11-16T11:45:00.000-00:00,"16.49,16.5,16.5,16.45,37977"
2025-11-16T11:50:00.000-00:00,"16.45,16.48,16.5,16.45,44586"
2025-11-16T11:55:00.000-00:00,"16.49,16.6,16.6,16.49,165618"
2025-11-16T12:00:00.000-00:00,"16.6,16.58,16.6,16.55,55494"
2025-11-16T12:05:00.000-00:00,"16.58,16.41,16.6,16.41,144762"
2025-11-16T12:10:00.000-00:00,"16.58,16.6,16.6,16.43,52133"
2025-11-16T12:25:00.000-00:00,"16.59,16.59,16.59,16.59,39296"
2025-11-17T08:00:00.000-00:00,"16.62,16.62,16.69,16.61,28807"
2025-11-17T08:05:00.000-00:00,"16.61,16.58,16.61,16.55,10525"
2025-11-17T08:10:00.000-00:00,"16.58,16.56,16.6,16.55,28240"
2025-11-17T08:15:00.000-00:00,"16.56,16.5,16.6,16.5,365961"
2025-11-17T08:20:00.000-00:00,"16.45,16.4,16.5,16.4,74434"
2025-11-17T08:25:00.000-00:00,"16.4,16.39,16.41,16.39,19197"
2025-11-17T08:30:00.000-00:00,"16.39,16.5,16.5,16.39,30236"
2025-11-17T08:35:00.000-00:00,"16.5,16.5,16.5,16.41,20927"
2025-11-17T08:40:00.000-00:00,"16.49,16.5,16.54,16.45,37659"
2025-11-17T08:45:00.000-00:00,"16.5,16.42,16.5,16.42,29157"
2025-11-17T08:50:00.000-00:00,"16.48,16.39,16.48,16.39,49534"
2025-11-17T08:55:00.000-00:00,"16.48,16.49,16.49,16.4,10793"
2025-11-17T09:00:00.000-00:00,"16.45,16.45,16.5,16.43,21888"
2025-11-17T09:05:00.000-00:00,"16.43,16.45,16.45,16.43,8465"
2025-11-17T09:10:00.000-00:00,"16.45,16.47,16.47,16.43,7655"
2025-11-17T09:15:00.000-00:00,"16.43,16.5,16.5,16.43,36180"
2025-11-17T09:20:00.000-00:00,"16.48,16.44,16.48,16.44,8378"
2025-11-17T09:25:00.000-00:00,"16.44,16.45,16.5,16.44,41572"
2025-11-17T09:30:00.000-00:00,"16.45,16.4,16.45,16.39,108810"
2025-11-17T09:35:00.000-00:00,"16.4,16.39,16.45,16.39,282096"
2025-11-17T09:40:00.000-00:00,"16.39,16.38,16.4,16.38,41983"
2025-11-17T09:45:00.000-00:00,"16.37,16.3,16.38,16.3,158886"
2025-11-17T09:50:00.000-00:00,"16.3,16.3,16.33,16.27,31416"
2025-11-17T09:55:00.000-00:00,"16.27,16.2,16.29,16.2,150930"
2025-11-17T10:00:00.000-00:00,"16.19,16.03,16.19,16,207917"
2025-11-17T10:05:00.000-00:00,"16.16,16.26,16.26,16.05,18557"
2025-11-17T10:10:00.000-00:00,"16.26,16.3,16.3,16.26,17476"
2025-11-17T10:15:00.000-00:00,"16.3,16.18,16.3,16.13,49504"
2025-11-17T10:20:00.000-00:00,"16.19,16.19,16.19,16.18,9490"
2025-11-17T10:25:00.000-00:00,"16.19,16.11,16.19,16.1,37925"
2025-11-17T10:30:00.000-00:00,"16.13,16.16,16.16,16.11,73677"
2025-11-17T10:35:00.000-00:00,"16.19,16.18,16.2,16.18,81776"
2025-11-17T10:40:00.000-00:00,"16.19,16.18,16.2,16.18,11050"
2025-11-17T10:45:00.000-00:00,"16.18,16.17,16.18,16.15,17732"
2025-11-17T10:50:00.000-00:00,"16.16,16.2,16.2,16.15,38206"
2025-11-17T10:55:00.000-00:00,"16.19,16.19,16.2,16.1,94469"
2025-11-17T11:00:00.000-00:00,"16.18,16.15,16.2,16.1,66572"
2025-11-17T11:05:00.000-00:00,"16.14,16.01,16.2,16.01,127252"
2025-11-17T11:10:00.000-00:00,"16.01,16.07,16.19,16.01,6518"
2025-11-17T11:15:00.000-00:00,"16.08,16.28,16.28,16.07,107572"
2025-11-17T11:20:00.000-00:00,"16.15,16.19,16.2,16.15,68957"
2025-11-17T11:25:00.000-00:00,"16.19,16.19,16.2,16.17,49768"
2025-11-17T11:30:00.000-00:00,"16.19,16.19,16.19,16.11,38912"
2025-11-17T11:35:00.000-00:00,"16.19,16.11,16.19,16.11,17201"
2025-11-17T11:40:00.000-00:00,"16.15,16.1,16.15,16.07,110398"
2025-11-17T11:45:00.000-00:00,"16.1,16.09,16.2,16.09,95690"
2025-11-17T11:50:00.000-00:00,"16.18,16.18,16.2,16.11,27025"
2025-11-17T11:55:00.000-00:00,"16.15,16.15,16.19,16.14,76914"
2025-11-17T12:00:00.000-00:00,"16.13,16.15,16.2,16.1,123822"
2025-11-17T12:05:00.000-00:00,"16.15,16.15,16.18,16.11,236690"
2025-11-17T12:10:00.000-00:00,"16.15,16.09,16.16,16.09,141038"
2025-11-17T12:25:00.000-00:00,"16.26,16.26,16.26,16.26,86383"
2025-11-18T08:00:00.000-00:00,"16.19,16.1,16.3,16.1,64364"
2025-11-18T08:05:00.000-00:00,"16.08,16.18,16.18,16.02,67078"
2025-11-18T08:10:00.000-00:00,"16.17,16.19,16.19,16.14,26088"
2025-11-18T08:15:00.000-00:00,"16.18,16.06,16.18,16.06,80824"
2025-11-18T08:20:00.000-00:00,"16.07,16.1,16.1,16.03,136328"
2025-11-18T08:25:00.000-00:00,"16.1,16.1,16.1,16.05,13558"
2025-11-18T08:30:00.000-00:00,"16.09,16.01,16.09,16.01,76776"
2025-11-18T08:35:00.000-00:00,"16.02,16.08,16.08,16,185926"
2025-11-18T08:40:00.000-00:00,"16.08,16.13,16.13,16.05,51685"
2025-11-18T08:45:00.000-00:00,"16.13,16.09,16.13,16.09,77631"
2025-11-18T08:50:00.000-00:00,"16.1,16.17,16.17,16.06,90289"
2025-11-18T08:55:00.000-00:00,"16.1,16.03,16.1,16.03,258472"
2025-11-18T09:00:00.000-00:00,"16.03,16.1,16.1,16.02,41068"
2025-11-18T09:05:00.000-00:00,"16.1,16.07,16.1,16.07,91800"
2025-11-18T09:10:00.000-00:00,"16.07,16,16.07,15.95,275628"
2025-11-18T09:15:00.000-00:00,"15.96,15.81,15.96,15.81,93620"
2025-11-18T09:20:00.000-00:00,"15.82,15.82,15.85,15.82,20730"
2025-11-18T09:25:00.000-00:00,"15.82,15.8,15.85,15.7,153171"
2025-11-18T09:30:00.000-00:00,"15.8,15.79,15.8,15.75,2875"
2025-11-18T09:35:00.000-00:00,"15.77,15.7,15.85,15.7,158786"
2025-11-18T09:40:00.000-00:00,"15.8,15.65,15.8,15.65,153706"
2025-11-18T09:45:00.000-00:00,"15.78,15.79,15.79,15.78,1189"
2025-11-18T09:50:00.000-00:00,"15.79,15.89,15.89,15.79,40649"
2025-11-18T09:55:00.000-00:00,"15.89,15.8,15.95,15.8,287973"
2025-11-18T10:00:00.000-00:00,"15.9,15.9,15.9,15.9,7344"
2025-11-18T10:05:00.000-00:00,"15.89,15.9,15.9,15.89,46938"
2025-11-18T10:10:00.000-00:00,"15.9,15.9,15.9,15.9,25324"
2025-11-18T10:15:00.000-00:00,"15.9,15.95,15.95,15.9,44367"
2025-11-18T10:20:00.000-00:00,"15.92,15.95,15.95,15.9,353868"
2025-11-18T10:25:00.000-00:00,"15.91,15.91,15.91,15.91,9"
2025-11-18T10:30:00.000-00:00,"15.94,15.91,15.94,15.91,337"
2025-11-18T10:35:00.000-00:00,"15.91,15.95,15.95,15.9,69101"
2025-11-18T10:40:00.000-00:00,"15.98,15.95,15.98,15.95,17634"
2025-11-18T10:45:00.000-00:00,"15.98,16,16.05,15.98,270447"
2025-11-18T10:50:00.000-00:00,"16,16,16.09,16,152000"
2025-11-18T10:55:00.000-00:00,"16.01,16,16.01,16,10532"
2025-11-18T11:00:00.000-00:00,"16,16.05,16.05,16,27487"
2025-11-18T11:05:00.000-00:00,"16.05,16.01,16.05,16.01,18926"
2025-11-18T11:10:00.000-00:00,"16.01,15.95,16.02,15.95,41971"
2025-11-18T11:15:00.000-00:00,"15.95,16,16,15.95,749"
2025-11-18T11:20:00.000-00:00,"16,16,16,15.95,26505"
2025-11-18T11:25:00.000-00:00,"16.03,16,16.04,16,88685"
2025-11-18T11:30:00.000-00:00,"16,16.06,16.06,16,65511"
2025-11-18T11:35:00.000-00:00,"16.06,16.1,16.12,16.03,204969"
2025-11-18T11:40:00.000-00:00,"16.1,16.1,16.11,16.1,37306"
2025-11-18T11:45:00.000-00:00,"16.1,16.3,16.3,16.1,371441"
2025-11-18T11:50:00.000-00:00,"16.3,16.4,16.4,16.25,181881"
2025-11-18T11:55:00.000-00:00,"16.35,16.3,16.49,16.3,160363"
2025-11-18T12:00:00.000-00:00,"16.3,16.16,16.39,16.16,64557"
2025-11-18T12:05:00.000-00:00,"16.3,16.3,16.38,16.3,234440"
2025-11-18T12:10:00.000-00:00,"16.35,16.3,16.45,16.3,210813"
2025-11-18T12:25:00.000-00:00,"16.3,16.3,16.3,16.3,30207"
2025-11-19T08:00:00.000-00:00,"16.4,16.39,16.45,16.3,25413"
2025-11-19T08:05:00.000-00:00,"16.4,16.07,16.4,16.02,27451"
2025-11-19T08:10:00.000-00:00,"16.15,16.15,16.16,16.15,12772"
2025-11-19T08:15:00.000-00:00,"16.08,16.18,16.18,16.07,1597"
2025-11-19T08:20:00.000-00:00,"16.17,16.15,16.2,16.1,26299"
2025-11-19T08:25:00.000-00:00,"16.2,16.16,16.2,16.15,41806"
2025-11-19T08:30:00.000-00:00,"16.24,16.24,16.24,16.24,61"
2025-11-19T08:35:00.000-00:00,"16.22,16.2,16.23,16.2,16100"
2025-11-19T08:40:00.000-00:00,"16.2,16.15,16.22,16.15,9336"
2025-11-19T08:45:00.000-00:00,"16.16,16.17,16.25,16.16,20838"
2025-11-19T08:50:00.000-00:00,"16.2,16.2,16.2,16.17,23593"
2025-11-19T08:55:00.000-00:00,"16.17,16.2,16.2,16.17,26265"
2025-11-19T09:00:00.000-00:00,"16.2,16.2,16.2,16.17,74293"
2025-11-19T09:05:00.000-00:00,"16.2,16.2,16.2,16.2,61"
2025-11-19T09:10:00.000-00:00,"16.2,16.18,16.2,16.18,62130"
2025-11-19T09:15:00.000-00:00,"16.17,16.2,16.2,16.17,3314"
2025-11-19T09:20:00.000-00:00,"16.2,16.2,16.2,16.2,15596"
2025-11-19T09:25:00.000-00:00,"16.2,16.15,16.23,16.15,169500"
2025-11-19T09:30:00.000-00:00,"16.16,16.06,16.18,16.02,151320"
2025-11-19T09:35:00.000-00:00,"16.16,16.2,16.2,16.16,41801"
2025-11-19T09:40:00.000-00:00,"16.24,16.2,16.3,16.2,28619"
2025-11-19T09:45:00.000-00:00,"16.2,16.29,16.29,16.2,22013"
2025-11-19T09:50:00.000-00:00,"16.21,16.18,16.25,16.18,63105"
2025-11-19T09:55:00.000-00:00,"16.18,16.2,16.2,16.18,26603"
2025-11-19T10:00:00.000-00:00,"16.2,16.2,16.25,16.17,60921"
2025-11-19T10:05:00.000-00:00,"16.2,16.19,16.2,16.17,160962"
2025-11-19T10:10:00.000-00:00,"16.19,16.2,16.24,16.19,106290"
2025-11-19T10:15:00.000-00:00,"16.2,16.2,16.2,16.18,48701"
2025-11-19T10:20:00.000-00:00,"16.2,16.2,16.2,16.17,74098"
2025-11-19T10:25:00.000-00:00,"16.2,16.24,16.24,16.2,107384"
2025-11-19T10:30:00.000-00:00,"16.24,16.24,16.24,16.24,600"
2025-11-19T10:35:00.000-00:00,"16.24,16.31,16.31,16.24,24817"
2025-11-19T10:40:00.000-00:00,"16.3,16.33,16.33,16.3,12249"
2025-11-19T10:45:00.000-00:00,"16.3,16.3,16.3,16.22,44775"
2025-11-19T10:50:00.000-00:00,"16.22,16.22,16.29,16.2,71550"
2025-11-19T10:55:00.000-00:00,"16.28,16.22,16.3,16.22,90638"
2025-11-19T11:00:00.000-00:00,"16.3,16.33,16.33,16.28,130991"
2025-11-19T11:05:00.000-00:00,"16.33,16.4,16.4,16.33,81382"
2025-11-19T11:10:00.000-00:00,"16.4,16.31,16.4,16.31,39737"
2025-11-19T11:15:00.000-00:00,"16.31,16.4,16.4,16.31,51471"
2025-11-19T11:20:00.000-00:00,"16.4,16.44,16.45,16.35,57752"
2025-11-19T11:25:00.000-00:00,"16.43,16.43,16.44,16.4,11795"
2025-11-19T11:30:00.000-00:00,"16.43,16.37,16.5,16.37,199819"
2025-11-19T11:35:00.000-00:00,"16.4,16.45,16.45,16.4,4024"
2025-11-19T11:40:00.000-00:00,"16.45,16.5,16.5,16.45,63363"
2025-11-19T11:45:00.000-00:00,"16.49,16.51,16.51,16.49,33444"
2025-11-19T11:50:00.000-00:00,"16.51,16.5,16.55,16.43,155019"
2025-11-19T11:55:00.000-00:00,"16.55,16.5,16.57,16.44,58738"
2025-11-19T12:00:00.000-00:00,"16.5,16.5,16.58,16.5,119812"
2025-11-19T12:05:00.000-00:00,"16.5,16.6,16.6,16.5,160954"
2025-11-19T12:10:00.000-00:00,"16.6,16.7,16.7,16.53,148382"
2025-11-19T12:25:00.000-00:00,"16.68,16.68,16.68,16.68,3350"
2025-11-20T08:00:00.000-00:00,"16.7,16.6,16.7,16.6,54803"
2025-11-20T08:05:00.000-00:00,"16.61,16.65,16.65,16.6,44680"
2025-11-20T08:10:00.000-00:00,"16.65,16.6,16.65,16.6,4591"
2025-11-20T08:15:00.000-00:00,"16.64,16.52,16.64,16.52,31889"
2025-11-20T08:20:00.000-00:00,"16.52,16.51,16.6,16.51,15020"
2025-11-20T08:25:00.000-00:00,"16.51,16.6,16.6,16.51,8705"
2025-11-20T08:30:00.000-00:00,"16.6,16.6,16.6,16.6,1000"
2025-11-20T08:35:00.000-00:00,"16.59,16.59,16.59,16.55,3241"
2025-11-20T08:40:00.000-00:00,"16.51,16.52,16.52,16.51,3143"
2025-11-20T08:45:00.000-00:00,"16.52,16.53,16.54,16.51,12127"
2025-11-20T08:50:00.000-00:00,"16.53,16.54,16.54,16.5,16138"
2025-11-20T08:55:00.000-00:00,"16.54,16.53,16.54,16.5,4991"
2025-11-20T09:00:00.000-00:00,"16.53,16.5,16.53,16.5,11188"
2025-11-20T09:05:00.000-00:00,"16.5,16.5,16.5,16.5,8697"
2025-11-20T09:10:00.000-00:00,"16.5,16.49,16.53,16.49,8309"
2025-11-20T09:15:00.000-00:00,"16.45,16.49,16.49,16.4,9609"
2025-11-20T09:20:00.000-00:00,"16.49,16.48,16.49,16.48,400"
2025-11-20T09:25:00.000-00:00,"16.49,16.5,16.5,16.45,28844"
2025-11-20T09:30:00.000-00:00,"16.5,16.5,16.5,16.5,7000"
2025-11-20T09:35:00.000-00:00,"16.52,16.54,16.54,16.5,17327"
2025-11-20T09:40:00.000-00:00,"16.53,16.45,16.53,16.45,6150"
2025-11-20T09:45:00.000-00:00,"16.45,16.49,16.49,16.43,8330"
2025-11-20T09:50:00.000-00:00,"16.43,16.43,16.43,16.43,15"
2025-11-20T09:55:00.000-00:00,"16.43,16.4,16.43,16.4,30000"
2025-11-20T10:05:00.000-00:00,"16.43,16.43,16.43,16.43,1325"
2025-11-20T10:10:00.000-00:00,"16.43,16.45,16.45,16.43,5050"
2025-11-20T10:15:00.000-00:00,"16.49,16.5,16.5,16.49,21480"
2025-11-20T10:20:00.000-00:00,"16.5,16.54,16.54,16.5,14936"
2025-11-20T10:25:00.000-00:00,"16.5,16.53,16.53,16.5,896"
2025-11-20T10:30:00.000-00:00,"16.53,16.54,16.54,16.5,22705"
2025-11-20T10:35:00.000-00:00,"16.54,16.5,16.55,16.5,17825"
2025-11-20T10:40:00.000-00:00,"16.5,16.5,16.51,16.5,6357"
2025-11-20T10:45:00.000-00:00,"16.5,16.54,16.55,16.5,4047"
2025-11-20T10:50:00.000-00:00,"16.5,16.5,16.5,16.5,12154"
2025-11-20T10:55:00.000-00:00,"16.54,16.54,16.54,16.5,7600"
2025-11-20T11:00:00.000-00:00,"16.54,16.54,16.54,16.54,22"
2025-11-20T11:05:00.000-00:00,"16.5,16.49,16.5,16.42,20501"
2025-11-20T11:10:00.000-00:00,"16.49,16.49,16.49,16.49,6180"
2025-11-20T11:15:00.000-00:00,"16.44,16.37,16.44,16.37,24528"
2025-11-20T11:20:00.000-00:00,"16.37,16.29,16.37,16.27,11731"
2025-11-20T11:25:00.000-00:00,"16.29,16.49,16.49,16.21,41544"
2025-11-20T11:30:00.000-00:00,"16.45,16.48,16.49,16.45,6462"
2025-11-20T11:35:00.000-00:00,"16.47,16.49,16.49,16.31,6465"
2025-11-20T11:40:00.000-00:00,"16.48,16.49,16.49,16.4,19564"
2025-11-20T11:45:00.000-00:00,"16.49,16.35,16.49,16.35,44040"
2025-11-20T11:50:00.000-00:00,"16.4,16.34,16.4,16.34,4160"
2025-11-20T11:55:00.000-00:00,"16.35,16.3,16.36,16.3,24174"
2025-11-20T12:00:00.000-00:00,"16.4,16.48,16.48,16.4,9800"
2025-11-20T12:05:00.000-00:00,"16.47,16.26,16.47,16.26,62166"
2025-11-20T12:10:00.000-00:00,"16.43,16.4,16.47,16.28,6536"
2025-11-20T12:25:00.000-00:00,"16.29,16.29,16.29,16.29,65966"
2025-11-23T08:00:00.000-00:00,"16.26,16.35,16.35,16.25,4589"
2025-11-23T08:05:00.000-00:00,"16.27,16.21,16.35,16.21,12810"
2025-11-23T08:10:00.000-00:00,"16.21,16.3,16.3,16.21,5591"
2025-11-23T08:15:00.000-00:00,"16.29,16.2,16.3,16.2,16617"
2025-11-23T08:20:00.000-00:00,"16.29,16.29,16.29,16.29,150"
2025-11-23T08:25:00.000-00:00,"16.29,16.25,16.29,16.23,12171"
2025-11-23T08:30:00.000-00:00,"16.23,16.28,16.28,16.21,4601"
2025-11-23T08:35:00.000-00:00,"16.23,16.2,16.29,16.2,1416"
2025-11-23T08:40:00.000-00:00,"16.29,16.2,16.29,16.2,1443"
2025-11-23T08:45:00.000-00:00,"16.2,16.2,16.21,16.2,1150"
2025-11-23T08:50:00.000-00:00,"16.2,16.2,16.2,16.2,2825"
2025-11-23T08:55:00.000-00:00,"16.21,16.2,16.21,16.2,2260"
2025-11-23T09:00:00.000-00:00,"16.2,16.2,16.2,16.2,2000"
2025-11-23T09:10:00.000-00:00,"16.23,16.25,16.25,16.2,4419"
2025-11-23T09:15:00.000-00:00,"16.25,16.25,16.25,16.25,319"
2025-11-23T09:20:00.000-00:00,"16.25,16.2,16.25,16.2,1258"
2025-11-23T09:25:00.000-00:00,"16.2,16.25,16.29,16.2,48560"
2025-11-23T09:30:00.000-00:00,"16.25,16.25,16.25,16.25,2758"
2025-11-23T09:35:00.000-00:00,"16.25,16.28,16.3,16.21,11726"
2025-11-23T09:40:00.000-00:00,"16.28,16.3,16.39,16.21,18945"
2025-11-23T09:50:00.000-00:00,"16.3,16.45,16.45,16.3,6592"
2025-11-23T09:55:00.000-00:00,"16.45,16.45,16.45,16.35,2171"
2025-11-23T10:00:00.000-00:00,"16.35,16.32,16.45,16.32,2617"
2025-11-23T10:05:00.000-00:00,"16.32,16.25,16.39,16.25,6708"
2025-11-23T10:10:00.000-00:00,"16.25,16.25,16.35,16.25,4586"
2025-11-23T10:15:00.000-00:00,"16.25,16.3,16.3,16.25,668"
2025-11-23T10:20:00.000-00:00,"16.3,16.3,16.3,16.3,100"
2025-11-23T10:25:00.000-00:00,"16.3,16.25,16.3,16.25,346"
2025-11-23T10:30:00.000-00:00,"16.25,16.2,16.25,16.2,8794"
2025-11-23T10:35:00.000-00:00,"16.2,16.3,16.3,16.2,1514"
2025-11-23T10:40:00.000-00:00,"16.22,16.3,16.3,16.22,340"
2025-11-23T10:45:00.000-00:00,"16.29,16.3,16.3,16.29,628"
2025-11-23T10:50:00.000-00:00,"16.25,16.19,16.25,16.19,16645"
2025-11-23T10:55:00.000-00:00,"16.16,16.17,16.17,16.16,1618"
2025-11-23T11:00:00.000-00:00,"16.19,16.29,16.29,16.18,15815"
2025-11-23T11:05:00.000-00:00,"16.18,16.25,16.25,16.18,892"
2025-11-23T11:10:00.000-00:00,"16.18,16.28,16.28,16.18,11062"
2025-11-23T11:15:00.000-00:00,"16.27,16.25,16.27,16.25,7830"
2025-11-23T11:20:00.000-00:00,"16.23,16.23,16.23,16.23,1350"
2025-11-23T11:25:00.000-00:00,"16.23,16.24,16.25,16.19,14691"
2025-11-23T11:30:00.000-00:00,"16.19,16.19,16.24,16.19,5469"
2025-11-23T11:35:00.000-00:00,"16.19,16.19,16.19,16.17,14790"
2025-11-23T11:40:00.000-00:00,"16.19,16.16,16.2,16.16,8138"
2025-11-23T11:45:00.000-00:00,"16.16,16.2,16.2,16.1,19617"
2025-11-23T11:50:00.000-00:00,"16.2,16.19,16.24,16.12,8008"
2025-11-23T11:55:00.000-00:00,"16.15,16.23,16.23,16.1,36439"
2025-11-23T12:00:00.000-00:00,"16.23,16.1,16.25,16.1,41009"
2025-11-23T12:05:00.000-00:00,"16.18,16.11,16.18,16.08,26269"
2025-11-23T12:10:00.000-00:00,"16.1,16.05,16.1,16.05,56195"
2025-11-23T12:25:00.000-00:00,"16.05,16.05,16.05,16.05,17612"
2025-11-24T08:00:00.000-00:00,"16,16.04,16.25,16,32752"
2025-11-24T08:05:00.000-00:00,"16.04,16.05,16.1,16.04,12115"
2025-11-24T08:10:00.000-00:00,"16.05,16.05,16.1,16.04,5497"
2025-11-24T08:15:00.000-00:00,"16.05,16,16.05,16,81434"
2025-11-24T08:20:00.000-00:00,"16,16,16.05,16,22070"
2025-11-24T08:25:00.000-00:00,"16.05,15.98,16.05,15.94,48012"
2025-11-24T08:30:00.000-00:00,"15.97,15.94,15.99,15.94,17965"
2025-11-24T08:35:00.000-00:00,"15.94,15.91,15.94,15.9,50366"
2025-11-24T08:40:00.000-00:00,"15.9,15.9,15.91,15.9,44660"
2025-11-24T08:45:00.000-00:00,"15.89,15.88,15.9,15.88,34399"
2025-11-24T08:50:00.000-00:00,"15.86,15.8,15.86,15.78,36112"
2025-11-24T08:55:00.000-00:00,"15.8,15.88,15.88,15.8,21531"
2025-11-24T09:00:00.000-00:00,"15.89,15.92,15.98,15.88,193749"
2025-11-24T09:05:00.000-00:00,"15.94,15.9,15.94,15.9,60053"
2025-11-24T09:10:00.000-00:00,"15.94,15.9,15.95,15.9,10153"
2025-11-24T09:15:00.000-00:00,"15.9,15.9,15.95,15.9,7333"
2025-11-24T09:20:00.000-00:00,"15.92,15.91,15.92,15.91,3623"
2025-11-24T09:25:00.000-00:00,"15.92,15.91,15.94,15.91,10829"
2025-11-24T09:30:00.000-00:00,"15.93,15.91,15.93,15.91,65002"
2025-11-24T09:35:00.000-00:00,"15.92,15.92,15.92,15.91,13541"
2025-11-24T09:40:00.000-00:00,"15.92,15.92,15.94,15.92,5366"
2025-11-24T09:45:00.000-00:00,"15.92,15.9,15.94,15.9,43432"
2025-11-24T09:50:00.000-00:00,"15.89,15.88,15.9,15.88,7071"
2025-11-24T09:55:00.000-00:00,"15.88,15.82,15.88,15.82,11992"
2025-11-24T10:00:00.000-00:00,"15.82,15.81,15.85,15.81,12839"
2025-11-24T10:05:00.000-00:00,"15.81,15.72,15.81,15.72,43149"
2025-11-24T10:10:00.000-00:00,"15.74,15.73,15.76,15.73,5063"
2025-11-24T10:15:00.000-00:00,"15.73,15.76,15.76,15.73,8703"
2025-11-24T10:20:00.000-00:00,"15.76,15.71,15.76,15.71,88807"
2025-11-24T10:25:00.000-00:00,"15.72,15.71,15.75,15.7,113163"
2025-11-24T10:30:00.000-00:00,"15.74,15.7,15.74,15.7,29862"
2025-11-24T10:35:00.000-00:00,"15.74,15.7,15.74,15.7,39500"
2025-11-24T10:40:00.000-00:00,"15.7,15.73,15.73,15.69,18405"
2025-11-24T10:45:00.000-00:00,"15.7,15.7,15.74,15.69,23483"
2025-11-24T10:50:00.000-00:00,"15.7,15.73,15.73,15.69,57783"
2025-11-24T10:55:00.000-00:00,"15.73,15.7,15.73,15.7,130122"
2025-11-24T11:00:00.000-00:00,"15.73,15.73,15.76,15.71,51781"
2025-11-24T11:05:00.000-00:00,"15.73,15.73,15.73,15.7,9041"
2025-11-24T11:10:00.000-00:00,"15.72,15.76,15.76,15.71,20158"
2025-11-24T11:15:00.000-00:00,"15.76,15.71,15.79,15.71,28267"
2025-11-24T11:20:00.000-00:00,"15.71,15.75,15.75,15.7,72393"
2025-11-24T11:25:00.000-00:00,"15.75,15.7,15.75,15.7,14031"
2025-11-24T11:30:00.000-00:00,"15.7,15.73,15.73,15.7,5012"
2025-11-24T11:35:00.000-00:00,"15.7,15.73,15.73,15.7,6391"
2025-11-24T11:40:00.000-00:00,"15.72,15.7,15.73,15.7,21242"
2025-11-24T11:45:00.000-00:00,"15.75,15.7,15.75,15.7,45455"
2025-11-24T11:50:00.000-00:00,"15.7,15.68,15.74,15.68,57432"
2025-11-24T11:55:00.000-00:00,"15.7,15.7,15.7,15.57,77558"
2025-11-24T12:00:00.000-00:00,"15.62,15.51,15.69,15.51,150006"
2025-11-24T12:05:00.000-00:00,"15.59,15.56,15.6,15.51,138136"
2025-11-24T12:10:00.000-00:00,"15.56,15.52,15.56,15.52,101344"
2025-11-24T12:25:00.000-00:00,"15.8,15.8,15.8,15.8,7526132"
2025-11-25T08:00:00.000-00:00,"15.8,15.75,15.8,15.73,5090"
2025-11-25T08:05:00.000-00:00,"15.75,15.8,15.8,15.74,5884"
2025-11-25T08:10:00.000-00:00,"15.8,15.75,15.8,15.74,8059"
2025-11-25T08:15:00.000-00:00,"15.74,15.7,15.75,15.7,31724"
2025-11-25T08:20:00.000-00:00,"15.7,15.72,15.72,15.7,9026"
2025-11-25T08:25:00.000-00:00,"15.73,15.73,15.73,15.65,39570"
2025-11-25T08:30:00.000-00:00,"15.7,15.7,15.7,15.7,6430"
2025-11-25T08:35:00.000-00:00,"15.65,15.65,15.65,15.65,1066"
2025-11-25T08:40:00.000-00:00,"15.7,15.7,15.72,15.65,34743"
2025-11-25T08:45:00.000-00:00,"15.7,15.7,15.72,15.7,13901"
2025-11-25T08:50:00.000-00:00,"15.72,15.72,15.72,15.7,19298"
2025-11-25T08:55:00.000-00:00,"15.7,15.65,15.7,15.62,31581"
2025-11-25T09:00:00.000-00:00,"15.65,15.65,15.7,15.65,2156"
2025-11-25T09:05:00.000-00:00,"15.68,15.7,15.7,15.66,48284"
2025-11-25T09:10:00.000-00:00,"15.69,15.7,15.72,15.69,15870"
2025-11-25T09:15:00.000-00:00,"15.69,15.56,15.7,15.52,160234"
2025-11-25T09:20:00.000-00:00,"15.59,15.59,15.61,15.59,25652"
2025-11-25T09:25:00.000-00:00,"15.6,15.6,15.6,15.6,4500"
2025-11-25T09:30:00.000-00:00,"15.66,15.6,15.66,15.6,3029"
2025-11-25T09:35:00.000-00:00,"15.6,15.6,15.6,15.6,510"
2025-11-25T09:40:00.000-00:00,"15.66,15.7,15.7,15.66,77262"
2025-11-25T09:45:00.000-00:00,"15.71,15.7,15.71,15.7,65861"
2025-11-25T09:50:00.000-00:00,"15.61,15.71,15.71,15.61,3270"
2025-11-25T09:55:00.000-00:00,"15.71,15.7,15.71,15.7,4048"
2025-11-25T10:00:00.000-00:00,"15.61,15.7,15.7,15.61,11660"
2025-11-25T10:05:00.000-00:00,"15.7,15.7,15.7,15.7,30518"
2025-11-25T10:10:00.000-00:00,"15.65,15.7,15.7,15.65,15939"
2025-11-25T10:15:00.000-00:00,"15.7,15.69,15.7,15.65,3622"
2025-11-25T10:20:00.000-00:00,"15.69,15.7,15.7,15.65,18095"
2025-11-25T10:25:00.000-00:00,"15.7,15.7,15.71,15.7,84007"
2025-11-25T10:30:00.000-00:00,"15.7,15.7,15.7,15.7,70411"
2025-11-25T10:35:00.000-00:00,"15.71,15.73,15.73,15.71,1696"
2025-11-25T10:40:00.000-00:00,"15.73,15.7,15.79,15.7,58655"
2025-11-25T10:45:00.000-00:00,"15.7,15.79,15.79,15.7,33750"
2025-11-25T10:50:00.000-00:00,"15.8,15.9,15.9,15.75,44353"
2025-11-25T10:55:00.000-00:00,"15.94,15.95,15.95,15.9,21760"
2025-11-25T11:00:00.000-00:00,"15.92,15.9,15.92,15.82,32860"
2025-11-25T11:05:00.000-00:00,"15.9,15.9,15.9,15.85,16558"
2025-11-25T11:10:00.000-00:00,"15.85,15.81,15.85,15.8,12660"
2025-11-25T11:15:00.000-00:00,"15.85,15.8,15.85,15.8,43288"
2025-11-25T11:20:00.000-00:00,"15.85,15.8,15.85,15.8,28263"
2025-11-25T11:25:00.000-00:00,"15.8,15.7,15.8,15.7,56000"
2025-11-25T11:30:00.000-00:00,"15.72,15.72,15.72,15.72,1649"
2025-11-25T11:35:00.000-00:00,"15.78,15.73,15.78,15.72,19664"
2025-11-25T11:40:00.000-00:00,"15.73,15.73,15.8,15.71,143220"
2025-11-25T11:45:00.000-00:00,"15.73,15.8,15.8,15.73,9522"
2025-11-25T11:50:00.000-00:00,"15.78,15.73,15.78,15.73,4350"
2025-11-25T11:55:00.000-00:00,"15.76,15.8,15.89,15.75,139041"
2025-11-25T12:00:00.000-00:00,"15.89,15.9,15.92,15.8,162115"
2025-11-25T12:05:00.000-00:00,"15.85,15.9,15.9,15.75,33137"
2025-11-25T12:10:00.000-00:00,"15.8,15.8,15.9,15.8,153227"
2025-11-25T12:25:00.000-00:00,"15.55,15.55,15.55,15.55,455928"
2025-11-26T08:00:00.000-00:00,"15.55,15.51,15.6,15.51,17479"
2025-11-26T08:05:00.000-00:00,"15.52,15.35,15.52,15.35,86469"
2025-11-26T08:10:00.000-00:00,"15.35,15.38,15.4,15.35,4540"
2025-11-26T08:15:00.000-00:00,"15.38,15.25,15.39,15.25,105598"
2025-11-26T08:20:00.000-00:00,"15.25,15.3,15.3,15.25,53662"
2025-11-26T08:25:00.000-00:00,"15.3,15.35,15.35,15.3,79857"
2025-11-26T08:30:00.000-00:00,"15.35,15.39,15.39,15.3,99355"
2025-11-26T08:35:00.000-00:00,"15.35,15.4,15.4,15.32,10650"
2025-11-26T08:40:00.000-00:00,"15.4,15.35,15.45,15.35,32535"
2025-11-26T08:45:00.000-00:00,"15.39,15.4,15.4,15.39,10138"
2025-11-26T08:50:00.000-00:00,"15.4,15.4,15.4,15.34,50081"
2025-11-26T08:55:00.000-00:00,"15.34,15.31,15.4,15.3,99813"
2025-11-26T09:00:00.000-00:00,"15.4,15.3,15.43,15.28,57154"
2025-11-26T09:05:00.000-00:00,"15.3,15.37,15.37,15.28,1458"
2025-11-26T09:10:00.000-00:00,"15.3,15.38,15.38,15.3,1311"
2025-11-26T09:15:00.000-00:00,"15.38,15.38,15.38,15.38,46"
2025-11-26T09:20:00.000-00:00,"15.33,15.39,15.39,15.33,102"
2025-11-26T09:25:00.000-00:00,"15.33,15.39,15.39,15.33,872"
2025-11-26T09:30:00.000-00:00,"15.39,15.36,15.4,15.36,9978"
2025-11-26T09:35:00.000-00:00,"15.38,15.35,15.38,15.35,10406"
2025-11-26T09:40:00.000-00:00,"15.38,15.33,15.38,15.33,22790"
2025-11-26T09:45:00.000-00:00,"15.38,15.38,15.38,15.38,3"
2025-11-26T09:50:00.000-00:00,"15.37,15.35,15.4,15.33,10517"
2025-11-26T09:55:00.000-00:00,"15.39,15.35,15.39,15.35,1423"
2025-11-26T10:00:00.000-00:00,"15.36,15.38,15.38,15.35,16936"
2025-11-26T10:05:00.000-00:00,"15.37,15.37,15.38,15.35,28118"
2025-11-26T10:10:00.000-00:00,"15.33,15.3,15.33,15.3,121562"
2025-11-26T10:15:00.000-00:00,"15.35,15.35,15.35,15.32,6189"
2025-11-26T10:20:00.000-00:00,"15.34,15.35,15.35,15.33,1800"
2025-11-26T10:25:00.000-00:00,"15.33,15.3,15.33,15.3,49243"
2025-11-26T10:30:00.000-00:00,"15.3,15.3,15.3,15.3,30000"
2025-11-26T10:35:00.000-00:00,"15.33,15.35,15.35,15.28,19440"
2025-11-26T10:40:00.000-00:00,"15.35,15.35,15.35,15.29,31263"
2025-11-26T10:45:00.000-00:00,"15.34,15.29,15.34,15.29,22532"
2025-11-26T10:50:00.000-00:00,"15.29,15.32,15.33,15.27,44435"
2025-11-26T10:55:00.000-00:00,"15.27,15.3,15.3,15.27,66959"
2025-11-26T11:00:00.000-00:00,"15.3,15.3,15.3,15.25,134014"
2025-11-26T11:05:00.000-00:00,"15.3,15.25,15.3,15.2,168509"
2025-11-26T11:10:00.000-00:00,"15.26,15.29,15.29,15.25,9226"
2025-11-26T11:15:00.000-00:00,"15.29,15.25,15.29,15.25,64328"
2025-11-26T11:20:00.000-00:00,"15.23,15.2,15.24,15.17,54657"
2025-11-26T11:25:00.000-00:00,"15.2,15.2,15.2,15.18,32587"
2025-11-26T11:30:00.000-00:00,"15.2,15.18,15.2,15.16,76266"
2025-11-26T11:35:00.000-00:00,"15.18,15.17,15.24,15.16,65706"
2025-11-26T11:40:00.000-00:00,"15.17,15.19,15.2,15.16,91477"
2025-11-26T11:45:00.000-00:00,"15.16,15.2,15.2,15.12,73817"
2025-11-26T11:50:00.000-00:00,"15.2,15.16,15.2,15.15,109399"
2025-11-26T11:55:00.000-00:00,"15.15,15.11,15.19,15.11,68923"
2025-11-26T12:00:00.000-00:00,"15.11,15.1,15.11,15.05,121035"
2025-11-26T12:05:00.000-00:00,"15.09,15.07,15.09,15.03,60940"
2025-11-26T12:10:00.000-00:00,"15.07,15.13,15.2,15,248126"
2025-11-26T12:25:00.000-00:00,"15.1,15.1,15.1,15.1,107724"
2025-11-27T08:00:00.000-00:00,"15.1,14.95,15.13,14.95,20159"
2025-11-27T08:05:00.000-00:00,"15,14.85,15,14.8,29674"
2025-11-27T08:10:00.000-00:00,"14.9,14.91,14.91,14.8,18262"
2025-11-27T08:15:00.000-00:00,"14.9,14.84,14.9,14.84,4462"
2025-11-27T08:20:00.000-00:00,"14.85,14.89,14.91,14.85,28659"
2025-11-27T08:25:00.000-00:00,"14.86,14.9,14.9,14.85,29181"
2025-11-27T08:30:00.000-00:00,"14.89,14.9,14.9,14.84,12506"
2025-11-27T08:35:00.000-00:00,"14.9,14.9,14.9,14.85,4964"
2025-11-27T08:40:00.000-00:00,"14.9,14.9,14.9,14.87,6844"
2025-11-27T08:45:00.000-00:00,"14.9,14.9,14.91,14.83,24011"
2025-11-27T08:50:00.000-00:00,"14.83,14.88,14.91,14.83,833"
2025-11-27T08:55:00.000-00:00,"14.88,14.85,14.9,14.85,3198"
2025-11-27T09:00:00.000-00:00,"14.88,14.88,14.88,14.88,2"
2025-11-27T09:05:00.000-00:00,"14.88,14.85,14.9,14.85,14518"
2025-11-27T09:10:00.000-00:00,"14.85,14.86,14.91,14.85,67006"
2025-11-27T09:15:00.000-00:00,"14.91,14.91,14.91,14.91,1636"
2025-11-27T09:20:00.000-00:00,"14.91,14.93,14.93,14.9,18354"
2025-11-27T09:25:00.000-00:00,"14.92,14.94,14.95,14.9,42131"
2025-11-27T09:30:00.000-00:00,"14.94,15,15,14.94,55198"
2025-11-27T09:35:00.000-00:00,"14.95,15.05,15.06,14.95,28252"
2025-11-27T09:40:00.000-00:00,"15,15,15,15,636"
2025-11-27T09:45:00.000-00:00,"15,15,15,14.95,28509"
2025-11-27T09:50:00.000-00:00,"15,15.02,15.04,15,10257"
2025-11-27T09:55:00.000-00:00,"15.04,15.19,15.19,15.04,31256"
2025-11-27T10:00:00.000-00:00,"15.19,15.24,15.25,15.08,27910"
2025-11-27T10:10:00.000-00:00,"15.16,15.3,15.3,15.16,118623"
2025-11-27T10:15:00.000-00:00,"15.34,15.35,15.37,15.3,27508"
2025-11-27T10:20:00.000-00:00,"15.36,15.2,15.36,15.2,14242"
2025-11-27T10:25:00.000-00:00,"15.32,15.3,15.38,15.3,44174"
2025-11-27T10:30:00.000-00:00,"15.36,15.4,15.4,15.36,50702"
2025-11-27T10:35:00.000-00:00,"15.3,15.45,15.45,15.3,187922"
2025-11-27T10:40:00.000-00:00,"15.45,15.49,15.5,15.45,143664"
2025-11-27T10:45:00.000-00:00,"15.45,15.5,15.5,15.37,104754"
2025-11-27T10:50:00.000-00:00,"15.55,15.5,15.55,15.5,25099"
2025-11-27T10:55:00.000-00:00,"15.55,15.51,15.55,15.51,2478"
2025-11-27T11:00:00.000-00:00,"15.55,15.6,15.65,15.55,83798"
2025-11-27T11:05:00.000-00:00,"15.6,15.6,15.65,15.6,11180"
2025-11-27T11:10:00.000-00:00,"15.62,15.6,15.65,15.6,23703"
2025-11-27T11:15:00.000-00:00,"15.6,15.53,15.65,15.53,26233"
2025-11-27T11:20:00.000-00:00,"15.59,15.6,15.63,15.59,56540"
2025-11-27T11:25:00.000-00:00,"15.6,15.55,15.6,15.55,24147"
2025-11-27T11:30:00.000-00:00,"15.6,15.6,15.64,15.6,12492"
2025-11-27T11:35:00.000-00:00,"15.6,15.65,15.65,15.6,54434"
2025-11-27T11:40:00.000-00:00,"15.64,15.64,15.64,15.64,483"
2025-11-27T11:45:00.000-00:00,"15.64,15.65,15.65,15.64,142226"
2025-11-27T11:50:00.000-00:00,"15.65,15.65,15.67,15.6,140845"
2025-11-27T11:55:00.000-00:00,"15.61,15.65,15.67,15.61,33353"
2025-11-27T12:00:00.000-00:00,"15.67,15.66,15.71,15.65,83576"
2025-11-27T12:05:00.000-00:00,"15.7,15.7,15.75,15.66,18380"
2025-11-27T12:10:00.000-00:00,"15.71,15.94,15.94,15.71,307269"
2025-11-27T12:25:00.000-00:00,"15.6,15.6,15.6,15.6,403795"
2025-11-30T08:00:00.000-00:00,"15.88,15.9,15.9,15.6,14836"
2025-11-30T08:05:00.000-00:00,"15.87,15.82,15.87,15.82,14111"
2025-11-30T08:10:00.000-00:00,"15.82,15.82,15.82,15.7,17485"
2025-11-30T08:15:00.000-00:00,"15.82,15.85,15.89,15.82,36322"
2025-11-30T08:20:00.000-00:00,"15.85,15.87,15.87,15.85,19831"
2025-11-30T08:25:00.000-00:00,"15.87,15.9,15.9,15.87,54432"
2025-11-30T08:30:00.000-00:00,"15.94,15.95,15.97,15.94,30310"
2025-11-30T08:35:00.000-00:00,"15.94,15.95,15.95,15.9,1330"
2025-11-30T08:40:00.000-00:00,"15.92,15.9,15.92,15.9,35637"
2025-11-30T08:45:00.000-00:00,"15.9,15.85,15.9,15.85,19801"
2025-11-30T08:50:00.000-00:00,"15.86,15.92,15.92,15.86,36205"
2025-11-30T08:55:00.000-00:00,"15.9,15.92,15.92,15.9,11802"
2025-11-30T09:00:00.000-00:00,"15.92,16,16.01,15.92,226105"
2025-11-30T09:05:00.000-00:00,"16,16,16.04,16,111139"
2025-11-30T09:10:00.000-00:00,"16,16,16,16,9600"
2025-11-30T09:15:00.000-00:00,"16,15.96,16,15.96,98217"
2025-11-30T09:20:00.000-00:00,"15.96,15.95,15.99,15.95,4695"
2025-11-30T09:25:00.000-00:00,"15.96,15.96,15.96,15.95,47319"
2025-11-30T09:30:00.000-00:00,"15.96,15.99,15.99,15.96,22018"
2025-11-30T09:35:00.000-00:00,"15.98,15.97,15.98,15.97,10600"
2025-11-30T09:40:00.000-00:00,"15.99,16,16,15.97,61990"
2025-11-30T09:45:00.000-00:00,"16,16,16,16,44771"
2025-11-30T09:50:00.000-00:00,"16,16,16,16,10945"
2025-11-30T09:55:00.000-00:00,"16,16,16,16,39606"
2025-11-30T10:00:00.000-00:00,"16,16.03,16.03,16,14855"
2025-11-30T10:05:00.000-00:00,"16.03,16,16.03,16,10464"
2025-11-30T10:10:00.000-00:00,"16,16.03,16.03,16,22123"
2025-11-30T10:15:00.000-00:00,"16.03,16.04,16.08,16.03,46422"
2025-11-30T10:20:00.000-00:00,"16.04,16.01,16.04,16.01,1337"
2025-11-30T10:25:00.000-00:00,"16.01,16.03,16.03,16.01,11493"
2025-11-30T10:30:00.000-00:00,"16.01,16.05,16.05,16,23777"
2025-11-30T10:35:00.000-00:00,"16.05,16.08,16.08,16.02,37573"
2025-11-30T10:40:00.000-00:00,"16.07,16,16.07,16,85529"
2025-11-30T10:45:00.000-00:00,"16.04,16.03,16.04,16,28411"
2025-11-30T10:50:00.000-00:00,"16.03,16.14,16.14,16.01,163291"
2025-11-30T10:55:00.000-00:00,"16.14,16.1,16.14,16.1,54200"
2025-11-30T11:00:00.000-00:00,"16.1,16.14,16.15,16.1,58622"
2025-11-30T11:05:00.000-00:00,"16.14,16.12,16.14,16.11,3826"
2025-11-30T11:10:00.000-00:00,"16.12,16.13,16.13,16.1,5642"
2025-11-30T11:15:00.000-00:00,"16.13,16.2,16.25,16.13,203230"
2025-11-30T11:20:00.000-00:00,"16.2,16.2,16.23,16.2,26472"
2025-11-30T11:25:00.000-00:00,"16.15,16.2,16.2,16.1,25357"
2025-11-30T11:30:00.000-00:00,"16.21,16.21,16.21,16.2,9876"
2025-11-30T11:35:00.000-00:00,"16.21,16.2,16.22,16.2,8307"
2025-11-30T11:40:00.000-00:00,"16.22,16.23,16.23,16.2,21832"
2025-11-30T11:45:00.000-00:00,"16.23,16.2,16.24,16.2,22000"
2025-11-30T11:50:00.000-00:00,"16.2,16.25,16.25,16.2,365992"
2025-11-30T11:55:00.000-00:00,"16.23,16.2,16.25,16.2,29045"
2025-11-30T12:00:00.000-00:00,"16.15,16.2,16.2,16.15,25252"
2025-11-30T12:05:00.000-00:00,"16.21,16.2,16.21,16.2,29255"
2025-11-30T12:10:00.000-00:00,"16.2,16.2,16.2,16.16,5801"
2025-11-30T12:25:00.000-00:00,"16.2,16.2,16.2,16.2,22291"
2025-12-04T08:00:00.000-00:00,"16.1,16.15,16.16,16.1,39684"
2025-12-04T08:05:00.000-00:00,"16.12,16.15,16.15,16.12,11757"
2025-12-04T08:10:00.000-00:00,"16.12,16.12,16.12,16.12,16173"
2025-12-04T08:15:00.000-00:00,"16.1,16.14,16.14,16.01,65525"
2025-12-04T08:20:00.000-00:00,"16.12,16.14,16.16,16.12,18485"
2025-12-04T08:25:00.000-00:00,"16.11,16.11,16.11,16.11,1"
2025-12-04T08:30:00.000-00:00,"16.13,16.14,16.15,16.11,12791"
2025-12-04T08:35:00.000-00:00,"16.11,16.13,16.14,16.11,457"
2025-12-04T08:40:00.000-00:00,"16.13,16.12,16.14,16.11,1883"
2025-12-04T08:45:00.000-00:00,"16.12,16.2,16.2,16.12,59548"
2025-12-04T08:50:00.000-00:00,"16.2,16.22,16.23,16.2,25591"
2025-12-04T08:55:00.000-00:00,"16.22,16.2,16.22,16.2,4946"
2025-12-04T09:00:00.000-00:00,"16.21,16.21,16.21,16.2,55564"
2025-12-04T09:05:00.000-00:00,"16.21,16.2,16.22,16.2,35512"
2025-12-04T09:10:00.000-00:00,"16.2,16.2,16.22,16.15,2692630"
2025-12-04T09:15:00.000-00:00,"16.2,16.28,16.29,16.16,253702"
2025-12-04T09:20:00.000-00:00,"16.28,16.28,16.29,16.2,166171"
2025-12-04T09:25:00.000-00:00,"16.27,16.27,16.29,16.27,69467"
2025-12-04T09:30:00.000-00:00,"16.27,16.2,16.29,16.2,73806"
2025-12-04T09:35:00.000-00:00,"16.23,16.21,16.29,16.2,25235"
2025-12-04T09:40:00.000-00:00,"16.29,16.27,16.29,16.23,17860"
2025-12-04T09:45:00.000-00:00,"16.27,16.24,16.29,16.24,25517"
2025-12-04T09:50:00.000-00:00,"16.27,16.25,16.34,16.25,173786"
2025-12-04T09:55:00.000-00:00,"16.24,16.25,16.25,16.21,17027"
2025-12-04T10:00:00.000-00:00,"16.25,16.3,16.3,16.25,17691"
2025-12-04T10:05:00.000-00:00,"16.29,16.3,16.35,16.29,148022"
2025-12-04T10:10:00.000-00:00,"16.32,16.34,16.34,16.32,25797"
2025-12-04T10:15:00.000-00:00,"16.32,16.38,16.4,16.32,179601"
2025-12-04T10:20:00.000-00:00,"16.38,16.37,16.39,16.37,43347"
2025-12-04T10:25:00.000-00:00,"16.39,16.38,16.39,16.37,25533"
2025-12-04T10:30:00.000-00:00,"16.37,16.37,16.38,16.36,17691"
2025-12-04T10:35:00.000-00:00,"16.36,16.38,16.39,16.35,18199"
2025-12-04T10:40:00.000-00:00,"16.32,16.37,16.37,16.32,29483"
2025-12-04T10:45:00.000-00:00,"16.36,16.3,16.39,16.3,36801"
2025-12-04T10:50:00.000-00:00,"16.38,16.38,16.38,16.3,22320"
2025-12-04T10:55:00.000-00:00,"16.31,16.37,16.38,16.3,17841"
2025-12-04T11:00:00.000-00:00,"16.37,16.38,16.38,16.33,19372"
2025-12-04T11:05:00.000-00:00,"16.38,16.47,16.47,16.38,389897"
2025-12-04T11:10:00.000-00:00,"16.47,16.48,16.48,16.45,54636"
2025-12-04T11:15:00.000-00:00,"16.48,16.5,16.5,16.45,131991"
2025-12-04T11:20:00.000-00:00,"16.43,16.5,16.5,16.43,31154"
2025-12-04T11:25:00.000-00:00,"16.5,16.43,16.5,16.43,47764"
2025-12-04T11:30:00.000-00:00,"16.45,16.65,16.65,16.45,692666"
2025-12-04T11:35:00.000-00:00,"16.64,16.57,16.74,16.57,301890"
2025-12-04T11:40:00.000-00:00,"16.69,16.69,16.8,16.6,326711"
2025-12-04T11:45:00.000-00:00,"16.61,16.68,16.68,16.59,110991"
2025-12-04T11:50:00.000-00:00,"16.68,16.67,16.69,16.6,146017"
2025-12-04T11:55:00.000-00:00,"16.65,16.65,16.67,16.58,122620"
2025-12-04T12:00:00.000-00:00,"16.65,16.6,16.68,16.55,115683"
2025-12-04T12:05:00.000-00:00,"16.58,16.6,16.6,16.5,312882"
2025-12-04T12:10:00.000-00:00,"16.6,16.55,16.6,16.5,96387"
2025-12-04T12:25:00.000-00:00,"16.52,16.52,16.52,16.52,79"
2025-12-07T08:00:00.000-00:00,"16.53,16.61,16.68,16.53,23505"
2025-12-07T08:05:00.000-00:00,"16.68,16.62,16.7,16.62,16530"
2025-12-07T08:10:00.000-00:00,"16.62,16.6,16.62,16.6,15115"
2025-12-07T08:15:00.000-00:00,"16.55,16.56,16.56,16.55,2488"
2025-12-07T08:20:00.000-00:00,"16.58,16.7,16.7,16.58,4913"
2025-12-07T08:25:00.000-00:00,"16.7,16.75,16.78,16.63,18923"
2025-12-07T08:30:00.000-00:00,"16.75,16.62,16.79,16.61,18210"
2025-12-07T08:35:00.000-00:00,"16.74,16.78,16.78,16.7,23370"
2025-12-07T08:40:00.000-00:00,"16.78,16.82,16.85,16.71,68917"
2025-12-07T08:45:00.000-00:00,"16.85,16.72,16.85,16.72,17619"
2025-12-07T08:50:00.000-00:00,"16.82,16.8,16.82,16.75,11252"
2025-12-07T08:55:00.000-00:00,"16.82,16.8,16.82,16.75,38079"
2025-12-07T09:00:00.000-00:00,"16.8,16.9,16.95,16.8,287526"
2025-12-07T09:05:00.000-00:00,"16.9,16.99,17,16.76,730067"
2025-12-07T09:10:00.000-00:00,"16.99,16.99,17,16.91,33660"
2025-12-07T09:15:00.000-00:00,"16.98,16.95,16.99,16.92,21322"
2025-12-07T09:20:00.000-00:00,"16.98,16.98,16.99,16.91,75236"
2025-12-07T09:25:00.000-00:00,"16.98,16.97,16.98,16.91,21330"
2025-12-07T09:30:00.000-00:00,"16.97,17,17,16.95,166631"
2025-12-07T09:35:00.000-00:00,"16.96,17.04,17.05,16.96,235697"
2025-12-07T09:40:00.000-00:00,"17,17.02,17.1,17,122630"
2025-12-07T09:45:00.000-00:00,"17.09,17.05,17.09,17.01,197874"
2025-12-07T09:50:00.000-00:00,"17.05,17.12,17.22,17.02,211453"
2025-12-07T09:55:00.000-00:00,"17.12,17.2,17.3,17.11,203466"
2025-12-07T10:00:00.000-00:00,"17.11,17.02,17.15,17.02,396094"
2025-12-07T10:05:00.000-00:00,"17.05,17.05,17.07,17.03,5419"
2025-12-07T10:10:00.000-00:00,"17.06,17.06,17.06,17.05,9538"
2025-12-07T10:15:00.000-00:00,"17.07,17.02,17.07,17.02,81029"
2025-12-07T10:20:00.000-00:00,"17.02,17.02,17.05,17,492883"
2025-12-07T10:25:00.000-00:00,"17.02,17.1,17.1,17,315679"
2025-12-07T10:30:00.000-00:00,"17,17.09,17.1,17,1491"
2025-12-07T10:35:00.000-00:00,"17,17.01,17.01,17,142"
2025-12-07T10:40:00.000-00:00,"17.07,17.06,17.07,17,13135"
2025-12-07T10:45:00.000-00:00,"17,17,17.05,17,176084"
2025-12-07T10:50:00.000-00:00,"17,16.9,17,16.9,172529"
2025-12-07T10:55:00.000-00:00,"16.99,16.9,16.99,16.85,21735"
2025-12-07T11:00:00.000-00:00,"16.98,16.99,16.99,16.9,5839"
2025-12-07T11:05:00.000-00:00,"16.91,16.9,16.92,16.9,12000"
2025-12-07T11:10:00.000-00:00,"16.91,16.93,16.93,16.91,325"
2025-12-07T11:15:00.000-00:00,"16.95,17.01,17.01,16.95,191108"
2025-12-07T11:20:00.000-00:00,"17.01,17.02,17.04,17,30226"
2025-12-07T11:25:00.000-00:00,"17.02,17.02,17.02,17.02,1793"
2025-12-07T11:30:00.000-00:00,"17.02,17.01,17.04,17,38259"
2025-12-07T11:35:00.000-00:00,"17.01,17.01,17.04,17.01,55501"
2025-12-07T11:40:00.000-00:00,"17.03,17.04,17.04,17.01,32911"
2025-12-07T11:45:00.000-00:00,"17.01,17.03,17.04,17.01,21082"
2025-12-07T11:50:00.000-00:00,"17.02,17.01,17.04,17.01,60452"
2025-12-07T11:55:00.000-00:00,"17.04,17.02,17.04,17.01,48800"
2025-12-07T12:00:00.000-00:00,"17.03,17.05,17.06,17.01,73557"
2025-12-07T12:05:00.000-00:00,"17.05,17.01,17.06,17.01,31246"
2025-12-07T12:10:00.000-00:00,"17.03,17.02,17.1,17.02,222441"
2025-12-07T12:25:00.000-00:00,"17.08,17.08,17.08,17.08,55562"
2025-12-08T08:00:00.000-00:00,"17.14,17.14,17.2,17.09,57439"
2025-12-08T08:05:00.000-00:00,"17.14,17.2,17.2,17.1,67305"
2025-12-08T08:10:00.000-00:00,"17.21,17.2,17.25,17.2,70486"
2025-12-08T08:15:00.000-00:00,"17.2,17.3,17.38,17.2,136205"
2025-12-08T08:20:00.000-00:00,"17.3,17.3,17.35,17.3,107552"
2025-12-08T08:25:00.000-00:00,"17.3,17.4,17.4,17.3,391435"
2025-12-08T08:30:00.000-00:00,"17.4,17.56,17.6,17.39,355944"
2025-12-08T08:35:00.000-00:00,"17.56,17.4,17.56,17.4,86086"
2025-12-08T08:40:00.000-00:00,"17.39,17.4,17.45,17.36,32318"
2025-12-08T08:45:00.000-00:00,"17.45,17.41,17.49,17.4,23844"
2025-12-08T08:50:00.000-00:00,"17.43,17.48,17.49,17.4,29501"
2025-12-08T08:55:00.000-00:00,"17.47,17.32,17.47,17.32,84745"
2025-12-08T09:00:00.000-00:00,"17.4,17.35,17.4,17.35,5915"
2025-12-08T09:05:00.000-00:00,"17.4,17.4,17.43,17.4,23259"
2025-12-08T09:10:00.000-00:00,"17.4,17.36,17.4,17.36,13938"
2025-12-08T09:15:00.000-00:00,"17.4,17.36,17.42,17.36,7587"
2025-12-08T09:20:00.000-00:00,"17.41,17.41,17.41,17.4,2709"
2025-12-08T09:25:00.000-00:00,"17.4,17.36,17.4,17.36,68382"
2025-12-08T09:30:00.000-00:00,"17.4,17.4,17.42,17.4,15508"
2025-12-08T09:35:00.000-00:00,"17.42,17.42,17.44,17.4,25721"
2025-12-08T09:40:00.000-00:00,"17.42,17.41,17.42,17.36,64406"
2025-12-08T09:45:00.000-00:00,"17.4,17.41,17.42,17.4,3068"
2025-12-08T09:50:00.000-00:00,"17.42,17.42,17.42,17.4,63314"
2025-12-08T09:55:00.000-00:00,"17.4,17.4,17.42,17.4,26637"
2025-12-08T10:00:00.000-00:00,"17.42,17.36,17.42,17.36,26005"
2025-12-08T10:05:00.000-00:00,"17.39,17.4,17.4,17.39,6074"
2025-12-08T10:10:00.000-00:00,"17.39,17.4,17.4,17.35,88235"
2025-12-08T10:15:00.000-00:00,"17.4,17.41,17.41,17.4,11982"
2025-12-08T10:20:00.000-00:00,"17.4,17.45,17.45,17.4,110449"
2025-12-08T10:25:00.000-00:00,"17.4,17.45,17.45,17.4,25294"
2025-12-08T10:30:00.000-00:00,"17.45,17.45,17.45,17.45,198"
2025-12-08T10:35:00.000-00:00,"17.42,17.36,17.42,17.36,2219"
2025-12-08T10:40:00.000-00:00,"17.4,17.48,17.5,17.4,140220"
2025-12-08T10:45:00.000-00:00,"17.48,17.49,17.49,17.48,5456"
2025-12-08T10:50:00.000-00:00,"17.49,17.48,17.49,17.48,1370"
2025-12-08T10:55:00.000-00:00,"17.47,17.36,17.48,17.36,24715"
2025-12-08T11:00:00.000-00:00,"17.4,17.45,17.45,17.37,22507"
2025-12-08T11:05:00.000-00:00,"17.45,17.45,17.45,17.38,14707"
2025-12-08T11:10:00.000-00:00,"17.45,17.45,17.48,17.38,40685"
2025-12-08T11:15:00.000-00:00,"17.45,17.4,17.45,17.4,3796"
2025-12-08T11:20:00.000-00:00,"17.4,17.45,17.45,17.4,129"
2025-12-08T11:25:00.000-00:00,"17.43,17.4,17.43,17.4,6634"
2025-12-08T11:30:00.000-00:00,"17.4,17.39,17.4,17.39,12062"
2025-12-08T11:35:00.000-00:00,"17.39,17.4,17.43,17.39,5094"
2025-12-08T11:40:00.000-00:00,"17.4,17.49,17.49,17.4,21376"
2025-12-08T11:45:00.000-00:00,"17.48,17.4,17.48,17.38,102517"
2025-12-08T11:50:00.000-00:00,"17.43,17.4,17.43,17.4,1003"
2025-12-08T11:55:00.000-00:00,"17.4,17.4,17.43,17.4,39397"
2025-12-08T12:00:00.000-00:00,"17.43,17.4,17.43,17.38,73983"
2025-12-08T12:05:00.000-00:00,"17.38,17.4,17.43,17.38,114187"
2025-12-08T12:10:00.000-00:00,"17.4,17.38,17.4,17.38,4519"
2025-12-08T12:25:00.000-00:00,"17.35,17.35,17.35,17.35,39127"
2025-12-09T08:00:00.000-00:00,"17.45,17.45,17.5,17.45,18593"
2025-12-09T08:05:00.000-00:00,"17.47,17.54,17.54,17.47,7874"
2025-12-09T08:10:00.000-00:00,"17.5,17.45,17.54,17.45,3413"
2025-12-09T08:15:00.000-00:00,"17.53,17.6,17.6,17.46,11741"
2025-12-09T08:20:00.000-00:00,"17.6,17.58,17.6,17.53,3658"
2025-12-09T08:25:00.000-00:00,"17.55,17.5,17.55,17.5,3871"
2025-12-09T08:30:00.000-00:00,"17.5,17.6,17.6,17.5,112077"
2025-12-09T08:35:00.000-00:00,"17.6,17.6,17.64,17.6,36400"
2025-12-09T08:40:00.000-00:00,"17.61,17.6,17.61,17.6,11757"
2025-12-09T08:45:00.000-00:00,"17.6,17.6,17.63,17.6,66586"
2025-12-09T08:50:00.000-00:00,"17.63,17.6,17.64,17.6,49684"
2025-12-09T08:55:00.000-00:00,"17.6,17.63,17.63,17.6,10659"
2025-12-09T09:00:00.000-00:00,"17.62,17.6,17.62,17.6,9788"
2025-12-09T09:05:00.000-00:00,"17.6,17.63,17.63,17.6,1256"
2025-12-09T09:10:00.000-00:00,"17.62,17.59,17.64,17.59,31640"
2025-12-09T09:15:00.000-00:00,"17.6,17.6,17.63,17.6,17395"
2025-12-09T09:20:00.000-00:00,"17.61,17.61,17.63,17.61,10870"
2025-12-09T09:25:00.000-00:00,"17.63,17.7,17.7,17.63,227426"
2025-12-09T09:30:00.000-00:00,"17.65,17.65,17.7,17.65,62602"
2025-12-09T09:35:00.000-00:00,"17.65,17.65,17.7,17.65,71852"
2025-12-09T09:40:00.000-00:00,"17.65,17.65,17.68,17.65,22299"
2025-12-09T09:45:00.000-00:00,"17.65,17.69,17.69,17.62,89359"
2025-12-09T09:50:00.000-00:00,"17.65,17.65,17.65,17.65,26667"
2025-12-09T09:55:00.000-00:00,"17.65,17.65,17.68,17.65,34045"
2025-12-09T10:00:00.000-00:00,"17.65,17.65,17.67,17.62,175824"
2025-12-09T10:05:00.000-00:00,"17.65,17.62,17.65,17.62,332896"
2025-12-09T10:10:00.000-00:00,"17.63,17.6,17.64,17.6,215104"
2025-12-09T10:15:00.000-00:00,"17.6,17.6,17.6,17.6,177828"
2025-12-09T10:20:00.000-00:00,"17.6,17.6,17.6,17.6,47500"
2025-12-09T10:25:00.000-00:00,"17.6,17.62,17.62,17.6,22065"
2025-12-09T10:30:00.000-00:00,"17.62,17.6,17.62,17.6,16577"
2025-12-09T10:35:00.000-00:00,"17.6,17.6,17.61,17.6,30133"
2025-12-09T10:40:00.000-00:00,"17.6,17.6,17.62,17.6,12780"
2025-12-09T10:45:00.000-00:00,"17.56,17.53,17.6,17.53,1277"
2025-12-09T10:50:00.000-00:00,"17.53,17.52,17.53,17.5,56065"
2025-12-09T10:55:00.000-00:00,"17.52,17.51,17.52,17.51,21371"
2025-12-09T11:00:00.000-00:00,"17.55,17.6,17.6,17.55,57853"
2025-12-09T11:05:00.000-00:00,"17.62,17.6,17.62,17.6,42079"
2025-12-09T11:10:00.000-00:00,"17.6,17.65,17.65,17.6,153544"
2025-12-09T11:15:00.000-00:00,"17.65,17.64,17.65,17.64,213513"
2025-12-09T11:20:00.000-00:00,"17.6,17.6,17.65,17.6,41382"
2025-12-09T11:25:00.000-00:00,"17.6,17.64,17.64,17.6,25269"
2025-12-09T11:30:00.000-00:00,"17.64,17.65,17.65,17.64,139039"
2025-12-09T11:35:00.000-00:00,"17.65,17.65,17.65,17.64,206855"
2025-12-09T11:40:00.000-00:00,"17.65,17.65,17.67,17.65,38246"
2025-12-09T11:45:00.000-00:00,"17.65,17.65,17.67,17.65,6480"
2025-12-09T11:50:00.000-00:00,"17.65,17.65,17.65,17.6,136005"
2025-12-09T11:55:00.000-00:00,"17.6,17.65,17.67,17.6,117412"
2025-12-09T12:00:00.000-00:00,"17.65,17.65,17.65,17.6,45658"
2025-12-09T12:05:00.000-00:00,"17.65,17.65,17.65,17.61,102210"
2025-12-09T12:10:00.000-00:00,"17.65,17.65,17.66,17.65,38996"
2025-12-09T12:25:00.000-00:00,"17.65,17.65,17.65,17.65,100308"
2025-12-10T08:00:00.000-00:00,"17.67,17.65,17.7,17.61,13836"
2025-12-10T08:05:00.000-00:00,"17.6,17.6,17.64,17.6,3206"
2025-12-10T08:10:00.000-00:00,"17.64,17.65,17.65,17.64,15725"
2025-12-10T08:15:00.000-00:00,"17.65,17.7,17.7,17.62,27444"
2025-12-10T08:20:00.000-00:00,"17.74,17.75,17.75,17.7,36179"
2025-12-10T08:25:00.000-00:00,"17.74,17.75,17.75,17.74,7584"
2025-12-10T08:30:00.000-00:00,"17.75,17.71,17.75,17.71,5968"
2025-12-10T08:35:00.000-00:00,"17.71,17.9,18,17.71,1003782"
2025-12-10T08:40:00.000-00:00,"17.87,17.92,17.92,17.85,1058532"
2025-12-10T08:45:00.000-00:00,"17.92,17.9,17.92,17.89,443007"
2025-12-10T08:50:00.000-00:00,"17.93,17.93,17.93,17.9,98"
2025-12-10T08:55:00.000-00:00,"17.93,17.93,17.93,17.91,10765"
2025-12-10T09:00:00.000-00:00,"17.91,17.99,18,17.9,497421"
2025-12-10T09:05:00.000-00:00,"17.98,18.2,18.22,17.9,1918178"
2025-12-10T09:10:00.000-00:00,"18.2,18.13,18.2,18.13,53991"
2025-12-10T09:15:00.000-00:00,"18.13,18.1,18.22,18.1,140526"
2025-12-10T09:20:00.000-00:00,"18.19,18.05,18.19,18,341164"
2025-12-10T09:25:00.000-00:00,"18.02,18.04,18.1,18.02,4131"
2025-12-10T09:30:00.000-00:00,"18.03,18.07,18.1,18.02,5979"
2025-12-10T09:35:00.000-00:00,"18.02,18.02,18.1,18.02,20955"
2025-12-10T09:40:00.000-00:00,"18.03,18.03,18.09,18.03,6800"
2025-12-10T09:45:00.000-00:00,"18.03,18.09,18.09,18.03,6469"
2025-12-10T09:50:00.000-00:00,"18.09,18.09,18.09,18.08,5801"
2025-12-10T09:55:00.000-00:00,"18.08,18.09,18.09,18.04,21973"
2025-12-10T10:00:00.000-00:00,"18.09,18.09,18.1,18.09,56756"
2025-12-10T10:05:00.000-00:00,"18.09,18.08,18.1,18.06,10465"
2025-12-10T10:10:00.000-00:00,"18.06,18.06,18.06,18.06,138"
2025-12-10T10:15:00.000-00:00,"18.08,18.07,18.09,18,72256"
2025-12-10T10:20:00.000-00:00,"18.07,17.9,18.07,17.9,333002"
2025-12-10T10:25:00.000-00:00,"17.98,17.98,18,17.9,8842"
2025-12-10T10:30:00.000-00:00,"17.92,17.99,17.99,17.9,13677"
2025-12-10T10:35:00.000-00:00,"17.99,17.99,17.99,17.91,11464"
2025-12-10T10:40:00.000-00:00,"17.98,17.99,17.99,17.97,4105"
2025-12-10T10:45:00.000-00:00,"17.98,17.95,17.98,17.95,162661"
2025-12-10T10:50:00.000-00:00,"17.98,17.98,17.98,17.95,1959"
2025-12-10T10:55:00.000-00:00,"17.95,17.95,17.95,17.95,60237"
2025-12-10T11:00:00.000-00:00,"17.98,17.98,17.98,17.98,5001"
2025-12-10T11:05:00.000-00:00,"17.95,17.96,17.99,17.95,66663"
2025-12-10T11:10:00.000-00:00,"17.96,17.96,17.98,17.95,57361"
2025-12-10T11:15:00.000-00:00,"17.95,17.98,17.98,17.95,14862"
2025-12-10T11:20:00.000-00:00,"17.98,17.99,17.99,17.98,9186"
2025-12-10T11:25:00.000-00:00,"17.99,18,18,17.98,11736"
2025-12-10T11:30:00.000-00:00,"17.99,17.99,18,17.95,7481"
2025-12-10T11:40:00.000-00:00,"17.99,17.95,17.99,17.95,30805"
2025-12-10T11:45:00.000-00:00,"17.98,17.99,17.99,17.98,6194"
2025-12-10T11:50:00.000-00:00,"17.99,18.09,18.09,17.99,530647"
2025-12-10T11:55:00.000-00:00,"18.05,18.04,18.15,17.99,601041"
2025-12-10T12:00:00.000-00:00,"18,18,18,18,14"
2025-12-10T12:05:00.000-00:00,"18.04,18.13,18.13,18.04,11652"
2025-12-10T12:10:00.000-00:00,"18.12,18,18.13,18,155303"
2025-12-10T12:25:00.000-00:00,"18,18,18,18,106456"
2025-12-11T08:00:00.000-00:00,"18.05,18.15,18.15,18.01,15769"
2025-12-11T08:05:00.000-00:00,"18.15,18.39,18.4,18.15,133156"
2025-12-11T08:10:00.000-00:00,"18.34,18.48,18.49,18.21,65530"
2025-12-11T08:15:00.000-00:00,"18.47,18.41,18.48,18.3,10351"
2025-12-11T08:20:00.000-00:00,"18.4,18.4,18.4,18.4,3899"
2025-12-11T08:25:00.000-00:00,"18.4,18.4,18.5,18.36,232223"
2025-12-11T08:30:00.000-00:00,"18.4,18.5,18.5,18.4,93001"
2025-12-11T08:35:00.000-00:00,"18.5,18.44,18.5,18.4,78375"
2025-12-11T08:40:00.000-00:00,"18.44,18.35,18.44,18.35,206005"
2025-12-11T08:45:00.000-00:00,"18.4,18.4,18.4,18.35,15679"
2025-12-11T08:50:00.000-00:00,"18.45,18.4,18.45,18.4,1153"
2025-12-11T08:55:00.000-00:00,"18.4,18.37,18.4,18.3,52450"
2025-12-11T09:00:00.000-00:00,"18.31,18.3,18.37,18.3,16072"
2025-12-11T09:05:00.000-00:00,"18.36,18.33,18.37,18.31,13158"
2025-12-11T09:10:00.000-00:00,"18.37,18.3,18.37,18.3,118747"
2025-12-11T09:15:00.000-00:00,"18.3,18.3,18.35,18.3,142225"
2025-12-11T09:20:00.000-00:00,"18.35,18.33,18.43,18.33,59954"
2025-12-11T09:25:00.000-00:00,"18.35,18.4,18.4,18.33,40512"
2025-12-11T09:30:00.000-00:00,"18.4,18.35,18.4,18.35,353"
2025-12-11T09:35:00.000-00:00,"18.36,18.35,18.4,18.35,7771"
2025-12-11T09:40:00.000-00:00,"18.35,18.4,18.4,18.35,16893"
2025-12-11T09:45:00.000-00:00,"18.4,18.39,18.4,18.36,5667"
2025-12-11T09:50:00.000-00:00,"18.35,18.32,18.37,18.3,47858"
2025-12-11T09:55:00.000-00:00,"18.36,18.37,18.37,18.36,3875"
2025-12-11T10:00:00.000-00:00,"18.37,18.32,18.37,18.32,3104"
2025-12-11T10:05:00.000-00:00,"18.35,18.25,18.35,18.25,106479"
2025-12-11T10:10:00.000-00:00,"18.25,18.2,18.25,18.19,36497"
2025-12-11T10:15:00.000-00:00,"18.2,18.2,18.2,18.15,46449"
2025-12-11T10:20:00.000-00:00,"18.2,18.2,18.25,18.2,173759"
2025-12-11T10:25:00.000-00:00,"18.2,18.2,18.25,18.2,299714"
2025-12-11T10:30:00.000-00:00,"18.2,18.21,18.25,18.2,167851"
2025-12-11T10:35:00.000-00:00,"18.22,18.25,18.31,18.22,38104"
2025-12-11T10:40:00.000-00:00,"18.3,18.3,18.3,18.19,140108"
2025-12-11T10:45:00.000-00:00,"18.2,18.19,18.29,18.19,5338"
2025-12-11T10:50:00.000-00:00,"18.22,18.2,18.22,18.19,83961"
2025-12-11T10:55:00.000-00:00,"18.18,18.19,18.19,18.12,42768"
2025-12-11T11:00:00.000-00:00,"18.19,18.19,18.2,18.19,9729"
2025-12-11T11:05:00.000-00:00,"18.2,18.29,18.29,18.15,543312"
2025-12-11T11:10:00.000-00:00,"18.29,18.36,18.37,18.22,67119"
2025-12-11T11:15:00.000-00:00,"18.33,18.3,18.35,18.24,30356"
2025-12-11T11:20:00.000-00:00,"18.3,18.3,18.32,18.25,78070"
2025-12-11T11:25:00.000-00:00,"18.3,18.29,18.3,18.29,27587"
2025-12-11T11:30:00.000-00:00,"18.29,18.24,18.29,18.24,319841"
2025-12-11T11:35:00.000-00:00,"18.29,18.3,18.3,18.24,48036"
2025-12-11T11:40:00.000-00:00,"18.29,18.3,18.3,18.26,26735"
2025-12-11T11:45:00.000-00:00,"18.26,18.24,18.3,18.24,100213"
2025-12-11T11:50:00.000-00:00,"18.25,18.25,18.3,18.24,129483"
2025-12-11T11:55:00.000-00:00,"18.25,18.23,18.25,18.22,43874"
2025-12-11T12:00:00.000-00:00,"18.23,18.24,18.24,18.22,48552"
2025-12-11T12:05:00.000-00:00,"18.22,18.23,18.24,18.22,38629"
2025-12-11T12:10:00.000-00:00,"18.23,18.15,18.23,18.15,32434"
2025-12-11T12:25:00.000-00:00,"18,18,18,18,78084"
2025-12-14T08:00:00.000-00:00,"18.06,18.2,18.25,18.06,44969"
2025-12-14T08:05:00.000-00:00,"18.25,18.2,18.25,18.12,63527"
2025-12-14T08:10:00.000-00:00,"18.2,18.14,18.2,18.13,21263"
2025-12-14T08:15:00.000-00:00,"18.2,18.22,18.3,18.2,322381"
2025-12-14T08:20:00.000-00:00,"18.25,18.26,18.34,18.25,7185"
2025-12-14T08:25:00.000-00:00,"18.3,18.31,18.34,18.3,33824"
2025-12-14T08:30:00.000-00:00,"18.31,18.34,18.34,18.3,35534"
2025-12-14T08:35:00.000-00:00,"18.35,18.35,18.35,18.34,34943"
2025-12-14T08:40:00.000-00:00,"18.35,18.37,18.37,18.35,22002"
2025-12-14T08:45:00.000-00:00,"18.37,18.5,18.5,18.37,694113"
2025-12-14T08:50:00.000-00:00,"18.51,18.49,18.53,18.49,182712"
2025-12-14T08:55:00.000-00:00,"18.45,18.41,18.45,18.4,10002"
2025-12-14T09:00:00.000-00:00,"18.48,18.44,18.48,18.41,4172"
2025-12-14T09:05:00.000-00:00,"18.44,18.44,18.45,18.41,36337"
2025-12-14T09:10:00.000-00:00,"18.43,18.4,18.43,18.4,65873"
2025-12-14T09:15:00.000-00:00,"18.4,18.4,18.45,18.4,49928"
2025-12-14T09:20:00.000-00:00,"18.41,18.41,18.41,18.4,11708"
2025-12-14T09:25:00.000-00:00,"18.42,18.44,18.46,18.42,30132"
2025-12-14T09:30:00.000-00:00,"18.44,18.46,18.46,18.43,8805"
2025-12-14T09:35:00.000-00:00,"18.46,18.45,18.47,18.45,60996"
2025-12-14T09:40:00.000-00:00,"18.45,18.45,18.45,18.45,4000"
2025-12-14T09:45:00.000-00:00,"18.45,18.46,18.46,18.44,30045"
2025-12-14T09:50:00.000-00:00,"18.46,18.49,18.49,18.45,25705"
2025-12-14T09:55:00.000-00:00,"18.48,18.47,18.49,18.47,12394"
2025-12-14T10:00:00.000-00:00,"18.48,18.46,18.49,18.46,15684"
2025-12-14T10:05:00.000-00:00,"18.48,18.46,18.48,18.46,1562"
2025-12-14T10:10:00.000-00:00,"18.46,18.47,18.47,18.46,6114"
2025-12-14T10:15:00.000-00:00,"18.48,18.47,18.48,18.46,3349"
2025-12-14T10:20:00.000-00:00,"18.46,18.5,18.5,18.45,119262"
2025-12-14T10:25:00.000-00:00,"18.5,18.5,18.5,18.5,11236"
2025-12-14T10:30:00.000-00:00,"18.5,18.5,18.51,18.5,32462"
2025-12-14T10:35:00.000-00:00,"18.5,18.49,18.5,18.49,4612"
2025-12-14T10:40:00.000-00:00,"18.48,18.45,18.48,18.45,2087"
2025-12-14T10:45:00.000-00:00,"18.45,18.49,18.49,18.45,53297"
2025-12-14T10:50:00.000-00:00,"18.49,18.49,18.49,18.49,1309"
2025-12-14T10:55:00.000-00:00,"18.49,18.5,18.5,18.48,22796"
2025-12-14T11:00:00.000-00:00,"18.48,18.5,18.51,18.48,49704"
2025-12-14T11:05:00.000-00:00,"18.47,18.48,18.5,18.47,7633"
2025-12-14T11:10:00.000-00:00,"18.5,18.5,18.5,18.47,51360"
2025-12-14T11:15:00.000-00:00,"18.5,18.48,18.5,18.48,38"
2025-12-14T11:20:00.000-00:00,"18.5,18.5,18.5,18.48,25159"
2025-12-14T11:25:00.000-00:00,"18.49,18.5,18.5,18.49,2394"
2025-12-14T11:30:00.000-00:00,"18.5,18.51,18.51,18.5,11866"
2025-12-14T11:35:00.000-00:00,"18.52,18.47,18.53,18.47,166151"
2025-12-14T11:40:00.000-00:00,"18.47,18.5,18.52,18.45,57005"
2025-12-14T11:45:00.000-00:00,"18.5,18.46,18.52,18.46,97426"
2025-12-14T11:50:00.000-00:00,"18.46,18.5,18.5,18.46,8298"
2025-12-14T11:55:00.000-00:00,"18.5,18.6,18.6,18.5,176356"
2025-12-14T12:00:00.000-00:00,"18.6,18.6,18.6,18.51,23445"
2025-12-14T12:05:00.000-00:00,"18.6,18.55,18.63,18.51,66210"
2025-12-14T12:10:00.000-00:00,"18.62,18.6,18.62,18.55,108893"
2025-12-14T12:25:00.000-00:00,"18.6,18.6,18.6,18.6,32389"
2025-12-15T08:00:00.000-00:00,"18.6,18.55,18.7,18.55,13523"
2025-12-15T08:05:00.000-00:00,"18.58,18.6,18.6,18.56,26822"
2025-12-15T08:10:00.000-00:00,"18.6,18.7,18.7,18.6,88697"
2025-12-15T08:15:00.000-00:00,"18.7,18.65,18.7,18.65,42236"
2025-12-15T08:20:00.000-00:00,"18.65,18.74,18.75,18.65,93969"
2025-12-15T08:25:00.000-00:00,"18.71,18.89,18.99,18.69,326831"
2025-12-15T08:30:00.000-00:00,"18.89,18.89,18.9,18.86,40677"
2025-12-15T08:35:00.000-00:00,"18.89,18.75,18.89,18.75,13457"
2025-12-15T08:40:00.000-00:00,"18.79,18.73,18.8,18.73,39856"
2025-12-15T08:45:00.000-00:00,"18.74,18.68,18.75,18.66,83003"
2025-12-15T08:50:00.000-00:00,"18.68,18.7,18.78,18.66,59691"
2025-12-15T08:55:00.000-00:00,"18.7,18.8,18.8,18.67,22059"
2025-12-15T09:00:00.000-00:00,"18.8,18.8,18.8,18.72,11114"
2025-12-15T09:05:00.000-00:00,"18.79,18.85,18.85,18.79,22705"
2025-12-15T09:10:00.000-00:00,"18.85,18.83,18.85,18.76,72377"
2025-12-15T09:15:00.000-00:00,"18.8,18.83,18.83,18.8,10270"
2025-12-15T09:20:00.000-00:00,"18.82,18.82,18.84,18.82,14948"
2025-12-15T09:25:00.000-00:00,"18.84,18.81,18.84,18.81,14989"
2025-12-15T09:30:00.000-00:00,"18.81,18.81,18.84,18.81,11193"
2025-12-15T09:35:00.000-00:00,"18.81,18.85,18.85,18.8,16950"
2025-12-15T09:40:00.000-00:00,"18.84,18.83,18.85,18.81,6976"
2025-12-15T09:45:00.000-00:00,"18.84,18.84,18.85,18.84,28695"
2025-12-15T09:50:00.000-00:00,"18.85,18.83,18.9,18.83,21194"
2025-12-15T09:55:00.000-00:00,"18.82,18.8,18.83,18.74,41370"
2025-12-15T10:00:00.000-00:00,"18.82,18.83,18.85,18.81,5054"
2025-12-15T10:05:00.000-00:00,"18.84,18.78,18.85,18.78,26606"
2025-12-15T10:10:00.000-00:00,"18.82,18.8,18.84,18.78,62959"
2025-12-15T10:15:00.000-00:00,"18.78,18.83,18.89,18.78,12710"
2025-12-15T10:20:00.000-00:00,"18.88,18.98,18.98,18.85,97226"
2025-12-15T10:25:00.000-00:00,"18.95,18.97,18.99,18.95,84762"
2025-12-15T10:30:00.000-00:00,"18.98,18.98,18.99,18.96,17278"
2025-12-15T10:35:00.000-00:00,"18.98,19.01,19.05,18.97,250937"
2025-12-15T10:40:00.000-00:00,"19.01,19.49,19.5,19,302662"
2025-12-15T10:45:00.000-00:00,"19.47,19.14,19.48,19.14,54435"
2025-12-15T10:50:00.000-00:00,"19.14,19.25,19.29,19.13,44298"
2025-12-15T10:55:00.000-00:00,"19.25,19.29,19.29,19.2,66585"
2025-12-15T11:00:00.000-00:00,"19.25,19.2,19.25,19.1,24744"
2025-12-15T11:05:00.000-00:00,"19.22,19.07,19.22,19.06,38417"
2025-12-15T11:10:00.000-00:00,"19.07,19.1,19.15,19.07,21040"
2025-12-15T11:15:00.000-00:00,"19.15,19.12,19.24,19.07,52393"
2025-12-15T11:20:00.000-00:00,"19.12,19.15,19.2,19.12,32481"
2025-12-15T11:25:00.000-00:00,"19.12,19.18,19.18,19.1,15851"
2025-12-15T11:30:00.000-00:00,"19.11,19.1,19.19,19.07,18039"
2025-12-15T11:35:00.000-00:00,"19.1,19,19.16,19,248961"
2025-12-15T11:40:00.000-00:00,"19.01,19.09,19.12,19,60472"
2025-12-15T11:45:00.000-00:00,"19.09,18.81,19.09,18.8,173934"
2025-12-15T11:50:00.000-00:00,"18.83,18.82,18.99,18.8,15673"
2025-12-15T11:55:00.000-00:00,"18.83,18.75,18.96,18.75,58722"
2025-12-15T12:00:00.000-00:00,"18.77,18.65,18.77,18.64,58337"
2025-12-15T12:05:00.000-00:00,"18.7,18.65,18.79,18.64,50403"
2025-12-15T12:10:00.000-00:00,"18.66,18.66,18.74,18.65,44123"
2025-12-15T12:25:00.000-00:00,"18.6,18.6,18.6,18.6,379578"
2025-12-16T08:00:00.000-00:00,"18.65,18.75,18.77,18.65,23675"
2025-12-16T08:05:00.000-00:00,"18.7,18.75,18.77,18.7,34196"
2025-12-16T08:10:00.000-00:00,"18.75,18.74,18.76,18.7,49508"
2025-12-16T08:15:00.000-00:00,"18.73,18.73,18.73,18.71,3772"
2025-12-16T08:20:00.000-00:00,"18.72,18.75,18.75,18.72,37942"
2025-12-16T08:25:00.000-00:00,"18.77,18.89,18.97,18.77,39304"
2025-12-16T08:30:00.000-00:00,"18.87,18.95,18.97,18.87,22726"
2025-12-16T08:35:00.000-00:00,"18.92,18.81,18.92,18.73,55559"
2025-12-16T08:40:00.000-00:00,"18.8,18.86,18.86,18.8,23320"
2025-12-16T08:45:00.000-00:00,"18.86,18.8,18.86,18.74,17612"
2025-12-16T08:50:00.000-00:00,"18.8,18.72,18.8,18.7,220836"
2025-12-16T08:55:00.000-00:00,"18.72,18.74,18.77,18.69,255100"
2025-12-16T09:00:00.000-00:00,"18.7,18.74,18.74,18.7,100246"
2025-12-16T09:05:00.000-00:00,"18.71,18.6,18.71,18.6,107684"
2025-12-16T09:10:00.000-00:00,"18.6,18.41,18.6,18.41,228666"
2025-12-16T09:15:00.000-00:00,"18.44,18.06,18.44,17.71,165193"
2025-12-16T09:20:00.000-00:00,"18.1,18.11,18.15,18.01,165247"
2025-12-16T09:25:00.000-00:00,"18.11,18.25,18.25,18.09,102747"
2025-12-16T09:30:00.000-00:00,"18.27,18.25,18.27,18.16,43731"
2025-12-16T09:35:00.000-00:00,"18.23,18.2,18.23,18.2,18099"
2025-12-16T09:40:00.000-00:00,"18.19,18,18.19,18,843101"
2025-12-16T09:45:00.000-00:00,"18,17.99,18,17.92,70551"
2025-12-16T09:50:00.000-00:00,"17.99,17.96,17.99,17.93,13370"
2025-12-16T09:55:00.000-00:00,"17.99,17.96,18.04,17.95,484442"
2025-12-16T10:00:00.000-00:00,"17.96,17.95,17.96,17.9,557655"
2025-12-16T10:05:00.000-00:00,"17.95,18,18.2,17.95,220496"
2025-12-16T10:10:00.000-00:00,"18,18.08,18.08,18,12768"
2025-12-16T10:15:00.000-00:00,"18.08,18,18.08,18,246623"
2025-12-16T10:20:00.000-00:00,"18,18,18,17.98,1303"
2025-12-16T10:25:00.000-00:00,"18,17.99,18,17.98,12994"
2025-12-16T10:30:00.000-00:00,"18,18,18,18,44187"
2025-12-16T10:35:00.000-00:00,"18,18,18,18,5196"
2025-12-16T10:40:00.000-00:00,"18,18.05,18.06,18,3654"
2025-12-16T10:45:00.000-00:00,"18.05,18.05,18.06,18.05,17095"
2025-12-16T10:50:00.000-00:00,"18.05,18.01,18.05,18.01,7271"
2025-12-16T10:55:00.000-00:00,"18.01,18.13,18.13,17.99,102467"
2025-12-16T11:00:00.000-00:00,"18.1,18.1,18.1,18.06,16663"
2025-12-16T11:05:00.000-00:00,"18.1,18.05,18.1,18.05,17999"
2025-12-16T11:10:00.000-00:00,"18.04,18.05,18.1,18.04,11289"
2025-12-16T11:15:00.000-00:00,"18.08,18.02,18.08,18.02,6372"
2025-12-16T11:20:00.000-00:00,"18.02,18.01,18.05,18.01,47036"
2025-12-16T11:25:00.000-00:00,"18.05,18.05,18.05,18.01,5693"
2025-12-16T11:30:00.000-00:00,"18.02,18,18.02,18,211521"
2025-12-16T11:35:00.000-00:00,"18,17.96,18,17.95,50627"
2025-12-16T11:40:00.000-00:00,"17.96,17.98,17.99,17.88,127403"
2025-12-16T11:45:00.000-00:00,"17.96,17.85,17.97,17.85,9724"
2025-12-16T11:50:00.000-00:00,"17.9,17.96,17.96,17.88,10194"
2025-12-16T11:55:00.000-00:00,"17.95,17.8,17.96,17.8,53117"
2025-12-16T12:00:00.000-00:00,"17.89,17.9,17.9,17.8,6821"
2025-12-16T12:05:00.000-00:00,"17.9,17.95,17.97,17.87,51749"
2025-12-16T12:10:00.000-00:00,"17.94,17.8,17.94,17.77,128320"
2025-12-16T12:25:00.000-00:00,"17.86,17.86,17.86,17.86,121302"
2025-12-17T08:00:00.000-00:00,"17.86,17.75,17.86,17.75,34115"
2025-12-17T08:05:00.000-00:00,"17.79,17.72,17.8,17.71,19748"
2025-12-17T08:10:00.000-00:00,"17.72,17.63,17.72,17.61,31973"
2025-12-17T08:15:00.000-00:00,"17.63,17.65,17.65,17.62,21200"
2025-12-17T08:20:00.000-00:00,"17.62,17.7,17.7,17.62,15226"
2025-12-17T08:25:00.000-00:00,"17.75,17.7,17.76,17.7,5070"
2025-12-17T08:30:00.000-00:00,"17.75,17.7,17.75,17.65,24224"
2025-12-17T08:35:00.000-00:00,"17.7,17.7,17.74,17.66,20148"
2025-12-17T08:40:00.000-00:00,"17.7,17.7,17.7,17.65,46639"
2025-12-17T08:45:00.000-00:00,"17.7,17.7,17.7,17.65,34646"
2025-12-17T08:50:00.000-00:00,"17.73,17.76,17.76,17.7,15516"
2025-12-17T08:55:00.000-00:00,"17.75,17.82,17.82,17.75,241156"
2025-12-17T09:00:00.000-00:00,"17.8,17.8,17.85,17.8,29584"
2025-12-17T09:05:00.000-00:00,"17.83,17.8,17.83,17.8,18274"
2025-12-17T09:10:00.000-00:00,"17.83,17.83,17.83,17.83,174"
2025-12-17T09:15:00.000-00:00,"17.82,17.82,17.82,17.82,779"
2025-12-17T09:20:00.000-00:00,"17.81,17.81,17.83,17.81,3840"
2025-12-17T09:25:00.000-00:00,"17.81,17.91,17.91,17.81,84156"
2025-12-17T09:30:00.000-00:00,"17.95,18,18.18,17.9,358766"
2025-12-17T09:35:00.000-00:00,"18,18,18.09,18,126175"
2025-12-17T09:40:00.000-00:00,"18.01,18,18.01,18,6132"
2025-12-17T09:45:00.000-00:00,"18,18,18,17.95,3238"
2025-12-17T09:50:00.000-00:00,"17.98,17.98,17.98,17.98,1961"
2025-12-17T09:55:00.000-00:00,"17.98,17.98,17.98,17.96,1137"
2025-12-17T10:00:00.000-00:00,"17.99,17.97,18,17.97,6232"
2025-12-17T10:05:00.000-00:00,"17.97,17.99,17.99,17.97,2454"
2025-12-17T10:10:00.000-00:00,"17.99,17.99,17.99,17.99,1998"
2025-12-17T10:15:00.000-00:00,"17.97,17.99,17.99,17.97,4126"
2025-12-17T10:20:00.000-00:00,"17.99,17.99,17.99,17.99,1162"
2025-12-17T10:25:00.000-00:00,"17.99,17.9,17.99,17.9,57022"
2025-12-17T10:30:00.000-00:00,"17.99,17.99,17.99,17.9,20316"
2025-12-17T10:35:00.000-00:00,"17.9,17.9,17.97,17.9,8848"
2025-12-17T10:40:00.000-00:00,"17.95,17.95,17.95,17.9,4640"
2025-12-17T10:45:00.000-00:00,"17.95,17.94,17.96,17.9,7603"
2025-12-17T10:50:00.000-00:00,"17.9,17.9,17.94,17.9,11218"
2025-12-17T10:55:00.000-00:00,"17.9,17.9,17.9,17.9,2500"
2025-12-17T11:00:00.000-00:00,"17.9,17.9,17.93,17.9,3973"
2025-12-17T11:05:00.000-00:00,"17.9,18,18,17.9,40577"
2025-12-17T11:10:00.000-00:00,"18.01,17.99,18.01,17.99,51495"
2025-12-17T11:15:00.000-00:00,"17.99,17.99,18,17.96,3863"
2025-12-17T11:20:00.000-00:00,"17.99,17.99,17.99,17.94,10135"
2025-12-17T11:25:00.000-00:00,"17.94,17.91,17.94,17.91,30076"
2025-12-17T11:30:00.000-00:00,"17.98,17.98,17.98,17.98,18"
2025-12-17T11:35:00.000-00:00,"17.97,17.93,17.97,17.93,3832"
2025-12-17T11:40:00.000-00:00,"17.97,18.08,18.08,17.97,149610"
2025-12-17T11:45:00.000-00:00,"18.08,18.05,18.1,18,75686"
2025-12-17T11:50:00.000-00:00,"18.05,18.1,18.1,18.01,31174"
2025-12-17T11:55:00.000-00:00,"18.14,17.97,18.15,17.97,52120"
2025-12-17T12:00:00.000-00:00,"18,17.93,18,17.93,9317"
2025-12-17T12:05:00.000-00:00,"17.96,18,18,17.96,37413"
2025-12-17T12:10:00.000-00:00,"18,18,18,17.98,43048"
2025-12-17T12:25:00.000-00:00,"17.91,17.91,17.91,17.91,89408"
2025-12-18T08:00:00.000-00:00,"17.97,18.5,18.9,17.97,140724"
2025-12-18T08:05:00.000-00:00,"18.5,18.24,18.5,18.11,53266"
2025-12-18T08:10:00.000-00:00,"18.11,18.01,18.23,18.01,55314"
2025-12-18T08:15:00.000-00:00,"18.07,17.99,18.09,17.9,47429"
2025-12-18T08:20:00.000-00:00,"18.09,18,18.09,17.97,10804"
2025-12-18T08:25:00.000-00:00,"18,17.9,18,17.9,63281"
2025-12-18T08:30:00.000-00:00,"17.91,17.89,17.91,17.85,4915"
2025-12-18T08:35:00.000-00:00,"17.85,17.88,17.89,17.8,54140"
2025-12-18T08:40:00.000-00:00,"17.85,17.84,17.87,17.78,50987"
2025-12-18T08:45:00.000-00:00,"17.82,17.77,17.82,17.77,7247"
2025-12-18T08:50:00.000-00:00,"17.77,17.8,17.8,17.73,36622"
2025-12-18T08:55:00.000-00:00,"17.8,17.8,17.8,17.75,22851"
2025-12-18T09:00:00.000-00:00,"17.8,17.93,17.93,17.75,23650"
2025-12-18T09:05:00.000-00:00,"17.93,17.93,17.93,17.93,108"
2025-12-18T09:10:00.000-00:00,"17.82,17.89,17.89,17.82,2038"
2025-12-18T09:15:00.000-00:00,"17.85,17.89,17.89,17.77,2185"
2025-12-18T09:20:00.000-00:00,"17.89,17.75,17.89,17.75,25641"
2025-12-18T09:25:00.000-00:00,"17.78,17.87,17.89,17.77,10322"
2025-12-18T09:30:00.000-00:00,"17.78,17.76,17.86,17.76,65080"
2025-12-18T09:35:00.000-00:00,"17.85,17.77,17.85,17.77,422"
2025-12-18T09:40:00.000-00:00,"17.85,17.8,17.85,17.8,11716"
2025-12-18T09:45:00.000-00:00,"17.8,17.78,17.85,17.78,14030"
2025-12-18T09:50:00.000-00:00,"17.78,17.81,17.81,17.77,11412"
2025-12-18T09:55:00.000-00:00,"17.77,17.83,17.83,17.77,15100"
2025-12-18T10:00:00.000-00:00,"17.77,17.77,17.77,17.77,272"
2025-12-18T10:05:00.000-00:00,"17.78,17.78,17.78,17.78,101"
2025-12-18T10:10:00.000-00:00,"17.78,17.78,17.8,17.78,4064"
2025-12-18T10:15:00.000-00:00,"17.77,17.8,17.8,17.77,6064"
2025-12-18T10:20:00.000-00:00,"17.77,17.79,17.79,17.75,30126"
2025-12-18T10:25:00.000-00:00,"17.79,17.79,17.79,17.75,6356"
2025-12-18T10:30:00.000-00:00,"17.76,17.7,17.79,17.7,75962"
2025-12-18T10:35:00.000-00:00,"17.79,17.8,17.8,17.71,8562"
2025-12-18T10:40:00.000-00:00,"17.78,17.7,17.79,17.7,6885"
2025-12-18T10:45:00.000-00:00,"17.69,17.7,17.7,17.67,30834"
2025-12-18T10:50:00.000-00:00,"17.69,17.62,17.69,17.62,43870"
2025-12-18T10:55:00.000-00:00,"17.69,17.65,17.69,17.6,54657"
2025-12-18T11:00:00.000-00:00,"17.66,17.78,17.78,17.65,24280"
2025-12-18T11:05:00.000-00:00,"17.74,17.7,17.74,17.67,15685"
2025-12-18T11:10:00.000-00:00,"17.69,17.65,17.75,17.65,17843"
2025-12-18T11:15:00.000-00:00,"17.65,17.7,17.7,17.65,16112"
2025-12-18T11:20:00.000-00:00,"17.66,17.64,17.7,17.64,7313"
2025-12-18T11:25:00.000-00:00,"17.64,17.62,17.7,17.6,59694"
2025-12-18T11:30:00.000-00:00,"17.65,17.64,17.68,17.6,19088"
2025-12-18T11:35:00.000-00:00,"17.64,17.8,17.8,17.62,39501"
2025-12-18T11:40:00.000-00:00,"17.7,17.71,17.8,17.6,23688"
2025-12-18T11:45:00.000-00:00,"17.7,17.67,17.71,17.67,12049"
2025-12-18T11:50:00.000-00:00,"17.67,17.7,17.7,17.67,49214"
2025-12-18T11:55:00.000-00:00,"17.67,17.75,17.75,17.67,103509"
2025-12-18T12:00:00.000-00:00,"17.74,17.67,17.74,17.67,102877"
2025-12-18T12:05:00.000-00:00,"17.7,17.7,17.7,17.67,158558"
2025-12-18T12:10:00.000-00:00,"17.7,17.67,17.77,17.67,64168"
2025-12-18T12:25:00.000-00:00,"17.7,17.7,17.7,17.7,5781"
2025-12-21T08:00:00.000-00:00,"17.71,17.98,18,17.7,11286"
2025-12-21T08:05:00.000-00:00,"17.98,17.9,17.98,17.73,7772"
2025-12-21T08:10:00.000-00:00,"17.9,17.81,17.95,17.8,14985"
2025-12-21T08:15:00.000-00:00,"17.81,17.9,17.94,17.81,11762"
2025-12-21T08:20:00.000-00:00,"17.89,17.9,17.92,17.89,20291"
2025-12-21T08:25:00.000-00:00,"17.89,17.8,17.89,17.8,422"
2025-12-21T08:30:00.000-00:00,"17.89,17.88,17.89,17.8,1303"
2025-12-21T08:35:00.000-00:00,"17.88,17.81,17.88,17.81,5115"
2025-12-21T08:40:00.000-00:00,"17.88,17.84,17.9,17.82,52236"
2025-12-21T08:45:00.000-00:00,"17.83,17.87,17.9,17.83,16739"
2025-12-21T08:50:00.000-00:00,"17.85,17.84,17.9,17.84,8143"
2025-12-21T08:55:00.000-00:00,"17.83,17.83,17.83,17.83,8894"
2025-12-21T09:00:00.000-00:00,"17.83,17.83,17.83,17.81,5447"
2025-12-21T09:05:00.000-00:00,"17.83,17.87,17.87,17.83,8591"
2025-12-21T09:10:00.000-00:00,"17.87,17.83,17.87,17.81,10289"
2025-12-21T09:15:00.000-00:00,"17.84,17.83,17.84,17.83,500"
2025-12-21T09:20:00.000-00:00,"17.83,17.81,17.83,17.81,16904"
2025-12-21T09:25:00.000-00:00,"17.82,17.82,17.82,17.81,7685"
2025-12-21T09:30:00.000-00:00,"17.82,17.81,17.82,17.81,556"
2025-12-21T09:40:00.000-00:00,"17.82,17.82,17.82,17.81,5737"
2025-12-21T09:45:00.000-00:00,"17.82,17.85,17.85,17.82,1618"
2025-12-21T09:50:00.000-00:00,"17.82,17.83,17.83,17.82,948"
2025-12-21T09:55:00.000-00:00,"17.82,17.82,17.85,17.82,8806"
2025-12-21T10:00:00.000-00:00,"17.82,17.82,17.82,17.82,850"
2025-12-21T10:05:00.000-00:00,"17.83,17.8,17.83,17.8,88535"
2025-12-21T10:10:00.000-00:00,"17.8,17.82,17.82,17.7,27002"
2025-12-21T10:15:00.000-00:00,"17.82,17.76,17.82,17.76,867"
2025-12-21T10:20:00.000-00:00,"17.8,17.8,17.8,17.8,489"
2025-12-21T10:30:00.000-00:00,"17.78,17.75,17.78,17.75,24539"
2025-12-21T10:35:00.000-00:00,"17.74,17.78,17.78,17.73,24099"
2025-12-21T10:45:00.000-00:00,"17.79,17.71,17.79,17.7,16942"
2025-12-21T10:50:00.000-00:00,"17.78,17.78,17.78,17.78,22"
2025-12-21T10:55:00.000-00:00,"17.73,17.8,17.8,17.73,36156"
2025-12-21T11:00:00.000-00:00,"17.74,17.74,17.74,17.73,2222"
2025-12-21T11:05:00.000-00:00,"17.74,17.78,17.78,17.74,818"
2025-12-21T11:10:00.000-00:00,"17.78,17.75,17.8,17.75,26963"
2025-12-21T11:15:00.000-00:00,"17.76,17.79,17.79,17.76,507"
2025-12-21T11:20:00.000-00:00,"17.77,17.79,17.79,17.76,3310"
2025-12-21T11:25:00.000-00:00,"17.77,17.74,17.77,17.74,11079"
2025-12-21T11:30:00.000-00:00,"17.73,17.72,17.73,17.72,13525"
2025-12-21T11:35:00.000-00:00,"17.73,17.75,17.75,17.72,6624"
2025-12-21T11:40:00.000-00:00,"17.75,17.82,17.82,17.75,50791"
2025-12-21T11:45:00.000-00:00,"17.78,17.8,17.8,17.76,29904"
2025-12-21T11:50:00.000-00:00,"17.8,17.8,17.8,17.8,5859"
2025-12-21T11:55:00.000-00:00,"17.82,17.97,17.97,17.8,59851"
2025-12-21T12:00:00.000-00:00,"17.95,17.97,17.97,17.95,10059"
2025-12-21T12:05:00.000-00:00,"17.96,17.9,17.96,17.9,12795"
2025-12-21T12:10:00.000-00:00,"17.9,17.81,17.9,17.81,43007"
2025-12-21T12:25:00.000-00:00,"17.8,17.8,17.8,17.8,134305"
2025-12-22T08:00:00.000-00:00,"17.81,17.86,17.86,17.81,6947"
2025-12-22T08:05:00.000-00:00,"17.86,17.84,17.86,17.84,1629"
2025-12-22T08:10:00.000-00:00,"17.84,17.84,17.84,17.84,3926"
2025-12-22T08:15:00.000-00:00,"17.85,17.9,17.9,17.85,11389"
2025-12-22T08:20:00.000-00:00,"17.9,17.9,17.9,17.89,41664"
2025-12-22T08:25:00.000-00:00,"17.88,17.9,17.9,17.88,24070"
2025-12-22T08:30:00.000-00:00,"17.9,17.86,17.9,17.86,38043"
2025-12-22T08:35:00.000-00:00,"17.86,17.89,17.89,17.86,821"
2025-12-22T08:40:00.000-00:00,"17.89,17.89,17.89,17.89,5639"
2025-12-22T08:45:00.000-00:00,"17.9,17.86,17.9,17.86,6705"
2025-12-22T08:50:00.000-00:00,"17.89,17.86,17.89,17.86,3030"
2025-12-22T08:55:00.000-00:00,"17.86,17.86,17.86,17.86,5010"
2025-12-22T09:00:00.000-00:00,"17.86,17.86,17.89,17.85,15490"
2025-12-22T09:05:00.000-00:00,"17.86,17.87,17.87,17.86,34093"
2025-12-22T09:10:00.000-00:00,"17.87,17.87,17.87,17.87,1168"
2025-12-22T09:15:00.000-00:00,"17.87,17.88,17.88,17.87,23489"
2025-12-22T09:20:00.000-00:00,"17.89,17.9,17.9,17.88,61224"
2025-12-22T09:25:00.000-00:00,"17.87,17.86,17.87,17.86,1859"
2025-12-22T09:30:00.000-00:00,"17.86,17.87,17.87,17.85,4808"
2025-12-22T09:35:00.000-00:00,"17.87,17.95,17.95,17.85,25719"
2025-12-22T09:40:00.000-00:00,"17.86,17.86,17.86,17.86,345"
2025-12-22T09:45:00.000-00:00,"17.88,17.86,17.9,17.86,49949"
2025-12-22T09:50:00.000-00:00,"17.9,17.9,17.92,17.9,23735"
2025-12-22T09:55:00.000-00:00,"17.86,17.86,17.89,17.86,5540"
2025-12-22T10:00:00.000-00:00,"17.9,17.9,17.9,17.9,212526"
2025-12-22T10:05:00.000-00:00,"17.9,17.87,17.9,17.87,43489"
2025-12-22T10:10:00.000-00:00,"17.9,17.85,17.9,17.85,22063"
2025-12-22T10:15:00.000-00:00,"17.86,17.8,17.86,17.8,66284"
2025-12-22T10:20:00.000-00:00,"17.81,17.78,17.84,17.78,64336"
2025-12-22T10:25:00.000-00:00,"17.8,17.8,17.84,17.8,37969"
2025-12-22T10:30:00.000-00:00,"17.8,17.79,17.8,17.79,138128"
2025-12-22T10:35:00.000-00:00,"17.84,17.84,17.84,17.84,12"
2025-12-22T10:40:00.000-00:00,"17.81,17.8,17.81,17.8,190730"
2025-12-22T10:45:00.000-00:00,"17.8,17.8,17.81,17.8,106722"
2025-12-22T10:50:00.000-00:00,"17.84,17.81,17.84,17.8,1552"
2025-12-22T10:55:00.000-00:00,"17.84,17.84,17.84,17.84,422"
2025-12-22T11:00:00.000-00:00,"17.82,17.82,17.82,17.82,1"
2025-12-22T11:05:00.000-00:00,"17.84,17.81,17.84,17.81,29003"
2025-12-22T11:10:00.000-00:00,"17.8,17.8,17.8,17.8,31621"
2025-12-22T11:15:00.000-00:00,"17.8,17.8,17.8,17.79,8031"
2025-12-22T11:20:00.000-00:00,"17.8,17.8,17.8,17.8,2397"
2025-12-22T11:25:00.000-00:00,"17.8,17.8,17.8,17.79,4955"
2025-12-22T11:30:00.000-00:00,"17.8,17.78,17.8,17.78,5670"
2025-12-22T11:35:00.000-00:00,"17.79,17.5,17.8,17.5,258906"
2025-12-22T11:40:00.000-00:00,"17.6,17.65,17.75,17.55,26490"
2025-12-22T11:45:00.000-00:00,"17.69,17.6,17.69,17.6,21287"
2025-12-22T11:50:00.000-00:00,"17.6,17.6,17.68,17.6,170058"
2025-12-22T11:55:00.000-00:00,"17.6,17.6,17.6,17.6,181105"
2025-12-22T12:00:00.000-00:00,"17.68,17.68,17.68,17.68,570"
2025-12-22T12:05:00.000-00:00,"17.68,17.7,17.85,17.68,28486"
2025-12-22T12:10:00.000-00:00,"17.71,17.6,17.8,17.6,27168"
2025-12-22T12:25:00.000-00:00,"17.6,17.6,17.6,17.6,180708"
2025-12-23T08:00:00.000-00:00,"17.62,17.74,17.84,17.62,4471"
2025-12-23T08:05:00.000-00:00,"17.8,17.8,17.8,17.8,133"
2025-12-23T08:10:00.000-00:00,"17.74,17.7,17.74,17.7,15065"
2025-12-23T08:15:00.000-00:00,"17.7,17.8,17.8,17.7,20299"
2025-12-23T08:20:00.000-00:00,"17.76,17.8,17.8,17.75,22012"
2025-12-23T08:25:00.000-00:00,"17.76,17.79,17.8,17.75,38551"
2025-12-23T08:30:00.000-00:00,"17.75,17.77,17.78,17.75,49786"
2025-12-23T08:35:00.000-00:00,"17.77,17.76,17.77,17.75,95070"
2025-12-23T08:40:00.000-00:00,"17.76,17.77,17.77,17.76,4751"
2025-12-23T08:45:00.000-00:00,"17.76,17.78,17.78,17.75,57053"
2025-12-23T08:50:00.000-00:00,"17.79,17.8,17.81,17.79,56938"
2025-12-23T08:55:00.000-00:00,"17.81,17.8,17.84,17.8,34191"
2025-12-23T09:00:00.000-00:00,"17.8,17.8,17.8,17.8,63382"
2025-12-23T09:05:00.000-00:00,"17.8,17.8,17.81,17.8,129787"
2025-12-23T09:10:00.000-00:00,"17.8,17.81,17.81,17.8,39024"
2025-12-23T09:15:00.000-00:00,"17.84,17.84,17.84,17.84,1"
2025-12-23T09:20:00.000-00:00,"17.84,17.8,17.84,17.8,33434"
2025-12-23T09:25:00.000-00:00,"17.81,17.84,17.84,17.8,4801"
2025-12-23T09:30:00.000-00:00,"17.84,17.85,17.85,17.8,189942"
2025-12-23T09:35:00.000-00:00,"17.85,17.81,17.85,17.81,77"
2025-12-23T09:40:00.000-00:00,"17.81,17.84,17.84,17.81,9340"
2025-12-23T09:45:00.000-00:00,"17.84,17.84,17.84,17.84,6658"
2025-12-23T09:50:00.000-00:00,"17.84,17.84,17.84,17.84,4267"
2025-12-23T09:55:00.000-00:00,"17.84,17.84,17.84,17.84,2"
2025-12-23T10:00:00.000-00:00,"17.83,17.83,17.83,17.83,3102"
2025-12-23T10:05:00.000-00:00,"17.82,17.8,17.82,17.8,11246"
2025-12-23T10:10:00.000-00:00,"17.81,17.81,17.81,17.8,5438"
2025-12-23T10:15:00.000-00:00,"17.81,17.81,17.81,17.81,6612"
2025-12-23T10:20:00.000-00:00,"17.8,17.81,17.81,17.8,9770"
2025-12-23T10:25:00.000-00:00,"17.8,17.8,17.8,17.8,552"
2025-12-23T10:30:00.000-00:00,"17.8,17.76,17.8,17.75,585"
2025-12-23T10:35:00.000-00:00,"17.79,17.79,17.79,17.79,3208"
2025-12-23T10:40:00.000-00:00,"17.78,17.75,17.78,17.75,110622"
2025-12-23T10:45:00.000-00:00,"17.75,17.75,17.79,17.75,51786"
2025-12-23T10:50:00.000-00:00,"17.75,17.79,17.8,17.75,34336"
2025-12-23T10:55:00.000-00:00,"17.76,17.79,17.79,17.76,9527"
2025-12-23T11:00:00.000-00:00,"17.79,17.8,17.81,17.78,57876"
2025-12-23T11:05:00.000-00:00,"17.8,17.8,17.81,17.77,69363"
2025-12-23T11:10:00.000-00:00,"17.8,17.83,17.83,17.8,67481"
2025-12-23T11:15:00.000-00:00,"17.83,17.8,17.83,17.8,15000"
2025-12-23T11:20:00.000-00:00,"17.8,17.76,17.8,17.76,57444"
2025-12-23T11:25:00.000-00:00,"17.76,17.78,17.78,17.76,3780"
2025-12-23T11:30:00.000-00:00,"17.78,17.83,17.83,17.76,144835"
2025-12-23T11:35:00.000-00:00,"17.8,17.8,17.8,17.76,8227"
2025-12-23T11:40:00.000-00:00,"17.79,17.8,17.83,17.77,8035"
2025-12-23T11:45:00.000-00:00,"17.8,17.8,17.83,17.8,235501"
2025-12-23T11:50:00.000-00:00,"17.8,17.85,17.85,17.8,122154"
2025-12-23T11:55:00.000-00:00,"17.85,17.85,17.88,17.85,85929"
2025-12-23T12:00:00.000-00:00,"17.88,17.92,17.92,17.88,58803"
2025-12-23T12:05:00.000-00:00,"17.92,18,18,17.92,90347"
2025-12-23T12:10:00.000-00:00,"18,17.99,18,17.76,36001"
2025-12-23T12:25:00.000-00:00,"18,18,18,18,130208"
2025-12-24T08:00:00.000-00:00,"18.05,18.39,18.47,18.05,82730"
2025-12-24T08:05:00.000-00:00,"18.13,18.29,18.35,18.13,1461"
2025-12-24T08:10:00.000-00:00,"18.15,18.29,18.29,18.15,187"
2025-12-24T08:15:00.000-00:00,"18.29,18.2,18.29,18.15,3320"
2025-12-24T08:20:00.000-00:00,"18.15,18.14,18.2,18.14,7943"
2025-12-24T08:25:00.000-00:00,"18.12,18.19,18.19,18.08,23603"
2025-12-24T08:30:00.000-00:00,"18.19,18.19,18.19,18.19,128"
2025-12-24T08:35:00.000-00:00,"18.15,18.18,18.19,18.15,3249"
2025-12-24T08:40:00.000-00:00,"18.18,18.19,18.19,18.18,687"
2025-12-24T08:45:00.000-00:00,"18.19,18.19,18.19,18.19,133"
2025-12-24T08:50:00.000-00:00,"18.19,18.19,18.19,18.19,11"
2025-12-24T08:55:00.000-00:00,"18.18,18.18,18.18,18.18,6"
2025-12-24T09:00:00.000-00:00,"18.1,18.08,18.1,18.08,1425"
2025-12-24T09:05:00.000-00:00,"18.08,18.05,18.08,18.03,22629"
2025-12-24T09:10:00.000-00:00,"18.05,18.05,18.05,18.01,27665"
2025-12-24T09:15:00.000-00:00,"18.05,18.05,18.05,18.05,5577"
2025-12-24T09:20:00.000-00:00,"18.05,18.02,18.05,18,27113"
2025-12-24T09:25:00.000-00:00,"18.05,18.05,18.05,18.05,507"
2025-12-24T09:30:00.000-00:00,"18.02,18.02,18.02,18.02,444"
2025-12-24T09:35:00.000-00:00,"18.03,18.04,18.04,18.02,3596"
2025-12-24T09:40:00.000-00:00,"18.04,18.04,18.04,18.04,302"
2025-12-24T09:50:00.000-00:00,"18.03,18,18.03,18,51176"
2025-12-24T09:55:00.000-00:00,"18,18,18.04,18,6038"
2025-12-24T10:00:00.000-00:00,"18.05,18.01,18.05,18.01,847"
2025-12-24T10:05:00.000-00:00,"18.05,18.05,18.05,18.05,5718"
2025-12-24T10:10:00.000-00:00,"18.05,18.09,18.09,18.05,1911"
2025-12-24T10:15:00.000-00:00,"18.02,18.02,18.02,18.02,100"
2025-12-24T10:30:00.000-00:00,"18.09,18.05,18.09,18.05,180"
2025-12-24T10:35:00.000-00:00,"18.05,18,18.05,18,345220"
2025-12-24T10:40:00.000-00:00,"17.98,18,18,17.98,50138"
2025-12-24T10:45:00.000-00:00,"17.98,18,18,17.9,28924"
2025-12-24T10:50:00.000-00:00,"17.92,18,18,17.92,194"
2025-12-24T10:55:00.000-00:00,"17.95,18,18,17.95,138"
2025-12-24T11:00:00.000-00:00,"18,17.95,18,17.95,1393"
2025-12-24T11:10:00.000-00:00,"17.95,18.07,18.09,17.91,10795"
2025-12-24T11:15:00.000-00:00,"18.05,18.07,18.07,18.05,9554"
2025-12-24T11:20:00.000-00:00,"18.07,17.96,18.07,17.96,338"
2025-12-24T11:25:00.000-00:00,"18.07,18.08,18.08,18.07,11867"
2025-12-24T11:30:00.000-00:00,"18.08,18.01,18.08,18.01,9595"
2025-12-24T11:40:00.000-00:00,"18.08,18.09,18.09,18.08,1395"
2025-12-24T11:45:00.000-00:00,"18.09,18.09,18.09,18.09,417"
2025-12-24T11:50:00.000-00:00,"18.09,18.05,18.09,18.05,2887"
2025-12-24T11:55:00.000-00:00,"18.05,18.05,18.05,18.05,177"
2025-12-24T12:00:00.000-00:00,"18.02,18.05,18.05,18.02,5851"
2025-12-24T12:05:00.000-00:00,"18.05,18.05,18.05,17.99,21403"
2025-12-24T12:10:00.000-00:00,"18,18.09,18.09,17.98,7401"
2025-12-24T12:25:00.000-00:00,"18.01,18.01,18.01,18.01,2030"
2025-12-25T08:00:00.000-00:00,"18.1,18.14,18.2,18.01,3241"
2025-12-25T08:05:00.000-00:00,"18.1,18.09,18.14,18.09,322"
2025-12-25T08:10:00.000-00:00,"18.08,18.08,18.08,18.08,1000"
2025-12-25T08:15:00.000-00:00,"18.05,18.1,18.2,18.05,42007"
2025-12-25T08:20:00.000-00:00,"18.1,18,18.1,17.92,13735"
2025-12-25T08:25:00.000-00:00,"18,17.91,18,17.91,31616"
2025-12-25T08:30:00.000-00:00,"18,17.92,18.1,17.92,26390"
2025-12-25T08:35:00.000-00:00,"18,18,18,17.93,8808"
2025-12-25T08:40:00.000-00:00,"18,17.9,18,17.9,4808"
2025-12-25T08:45:00.000-00:00,"18,18,18,18,100"
2025-12-25T08:50:00.000-00:00,"17.92,17.99,17.99,17.92,8533"
2025-12-25T08:55:00.000-00:00,"17.93,17.98,17.98,17.92,12502"
2025-12-25T09:00:00.000-00:00,"17.91,18,18,17.91,19574"
2025-12-25T09:05:00.000-00:00,"18,17.91,18,17.91,106"
2025-12-25T09:15:00.000-00:00,"17.99,18.05,18.05,17.99,55862"
2025-12-25T09:20:00.000-00:00,"18,18,18,18,5743"
2025-12-25T09:25:00.000-00:00,"17.92,17.91,17.92,17.91,8001"
2025-12-25T09:30:00.000-00:00,"17.91,17.91,17.91,17.91,1000"
2025-12-25T09:35:00.000-00:00,"17.92,17.87,17.92,17.87,34544"
2025-12-25T09:40:00.000-00:00,"17.97,17.9,17.97,17.86,4286"
2025-12-25T09:45:00.000-00:00,"17.86,17.95,17.95,17.85,9379"
2025-12-25T09:50:00.000-00:00,"17.95,17.86,17.95,17.86,4580"
2025-12-25T09:55:00.000-00:00,"17.9,17.82,17.9,17.82,9400"
2025-12-25T10:00:00.000-00:00,"17.95,17.84,17.95,17.84,1648"
2025-12-25T10:05:00.000-00:00,"17.84,17.77,17.95,17.7,65296"
2025-12-25T10:10:00.000-00:00,"17.8,17.7,17.8,17.7,35208"
2025-12-25T10:15:00.000-00:00,"17.7,17.75,17.75,17.7,2924"
2025-12-25T10:20:00.000-00:00,"17.75,17.72,17.75,17.72,152"
2025-12-25T10:25:00.000-00:00,"17.75,17.8,17.8,17.75,6414"
2025-12-25T10:30:00.000-00:00,"17.78,17.78,17.88,17.78,15001"
2025-12-25T10:35:00.000-00:00,"17.88,17.88,17.88,17.88,9"
2025-12-25T10:40:00.000-00:00,"17.85,17.8,17.88,17.8,5565"
2025-12-25T10:45:00.000-00:00,"17.81,17.8,17.81,17.77,27453"
2025-12-25T10:50:00.000-00:00,"17.8,17.8,17.8,17.8,700"
2025-12-25T10:55:00.000-00:00,"17.75,17.7,17.75,17.7,21250"
2025-12-25T11:00:00.000-00:00,"17.79,17.71,17.79,17.7,981"
2025-12-25T11:05:00.000-00:00,"17.79,17.79,17.79,17.79,17"
2025-12-25T11:10:00.000-00:00,"17.79,17.87,17.87,17.79,4081"
2025-12-25T11:15:00.000-00:00,"17.85,17.87,17.87,17.85,4865"
2025-12-25T11:20:00.000-00:00,"17.86,17.75,17.86,17.75,2270"
2025-12-25T11:25:00.000-00:00,"17.75,17.87,17.87,17.73,3364"
2025-12-25T11:30:00.000-00:00,"17.85,17.8,17.86,17.8,19175"
2025-12-25T11:35:00.000-00:00,"17.79,17.79,17.79,17.7,49300"
2025-12-25T11:40:00.000-00:00,"17.7,17.75,17.75,17.7,4206"
2025-12-25T11:45:00.000-00:00,"17.7,17.74,17.74,17.7,3507"
2025-12-25T11:50:00.000-00:00,"17.71,17.79,17.79,17.7,21951"
2025-12-25T11:55:00.000-00:00,"17.71,17.7,17.8,17.7,15766"
2025-12-25T12:00:00.000-00:00,"17.7,17.7,17.77,17.7,38896"
2025-12-25T12:05:00.000-00:00,"17.7,17.66,17.75,17.65,31604"
2025-12-25T12:10:00.000-00:00,"17.66,17.65,17.69,17.62,19742"
2025-12-25T12:25:00.000-00:00,"17.7,17.7,17.7,17.7,167371"
2025-12-28T08:00:00.000-00:00,"17.8,17.75,17.9,17.75,14382"
2025-12-28T08:05:00.000-00:00,"17.78,17.75,17.86,17.75,20218"
2025-12-28T08:10:00.000-00:00,"17.86,17.8,17.86,17.74,7607"
2025-12-28T08:15:00.000-00:00,"17.85,17.8,17.85,17.8,510"
2025-12-28T08:20:00.000-00:00,"17.8,17.8,17.8,17.8,8808"
2025-12-28T08:25:00.000-00:00,"17.82,17.82,17.82,17.8,5793"
2025-12-28T08:30:00.000-00:00,"17.83,17.83,17.83,17.75,5647"
2025-12-28T08:35:00.000-00:00,"17.8,17.8,17.8,17.8,3500"
2025-12-28T08:40:00.000-00:00,"17.8,17.82,17.82,17.8,1488"
2025-12-28T08:45:00.000-00:00,"17.8,17.81,17.81,17.8,975"
2025-12-28T08:50:00.000-00:00,"17.8,17.8,17.8,17.8,17536"
2025-12-28T08:55:00.000-00:00,"17.81,17.81,17.81,17.8,11846"
2025-12-28T09:00:00.000-00:00,"17.81,17.8,17.81,17.8,518"
2025-12-28T09:05:00.000-00:00,"17.8,17.8,17.8,17.8,79410"
2025-12-28T09:10:00.000-00:00,"17.8,17.85,17.85,17.8,37988"
2025-12-28T09:15:00.000-00:00,"17.85,17.82,17.86,17.82,9494"
2025-12-28T09:20:00.000-00:00,"17.82,17.81,17.82,17.81,5002"
2025-12-28T09:25:00.000-00:00,"17.85,17.85,17.85,17.85,30"
2025-12-28T09:30:00.000-00:00,"17.85,17.87,17.87,17.85,1214"
2025-12-28T09:35:00.000-00:00,"17.87,17.86,17.9,17.86,30166"
2025-12-28T09:40:00.000-00:00,"17.86,18,18,17.85,172435"
2025-12-28T09:45:00.000-00:00,"18.09,18.17,18.18,18.01,30073"
2025-12-28T09:50:00.000-00:00,"18.04,18.03,18.15,18.03,36405"
2025-12-28T09:55:00.000-00:00,"18.06,18.03,18.06,18.03,816"
2025-12-28T10:00:00.000-00:00,"18.1,18.1,18.1,18.08,6093"
2025-12-28T10:05:00.000-00:00,"18.1,18.01,18.1,18.01,13425"
2025-12-28T10:10:00.000-00:00,"18.01,18.17,18.17,18.01,59082"
2025-12-28T10:15:00.000-00:00,"18.17,18.17,18.19,18.1,37126"
2025-12-28T10:20:00.000-00:00,"18.1,18.19,18.2,18.1,150682"
2025-12-28T10:25:00.000-00:00,"18.19,18.2,18.2,18.15,9408"
2025-12-28T10:30:00.000-00:00,"18.19,18.15,18.19,18.15,9039"
2025-12-28T10:35:00.000-00:00,"18.16,18.16,18.19,18.16,10375"
2025-12-28T10:40:00.000-00:00,"18.16,18.19,18.2,18.15,17895"
2025-12-28T10:45:00.000-00:00,"18.18,18.15,18.18,18.15,3066"
2025-12-28T10:50:00.000-00:00,"18.18,18.18,18.18,18.15,85937"
2025-12-28T10:55:00.000-00:00,"18.18,18.1,18.18,18.1,516"
2025-12-28T11:00:00.000-00:00,"18.1,18.1,18.1,18.1,8692"
2025-12-28T11:05:00.000-00:00,"18.1,18.1,18.17,18.1,11947"
2025-12-28T11:10:00.000-00:00,"18.15,18.16,18.17,18.11,1027"
2025-12-28T11:15:00.000-00:00,"18.11,18.1,18.11,18.1,5569"
2025-12-28T11:20:00.000-00:00,"18.1,18.12,18.15,18,6150"
2025-12-28T11:25:00.000-00:00,"18.12,18.16,18.16,18.11,6832"
2025-12-28T11:30:00.000-00:00,"18.1,18.1,18.1,18.01,20862"
2025-12-28T11:35:00.000-00:00,"18.01,18.14,18.14,18.01,21874"
2025-12-28T11:40:00.000-00:00,"18.1,18.15,18.15,18.1,22978"
2025-12-28T11:45:00.000-00:00,"18.14,18.2,18.2,18.05,31097"
2025-12-28T11:50:00.000-00:00,"18.19,18.1,18.2,18.1,35559"
2025-12-28T11:55:00.000-00:00,"18.2,18.05,18.25,18.05,50398"
2025-12-28T12:00:00.000-00:00,"18.23,18.2,18.25,18.05,32096"
2025-12-28T12:05:00.000-00:00,"18.25,18.3,18.39,18.06,75781"
2025-12-28T12:10:00.000-00:00,"18.3,18.25,18.3,18.25,17328"
2025-12-28T12:25:00.000-00:00,"18.29,18.29,18.29,18.29,9887"
2025-12-29T08:00:00.000-00:00,"18.29,18.37,18.38,18.29,6472"
2025-12-29T08:05:00.000-00:00,"18.37,18.3,18.38,18.3,11231"
2025-12-29T08:10:00.000-00:00,"18.37,18.3,18.37,18.3,4085"
2025-12-29T08:15:00.000-00:00,"18.31,18.34,18.34,18.3,101451"
2025-12-29T08:20:00.000-00:00,"18.3,18.34,18.34,18.3,12151"
2025-12-29T08:25:00.000-00:00,"18.34,18.35,18.35,18.34,19432"
2025-12-29T08:30:00.000-00:00,"18.35,18.35,18.35,18.35,1106"
2025-12-29T08:35:00.000-00:00,"18.34,18.3,18.34,18.3,95966"
2025-12-29T08:40:00.000-00:00,"18.31,18.3,18.31,18.3,2403"
2025-12-29T08:45:00.000-00:00,"18.3,18.29,18.31,18.29,56760"
2025-12-29T08:50:00.000-00:00,"18.21,18.28,18.28,18.2,10284"
2025-12-29T08:55:00.000-00:00,"18.25,18.25,18.25,18.21,1300"
2025-12-29T09:00:00.000-00:00,"18.22,18.28,18.28,18.22,7240"
2025-12-29T09:05:00.000-00:00,"18.28,18.27,18.28,18.23,10772"
2025-12-29T09:10:00.000-00:00,"18.27,18.21,18.27,18.2,22045"
2025-12-29T09:15:00.000-00:00,"18.2,18.24,18.24,18.2,30049"
2025-12-29T09:20:00.000-00:00,"18.22,18.17,18.24,18.17,437968"
2025-12-29T09:25:00.000-00:00,"18.2,18.2,18.21,18.2,8805"
2025-12-29T09:30:00.000-00:00,"18.21,18.24,18.24,18.21,10096"
2025-12-29T09:35:00.000-00:00,"18.24,18.22,18.24,18.22,493"
2025-12-29T09:40:00.000-00:00,"18.24,18.25,18.25,18.24,5700"
2025-12-29T09:45:00.000-00:00,"18.25,18.25,18.25,18.25,2026"
2025-12-29T09:50:00.000-00:00,"18.25,18.23,18.25,18.23,14109"
2025-12-29T09:55:00.000-00:00,"18.23,18.2,18.23,18.2,59351"
2025-12-29T10:00:00.000-00:00,"18.2,18.21,18.21,18.2,39"
2025-12-29T10:05:00.000-00:00,"18.21,18.24,18.24,18.2,200528"
2025-12-29T10:10:00.000-00:00,"18.24,18.24,18.24,18.24,9158"
2025-12-29T10:15:00.000-00:00,"18.24,18.24,18.24,18.24,1164"
2025-12-29T10:20:00.000-00:00,"18.24,18.2,18.24,18.2,115014"
2025-12-29T10:25:00.000-00:00,"18.2,18.2,18.2,18.16,20112"
2025-12-29T10:30:00.000-00:00,"18.17,18.17,18.17,18.17,5619"
2025-12-29T10:40:00.000-00:00,"18.2,18.2,18.2,18.2,3000"
2025-12-29T10:45:00.000-00:00,"18.23,18.17,18.23,18.17,20018"
2025-12-29T10:55:00.000-00:00,"18.17,18.23,18.23,18.17,7197"
2025-12-29T11:00:00.000-00:00,"18.18,18.2,18.23,18.18,3096"
2025-12-29T11:05:00.000-00:00,"18.2,18.2,18.2,18.2,1735"
2025-12-29T11:15:00.000-00:00,"18.2,18.17,18.21,18.17,729"
2025-12-29T11:25:00.000-00:00,"18.21,18.21,18.21,18.2,5562"
2025-12-29T11:30:00.000-00:00,"18.21,18.21,18.21,18.2,16531"
2025-12-29T11:35:00.000-00:00,"18.21,18.21,18.23,18.2,39619"
2025-12-29T11:40:00.000-00:00,"18.21,18.18,18.21,18.18,17137"
2025-12-29T11:45:00.000-00:00,"18.21,18.23,18.23,18.18,14598"
2025-12-29T11:50:00.000-00:00,"18.18,18.23,18.23,18.18,14856"
2025-12-29T11:55:00.000-00:00,"18.22,18.23,18.24,18.2,19133"
2025-12-29T12:00:00.000-00:00,"18.23,18.24,18.24,18.22,4106"
2025-12-29T12:05:00.000-00:00,"18.24,18.25,18.25,18.24,45465"
2025-12-29T12:10:00.000-00:00,"18.23,18.22,18.24,18.22,4646"
2025-12-29T12:25:00.000-00:00,"18.24,18.24,18.24,18.24,12240"
2025-12-30T08:00:00.000-00:00,"18.2,18.17,18.2,18.16,2473"
2025-12-30T08:05:00.000-00:00,"18.2,18.2,18.2,18.17,329"
2025-12-30T08:10:00.000-00:00,"18.17,18.2,18.2,18.17,332"
2025-12-30T08:15:00.000-00:00,"18.2,18.25,18.25,18.2,2400"
2025-12-30T08:25:00.000-00:00,"18.23,18.23,18.23,18.23,45"
2025-12-30T08:30:00.000-00:00,"18.23,18.23,18.23,18.23,1"
2025-12-30T08:35:00.000-00:00,"18.18,18.18,18.18,18.18,78"
2025-12-30T08:40:00.000-00:00,"18.18,18.18,18.2,18,31313"
2025-12-30T08:45:00.000-00:00,"18.18,18.01,18.18,18,4475"
2025-12-30T08:50:00.000-00:00,"18.18,18.18,18.18,18.18,1682"
2025-12-30T08:55:00.000-00:00,"18.06,18.17,18.18,18.03,8220"
2025-12-30T09:00:00.000-00:00,"18.08,18.08,18.08,18.08,6"
2025-12-30T09:05:00.000-00:00,"18.09,18.18,18.18,18.07,11130"
2025-12-30T09:10:00.000-00:00,"18.16,18.15,18.16,18.15,2166"
2025-12-30T09:15:00.000-00:00,"18.18,18.16,18.18,18.16,132"
2025-12-30T09:20:00.000-00:00,"18.18,18.19,18.19,18.18,5095"
2025-12-30T09:35:00.000-00:00,"18.15,18.07,18.18,18.06,3762"
2025-12-30T09:40:00.000-00:00,"18.08,18.07,18.08,18.07,4014"
2025-12-30T09:45:00.000-00:00,"18.18,18.18,18.18,18.18,1"
2025-12-30T09:50:00.000-00:00,"18.18,18.08,18.18,18.08,644"
2025-12-30T09:55:00.000-00:00,"18.09,18.09,18.09,18.09,1106"
2025-12-30T10:00:00.000-00:00,"18.18,18.18,18.18,18.18,150"
2025-12-30T10:05:00.000-00:00,"18.1,18.1,18.17,18.1,1725"
2025-12-30T10:10:00.000-00:00,"18.17,18.1,18.17,18.1,3110"
2025-12-30T10:15:00.000-00:00,"18.1,18.1,18.17,18.1,6222"
2025-12-30T10:20:00.000-00:00,"18.1,18.1,18.1,18.1,2"
2025-12-30T10:25:00.000-00:00,"18.15,18.1,18.19,18.1,13941"
2025-12-30T10:30:00.000-00:00,"18.12,18.12,18.12,18.09,17552"
2025-12-30T10:45:00.000-00:00,"18.12,18.15,18.2,18.12,34347"
2025-12-30T10:50:00.000-00:00,"18.15,18.2,18.2,18.15,378"
2025-12-30T10:55:00.000-00:00,"18.2,18.2,18.2,18.17,26304"
2025-12-30T11:00:00.000-00:00,"18.2,18.16,18.22,18.16,51932"
2025-12-30T11:05:00.000-00:00,"18.16,18.16,18.16,18.16,285"
2025-12-30T11:10:00.000-00:00,"18.2,18.17,18.25,18.17,31112"
2025-12-30T11:15:00.000-00:00,"18.17,18.17,18.17,18.17,10"
2025-12-30T11:20:00.000-00:00,"18.23,18.2,18.24,18.2,32000"
2025-12-30T11:25:00.000-00:00,"18.2,18.2,18.2,18.17,20308"
2025-12-30T11:30:00.000-00:00,"18.2,18.2,18.25,18.2,24309"
2025-12-30T11:35:00.000-00:00,"18.2,18.2,18.2,18.2,28490"
2025-12-30T11:40:00.000-00:00,"18.24,18.4,18.4,18.24,71271"
2025-12-30T11:45:00.000-00:00,"18.34,18.35,18.35,18.34,15789"
2025-12-30T11:50:00.000-00:00,"18.3,18.25,18.3,18.25,21217"
2025-12-30T11:55:00.000-00:00,"18.21,18.2,18.23,18.2,76868"
2025-12-30T12:00:00.000-00:00,"18.23,18.2,18.23,18.2,23707"
2025-12-30T12:05:00.000-00:00,"18.21,18.21,18.23,18.2,90932"
2025-12-30T12:10:00.000-00:00,"18.23,18.3,18.3,18.2,128430"
2025-12-30T12:25:00.000-00:00,"18.38,18.38,18.38,18.38,56550"
2025-12-31T08:00:00.000-00:00,"18.38,18.15,18.4,18.15,8255"
2025-12-31T08:05:00.000-00:00,"18.4,18.05,18.4,18.05,4740"
2025-12-31T08:10:00.000-00:00,"18.39,18.38,18.39,18.38,808"
2025-12-31T08:15:00.000-00:00,"18.36,18.36,18.36,18.36,1"
2025-12-31T08:20:00.000-00:00,"18.33,18.25,18.33,18.25,5125"
2025-12-31T08:25:00.000-00:00,"18.17,18.17,18.17,18.17,3000"
2025-12-31T08:30:00.000-00:00,"18.17,18.28,18.3,18.17,6144"
2025-12-31T08:35:00.000-00:00,"18.28,18.18,18.3,18.18,7828"
2025-12-31T08:40:00.000-00:00,"18.17,18.25,18.25,18.16,6110"
2025-12-31T08:45:00.000-00:00,"18.25,18.15,18.25,18.15,72"
2025-12-31T08:50:00.000-00:00,"18.15,18,18.2,17.9,66616"
2025-12-31T08:55:00.000-00:00,"18.17,18.17,18.17,18.17,1241"
2025-12-31T09:05:00.000-00:00,"18.02,18.17,18.17,18.01,2197"
2025-12-31T09:10:00.000-00:00,"18.17,18.17,18.17,18.17,278"
2025-12-31T09:15:00.000-00:00,"18.15,18.14,18.15,18.14,1697"
2025-12-31T09:20:00.000-00:00,"18.03,18.14,18.14,18.03,471"
2025-12-31T09:25:00.000-00:00,"18.03,18,18.03,18,60492"
2025-12-31T09:30:00.000-00:00,"18.13,18,18.13,18,46500"
2025-12-31T09:35:00.000-00:00,"18,18,18.05,18,68096"
2025-12-31T09:40:00.000-00:00,"18.05,18.05,18.08,18,2503"
2025-12-31T09:45:00.000-00:00,"18.05,18.1,18.1,18,15257"
2025-12-31T09:50:00.000-00:00,"18.1,18.1,18.1,18.09,5000"
2025-12-31T09:55:00.000-00:00,"18.1,18.1,18.1,18.1,188"
2025-12-31T10:00:00.000-00:00,"18.05,18.05,18.12,18.01,33168"
2025-12-31T10:05:00.000-00:00,"18.05,18.1,18.12,18.05,5823"
2025-12-31T10:10:00.000-00:00,"18.12,18.06,18.29,18.06,12803"
2025-12-31T10:15:00.000-00:00,"18.06,18.28,18.28,18,31010"
2025-12-31T10:20:00.000-00:00,"18.27,18.07,18.28,18.07,3218"
2025-12-31T10:25:00.000-00:00,"18.24,18.24,18.24,18.24,25"
2025-12-31T10:30:00.000-00:00,"18.23,18.23,18.23,18.23,3"
2025-12-31T10:35:00.000-00:00,"18.23,18.4,19,18.11,478780"
2025-12-31T10:40:00.000-00:00,"18.41,18.75,18.79,18.41,15586"
2025-12-31T10:45:00.000-00:00,"18.49,18.5,18.67,18.4,20845"
2025-12-31T10:50:00.000-00:00,"18.5,18.5,18.5,18.41,5646"
2025-12-31T10:55:00.000-00:00,"18.41,18.45,18.45,18.41,441189"
2025-12-31T11:00:00.000-00:00,"18.45,18.45,18.45,18.45,2000"
2025-12-31T11:05:00.000-00:00,"18.43,18.4,18.48,18.4,7097"
2025-12-31T11:10:00.000-00:00,"18.4,18.44,18.44,18.4,1006"
2025-12-31T11:15:00.000-00:00,"18.4,18.4,18.4,18.37,17031"
2025-12-31T11:20:00.000-00:00,"18.4,18.4,18.43,18.4,7922"
2025-12-31T11:25:00.000-00:00,"18.37,18.37,18.48,18.37,10235"
2025-12-31T11:30:00.000-00:00,"18.37,18.32,18.37,18.32,65"
2025-12-31T11:35:00.000-00:00,"18.33,18.3,18.33,18.3,9600"
2025-12-31T11:40:00.000-00:00,"18.3,18.27,18.3,18.27,2000"
2025-12-31T11:45:00.000-00:00,"18.35,18.31,18.37,18.3,83463"
2025-12-31T11:50:00.000-00:00,"18.37,18.35,18.48,18.35,16801"
2025-12-31T11:55:00.000-00:00,"18.4,18.5,18.5,18.4,5067"
2025-12-31T12:00:00.000-00:00,"18.49,18.5,18.5,18.49,111237"
2025-12-31T12:05:00.000-00:00,"18.49,18.5,18.5,18.49,25074"
2025-12-31T12:10:00.000-00:00,"18.5,18.41,18.5,18.41,7333"
2025-12-31T12:25:00.000-00:00,"18.49,18.49,18.49,18.49,104377"
2026-01-04T08:00:00.000-00:00,"18.5,18.55,18.74,18.5,14938"
2026-01-04T08:05:00.000-00:00,"18.71,18.55,18.71,18.55,4059"
2026-01-04T08:10:00.000-00:00,"18.65,18.51,18.65,18.51,12455"
2026-01-04T08:15:00.000-00:00,"18.63,18.5,18.63,18.5,6145"
2026-01-04T08:20:00.000-00:00,"18.59,18.26,18.59,18.26,13990"
2026-01-04T08:25:00.000-00:00,"18.3,18.26,18.32,18.26,25149"
2026-01-04T08:30:00.000-00:00,"18.3,18.25,18.4,18.25,64280"
2026-01-04T08:35:00.000-00:00,"18.23,18.2,18.36,18.2,946"
2026-01-04T08:40:00.000-00:00,"18.2,18.2,18.28,18.11,2159"
2026-01-04T08:45:00.000-00:00,"18.2,18.29,18.29,18.11,19282"
2026-01-04T08:50:00.000-00:00,"18.15,18.32,18.33,18.15,2403"
2026-01-04T08:55:00.000-00:00,"18.27,18.04,18.27,18.04,41776"
2026-01-04T09:00:00.000-00:00,"18.1,18,18.1,17.98,52824"
2026-01-04T09:05:00.000-00:00,"17.99,17.91,17.99,17.75,68775"
2026-01-04T09:10:00.000-00:00,"17.85,17.83,17.93,17.8,39920"
2026-01-04T09:15:00.000-00:00,"17.86,17.94,17.95,17.85,20679"
2026-01-04T09:20:00.000-00:00,"17.9,17.94,17.94,17.9,7587"
2026-01-04T09:25:00.000-00:00,"17.91,18,18,17.91,18445"
2026-01-04T09:30:00.000-00:00,"17.96,17.9,18,17.9,46271"
2026-01-04T09:35:00.000-00:00,"17.98,17.85,17.98,17.84,74904"
2026-01-04T09:40:00.000-00:00,"17.85,17.8,17.9,17.75,79406"
2026-01-04T09:45:00.000-00:00,"17.8,17.79,17.88,17.79,7620"
2026-01-04T09:50:00.000-00:00,"17.81,17.85,17.87,17.77,13873"
2026-01-04T09:55:00.000-00:00,"17.8,17.8,17.85,17.78,5491"
2026-01-04T10:00:00.000-00:00,"17.8,17.77,17.87,17.77,33087"
2026-01-04T10:05:00.000-00:00,"17.77,17.84,17.88,17.75,63310"
2026-01-04T10:10:00.000-00:00,"17.77,17.8,17.8,17.7,135782"
2026-01-04T10:15:00.000-00:00,"17.8,17.75,17.84,17.67,21289"
2026-01-04T10:20:00.000-00:00,"17.75,17.77,17.8,17.7,15586"
2026-01-04T10:25:00.000-00:00,"17.77,17.8,17.8,17.71,4921"
2026-01-04T10:30:00.000-00:00,"17.8,17.8,17.84,17.71,11225"
2026-01-04T10:35:00.000-00:00,"17.79,17.76,17.85,17.6,76504"
2026-01-04T10:40:00.000-00:00,"17.78,17.7,17.79,17.65,35364"
2026-01-04T10:45:00.000-00:00,"17.66,17.7,17.7,17.65,8424"
2026-01-04T10:50:00.000-00:00,"17.66,17.69,17.7,17.65,24496"
2026-01-04T10:55:00.000-00:00,"17.7,17.77,17.8,17.7,28713"
2026-01-04T11:00:00.000-00:00,"17.77,17.77,17.77,17.71,671"
2026-01-04T11:05:00.000-00:00,"17.71,17.7,17.77,17.7,7134"
2026-01-04T11:10:00.000-00:00,"17.77,17.7,17.78,17.7,14044"
2026-01-04T11:15:00.000-00:00,"17.7,17.7,17.78,17.66,117748"
2026-01-04T11:20:00.000-00:00,"17.7,17.64,17.74,17.64,42316"
2026-01-04T11:25:00.000-00:00,"17.63,17.61,17.67,17.6,53009"
2026-01-04T11:30:00.000-00:00,"17.61,17.68,17.69,17.61,10292"
2026-01-04T11:35:00.000-00:00,"17.66,17.6,17.77,17.6,135077"
2026-01-04T11:40:00.000-00:00,"17.7,17.6,17.78,17.6,91195"
2026-01-04T11:45:00.000-00:00,"17.7,17.73,17.74,17.7,30033"
2026-01-04T11:50:00.000-00:00,"17.73,17.75,17.76,17.73,46492"
2026-01-04T11:55:00.000-00:00,"17.71,17.71,17.77,17.7,63621"
2026-01-04T12:00:00.000-00:00,"17.73,17.72,17.73,17.7,109336"
2026-01-04T12:05:00.000-00:00,"17.7,17.61,17.75,17.61,72734"
2026-01-04T12:10:00.000-00:00,"17.7,17.63,17.77,17.62,176248"
2026-01-04T12:25:00.000-00:00,"17.65,17.65,17.65,17.65,46563"
2026-01-05T08:00:00.000-00:00,"17.8,17.75,17.97,17.66,11938"
2026-01-05T08:05:00.000-00:00,"17.75,17.67,17.75,17.67,6626"
2026-01-05T08:10:00.000-00:00,"17.67,17.7,17.7,17.62,39521"
2026-01-05T08:15:00.000-00:00,"17.7,17.65,17.7,17.61,19363"
2026-01-05T08:20:00.000-00:00,"17.61,17.51,17.64,17.48,93000"
2026-01-05T08:25:00.000-00:00,"17.5,17.2,17.58,17.2,57887"
2026-01-05T08:30:00.000-00:00,"17.44,17.19,17.44,17.19,20776"
2026-01-05T08:35:00.000-00:00,"17.2,16.71,17.2,16.69,136124"
2026-01-05T08:40:00.000-00:00,"16.77,16.91,16.95,16.73,54797"
2026-01-05T08:45:00.000-00:00,"16.9,16.87,16.9,16.8,85392"
2026-01-05T08:50:00.000-00:00,"16.88,17.18,17.18,16.86,86565"
2026-01-05T08:55:00.000-00:00,"17,17,17.19,16.99,65346"
2026-01-05T09:00:00.000-00:00,"17.01,17.25,17.3,17.01,23898"
2026-01-05T09:05:00.000-00:00,"17.25,17.15,17.25,17.11,9092"
2026-01-05T09:10:00.000-00:00,"17.15,17.2,17.27,17.15,6724"
2026-01-05T09:15:00.000-00:00,"17.16,17.1,17.2,17.1,77764"
2026-01-05T09:20:00.000-00:00,"17.11,17.18,17.19,17,68088"
2026-01-05T09:25:00.000-00:00,"17.14,17.1,17.15,17.1,11736"
2026-01-05T09:30:00.000-00:00,"17.14,17.03,17.14,17.02,16162"
2026-01-05T09:35:00.000-00:00,"17.09,17.15,17.15,17.09,30046"
2026-01-05T09:40:00.000-00:00,"17.14,17.15,17.15,17.1,61046"
2026-01-05T09:45:00.000-00:00,"17.15,17.3,17.3,17.1,113860"
2026-01-05T09:50:00.000-00:00,"17.3,17.5,17.5,17.3,282039"
2026-01-05T09:55:00.000-00:00,"17.55,17.7,17.73,17.5,292232"
2026-01-05T10:00:00.000-00:00,"17.73,18.1,18.15,17.69,730147"
2026-01-05T10:05:00.000-00:00,"18.1,18.22,18.25,18.05,558483"
2026-01-05T10:10:00.000-00:00,"18.2,18.22,18.22,18.17,164978"
2026-01-05T10:15:00.000-00:00,"18.21,18.22,18.28,18.2,61949"
2026-01-05T10:20:00.000-00:00,"18.24,18.3,18.3,18.21,3841277"
2026-01-05T10:25:00.000-00:00,"18.3,18.25,18.3,18.25,73970"
2026-01-05T10:30:00.000-00:00,"18.25,18.43,18.43,18.25,151490"
2026-01-05T10:35:00.000-00:00,"18.4,18.49,18.49,18.33,65941"
2026-01-05T10:40:00.000-00:00,"18.49,18.44,18.49,18.37,205624"
2026-01-05T10:45:00.000-00:00,"18.4,18.7,18.7,18.4,234361"
2026-01-05T10:50:00.000-00:00,"18.7,18.4,18.7,18.4,184977"
2026-01-05T10:55:00.000-00:00,"18.41,18.4,18.44,18.4,140028"
2026-01-05T11:00:00.000-00:00,"18.4,18.31,18.44,18.31,95389"
2026-01-05T11:05:00.000-00:00,"18.3,18.37,18.37,18.3,18015"
2026-01-05T11:10:00.000-00:00,"18.36,18.26,18.36,18.26,54237"
2026-01-05T11:15:00.000-00:00,"18.25,18.29,18.3,18.24,180855"
2026-01-05T11:20:00.000-00:00,"18.29,18.02,18.3,18,492778"
2026-01-05T11:25:00.000-00:00,"18.2,18.37,18.37,18.06,42034"
2026-01-05T11:30:00.000-00:00,"18.3,18.29,18.39,18.21,33947"
2026-01-05T11:35:00.000-00:00,"18.29,18.2,18.29,18.15,90192"
2026-01-05T11:40:00.000-00:00,"18.24,18.28,18.28,18.2,35195"
2026-01-05T11:45:00.000-00:00,"18.25,18.2,18.29,18.2,57971"
2026-01-05T11:50:00.000-00:00,"18.08,18.05,18.19,18.04,46864"
2026-01-05T11:55:00.000-00:00,"18.19,18.05,18.19,18.05,15632"
2026-01-05T12:00:00.000-00:00,"18.05,18.04,18.17,18,156617"
2026-01-05T12:05:00.000-00:00,"18.11,18.21,18.21,18,196023"
2026-01-05T12:10:00.000-00:00,"18.19,18.19,18.19,18.06,8899"
2026-01-06T08:00:00.000-00:00,"18.19,18.5,18.6,18.19,61548"
2026-01-06T08:05:00.000-00:00,"18.5,18.49,18.59,18.35,31312"
2026-01-06T08:10:00.000-00:00,"18.35,18.35,18.4,18.3,25083"
2026-01-06T08:15:00.000-00:00,"18.3,18.3,18.3,18.3,653"
2026-01-06T08:20:00.000-00:00,"18.34,18.3,18.34,18.3,11720"
2026-01-06T08:25:00.000-00:00,"18.3,18.23,18.3,18.23,4228"
2026-01-06T08:30:00.000-00:00,"18.3,18.3,18.3,18.22,5411"
2026-01-06T08:35:00.000-00:00,"18.3,18.34,18.34,18.23,6799"
2026-01-06T08:40:00.000-00:00,"18.24,18.35,18.35,18.24,12309"
2026-01-06T08:45:00.000-00:00,"18.35,18.3,18.35,18.25,15939"
2026-01-06T08:50:00.000-00:00,"18.3,18.34,18.34,18.3,2003"
2026-01-06T08:55:00.000-00:00,"18.3,18.3,18.4,18.3,11427"
2026-01-06T09:00:00.000-00:00,"18.4,18.5,18.5,18.36,191606"
2026-01-06T09:05:00.000-00:00,"18.5,18.5,18.5,18.41,33596"
2026-01-06T09:10:00.000-00:00,"18.41,18.41,18.41,18.41,2645"
2026-01-06T09:15:00.000-00:00,"18.5,18.5,18.5,18.5,167848"
2026-01-06T09:20:00.000-00:00,"18.5,18.5,18.52,18.5,4601"
2026-01-06T09:25:00.000-00:00,"18.53,18.55,18.55,18.43,17046"
2026-01-06T09:30:00.000-00:00,"18.55,18.55,18.6,18.55,195947"
2026-01-06T09:35:00.000-00:00,"18.6,18.6,18.62,18.55,60990"
2026-01-06T09:40:00.000-00:00,"18.6,18.7,18.7,18.6,70699"
2026-01-06T09:45:00.000-00:00,"18.69,18.71,18.71,18.68,22897"
2026-01-06T09:50:00.000-00:00,"18.7,18.6,18.7,18.6,28586"
2026-01-06T09:55:00.000-00:00,"18.68,18.65,18.68,18.65,4166"
2026-01-06T10:00:00.000-00:00,"18.67,18.69,18.7,18.67,47667"
2026-01-06T10:05:00.000-00:00,"18.7,18.7,18.71,18.69,7059"
2026-01-06T10:10:00.000-00:00,"18.7,18.7,18.72,18.7,26088"
2026-01-06T10:15:00.000-00:00,"18.7,18.68,18.7,18.67,41837"
2026-01-06T10:20:00.000-00:00,"18.68,18.66,18.7,18.66,10899"
2026-01-06T10:25:00.000-00:00,"18.7,18.7,18.7,18.66,1045"
2026-01-06T10:30:00.000-00:00,"18.66,18.66,18.7,18.65,20889"
2026-01-06T10:35:00.000-00:00,"18.66,18.69,18.7,18.62,2573"
2026-01-06T10:40:00.000-00:00,"18.69,18.69,18.69,18.65,3153"
2026-01-06T10:45:00.000-00:00,"18.69,18.7,18.7,18.67,16169"
2026-01-06T10:50:00.000-00:00,"18.68,18.7,18.7,18.67,6994"
2026-01-06T10:55:00.000-00:00,"18.69,18.7,18.7,18.66,24755"
2026-01-06T11:00:00.000-00:00,"18.7,18.7,18.7,18.66,17422"
2026-01-06T11:05:00.000-00:00,"18.7,18.65,18.7,18.65,9036"
2026-01-06T11:10:00.000-00:00,"18.7,19.1,19.1,18.65,603584"
2026-01-06T11:15:00.000-00:00,"19.01,18.8,19.1,18.8,469548"
2026-01-06T11:20:00.000-00:00,"18.9,18.81,19,18.81,155090"
2026-01-06T11:25:00.000-00:00,"18.99,19,19,18.87,189347"
2026-01-06T11:30:00.000-00:00,"19,19,19.05,18.87,81783"
2026-01-06T11:35:00.000-00:00,"18.91,18.99,18.99,18.91,31789"
2026-01-06T11:40:00.000-00:00,"18.99,18.9,19,18.9,80294"
2026-01-06T11:45:00.000-00:00,"18.86,18.99,19,18.86,82688"
2026-01-06T11:50:00.000-00:00,"18.98,18.9,18.98,18.9,53788"
2026-01-06T11:55:00.000-00:00,"18.92,18.9,18.98,18.9,51103"
2026-01-06T12:00:00.000-00:00,"18.9,18.99,19,18.9,267011"
2026-01-06T12:05:00.000-00:00,"18.92,18.9,18.92,18.9,81544"
2026-01-06T12:10:00.000-00:00,"18.9,18.89,18.9,18.89,31171"
2026-01-06T12:25:00.000-00:00,"18.9,18.9,18.9,18.9,958379"
2026-01-08T08:00:00.000-00:00,"19,19.08,19.1,18.92,40503"
2026-01-08T08:05:00.000-00:00,"19.07,19.1,19.1,19.07,10829"
2026-01-08T08:10:00.000-00:00,"19.1,19.1,19.1,19.01,8829"
2026-01-08T08:15:00.000-00:00,"19.01,19.01,19.1,19.01,1610"
2026-01-08T08:20:00.000-00:00,"19.02,19,19.02,18.92,32459"
2026-01-08T08:25:00.000-00:00,"19,18.93,19.01,18.93,136554"
2026-01-08T08:30:00.000-00:00,"18.95,18.94,18.98,18.93,2430"
2026-01-08T08:35:00.000-00:00,"18.98,18.99,18.99,18.93,31340"
2026-01-08T08:40:00.000-00:00,"18.99,18.99,18.99,18.95,4253"
2026-01-08T08:45:00.000-00:00,"18.99,18.99,18.99,18.99,2657"
2026-01-08T08:50:00.000-00:00,"18.99,18.99,18.99,18.95,1307"
2026-01-08T08:55:00.000-00:00,"18.99,18.97,18.99,18.96,6675"
2026-01-08T09:00:00.000-00:00,"18.97,18.95,18.97,18.95,17207"
2026-01-08T09:05:00.000-00:00,"18.97,18.9,18.97,18.9,70618"
2026-01-08T09:10:00.000-00:00,"18.9,18.97,18.97,18.9,30845"
2026-01-08T09:15:00.000-00:00,"18.95,18.9,18.96,18.9,5218"
2026-01-08T09:20:00.000-00:00,"18.97,18.92,18.97,18.91,2354"
2026-01-08T09:25:00.000-00:00,"18.95,18.93,18.95,18.92,3753"
2026-01-08T09:30:00.000-00:00,"18.93,18.95,18.97,18.93,55476"
2026-01-08T09:35:00.000-00:00,"18.96,18.96,18.96,18.95,5291"
2026-01-08T09:40:00.000-00:00,"18.95,18.95,18.95,18.95,5001"
2026-01-08T09:45:00.000-00:00,"18.96,18.97,18.97,18.96,10507"
2026-01-08T09:50:00.000-00:00,"18.98,19.01,19.01,18.98,179520"
2026-01-08T09:55:00.000-00:00,"19,19.02,19.02,19,4585"
2026-01-08T10:00:00.000-00:00,"19.02,19,19.05,18.97,10188"
2026-01-08T10:05:00.000-00:00,"18.97,18.97,19,18.97,166"
2026-01-08T10:10:00.000-00:00,"18.99,18.99,18.99,18.99,70"
2026-01-08T10:15:00.000-00:00,"18.97,18.95,18.97,18.95,510"
2026-01-08T10:20:00.000-00:00,"18.95,19,19,18.9,11923"
2026-01-08T10:25:00.000-00:00,"18.99,19,19,18.99,5887"
2026-01-08T10:30:00.000-00:00,"18.99,19.05,19.05,18.99,19569"
2026-01-08T10:35:00.000-00:00,"19.05,19,19.05,19,1310"
2026-01-08T10:40:00.000-00:00,"18.99,18.99,18.99,18.99,500"
2026-01-08T10:45:00.000-00:00,"18.95,19,19,18.93,44999"
2026-01-08T10:50:00.000-00:00,"19.01,19,19.05,19,23382"
2026-01-08T10:55:00.000-00:00,"19,19,19.05,19,1297"
2026-01-08T11:00:00.000-00:00,"19,18.99,19.04,18.99,1599"
2026-01-08T11:05:00.000-00:00,"18.99,19,19,18.95,48947"
2026-01-08T11:10:00.000-00:00,"18.96,19,19,18.96,34035"
2026-01-08T11:15:00.000-00:00,"19,18.99,19,18.95,14479"
2026-01-08T11:20:00.000-00:00,"18.99,19,19,18.95,11356"
2026-01-08T11:25:00.000-00:00,"19,19.09,19.09,19,14512"
2026-01-08T11:30:00.000-00:00,"19.05,18.96,19.05,18.96,1061"
2026-01-08T11:35:00.000-00:00,"18.96,19.15,19.15,18.96,106343"
2026-01-08T11:40:00.000-00:00,"19.05,19.1,19.14,19.05,6049"
2026-01-08T11:45:00.000-00:00,"19.1,19.03,19.15,19.03,14599"
2026-01-08T11:50:00.000-00:00,"19.13,19.12,19.13,19.02,2230"
2026-01-08T11:55:00.000-00:00,"19.12,19.1,19.14,19.03,19304"
2026-01-08T12:00:00.000-00:00,"19.06,19.05,19.1,19.03,11287"
2026-01-08T12:05:00.000-00:00,"19.05,19.2,19.22,19,217159"
2026-01-08T12:10:00.000-00:00,"19.21,19.26,20,19.2,1064447"
2026-01-08T12:25:00.000-00:00,"19.25,19.25,19.25,19.25,443475"
2026-01-11T08:00:00.000-00:00,"19.2,19.3,19.5,19.2,168751"
2026-01-11T08:05:00.000-00:00,"19.5,19.55,19.55,19.45,20381"
2026-01-11T08:10:00.000-00:00,"19.54,19.55,19.58,19.54,19085"
2026-01-11T08:15:00.000-00:00,"19.58,19.59,19.68,19.5,57924"
2026-01-11T08:20:00.000-00:00,"19.59,19.49,19.59,19.35,18295"
2026-01-11T08:25:00.000-00:00,"19.4,19.4,19.5,19.4,3659"
2026-01-11T08:30:00.000-00:00,"19.5,19.41,19.5,19.4,9486"
2026-01-11T08:35:00.000-00:00,"19.4,19.4,19.41,19.4,12481"
2026-01-11T08:40:00.000-00:00,"19.35,19.49,19.49,19.35,8066"
2026-01-11T08:45:00.000-00:00,"19.49,19.49,19.49,19.41,640"
2026-01-11T08:50:00.000-00:00,"19.41,19.49,19.49,19.41,357"
2026-01-11T08:55:00.000-00:00,"19.49,19.41,19.49,19.41,744"
2026-01-11T09:00:00.000-00:00,"19.41,19.36,19.46,19.35,17721"
2026-01-11T09:05:00.000-00:00,"19.36,19.36,19.46,19.36,5416"
2026-01-11T09:10:00.000-00:00,"19.46,19.46,19.46,19.46,649"
2026-01-11T09:15:00.000-00:00,"19.38,19.4,19.43,19.35,29455"
2026-01-11T09:20:00.000-00:00,"19.4,19.46,19.46,19.35,14174"
2026-01-11T09:25:00.000-00:00,"19.42,19.44,19.44,19.35,6853"
2026-01-11T09:30:00.000-00:00,"19.35,19.35,19.4,19.3,12669"
2026-01-11T09:35:00.000-00:00,"19.4,19.4,19.4,19.35,9501"
2026-01-11T09:40:00.000-00:00,"19.36,19.39,19.4,19.31,810"
2026-01-11T09:45:00.000-00:00,"19.35,19.39,19.39,19.3,5090"
2026-01-11T09:50:00.000-00:00,"19.38,19.31,19.4,19.31,11298"
2026-01-11T09:55:00.000-00:00,"19.31,19.3,19.31,19.28,13076"
2026-01-11T10:00:00.000-00:00,"19.3,19.3,19.36,19.3,3891"
2026-01-11T10:05:00.000-00:00,"19.36,19.36,19.36,19.3,1437"
2026-01-11T10:10:00.000-00:00,"19.3,19.36,19.36,19.3,4741"
2026-01-11T10:15:00.000-00:00,"19.3,19.36,19.36,19.3,490"
2026-01-11T10:20:00.000-00:00,"19.36,19.3,19.39,19.3,6204"
2026-01-11T10:25:00.000-00:00,"19.39,19.39,19.4,19.35,26095"
2026-01-11T10:30:00.000-00:00,"19.39,19.39,19.39,19.37,15629"
2026-01-11T10:35:00.000-00:00,"19.39,19.37,19.39,19.37,9959"
2026-01-11T10:40:00.000-00:00,"19.32,19.38,19.39,19.32,1084"
2026-01-11T10:45:00.000-00:00,"19.39,19.5,19.5,19.39,93147"
2026-01-11T10:50:00.000-00:00,"19.5,19.5,19.5,19.49,64749"
2026-01-11T10:55:00.000-00:00,"19.5,19.49,19.5,19.48,17999"
2026-01-11T11:00:00.000-00:00,"19.49,19.48,19.49,19.45,491"
2026-01-11T11:05:00.000-00:00,"19.45,19.45,19.45,19.45,127"
2026-01-11T11:10:00.000-00:00,"19.44,19.49,19.5,19.44,121313"
2026-01-11T11:15:00.000-00:00,"19.49,19.66,19.66,19.43,336191"
2026-01-11T11:20:00.000-00:00,"19.66,19.85,19.85,19.65,160445"
2026-01-11T11:25:00.000-00:00,"19.79,19.9,19.91,19.71,258660"
2026-01-11T11:30:00.000-00:00,"19.9,19.8,19.9,19.72,22948"
2026-01-11T11:35:00.000-00:00,"19.8,20,20,19.72,621138"
2026-01-11T11:40:00.000-00:00,"20,20,20,19.78,557327"
2026-01-11T11:45:00.000-00:00,"19.93,20,20,19.83,145456"
2026-01-11T11:50:00.000-00:00,"20.09,20.19,20.19,20,88111"
2026-01-11T11:55:00.000-00:00,"20.19,20,20.19,20,64122"
2026-01-11T12:00:00.000-00:00,"20,20.02,20.1,19.88,72301"
2026-01-11T12:05:00.000-00:00,"20.02,19.9,20.02,19.9,74218"
2026-01-11T12:10:00.000-00:00,"19.9,19.82,19.9,19.81,104549"
2026-01-11T12:25:00.000-00:00,"20,20,20,20,388070"
2026-01-12T08:00:00.000-00:00,"20,20.16,20.25,20,29398"
2026-01-12T08:05:00.000-00:00,"20.2,20.3,20.31,20.01,74399"
2026-01-12T08:10:00.000-00:00,"20.29,20.12,20.3,20.11,9912"
2026-01-12T08:15:00.000-00:00,"20.24,20.13,20.27,20.1,59862"
2026-01-12T08:20:00.000-00:00,"20.14,20.34,20.34,20.14,71151"
2026-01-12T08:25:00.000-00:00,"20.34,20.24,20.34,20.24,43044"
2026-01-12T08:30:00.000-00:00,"20.25,20.27,20.3,20.22,22211"
2026-01-12T08:35:00.000-00:00,"20.23,20.21,20.3,20.15,28651"
2026-01-12T08:40:00.000-00:00,"20.21,20.2,20.28,20.2,26471"
2026-01-12T08:45:00.000-00:00,"20.2,20.14,20.2,20.14,14797"
2026-01-12T08:50:00.000-00:00,"20.15,20.16,20.19,20.14,3162"
2026-01-12T08:55:00.000-00:00,"20.16,20.15,20.19,20.15,17423"
2026-01-12T09:00:00.000-00:00,"20.19,20.18,20.19,20.12,13510"
2026-01-12T09:05:00.000-00:00,"20.19,20.19,20.19,20.16,1631"
2026-01-12T09:10:00.000-00:00,"20.14,20.18,20.19,20.13,10252"
2026-01-12T09:15:00.000-00:00,"20.18,20.15,20.18,20.14,33674"
2026-01-12T09:20:00.000-00:00,"20.14,20.15,20.19,20.14,15805"
2026-01-12T09:25:00.000-00:00,"20.15,20.13,20.15,20.13,16599"
2026-01-12T09:30:00.000-00:00,"20.13,20.09,20.15,20.09,26326"
2026-01-12T09:35:00.000-00:00,"20.09,20,20.09,20,76029"
2026-01-12T09:40:00.000-00:00,"20,20.05,20.09,20,5981"
2026-01-12T09:45:00.000-00:00,"20.05,20.05,20.05,20.02,2064"
2026-01-12T09:50:00.000-00:00,"20.05,20.07,20.07,20.02,3004"
2026-01-12T09:55:00.000-00:00,"20.05,20.05,20.05,20.05,4029"
2026-01-12T10:00:00.000-00:00,"20.02,20.01,20.05,20.01,24478"
2026-01-12T10:05:00.000-00:00,"20.01,20.04,20.04,20,34982"
2026-01-12T10:10:00.000-00:00,"20.04,20.04,20.05,20,6065"
2026-01-12T10:15:00.000-00:00,"20.04,20.05,20.05,20,5792"
2026-01-12T10:20:00.000-00:00,"20.05,20.02,20.05,20,7542"
2026-01-12T10:25:00.000-00:00,"20.02,19.96,20.02,19.96,3648"
2026-01-12T10:30:00.000-00:00,"19.96,19.99,19.99,19.91,7349"
2026-01-12T10:35:00.000-00:00,"19.91,20,20,19.91,201585"
2026-01-12T10:40:00.000-00:00,"20,19.97,20,19.97,14270"
2026-01-12T10:45:00.000-00:00,"19.97,19.97,19.97,19.97,12691"
2026-01-12T10:50:00.000-00:00,"19.91,19.8,19.99,19.8,126078"
2026-01-12T10:55:00.000-00:00,"19.8,19.9,19.98,19.7,29226"
2026-01-12T11:00:00.000-00:00,"19.9,19.9,19.9,19.89,1508"
2026-01-12T11:05:00.000-00:00,"19.89,19.89,19.89,19.71,2369"
2026-01-12T11:10:00.000-00:00,"19.72,19.72,19.72,19.7,3482"
2026-01-12T11:15:00.000-00:00,"19.8,19.8,19.81,19.8,18530"
2026-01-12T11:20:00.000-00:00,"19.74,19.89,19.89,19.74,5004"
2026-01-12T11:25:00.000-00:00,"19.89,19.75,19.89,19.75,1890"
2026-01-12T11:30:00.000-00:00,"19.74,19.87,19.87,19.74,334"
2026-01-12T11:35:00.000-00:00,"19.85,19.7,19.85,19.7,37043"
2026-01-12T11:40:00.000-00:00,"19.7,19.9,19.99,19.7,49918"
2026-01-12T11:45:00.000-00:00,"19.89,19.97,19.99,19.85,34125"
2026-01-12T11:50:00.000-00:00,"19.96,19.96,20,19.84,31923"
2026-01-12T11:55:00.000-00:00,"19.95,19.9,19.95,19.9,4622"
2026-01-12T12:00:00.000-00:00,"19.9,19.9,19.9,19.75,5302"
2026-01-12T12:05:00.000-00:00,"19.9,19.94,19.94,19.85,4103"
2026-01-12T12:10:00.000-00:00,"19.94,20,20.02,19.86,167711"
2026-01-12T12:25:00.000-00:00,"20.05,20.05,20.05,20.05,53678"
2026-01-13T08:00:00.000-00:00,"20.49,20.25,20.49,20.12,54762"
2026-01-13T08:05:00.000-00:00,"20.25,20.25,20.25,20.15,11658"
2026-01-13T08:10:00.000-00:00,"20.25,20.26,20.26,20.15,41090"
2026-01-13T08:15:00.000-00:00,"20.3,20.6,20.68,20.3,247432"
2026-01-13T08:20:00.000-00:00,"20.6,20.5,20.65,20.5,183784"
2026-01-13T08:25:00.000-00:00,"20.59,20.48,20.59,20.48,37317"
2026-01-13T08:30:00.000-00:00,"20.48,20.49,20.49,20.45,9563"
2026-01-13T08:35:00.000-00:00,"20.49,20.5,20.5,20.49,37811"
2026-01-13T08:40:00.000-00:00,"20.5,20.49,20.5,20.49,23564"
2026-01-13T08:45:00.000-00:00,"20.48,20.48,20.5,20.4,43310"
2026-01-13T08:50:00.000-00:00,"20.45,20.26,20.48,20.26,21263"
2026-01-13T08:55:00.000-00:00,"20.26,20.28,20.4,20.25,130990"
2026-01-13T09:00:00.000-00:00,"20.26,20.25,20.29,20.25,25859"
2026-01-13T09:05:00.000-00:00,"20.25,20.2,20.3,20.2,545904"
2026-01-13T09:10:00.000-00:00,"20.2,20.1,20.3,20.05,53873"
2026-01-13T09:15:00.000-00:00,"20.08,20.02,20.1,20.02,38880"
2026-01-13T09:20:00.000-00:00,"20.04,19.9,20.04,19.9,48961"
2026-01-13T09:25:00.000-00:00,"19.9,19.98,19.98,19.9,28129"
2026-01-13T09:30:00.000-00:00,"19.98,19.81,19.98,19.81,25258"
2026-01-13T09:35:00.000-00:00,"19.82,19.81,19.85,19.78,90643"
2026-01-13T09:40:00.000-00:00,"19.84,19.9,20.04,19.82,51711"
2026-01-13T09:45:00.000-00:00,"19.9,19.85,20,19.85,15630"
2026-01-13T09:50:00.000-00:00,"19.85,19.8,19.89,19.8,74720"
2026-01-13T09:55:00.000-00:00,"19.8,19.71,19.8,19.71,40526"
2026-01-13T10:00:00.000-00:00,"19.75,19.75,19.75,19.7,28086"
2026-01-13T10:05:00.000-00:00,"19.75,19.71,19.85,19.71,46994"
2026-01-13T10:10:00.000-00:00,"19.79,19.7,19.79,19.7,56280"
2026-01-13T10:15:00.000-00:00,"19.7,19.61,19.74,19.61,27677"
2026-01-13T10:20:00.000-00:00,"19.64,19.3,19.64,19.3,145616"
2026-01-13T10:25:00.000-00:00,"19.4,19.4,19.49,19.37,23652"
2026-01-13T10:30:00.000-00:00,"19.37,19.4,19.47,19.37,31645"
2026-01-13T10:35:00.000-00:00,"19.39,19.2,19.4,19.2,66586"
2026-01-13T10:40:00.000-00:00,"19.2,19.3,19.34,19.19,42226"
2026-01-13T10:45:00.000-00:00,"19.3,19.25,19.3,19.24,39869"
2026-01-13T10:50:00.000-00:00,"19.25,19.32,19.32,19.25,58454"
2026-01-13T10:55:00.000-00:00,"19.32,19.3,19.32,19.25,62255"
2026-01-13T11:00:00.000-00:00,"19.3,19.26,19.3,19.22,42800"
2026-01-13T11:05:00.000-00:00,"19.26,19.29,19.29,19.21,41435"
2026-01-13T11:10:00.000-00:00,"19.25,19.3,19.3,19.25,40450"
2026-01-13T11:15:00.000-00:00,"19.3,19.27,19.3,19.26,23589"
2026-01-13T11:20:00.000-00:00,"19.3,19.3,19.32,19.25,66124"
2026-01-13T11:25:00.000-00:00,"19.26,19.28,19.3,19.21,94665"
2026-01-13T11:30:00.000-00:00,"19.28,19.23,19.28,19.21,34718"
2026-01-13T11:35:00.000-00:00,"19.25,19.11,19.25,19.11,116690"
2026-01-13T11:40:00.000-00:00,"19.17,19.2,19.3,19.17,70417"
2026-01-13T11:45:00.000-00:00,"19.21,19.11,19.28,19.11,419205"
2026-01-13T11:50:00.000-00:00,"19.11,19.1,19.19,19.1,19052"
2026-01-13T11:55:00.000-00:00,"19.15,19.05,19.15,19.05,51797"
2026-01-13T12:00:00.000-00:00,"19.04,19,19.09,19,100156"
2026-01-13T12:05:00.000-00:00,"19,19,19.18,19,102577"
2026-01-13T12:10:00.000-00:00,"19.03,19.06,19.33,19,154666"
2026-01-13T12:25:00.000-00:00,"19.05,19.05,19.05,19.05,41842"
2026-01-14T08:00:00.000-00:00,"19.07,19.19,19.31,19.05,18832"
2026-01-14T08:05:00.000-00:00,"19.18,19,19.18,18.65,26595"
2026-01-14T08:10:00.000-00:00,"19,18.7,19,18.65,16560"
2026-01-14T08:15:00.000-00:00,"18.7,18.67,18.7,18.6,48640"
2026-01-14T08:20:00.000-00:00,"18.61,18.71,18.87,18.61,42939"
2026-01-14T08:25:00.000-00:00,"18.8,19,19,18.8,79522"
2026-01-14T08:30:00.000-00:00,"19.08,19.21,19.27,19,48857"
2026-01-14T08:35:00.000-00:00,"19.27,19.35,19.35,19.15,51807"
2026-01-14T08:40:00.000-00:00,"19.14,19.29,19.35,19.14,6723"
2026-01-14T08:45:00.000-00:00,"19.27,19.28,19.3,19.17,19950"
2026-01-14T08:50:00.000-00:00,"19.19,19.2,19.23,19.17,20587"
2026-01-14T08:55:00.000-00:00,"19.17,19.15,19.23,19.15,18888"
2026-01-14T09:00:00.000-00:00,"19.17,18.99,19.17,18.99,80539"
2026-01-14T09:05:00.000-00:00,"18.99,18.94,19,18.94,29791"
2026-01-14T09:10:00.000-00:00,"18.99,19,19.1,18.94,99835"
2026-01-14T09:15:00.000-00:00,"19.08,19.02,19.23,19,51680"
2026-01-14T09:20:00.000-00:00,"19.1,19.1,19.1,19,40021"
2026-01-14T09:25:00.000-00:00,"19.05,19.1,19.15,19.05,8215"
2026-01-14T09:30:00.000-00:00,"19.01,19,19.16,19,32967"
2026-01-14T09:35:00.000-00:00,"19,19.1,19.1,19,19552"
2026-01-14T09:40:00.000-00:00,"19.01,19.01,19.1,19.01,27526"
2026-01-14T09:45:00.000-00:00,"19.1,19.01,19.1,19.01,6723"
2026-01-14T09:50:00.000-00:00,"19.01,19,19.01,18.95,125431"
2026-01-14T09:55:00.000-00:00,"19,19,19,18.98,22472"
2026-01-14T10:00:00.000-00:00,"19,18.9,19,18.9,16867"
2026-01-14T10:05:00.000-00:00,"19,18.91,19,18.88,6638"
2026-01-14T10:10:00.000-00:00,"19,18.91,19,18.91,6604"
2026-01-14T10:15:00.000-00:00,"18.99,18.89,18.99,18.89,14643"
2026-01-14T10:20:00.000-00:00,"18.89,18.8,18.95,18.8,43086"
2026-01-14T10:25:00.000-00:00,"18.9,18.85,18.9,18.8,7408"
2026-01-14T10:30:00.000-00:00,"18.85,18.8,18.85,18.75,16142"
2026-01-14T10:35:00.000-00:00,"18.8,18.83,18.88,18.8,5687"
2026-01-14T10:40:00.000-00:00,"18.83,18.95,18.95,18.77,16966"
2026-01-14T10:45:00.000-00:00,"18.95,18.94,18.95,18.94,83"
2026-01-14T10:50:00.000-00:00,"18.9,18.9,18.9,18.8,3828"
2026-01-14T10:55:00.000-00:00,"18.8,18.8,18.8,18.7,82036"
2026-01-14T11:00:00.000-00:00,"18.87,18.75,18.87,18.72,7081"
2026-01-14T11:05:00.000-00:00,"18.84,18.8,18.85,18.75,22356"
2026-01-14T11:10:00.000-00:00,"18.8,18.85,18.85,18.77,4404"
2026-01-14T11:15:00.000-00:00,"18.84,18.74,18.87,18.74,38368"
2026-01-14T11:20:00.000-00:00,"18.76,18.8,18.8,18.7,53662"
2026-01-14T11:25:00.000-00:00,"18.8,18.8,18.87,18.79,60507"
2026-01-14T11:30:00.000-00:00,"18.87,18.94,18.94,18.87,32005"
2026-01-14T11:35:00.000-00:00,"18.94,19,19.05,18.94,103254"
2026-01-14T11:40:00.000-00:00,"19.05,19.29,19.29,19.05,111042"
2026-01-14T11:45:00.000-00:00,"19.29,19.31,19.31,19.21,82901"
2026-01-14T11:50:00.000-00:00,"19.31,19.49,19.5,19.31,88454"
2026-01-14T11:55:00.000-00:00,"19.48,19.65,19.68,19.47,64599"
2026-01-14T12:00:00.000-00:00,"19.6,19.7,19.74,19.6,82102"
2026-01-14T12:05:00.000-00:00,"19.7,19.98,19.98,19.7,138434"
2026-01-14T12:10:00.000-00:00,"19.97,19.77,19.98,19.75,76770"
2026-01-14T12:25:00.000-00:00,"19.75,19.75,19.75,19.75,105627"
2026-01-15T08:00:00.000-00:00,"19.8,19.98,19.98,19.8,31103"
2026-01-15T08:05:00.000-00:00,"19.95,19.96,19.96,19.81,15474"
2026-01-15T08:10:00.000-00:00,"19.96,19.9,19.99,19.9,29979"
2026-01-15T08:15:00.000-00:00,"19.9,19.9,19.97,19.81,31211"
2026-01-15T08:20:00.000-00:00,"19.89,19.87,19.89,19.71,10075"
2026-01-15T08:25:00.000-00:00,"19.87,19.85,19.87,19.71,5716"
2026-01-15T08:30:00.000-00:00,"19.85,19.85,19.85,19.85,4537"
2026-01-15T08:35:00.000-00:00,"19.85,19.85,19.9,19.8,24512"
2026-01-15T08:40:00.000-00:00,"19.89,19.85,19.89,19.85,2126"
2026-01-15T08:45:00.000-00:00,"19.88,20.07,20.07,19.88,291920"
2026-01-15T08:50:00.000-00:00,"20.05,20,20.05,20,66641"
2026-01-15T08:55:00.000-00:00,"20,20,20.04,19.86,247058"
2026-01-15T09:00:00.000-00:00,"20,19.9,20,19.9,2242"
2026-01-15T09:05:00.000-00:00,"19.98,19.9,19.98,19.85,19913"
2026-01-15T09:10:00.000-00:00,"19.9,19.9,19.9,19.89,2361"
2026-01-15T09:15:00.000-00:00,"19.85,19.85,19.9,19.85,5594"
2026-01-15T09:20:00.000-00:00,"19.89,19.85,19.9,19.85,4700"
2026-01-15T09:25:00.000-00:00,"19.89,19.88,19.89,19.82,1511"
2026-01-15T09:30:00.000-00:00,"19.82,19.8,19.82,19.72,9449"
2026-01-15T09:35:00.000-00:00,"19.8,19.87,19.87,19.71,12957"
2026-01-15T09:40:00.000-00:00,"19.85,19.85,19.85,19.85,683"
2026-01-15T09:45:00.000-00:00,"19.85,19.87,19.87,19.73,19337"
2026-01-15T09:50:00.000-00:00,"19.75,19.85,19.85,19.75,7400"
2026-01-15T09:55:00.000-00:00,"19.87,19.85,19.87,19.85,200"
2026-01-15T10:00:00.000-00:00,"19.85,19.85,19.85,19.8,15512"
2026-01-15T10:05:00.000-00:00,"19.8,19.8,19.85,19.77,28445"
2026-01-15T10:10:00.000-00:00,"19.8,19.75,19.8,19.74,53265"
2026-01-15T10:15:00.000-00:00,"19.8,19.8,19.8,19.8,1"
2026-01-15T10:20:00.000-00:00,"19.8,19.51,19.8,19.51,75541"
2026-01-15T10:25:00.000-00:00,"19.51,19.7,19.7,19.5,12753"
2026-01-15T10:30:00.000-00:00,"19.51,19.5,19.7,19.5,70132"
2026-01-15T10:35:00.000-00:00,"19.5,19.51,19.51,19.5,15288"
2026-01-15T10:40:00.000-00:00,"19.69,19.6,19.69,19.5,20280"
2026-01-15T10:45:00.000-00:00,"19.62,19.65,19.65,19.5,29400"
2026-01-15T10:50:00.000-00:00,"19.65,19.5,19.65,19.5,15308"
2026-01-15T10:55:00.000-00:00,"19.5,19.5,19.6,19.47,3193"
2026-01-15T11:00:00.000-00:00,"19.49,19.31,19.49,19.31,34510"
2026-01-15T11:05:00.000-00:00,"19.31,19.32,19.32,19.3,6940"
2026-01-15T11:10:00.000-00:00,"19.35,19.4,19.49,19.32,29347"
2026-01-15T11:15:00.000-00:00,"19.49,19.41,19.5,19.41,18111"
2026-01-15T11:20:00.000-00:00,"19.45,19.5,19.65,19.41,46586"
2026-01-15T11:25:00.000-00:00,"19.5,19.5,19.64,19.5,7479"
2026-01-15T11:30:00.000-00:00,"19.5,19.5,19.6,19.5,1535"
2026-01-15T11:35:00.000-00:00,"19.5,19.5,19.5,19.4,33975"
2026-01-15T11:40:00.000-00:00,"19.5,19.51,19.56,19.4,43319"
2026-01-15T11:45:00.000-00:00,"19.55,19.6,19.6,19.51,22144"
2026-01-15T11:50:00.000-00:00,"19.51,19.6,19.6,19.41,36880"
2026-01-15T11:55:00.000-00:00,"19.6,19.59,19.6,19.5,9303"
2026-01-15T12:00:00.000-00:00,"19.55,19.58,19.6,19.5,88316"
2026-01-15T12:05:00.000-00:00,"19.55,19.64,19.65,19.55,74138"
2026-01-15T12:10:00.000-00:00,"19.6,19.5,19.7,19.5,54757"
2026-01-15T12:25:00.000-00:00,"19.57,19.57,19.57,19.57,20916"
2026-01-18T08:00:00.000-00:00,"19.7,19.75,19.97,19.61,22141"
2026-01-18T08:05:00.000-00:00,"19.97,19.8,20,19.8,36277"
2026-01-18T08:10:00.000-00:00,"19.85,19.95,19.95,19.8,1465"
2026-01-18T08:15:00.000-00:00,"19.9,19.71,19.95,19.71,14059"
2026-01-18T08:20:00.000-00:00,"19.8,19.81,19.81,19.8,10731"
2026-01-18T08:25:00.000-00:00,"19.81,19.89,19.9,19.81,6506"
2026-01-18T08:30:00.000-00:00,"19.89,19.88,19.89,19.81,4169"
2026-01-18T08:35:00.000-00:00,"19.89,19.86,19.89,19.86,6459"
2026-01-18T08:40:00.000-00:00,"19.85,19.79,19.85,19.72,11932"
2026-01-18T08:45:00.000-00:00,"19.79,19.7,19.79,19.5,20741"
2026-01-18T08:50:00.000-00:00,"19.7,19.69,19.7,19.6,21053"
2026-01-18T08:55:00.000-00:00,"19.62,19.69,19.69,19.61,31288"
2026-01-18T09:00:00.000-00:00,"19.69,19.6,19.69,19.6,9589"
2026-01-18T09:05:00.000-00:00,"19.6,19.6,19.6,19.5,20121"
2026-01-18T09:10:00.000-00:00,"19.51,19.6,19.6,19.5,15625"
2026-01-18T09:15:00.000-00:00,"19.6,19.59,19.6,19.5,5017"
2026-01-18T09:20:00.000-00:00,"19.59,19.6,19.6,19.59,7898"
2026-01-18T09:25:00.000-00:00,"19.6,19.51,19.6,19.51,5066"
2026-01-18T09:30:00.000-00:00,"19.52,19.59,19.6,19.52,2281"
2026-01-18T09:35:00.000-00:00,"19.53,19.51,19.59,19.5,9792"
2026-01-18T09:40:00.000-00:00,"19.59,19.51,19.6,19.51,10551"
2026-01-18T09:45:00.000-00:00,"19.52,19.5,19.59,19.46,24979"
2026-01-18T09:50:00.000-00:00,"19.58,19.58,19.58,19.43,17729"
2026-01-18T09:55:00.000-00:00,"19.5,19.4,19.5,19.4,13076"
2026-01-18T10:00:00.000-00:00,"19.4,19.3,19.4,19.25,50693"
2026-01-18T10:05:00.000-00:00,"19.31,19.44,19.44,19.3,22729"
2026-01-18T10:10:00.000-00:00,"19.43,19.35,19.44,19.35,1975"
2026-01-18T10:15:00.000-00:00,"19.44,19.4,19.44,19.4,3501"
2026-01-18T10:20:00.000-00:00,"19.44,19.55,19.55,19.4,32755"
2026-01-18T10:25:00.000-00:00,"19.55,19.55,19.55,19.53,5128"
2026-01-18T10:30:00.000-00:00,"19.55,19.75,19.8,19.36,80283"
2026-01-18T10:35:00.000-00:00,"19.7,19.46,19.7,19.46,2196"
2026-01-18T10:40:00.000-00:00,"19.54,19.6,19.6,19.54,26041"
2026-01-18T10:45:00.000-00:00,"19.68,19.7,19.74,19.68,33595"
2026-01-18T10:50:00.000-00:00,"19.74,19.85,19.85,19.74,42682"
2026-01-18T10:55:00.000-00:00,"19.8,19.8,19.9,19.8,102855"
2026-01-18T11:00:00.000-00:00,"19.7,19.85,19.85,19.69,12194"
2026-01-18T11:05:00.000-00:00,"19.7,19.7,19.8,19.7,5388"
2026-01-18T11:10:00.000-00:00,"19.78,19.78,19.78,19.78,4275"
2026-01-18T11:15:00.000-00:00,"19.78,19.7,19.8,19.7,22984"
2026-01-18T11:20:00.000-00:00,"19.7,19.7,19.75,19.7,4643"
2026-01-18T11:25:00.000-00:00,"19.75,19.79,19.8,19.7,42974"
2026-01-18T11:30:00.000-00:00,"19.78,19.79,19.79,19.7,4500"
2026-01-18T11:35:00.000-00:00,"19.79,19.79,19.79,19.79,6211"
2026-01-18T11:40:00.000-00:00,"19.75,19.8,19.8,19.7,24532"
2026-01-18T11:45:00.000-00:00,"19.77,19.8,19.8,19.7,36731"
2026-01-18T11:50:00.000-00:00,"19.79,19.8,19.8,19.79,36592"
2026-01-18T11:55:00.000-00:00,"19.8,19.88,19.89,19.8,31033"
2026-01-18T12:00:00.000-00:00,"19.8,19.9,19.92,19.8,57876"
2026-01-18T12:05:00.000-00:00,"19.85,19.89,19.89,19.76,11259"
2026-01-18T12:10:00.000-00:00,"19.88,19.95,19.95,19.88,49627"
2026-01-18T12:25:00.000-00:00,"19.94,19.94,19.94,19.94,8440"
2026-01-19T08:00:00.000-00:00,"19.9,19.94,19.94,19.73,7277"
2026-01-19T08:05:00.000-00:00,"19.93,19.9,19.94,19.73,8748"
2026-01-19T08:10:00.000-00:00,"19.75,19.76,19.92,19.75,2941"
2026-01-19T08:15:00.000-00:00,"19.9,19.89,19.9,19.88,2397"
2026-01-19T08:20:00.000-00:00,"19.9,19.97,19.97,19.9,54471"
2026-01-19T08:25:00.000-00:00,"19.96,19.8,19.97,19.8,34848"
2026-01-19T08:30:00.000-00:00,"19.8,19.89,19.89,19.8,812"
2026-01-19T08:35:00.000-00:00,"19.85,19.89,19.89,19.8,20833"
2026-01-19T08:40:00.000-00:00,"19.78,19.74,19.78,19.73,1333"
2026-01-19T08:45:00.000-00:00,"19.78,19.8,19.8,19.78,11050"
2026-01-19T08:50:00.000-00:00,"19.81,19.8,19.84,19.77,7369"
2026-01-19T08:55:00.000-00:00,"19.8,19.8,19.84,19.8,31071"
2026-01-19T09:00:00.000-00:00,"19.79,19.79,19.79,19.79,7285"
2026-01-19T09:05:00.000-00:00,"19.79,19.79,19.79,19.76,923"
2026-01-19T09:10:00.000-00:00,"19.79,19.79,19.84,19.79,24267"
2026-01-19T09:15:00.000-00:00,"19.79,19.8,19.8,19.79,31761"
2026-01-19T09:20:00.000-00:00,"19.8,19.8,19.81,19.76,84245"
2026-01-19T09:25:00.000-00:00,"19.81,19.85,19.85,19.8,37617"
2026-01-19T09:30:00.000-00:00,"19.85,19.81,19.85,19.81,27887"
2026-01-19T09:35:00.000-00:00,"19.84,19.85,19.9,19.84,145023"
2026-01-19T09:40:00.000-00:00,"19.85,19.8,19.9,19.8,258974"
2026-01-19T09:45:00.000-00:00,"19.8,19.77,19.8,19.73,93432"
2026-01-19T09:50:00.000-00:00,"19.77,19.65,19.77,19.61,42852"
2026-01-19T09:55:00.000-00:00,"19.7,19.66,19.74,19.66,13596"
2026-01-19T10:00:00.000-00:00,"19.65,19.62,19.69,19.62,31942"
2026-01-19T10:05:00.000-00:00,"19.62,19.6,19.62,19.51,85488"
2026-01-19T10:10:00.000-00:00,"19.55,19.6,19.64,19.55,20646"
2026-01-19T10:15:00.000-00:00,"19.65,19.7,19.71,19.65,38420"
2026-01-19T10:20:00.000-00:00,"19.68,19.68,19.68,19.61,2738"
2026-01-19T10:25:00.000-00:00,"19.61,19.61,19.61,19.61,924"
2026-01-19T10:30:00.000-00:00,"19.61,19.71,19.71,19.61,39586"
2026-01-19T10:35:00.000-00:00,"19.7,19.7,19.71,19.7,10379"
2026-01-19T10:40:00.000-00:00,"19.7,19.71,19.71,19.7,2817"
2026-01-19T10:45:00.000-00:00,"19.71,19.63,19.71,19.63,40234"
2026-01-19T10:50:00.000-00:00,"19.63,19.62,19.7,19.6,39225"
2026-01-19T10:55:00.000-00:00,"19.62,19.7,19.73,19.62,13584"
2026-01-19T11:00:00.000-00:00,"19.64,19.7,19.7,19.64,27896"
2026-01-19T11:05:00.000-00:00,"19.65,19.7,19.7,19.65,2445"
2026-01-19T11:10:00.000-00:00,"19.66,19.63,19.7,19.63,25884"
2026-01-19T11:15:00.000-00:00,"19.63,19.75,19.75,19.63,130250"
2026-01-19T11:20:00.000-00:00,"19.65,19.76,19.76,19.65,10178"
2026-01-19T11:25:00.000-00:00,"19.76,19.79,19.8,19.75,98915"
2026-01-19T11:30:00.000-00:00,"19.78,19.78,19.79,19.71,1149"
2026-01-19T11:35:00.000-00:00,"19.71,19.79,19.79,19.71,12817"
2026-01-19T11:40:00.000-00:00,"19.73,19.8,19.8,19.71,14030"
2026-01-19T11:45:00.000-00:00,"19.71,19.75,19.78,19.7,9153"
2026-01-19T11:50:00.000-00:00,"19.71,19.6,19.75,19.6,246585"
2026-01-19T11:55:00.000-00:00,"19.7,19.65,19.7,19.6,57144"
2026-01-19T12:00:00.000-00:00,"19.65,19.73,19.73,19.65,107949"
2026-01-19T12:05:00.000-00:00,"19.65,19.73,19.74,19.65,53311"
2026-01-19T12:10:00.000-00:00,"19.73,19.75,19.8,19.73,175576"
2026-01-19T12:25:00.000-00:00,"19.79,19.79,19.79,19.79,11138"
2026-01-20T08:00:00.000-00:00,"19.81,19.92,19.94,19.81,4355"
2026-01-20T08:05:00.000-00:00,"19.83,19.87,19.91,19.79,56610"
2026-01-20T08:10:00.000-00:00,"19.87,19.9,19.9,19.82,47225"
2026-01-20T08:15:00.000-00:00,"19.89,19.76,19.89,19.75,83727"
2026-01-20T08:20:00.000-00:00,"19.75,19.65,19.75,19.65,29699"
2026-01-20T08:25:00.000-00:00,"19.65,19.66,19.7,19.65,2745"
2026-01-20T08:30:00.000-00:00,"19.74,19.66,19.74,19.65,4396"
2026-01-20T08:35:00.000-00:00,"19.66,20,20.05,19.66,455640"
2026-01-20T08:40:00.000-00:00,"19.98,19.89,20,19.86,5736"
2026-01-20T08:45:00.000-00:00,"19.9,19.95,19.95,19.9,34363"
2026-01-20T08:50:00.000-00:00,"19.95,20.62,21,19.95,920786"
2026-01-20T08:55:00.000-00:00,"20.8,21.28,21.35,20.65,780333"
2026-01-20T09:00:00.000-00:00,"21.28,21.51,21.59,21.11,783548"
2026-01-20T09:05:00.000-00:00,"21.55,21.8,21.8,21.55,290142"
2026-01-20T09:15:00.000-00:00,"21.8,22,22.5,21.8,1438730"
2026-01-20T09:20:00.000-00:00,"22,21.6,22.2,21.6,258904"
2026-01-20T09:25:00.000-00:00,"21.7,21.43,21.7,21.27,272462"
2026-01-20T09:30:00.000-00:00,"21.32,21.2,21.4,21.15,238027"
2026-01-20T09:35:00.000-00:00,"21.2,21.2,21.3,21.02,206192"
2026-01-20T09:40:00.000-00:00,"21.18,21.19,21.29,21.05,124353"
2026-01-20T09:45:00.000-00:00,"21.07,21.3,21.3,20.91,210806"
2026-01-20T09:50:00.000-00:00,"21.33,21.3,21.4,21.26,164511"
2026-01-20T09:55:00.000-00:00,"21.3,21.37,21.39,21.3,188996"
2026-01-20T10:00:00.000-00:00,"21.37,21.25,21.44,21.25,82920"
2026-01-20T10:05:00.000-00:00,"21.21,21.02,21.21,21,61015"
2026-01-20T10:10:00.000-00:00,"21.18,21.05,21.18,21,51317"
2026-01-20T10:15:00.000-00:00,"21.09,21,21.09,20.85,110295"
2026-01-20T10:20:00.000-00:00,"21,21.1,21.18,21,88803"
2026-01-20T10:25:00.000-00:00,"21.1,21,21.1,20.9,51341"
2026-01-20T10:30:00.000-00:00,"20.99,20.99,21,20.9,303476"
2026-01-20T10:35:00.000-00:00,"20.99,20.82,20.99,20.82,27019"
2026-01-20T10:40:00.000-00:00,"20.82,20.9,20.99,20.8,35044"
2026-01-20T10:45:00.000-00:00,"20.83,20.83,20.93,20.8,128876"
2026-01-20T10:50:00.000-00:00,"20.9,20.8,20.9,20.8,69945"
2026-01-20T10:55:00.000-00:00,"20.88,20.9,20.95,20.88,93441"
2026-01-20T11:00:00.000-00:00,"20.95,20.93,21,20.9,140025"
2026-01-20T11:05:00.000-00:00,"20.98,20.81,20.98,20.81,124241"
2026-01-20T11:10:00.000-00:00,"20.81,20.88,20.89,20.81,34468"
2026-01-20T11:15:00.000-00:00,"20.88,20.85,21,20.84,183941"
2026-01-20T11:20:00.000-00:00,"20.9,20.82,20.9,20.82,36345"
2026-01-20T11:25:00.000-00:00,"20.82,20.8,20.9,20.75,97498"
2026-01-20T11:30:00.000-00:00,"20.87,21,21,20.81,106604"
2026-01-20T11:35:00.000-00:00,"21,21.1,21.16,20.87,111115"
2026-01-20T11:40:00.000-00:00,"21.06,21.01,21.08,21,86385"
2026-01-20T11:45:00.000-00:00,"21,21,21.1,20.91,105625"
2026-01-20T11:50:00.000-00:00,"21,21.1,21.1,20.91,145495"
2026-01-20T11:55:00.000-00:00,"21.08,21.14,21.18,21.05,176874"
2026-01-20T12:00:00.000-00:00,"21.14,21.05,21.14,21.05,32219"
2026-01-20T12:05:00.000-00:00,"21.1,21.1,21.1,21.07,46054"
2026-01-20T12:10:00.000-00:00,"21.1,21.19,21.19,21.01,143266"
2026-01-20T12:25:00.000-00:00,"21.18,21.18,21.18,21.18,617236"
2026-01-21T08:00:00.000-00:00,"21.21,20.99,21.45,20.62,204957"
2026-01-21T08:05:00.000-00:00,"20.99,20.8,21.01,20.8,175148"
2026-01-21T08:10:00.000-00:00,"20.8,20.92,20.92,20.8,103286"
2026-01-21T08:15:00.000-00:00,"20.92,21.1,21.1,20.9,269940"
2026-01-21T08:20:00.000-00:00,"21.1,21,21.27,20.8,584743"
2026-01-21T08:25:00.000-00:00,"21,21.11,21.23,21,213127"
2026-01-21T08:30:00.000-00:00,"21.1,21.1,21.12,21.01,108985"
2026-01-21T08:35:00.000-00:00,"21.11,21.15,21.19,21.11,104390"
2026-01-21T08:40:00.000-00:00,"21.13,21.13,21.18,21.13,55899"
2026-01-21T08:45:00.000-00:00,"21.15,21.15,21.18,21.07,114377"
2026-01-21T08:50:00.000-00:00,"21.15,21.24,21.3,21.12,139338"
2026-01-21T08:55:00.000-00:00,"21.3,21.3,21.3,21.17,113298"
2026-01-21T09:00:00.000-00:00,"21.3,21.7,21.9,21.3,591776"
2026-01-21T09:05:00.000-00:00,"21.69,21.6,21.79,21.54,82252"
2026-01-21T09:10:00.000-00:00,"21.6,21.89,21.89,21.6,281846"
2026-01-21T09:15:00.000-00:00,"21.88,21.71,21.88,21.7,74120"
2026-01-21T09:20:00.000-00:00,"21.71,21.66,21.71,21.62,160642"
2026-01-21T09:25:00.000-00:00,"21.67,21.5,21.68,21.4,213502"
2026-01-21T09:30:00.000-00:00,"21.5,21.55,21.67,21.36,156372"
2026-01-21T09:35:00.000-00:00,"21.5,21.5,21.59,21.5,18265"
2026-01-21T09:40:00.000-00:00,"21.41,21.3,21.41,21.3,199431"
2026-01-21T09:45:00.000-00:00,"21.3,21.2,21.3,21.2,64733"
2026-01-21T09:50:00.000-00:00,"21.2,21.1,21.25,21.1,153168"
2026-01-21T09:55:00.000-00:00,"21.1,21.5,21.55,21.1,550175"
2026-01-21T10:00:00.000-00:00,"21.49,21.31,21.49,21.3,79955"
2026-01-21T10:05:00.000-00:00,"21.39,21.39,21.44,21.33,59699"
2026-01-21T10:10:00.000-00:00,"21.39,21.28,21.39,21.12,214999"
2026-01-21T10:15:00.000-00:00,"21.13,21.3,21.3,21.12,39681"
2026-01-21T10:20:00.000-00:00,"21.3,21.3,21.37,21.22,82193"
2026-01-21T10:25:00.000-00:00,"21.3,21.44,21.48,21.3,185697"
2026-01-21T10:30:00.000-00:00,"21.44,21.6,21.64,21.4,251387"
2026-01-21T10:35:00.000-00:00,"21.6,21.6,21.64,21.59,83214"
2026-01-21T10:40:00.000-00:00,"21.62,21.7,21.73,21.6,128798"
2026-01-21T10:45:00.000-00:00,"21.63,21.58,21.7,21.58,21136"
2026-01-21T10:50:00.000-00:00,"21.57,21.59,21.59,21.53,85832"
2026-01-21T10:55:00.000-00:00,"21.6,21.65,21.68,21.59,140915"
2026-01-21T11:00:00.000-00:00,"21.67,21.7,21.75,21.65,139819"
2026-01-21T11:05:00.000-00:00,"21.7,21.86,21.86,21.7,365996"
2026-01-21T11:10:00.000-00:00,"21.8,21.78,21.9,21.78,74337"
2026-01-21T11:15:00.000-00:00,"21.78,21.7,21.78,21.7,42506"
2026-01-21T11:20:00.000-00:00,"21.7,21.73,21.73,21.7,37139"
2026-01-21T11:25:00.000-00:00,"21.73,21.73,21.85,21.7,51529"
2026-01-21T11:30:00.000-00:00,"21.75,21.69,21.75,21.67,66526"
2026-01-21T11:35:00.000-00:00,"21.69,21.5,21.69,21.48,339108"
2026-01-21T11:40:00.000-00:00,"21.47,21.5,21.6,21.44,95302"
2026-01-21T11:45:00.000-00:00,"21.5,21.5,21.59,21.5,74303"
2026-01-21T11:50:00.000-00:00,"21.5,21.6,21.64,21.5,132764"
2026-01-21T11:55:00.000-00:00,"21.59,21.61,21.61,21.52,29031"
2026-01-21T12:00:00.000-00:00,"21.6,21.6,21.7,21.6,125721"
2026-01-21T12:05:00.000-00:00,"21.64,21.55,21.7,21.55,130971"
2026-01-21T12:10:00.000-00:00,"21.56,21.57,21.67,21.54,172756"
2026-01-21T12:25:00.000-00:00,"21.57,21.57,21.57,21.57,204093"
2026-01-22T08:00:00.000-00:00,"21.6,21.55,21.8,21.55,17944"
2026-01-22T08:05:00.000-00:00,"21.7,21.61,21.75,21.55,11053"
2026-01-22T08:10:00.000-00:00,"21.69,21.6,21.69,21.6,10537"
2026-01-22T08:15:00.000-00:00,"21.68,21.57,21.68,21.57,15452"
2026-01-22T08:20:00.000-00:00,"21.59,21.57,21.6,21.57,16755"
2026-01-22T08:25:00.000-00:00,"21.59,21.55,21.59,21.55,33176"
2026-01-22T08:30:00.000-00:00,"21.5,21.48,21.57,21.45,38450"
2026-01-22T08:35:00.000-00:00,"21.47,21.5,21.5,21.45,24633"
2026-01-22T08:40:00.000-00:00,"21.51,21.46,21.52,21.46,17040"
2026-01-22T08:45:00.000-00:00,"21.49,21.5,21.5,21.46,30989"
2026-01-22T08:50:00.000-00:00,"21.5,21.64,21.65,21.46,29976"
2026-01-22T08:55:00.000-00:00,"21.64,21.9,21.9,21.63,165247"
2026-01-22T09:00:00.000-00:00,"21.89,21.9,22.04,21.85,387939"
2026-01-22T09:05:00.000-00:00,"21.9,21.85,21.91,21.85,172809"
2026-01-22T09:10:00.000-00:00,"21.86,21.94,21.94,21.85,121346"
2026-01-22T09:15:00.000-00:00,"21.86,21.94,21.94,21.85,64620"
2026-01-22T09:20:00.000-00:00,"21.93,21.9,21.94,21.87,195561"
2026-01-22T09:25:00.000-00:00,"21.91,22.15,22.15,21.9,385907"
2026-01-22T09:30:00.000-00:00,"22.17,22.2,22.25,22.1,226088"
2026-01-22T09:35:00.000-00:00,"22.2,22.24,22.25,22.12,238960"
2026-01-22T09:40:00.000-00:00,"22.2,22.22,22.3,22.2,145924"
2026-01-22T09:45:00.000-00:00,"22.22,22.12,22.22,22.12,80227"
2026-01-22T09:50:00.000-00:00,"22.14,22.3,22.3,22.14,284514"
2026-01-22T09:55:00.000-00:00,"22.3,22.4,22.4,22.2,414578"
2026-01-22T10:00:00.000-00:00,"22.4,22.59,22.64,22.4,1193757"
2026-01-22T10:05:00.000-00:00,"22.59,22.7,22.74,22.53,292493"
2026-01-22T10:10:00.000-00:00,"22.67,22.85,22.85,22.64,211571"
2026-01-22T10:15:00.000-00:00,"22.85,23.29,23.34,22.85,1571155"
2026-01-22T10:20:00.000-00:00,"23.28,22.81,23.28,22.76,626101"
2026-01-22T10:25:00.000-00:00,"22.81,22.7,22.9,22.4,743406"
2026-01-22T10:30:00.000-00:00,"22.54,22.4,22.74,22.4,1142182"
2026-01-22T10:35:00.000-00:00,"22.5,22.49,22.65,22.42,544440"
2026-01-22T10:40:00.000-00:00,"22.49,22.33,22.49,22.31,132512"
2026-01-22T10:45:00.000-00:00,"22.4,22.4,22.48,22.35,144549"
2026-01-22T10:50:00.000-00:00,"22.4,22.36,22.45,22.36,69647"
2026-01-22T10:55:00.000-00:00,"22.37,22.26,22.37,22.25,148082"
2026-01-22T11:00:00.000-00:00,"22.26,22.3,22.3,22.18,49059"
2026-01-22T11:05:00.000-00:00,"22.3,22.31,22.31,22.26,18149"
2026-01-22T11:10:00.000-00:00,"22.32,22.44,22.44,22.32,62171"
2026-01-22T11:15:00.000-00:00,"22.44,22.44,22.45,22.4,60232"
2026-01-22T11:20:00.000-00:00,"22.45,22.42,22.47,22.4,111073"
2026-01-22T11:25:00.000-00:00,"22.42,22.41,22.45,22.4,83717"
2026-01-22T11:30:00.000-00:00,"22.45,22.4,22.48,22.39,281369"
2026-01-22T11:35:00.000-00:00,"22.39,22.45,22.6,22.35,1531341"
2026-01-22T11:40:00.000-00:00,"22.59,22.45,22.65,22.41,533924"
2026-01-22T11:45:00.000-00:00,"22.42,22.45,22.5,22.41,159397"
2026-01-22T11:50:00.000-00:00,"22.44,22.42,22.5,22.4,214856"
2026-01-22T11:55:00.000-00:00,"22.45,22.45,22.45,22.35,265378"
2026-01-22T12:00:00.000-00:00,"22.45,22.4,22.5,22.35,443081"
2026-01-22T12:05:00.000-00:00,"22.36,22.4,22.48,22.36,787452"
2026-01-22T12:10:00.000-00:00,"22.39,22.3,22.4,22.3,183071"
2026-01-22T12:25:00.000-00:00,"22.2,22.2,22.2,22.2,229785"
2026-01-25T08:00:00.000-00:00,"22.26,22.57,23,22.26,262747"
2026-01-25T08:05:00.000-00:00,"22.89,22.81,22.99,22.61,170343"
2026-01-25T08:10:00.000-00:00,"22.81,22.51,22.81,22.5,334577"
2026-01-25T08:15:00.000-00:00,"22.51,22.45,22.57,22.28,109199"
2026-01-25T08:20:00.000-00:00,"22.45,22.55,22.55,22.35,52298"
2026-01-25T08:25:00.000-00:00,"22.58,22.59,22.8,22.53,63212"
2026-01-25T08:30:00.000-00:00,"22.59,22.51,22.6,22.5,80016"
2026-01-25T08:35:00.000-00:00,"22.51,22.45,22.6,22.44,68403"
2026-01-25T08:40:00.000-00:00,"22.46,22.57,22.6,22.4,44894"
2026-01-25T08:45:00.000-00:00,"22.57,22.51,22.57,22.45,26907"
2026-01-25T08:50:00.000-00:00,"22.51,22.49,22.56,22.42,17275"
2026-01-25T08:55:00.000-00:00,"22.45,22.4,22.49,22.4,25863"
2026-01-25T09:00:00.000-00:00,"22.4,22.5,22.57,22.4,68739"
2026-01-25T09:05:00.000-00:00,"22.5,22.5,22.57,22.44,20292"
2026-01-25T09:10:00.000-00:00,"22.45,22.56,22.56,22.45,18808"
2026-01-25T09:15:00.000-00:00,"22.5,22.49,22.5,22.45,8459"
2026-01-25T09:20:00.000-00:00,"22.49,22.5,22.6,22.4,76350"
2026-01-25T09:25:00.000-00:00,"22.5,22.49,22.5,22.45,5448"
2026-01-25T09:30:00.000-00:00,"22.49,22.48,22.49,22.41,5627"
2026-01-25T09:35:00.000-00:00,"22.48,22.45,22.5,22.42,28229"
2026-01-25T09:40:00.000-00:00,"22.45,22.55,22.55,22.45,10167"
2026-01-25T09:45:00.000-00:00,"22.57,22.5,22.57,22.5,21587"
2026-01-25T09:50:00.000-00:00,"22.5,22,22.5,21.8,460004"
2026-01-25T09:55:00.000-00:00,"21.99,21.9,22,21.8,58479"
2026-01-25T10:00:00.000-00:00,"21.8,21.68,21.94,21.68,160841"
2026-01-25T10:05:00.000-00:00,"21.68,21.8,21.89,21.65,24773"
2026-01-25T10:10:00.000-00:00,"21.72,22.1,22.17,21.72,39570"
2026-01-25T10:15:00.000-00:00,"22.1,22.11,22.15,21.99,36627"
2026-01-25T10:20:00.000-00:00,"22.11,22.1,22.11,21.9,31176"
2026-01-25T10:25:00.000-00:00,"22.09,22.1,22.13,22.01,29369"
2026-01-25T10:30:00.000-00:00,"22.1,22.1,22.13,22.04,16778"
2026-01-25T10:35:00.000-00:00,"22.09,21.8,22.1,21.8,84637"
2026-01-25T10:40:00.000-00:00,"21.79,21.89,21.89,21.51,130096"
2026-01-25T10:45:00.000-00:00,"21.8,21.8,21.89,21.8,36908"
2026-01-25T10:50:00.000-00:00,"21.81,21.89,21.89,21.81,22022"
2026-01-25T10:55:00.000-00:00,"21.89,21.92,21.94,21.82,20348"
2026-01-25T11:00:00.000-00:00,"21.84,21.86,21.94,21.84,23581"
2026-01-25T11:05:00.000-00:00,"21.91,21.99,21.99,21.88,16649"
2026-01-25T11:10:00.000-00:00,"21.89,22.1,22.23,21.89,79901"
2026-01-25T11:15:00.000-00:00,"22.1,22.12,22.12,22.1,31763"
2026-01-25T11:20:00.000-00:00,"22.12,22.15,22.15,22.1,24109"
2026-01-25T11:25:00.000-00:00,"22.15,22.1,22.19,22.1,74589"
2026-01-25T11:30:00.000-00:00,"22.05,21.99,22.05,21.88,285407"
2026-01-25T11:35:00.000-00:00,"21.99,21.91,21.99,21.9,21145"
2026-01-25T11:40:00.000-00:00,"21.9,21.9,21.91,21.87,21854"
2026-01-25T11:45:00.000-00:00,"21.9,21.88,21.9,21.85,34084"
2026-01-25T11:50:00.000-00:00,"21.87,21.8,21.9,21.8,115741"
2026-01-25T11:55:00.000-00:00,"21.8,21.88,21.94,21.72,159988"
2026-01-25T12:00:00.000-00:00,"21.88,22.1,22.2,21.8,180613"
2026-01-25T12:05:00.000-00:00,"22.1,22,22.3,22,194830"
2026-01-25T12:10:00.000-00:00,"22.01,22,22.2,22,95003"
2026-01-25T12:25:00.000-00:00,"21.99,21.99,21.99,21.99,315006"
2026-01-26T08:00:00.000-00:00,"21.9,21.99,21.99,21.8,38760"
2026-01-26T08:05:00.000-00:00,"21.99,22.19,22.19,21.81,63969"
2026-01-26T08:10:00.000-00:00,"22.19,22,22.43,22,24813"
2026-01-26T08:15:00.000-00:00,"22,22.08,22.35,22,29352"
2026-01-26T08:20:00.000-00:00,"22.3,22.09,22.32,22.08,42930"
2026-01-26T08:25:00.000-00:00,"22.08,22,22.09,21.82,32345"
2026-01-26T08:30:00.000-00:00,"21.83,21.99,22.1,21.83,32891"
2026-01-26T08:35:00.000-00:00,"21.9,21.9,21.9,21.9,6040"
2026-01-26T08:40:00.000-00:00,"21.9,21.99,22.09,21.87,38387"
2026-01-26T08:45:00.000-00:00,"21.99,21.86,21.99,21.86,25585"
2026-01-26T08:50:00.000-00:00,"21.9,21.9,21.9,21.85,14487"
2026-01-26T08:55:00.000-00:00,"21.9,21.91,21.91,21.86,26101"
2026-01-26T09:00:00.000-00:00,"21.91,22,22,21.9,11422"
2026-01-26T09:05:00.000-00:00,"22,22,22,21.9,8075"
2026-01-26T09:10:00.000-00:00,"22,21.93,22,21.91,12269"
2026-01-26T09:15:00.000-00:00,"22,22.07,22.07,22,30558"
2026-01-26T09:20:00.000-00:00,"22,21.91,22,21.9,24898"
2026-01-26T09:25:00.000-00:00,"21.91,22,22,21.9,1691"
2026-01-26T09:30:00.000-00:00,"22,22.07,22.07,21.93,34338"
2026-01-26T09:35:00.000-00:00,"22.07,22.3,22.34,22.07,265400"
2026-01-26T09:40:00.000-00:00,"22.3,22.03,22.3,21.98,674964"
2026-01-26T09:45:00.000-00:00,"22.03,22.04,22.05,22,77527"
2026-01-26T09:50:00.000-00:00,"22.04,22.27,22.27,22.04,397042"
2026-01-26T09:55:00.000-00:00,"22.25,22.35,22.35,22.17,256019"
2026-01-26T10:00:00.000-00:00,"22.34,22.3,22.47,22.3,374291"
2026-01-26T10:05:00.000-00:00,"22.34,22.2,22.39,22.2,184705"
2026-01-26T10:10:00.000-00:00,"22.18,22.11,22.2,22.1,38963"
2026-01-26T10:15:00.000-00:00,"22.19,22.15,22.19,22,72253"
2026-01-26T10:20:00.000-00:00,"22.1,22.1,22.18,22.05,2912"
2026-01-26T10:25:00.000-00:00,"22.08,22.02,22.08,22,70215"
2026-01-26T10:30:00.000-00:00,"22.07,22.1,22.1,22.07,19030"
2026-01-26T10:35:00.000-00:00,"22.1,22.14,22.15,22.05,29192"
2026-01-26T10:40:00.000-00:00,"22.14,22.1,22.17,22.06,35747"
2026-01-26T10:45:00.000-00:00,"22.1,22.02,22.1,21.97,114616"
2026-01-26T10:50:00.000-00:00,"22.02,22.03,22.04,22,47456"
2026-01-26T10:55:00.000-00:00,"22.03,22.1,22.13,22.03,72135"
2026-01-26T11:00:00.000-00:00,"22.06,22.01,22.13,22,41434"
2026-01-26T11:05:00.000-00:00,"22.04,22.04,22.13,22.02,63297"
2026-01-26T11:10:00.000-00:00,"22.03,22.13,22.13,22.03,43675"
2026-01-26T11:15:00.000-00:00,"22.1,22,22.13,22,482820"
2026-01-26T11:20:00.000-00:00,"22,22,22,21.93,131843"
2026-01-26T11:25:00.000-00:00,"22,21.91,22,21.9,392899"
2026-01-26T11:30:00.000-00:00,"21.91,21.9,21.92,21.85,215975"
2026-01-26T11:35:00.000-00:00,"21.9,21.9,21.9,21.87,42468"
2026-01-26T11:40:00.000-00:00,"21.87,21.87,21.9,21.87,14055"
2026-01-26T11:45:00.000-00:00,"21.87,21.8,21.87,21.65,322089"
2026-01-26T11:50:00.000-00:00,"21.8,21.8,21.8,21.75,53128"
2026-01-26T11:55:00.000-00:00,"21.8,21.8,21.8,21.7,111310"
2026-01-26T12:00:00.000-00:00,"21.84,21.9,22,21.84,913976"
2026-01-26T12:05:00.000-00:00,"21.9,21.9,21.91,21.8,129868"
2026-01-26T12:10:00.000-00:00,"21.8,21.9,21.98,21.8,145132"
2026-01-26T12:15:00.000-00:00,"21.9,21.9,21.9,21.9,3988"
2026-01-26T12:25:00.000-00:00,"22,22,22,22,341755"
2026-01-27T08:00:00.000-00:00,"22.19,22.28,22.28,22.1,169473"
2026-01-27T08:05:00.000-00:00,"22.2,22.4,22.4,22.2,150711"
2026-01-27T08:10:00.000-00:00,"22.4,22.38,22.46,22.25,228232"
2026-01-27T08:15:00.000-00:00,"22.38,22.1,22.38,22,290750"
2026-01-27T08:20:00.000-00:00,"22.1,22.18,22.19,22.1,72361"
2026-01-27T08:25:00.000-00:00,"22.12,22.13,22.18,22.1,43935"
2026-01-27T08:30:00.000-00:00,"22.13,22.09,22.14,22.09,24460"
2026-01-27T08:35:00.000-00:00,"22.09,22.09,22.1,22.09,20833"
2026-01-27T08:40:00.000-00:00,"22.06,22.06,22.1,22.06,3879"
2026-01-27T08:45:00.000-00:00,"22.1,22.01,22.1,22,52827"
2026-01-27T08:50:00.000-00:00,"22.09,22.13,22.13,22.06,42748"
2026-01-27T08:55:00.000-00:00,"22.1,22.15,22.15,22.1,22392"
2026-01-27T09:00:00.000-00:00,"22.15,22.15,22.15,22.12,5765"
2026-01-27T09:05:00.000-00:00,"22.16,22.16,22.16,22.1,56484"
2026-01-27T09:10:00.000-00:00,"22.15,22.14,22.15,22.02,14772"
2026-01-27T09:15:00.000-00:00,"22.14,22.15,22.15,22.1,15657"
2026-01-27T09:20:00.000-00:00,"22.15,22.08,22.15,22.08,28923"
2026-01-27T09:25:00.000-00:00,"22.07,22.07,22.14,22.07,3728"
2026-01-27T09:30:00.000-00:00,"22.1,22.01,22.1,22.01,213788"
2026-01-27T09:35:00.000-00:00,"22.01,22.05,22.09,22,189525"
2026-01-27T09:40:00.000-00:00,"22.02,22,22.07,22,229744"
2026-01-27T09:45:00.000-00:00,"22.01,22,22.05,22,98386"
2026-01-27T09:50:00.000-00:00,"22,22.05,22.05,22,45207"
2026-01-27T09:55:00.000-00:00,"22.05,22.07,22.07,22.03,47295"
2026-01-27T10:00:00.000-00:00,"22.07,22.1,22.1,22.06,24815"
2026-01-27T10:05:00.000-00:00,"22.06,22.05,22.09,22.05,25528"
2026-01-27T10:10:00.000-00:00,"22.03,22.04,22.09,22.03,16806"
2026-01-27T10:15:00.000-00:00,"22.04,22.07,22.08,22.03,349345"
2026-01-27T10:20:00.000-00:00,"22.07,22.11,22.11,22.06,137628"
2026-01-27T10:25:00.000-00:00,"22.1,22.13,22.13,22.07,13731"
2026-01-27T10:30:00.000-00:00,"22.13,22.1,22.14,22.07,89735"
2026-01-27T10:35:00.000-00:00,"22.1,22.06,22.1,22.05,46645"
2026-01-27T10:40:00.000-00:00,"22.1,22.1,22.1,22.07,55260"
2026-01-27T10:45:00.000-00:00,"22.1,22.08,22.1,22.08,36649"
2026-01-27T10:50:00.000-00:00,"22.08,22.1,22.1,22.08,391726"
2026-01-27T10:55:00.000-00:00,"22.1,22.11,22.11,22.08,18271"
2026-01-27T11:00:00.000-00:00,"22.1,22.1,22.13,22.1,55972"
2026-01-27T11:05:00.000-00:00,"22.12,22.35,22.35,22.12,221483"
2026-01-27T11:10:00.000-00:00,"22.35,22.31,22.37,22.27,88753"
2026-01-27T11:15:00.000-00:00,"22.34,22.3,22.38,22.3,183463"
2026-01-27T11:20:00.000-00:00,"22.33,22.27,22.4,22.27,197144"
2026-01-27T11:25:00.000-00:00,"22.27,22.26,22.33,22.25,37237"
2026-01-27T11:30:00.000-00:00,"22.26,22.12,22.3,22.11,151840"
2026-01-27T11:35:00.000-00:00,"22.19,22.26,22.26,22.17,20899"
2026-01-27T11:40:00.000-00:00,"22.25,22.4,22.4,22.18,178068"
2026-01-27T11:45:00.000-00:00,"22.25,22.39,22.42,22.25,45847"
2026-01-27T11:50:00.000-00:00,"22.39,22.16,22.39,22.16,164486"
2026-01-27T11:55:00.000-00:00,"22.16,22.15,22.28,22.15,145160"
2026-01-27T12:00:00.000-00:00,"22.15,22.28,22.29,22.15,84954"
2026-01-27T12:05:00.000-00:00,"22.28,22.21,22.28,22.18,159673"
2026-01-27T12:10:00.000-00:00,"22.27,22.32,22.32,22.21,94327"
2026-01-27T12:25:00.000-00:00,"22.2,22.2,22.2,22.2,72518"
2026-01-28T08:00:00.000-00:00,"22.2,22.3,22.39,22.15,18915"
2026-01-28T08:05:00.000-00:00,"22.3,22.3,22.34,22.3,14442"
2026-01-28T08:10:00.000-00:00,"22.3,22.23,22.3,22.23,16742"
2026-01-28T08:15:00.000-00:00,"22.23,22.2,22.23,22.2,38036"
2026-01-28T08:20:00.000-00:00,"22.19,22.1,22.19,22.08,23798"
2026-01-28T08:25:00.000-00:00,"22.1,22.1,22.11,22.08,4130"
2026-01-28T08:30:00.000-00:00,"22.1,22.05,22.1,22.05,11377"
2026-01-28T08:35:00.000-00:00,"22.05,22.05,22.06,22.03,22892"
2026-01-28T08:40:00.000-00:00,"22.05,22.1,22.1,22.02,9084"
2026-01-28T08:45:00.000-00:00,"22.1,22,22.1,21.92,60848"
2026-01-28T08:50:00.000-00:00,"22,22,22,21.91,8278"
2026-01-28T08:55:00.000-00:00,"22,21.9,22,21.9,17864"
2026-01-28T09:00:00.000-00:00,"21.87,21.85,21.9,21.84,6082"
2026-01-28T09:05:00.000-00:00,"21.84,22,22.1,21.81,97755"
2026-01-28T09:10:00.000-00:00,"22,21.9,22,21.9,17663"
2026-01-28T09:15:00.000-00:00,"21.9,21.89,21.95,21.84,6474"
2026-01-28T09:20:00.000-00:00,"21.89,21.8,21.89,21.8,22788"
2026-01-28T09:25:00.000-00:00,"21.87,21.81,21.87,21.81,3165"
2026-01-28T09:30:00.000-00:00,"21.82,21.84,21.89,21.82,28368"
2026-01-28T09:35:00.000-00:00,"21.89,21.83,21.95,21.6,117897"
2026-01-28T09:40:00.000-00:00,"21.82,21.8,21.83,21.8,4571"
2026-01-28T09:45:00.000-00:00,"21.75,21.66,21.75,21.66,14393"
2026-01-28T09:50:00.000-00:00,"21.66,21.67,21.75,21.66,12937"
2026-01-28T09:55:00.000-00:00,"21.67,21.63,21.79,21.63,61554"
2026-01-28T10:00:00.000-00:00,"21.62,21.4,21.65,21.39,105247"
2026-01-28T10:05:00.000-00:00,"21.4,21.5,21.5,21.25,114762"
2026-01-28T10:10:00.000-00:00,"21.5,21.69,21.69,21.4,10774"
2026-01-28T10:15:00.000-00:00,"21.6,21.6,21.71,21.6,38863"
2026-01-28T10:20:00.000-00:00,"21.71,21.7,21.71,21.51,34825"
2026-01-28T10:25:00.000-00:00,"21.68,21.5,21.68,21.5,132377"
2026-01-28T10:30:00.000-00:00,"21.51,21.61,21.61,21.5,65085"
2026-01-28T10:35:00.000-00:00,"21.61,21.61,21.61,21.6,66541"
2026-01-28T10:40:00.000-00:00,"21.61,21.64,21.64,21.6,50266"
2026-01-28T10:45:00.000-00:00,"21.64,21.6,21.64,21.6,18587"
2026-01-28T10:50:00.000-00:00,"21.61,21.62,21.62,21.6,6091"
2026-01-28T10:55:00.000-00:00,"21.61,21.6,21.61,21.6,16662"
2026-01-28T11:00:00.000-00:00,"21.61,21.63,21.63,21.6,36427"
2026-01-28T11:05:00.000-00:00,"21.62,21.65,21.65,21.6,82154"
2026-01-28T11:10:00.000-00:00,"21.65,21.6,21.65,21.6,411618"
2026-01-28T11:15:00.000-00:00,"21.6,21.6,21.68,21.6,137168"
2026-01-28T11:20:00.000-00:00,"21.59,21.5,21.6,21.48,373828"
2026-01-28T11:25:00.000-00:00,"21.5,21.6,21.6,21.45,480955"
2026-01-28T11:30:00.000-00:00,"21.61,21.5,21.63,21.5,151560"
2026-01-28T11:35:00.000-00:00,"21.61,21.6,21.61,21.42,200809"
2026-01-28T11:40:00.000-00:00,"21.51,21.5,21.51,21.5,152458"
2026-01-28T11:45:00.000-00:00,"21.5,21.6,21.7,21.5,962356"
2026-01-28T11:50:00.000-00:00,"21.6,21.6,21.69,21.56,148907"
2026-01-28T11:55:00.000-00:00,"21.6,21.66,21.68,21.59,111353"
2026-01-28T12:00:00.000-00:00,"21.66,21.62,21.7,21.62,139825"
2026-01-28T12:05:00.000-00:00,"21.62,21.64,21.64,21.59,94644"
2026-01-28T12:10:00.000-00:00,"21.61,21.6,21.8,21.6,147032"
2026-01-28T12:25:00.000-00:00,"21.65,21.65,21.65,21.65,184803"
2026-02-01T08:00:00.000-00:00,"21.98,21.71,21.99,21.65,44515"
2026-02-01T08:05:00.000-00:00,"21.89,21.75,21.89,21.53,46974"
2026-02-01T08:10:00.000-00:00,"21.73,21.2,21.73,21.1,105844"
2026-02-01T08:15:00.000-00:00,"21.2,21.5,21.5,21.2,31741"
2026-02-01T08:20:00.000-00:00,"21.5,21.5,21.5,21.33,12478"
2026-02-01T08:25:00.000-00:00,"21.41,21.69,21.69,21.41,22823"
2026-02-01T08:30:00.000-00:00,"21.68,21.56,21.76,21.56,55576"
2026-02-01T08:35:00.000-00:00,"21.56,21.65,21.74,21.5,80089"
2026-02-01T08:40:00.000-00:00,"21.52,21.5,21.6,21.5,5971"
2026-02-01T08:45:00.000-00:00,"21.5,21.67,21.67,21.43,42658"
2026-02-01T08:50:00.000-00:00,"21.66,21.68,21.69,21.66,14768"
2026-02-01T08:55:00.000-00:00,"21.68,21.51,21.68,21.5,17090"
2026-02-01T09:00:00.000-00:00,"21.51,21.53,21.6,21.51,8928"
2026-02-01T09:05:00.000-00:00,"21.53,21.6,21.6,21.5,22410"
2026-02-01T09:10:00.000-00:00,"21.6,21.66,21.66,21.5,52009"
2026-02-01T09:15:00.000-00:00,"21.66,21.66,21.66,21.55,5125"
2026-02-01T09:20:00.000-00:00,"21.66,21.56,21.66,21.56,22568"
2026-02-01T09:25:00.000-00:00,"21.56,21.67,21.68,21.5,74195"
2026-02-01T09:30:00.000-00:00,"21.6,21.5,21.6,21.41,65335"
2026-02-01T09:35:00.000-00:00,"21.6,21.5,21.6,21.4,22620"
2026-02-01T09:40:00.000-00:00,"21.5,21.45,21.59,21.45,31146"
2026-02-01T09:45:00.000-00:00,"21.49,21.5,21.5,21.49,26892"
2026-02-01T09:50:00.000-00:00,"21.5,21.4,21.5,21.37,21698"
2026-02-01T09:55:00.000-00:00,"21.37,21.25,21.4,21.25,83495"
2026-02-01T10:00:00.000-00:00,"21.37,21.3,21.45,21.27,13481"
2026-02-01T10:05:00.000-00:00,"21.3,21.38,21.39,21.3,14181"
2026-02-01T10:10:00.000-00:00,"21.31,21.25,21.38,21.25,85659"
2026-02-01T10:15:00.000-00:00,"21.25,21.29,21.35,21.25,18056"
2026-02-01T10:20:00.000-00:00,"21.29,21.3,21.3,21.25,32282"
2026-02-01T10:25:00.000-00:00,"21.35,21.3,21.35,21.25,7694"
2026-02-01T10:30:00.000-00:00,"21.3,21.28,21.3,21.27,7323"
2026-02-01T10:35:00.000-00:00,"21.28,21.25,21.3,21.25,15838"
2026-02-01T10:40:00.000-00:00,"21.25,21.2,21.25,21.2,52761"
2026-02-01T10:45:00.000-00:00,"21.2,21.3,21.3,21.17,48532"
2026-02-01T10:50:00.000-00:00,"21.17,21.3,21.3,21.17,4295"
2026-02-01T10:55:00.000-00:00,"21.3,21.3,21.3,21.3,3133"
2026-02-01T11:00:00.000-00:00,"21.29,21.3,21.3,21.21,16712"
2026-02-01T11:05:00.000-00:00,"21.3,21.37,21.37,21.3,15000"
2026-02-01T11:10:00.000-00:00,"21.38,21.41,21.49,21.37,88592"
2026-02-01T11:15:00.000-00:00,"21.41,21.46,21.46,21.39,25708"
2026-02-01T11:20:00.000-00:00,"21.42,21.5,21.5,21.32,144341"
2026-02-01T11:25:00.000-00:00,"21.55,21.7,21.7,21.55,62390"
2026-02-01T11:30:00.000-00:00,"21.7,21.7,21.72,21.57,35951"
2026-02-01T11:35:00.000-00:00,"21.72,21.7,21.76,21.57,88704"
2026-02-01T11:40:00.000-00:00,"21.74,21.5,21.75,21.5,44164"
2026-02-01T11:45:00.000-00:00,"21.7,21.89,21.95,21.7,146530"
2026-02-01T11:50:00.000-00:00,"21.89,21.9,21.9,21.81,70788"
2026-02-01T11:55:00.000-00:00,"21.81,21.95,22.05,21.81,259715"
2026-02-01T12:00:00.000-00:00,"21.94,21.89,21.95,21.81,96940"
2026-02-01T12:05:00.000-00:00,"21.82,21.72,21.89,21.7,145884"
2026-02-01T12:10:00.000-00:00,"21.89,21.95,22,21.71,142194"
2026-02-01T12:25:00.000-00:00,"21.93,21.93,21.93,21.93,40662"
2026-02-02T08:00:00.000-00:00,"21.95,21.97,22,21.8,14481"
2026-02-02T08:05:00.000-00:00,"21.93,21.72,21.93,21.72,7236"
2026-02-02T08:10:00.000-00:00,"21.72,21.8,21.8,21.7,23047"
2026-02-02T08:15:00.000-00:00,"21.8,21.72,21.9,21.72,5998"
2026-02-02T08:20:00.000-00:00,"21.72,21.88,21.9,21.67,20085"
2026-02-02T08:25:00.000-00:00,"21.68,21.68,21.75,21.68,1062"
2026-02-02T08:30:00.000-00:00,"21.75,21.5,21.75,21.5,49818"
2026-02-02T08:35:00.000-00:00,"21.5,21.49,21.7,21.49,39922"
2026-02-02T08:40:00.000-00:00,"21.49,21.49,21.49,21.4,49204"
2026-02-02T08:45:00.000-00:00,"21.49,21.49,21.49,21.49,1343"
2026-02-02T08:50:00.000-00:00,"21.49,21.6,21.6,21.49,336"
2026-02-02T08:55:00.000-00:00,"21.6,21.56,21.6,21.5,8964"
2026-02-02T09:00:00.000-00:00,"21.56,21.46,21.56,21.46,3337"
2026-02-02T09:05:00.000-00:00,"21.46,21.45,21.46,21.4,56969"
2026-02-02T09:10:00.000-00:00,"21.45,21.45,21.45,21.4,33889"
2026-02-02T09:15:00.000-00:00,"21.45,21.5,21.55,21.45,44610"
2026-02-02T09:20:00.000-00:00,"21.5,21.5,21.56,21.46,68964"
2026-02-02T09:25:00.000-00:00,"21.5,21.5,21.5,21.48,42052"
2026-02-02T09:30:00.000-00:00,"21.5,21.5,21.6,21.5,155979"
2026-02-02T09:35:00.000-00:00,"21.5,21.5,21.59,21.5,235042"
2026-02-02T09:40:00.000-00:00,"21.5,21.55,21.59,21.48,34693"
2026-02-02T09:45:00.000-00:00,"21.55,21.5,21.59,21.49,64017"
2026-02-02T09:50:00.000-00:00,"21.58,21.57,21.58,21.5,7038"
2026-02-02T09:55:00.000-00:00,"21.57,21.5,21.58,21.5,32137"
2026-02-02T10:00:00.000-00:00,"21.5,21.74,21.75,21.48,229409"
2026-02-02T10:05:00.000-00:00,"21.7,21.6,21.7,21.57,14262"
2026-02-02T10:10:00.000-00:00,"21.59,21.55,21.6,21.51,61912"
2026-02-02T10:15:00.000-00:00,"21.52,21.55,21.6,21.5,160744"
2026-02-02T10:20:00.000-00:00,"21.51,21.6,21.6,21.5,166832"
2026-02-02T10:25:00.000-00:00,"21.52,21.59,21.59,21.5,30260"
2026-02-02T10:30:00.000-00:00,"21.59,21.55,21.59,21.55,11341"
2026-02-02T10:35:00.000-00:00,"21.55,21.52,21.55,21.5,231370"
2026-02-02T10:40:00.000-00:00,"21.52,21.57,21.57,21.5,43663"
2026-02-02T10:45:00.000-00:00,"21.57,21.55,21.57,21.5,13979"
2026-02-02T10:50:00.000-00:00,"21.51,21.5,21.53,21.5,34934"
2026-02-02T10:55:00.000-00:00,"21.56,21.54,21.57,21.51,3598"
2026-02-02T11:00:00.000-00:00,"21.56,21.54,21.56,21.54,2287"
2026-02-02T11:05:00.000-00:00,"21.54,21.56,21.65,21.54,88515"
2026-02-02T11:10:00.000-00:00,"21.6,21.7,21.79,21.6,140186"
2026-02-02T11:15:00.000-00:00,"21.7,21.85,21.85,21.7,169408"
2026-02-02T11:20:00.000-00:00,"21.85,21.75,21.85,21.7,29586"
2026-02-02T11:25:00.000-00:00,"21.74,21.7,21.74,21.7,378"
2026-02-02T11:30:00.000-00:00,"21.69,21.8,21.8,21.65,20319"
2026-02-02T11:35:00.000-00:00,"21.79,21.79,21.8,21.77,41147"
2026-02-02T11:40:00.000-00:00,"21.79,21.8,21.8,21.71,45324"
2026-02-02T11:45:00.000-00:00,"21.8,21.7,21.8,21.7,25333"
2026-02-02T11:50:00.000-00:00,"21.7,21.75,21.79,21.7,35472"
2026-02-02T11:55:00.000-00:00,"21.75,21.82,21.83,21.75,52513"
2026-02-02T12:00:00.000-00:00,"21.81,21.8,21.85,21.75,86283"
2026-02-02T12:05:00.000-00:00,"21.84,21.7,21.84,21.5,94421"
2026-02-02T12:10:00.000-00:00,"21.7,21.65,21.84,21.6,205271"
2026-02-02T12:25:00.000-00:00,"21.8,21.8,21.8,21.8,209384"
2026-02-03T08:00:00.000-00:00,"21.8,21.95,21.95,21.65,21184"
2026-02-03T08:05:00.000-00:00,"21.95,21.89,21.96,21.82,37015"
2026-02-03T08:10:00.000-00:00,"21.89,21.88,21.9,21.88,16659"
2026-02-03T08:15:00.000-00:00,"21.88,21.88,21.9,21.85,12489"
2026-02-03T08:20:00.000-00:00,"21.88,21.87,21.88,21.7,43975"
2026-02-03T08:25:00.000-00:00,"21.87,21.97,21.97,21.81,90223"
2026-02-03T08:30:00.000-00:00,"21.95,22.15,22.15,21.9,225554"
2026-02-03T08:35:00.000-00:00,"22.15,22.1,22.15,22.05,43163"
2026-02-03T08:40:00.000-00:00,"22.09,22.14,22.14,22.07,45895"
2026-02-03T08:45:00.000-00:00,"22.13,22.1,22.13,22.07,106671"
2026-02-03T08:50:00.000-00:00,"22.1,22.08,22.1,22.07,27182"
2026-02-03T08:55:00.000-00:00,"22.07,22.13,22.14,22,106056"
2026-02-03T09:00:00.000-00:00,"22.13,22.18,22.18,22,121587"
2026-02-03T09:05:00.000-00:00,"22.18,22.42,22.42,22.18,451874"
2026-02-03T09:10:00.000-00:00,"22.44,22.8,22.94,22.44,978967"
2026-02-03T09:15:00.000-00:00,"22.77,22.92,22.92,22.57,482442"
2026-02-03T09:20:00.000-00:00,"22.92,23.16,23.25,22.86,1042009"
2026-02-03T09:25:00.000-00:00,"23.16,23.4,23.4,23.07,619112"
2026-02-03T09:30:00.000-00:00,"23.4,23.6,23.7,23.4,960518"
2026-02-03T09:35:00.000-00:00,"23.65,23.4,23.68,23.4,590976"
2026-02-03T09:40:00.000-00:00,"23.4,23.2,23.4,23,435312"
2026-02-03T09:45:00.000-00:00,"23.18,22.98,23.18,22.8,198149"
2026-02-03T09:50:00.000-00:00,"22.99,22.99,23,22.9,252233"
2026-02-03T09:55:00.000-00:00,"22.98,22.99,23,22.96,163533"
2026-02-03T10:00:00.000-00:00,"22.99,22.9,23.05,22.9,239227"
2026-02-03T10:05:00.000-00:00,"22.85,22.85,23,22.8,270603"
2026-02-03T10:10:00.000-00:00,"22.81,22.87,22.89,22.72,105494"
2026-02-03T10:15:00.000-00:00,"22.89,22.94,22.95,22.8,202291"
2026-02-03T10:20:00.000-00:00,"22.93,22.7,22.94,22.7,223808"
2026-02-03T10:25:00.000-00:00,"22.75,22.85,23,22.71,404644"
2026-02-03T10:30:00.000-00:00,"22.85,22.8,22.9,22.8,50248"
2026-02-03T10:35:00.000-00:00,"22.8,22.7,22.84,22.62,170489"
2026-02-03T10:40:00.000-00:00,"22.7,22.6,22.7,22.4,302799"
2026-02-03T10:45:00.000-00:00,"22.6,22.6,22.69,22.46,78844"
2026-02-03T10:50:00.000-00:00,"22.65,22.6,22.7,22.5,67271"
2026-02-03T10:55:00.000-00:00,"22.6,22.58,22.69,22.47,70007"
2026-02-03T11:00:00.000-00:00,"22.52,22.4,22.52,22.3,277409"
2026-02-03T11:05:00.000-00:00,"22.39,22.3,22.47,22.24,127118"
2026-02-03T11:10:00.000-00:00,"22.31,22.39,22.39,22.3,49208"
2026-02-03T11:15:00.000-00:00,"22.39,22.6,22.6,22.34,100185"
2026-02-03T11:20:00.000-00:00,"22.58,22.5,22.6,22.48,94462"
2026-02-03T11:25:00.000-00:00,"22.49,22.37,22.49,22.37,53513"
2026-02-03T11:30:00.000-00:00,"22.4,22.43,22.49,22.4,91946"
2026-02-03T11:35:00.000-00:00,"22.43,22.46,22.49,22.38,445949"
2026-02-03T11:40:00.000-00:00,"22.45,22.3,22.51,22.26,299724"
2026-02-03T11:45:00.000-00:00,"22.3,22.14,22.35,22.12,504435"
2026-02-03T11:50:00.000-00:00,"22.15,22.3,22.3,22.1,181163"
2026-02-03T11:55:00.000-00:00,"22.3,22.21,22.33,22.2,197071"
2026-02-03T12:00:00.000-00:00,"22.22,22.25,22.3,22.19,137079"
2026-02-03T12:05:00.000-00:00,"22.24,22,22.3,21.96,840406"
2026-02-03T12:10:00.000-00:00,"22.16,22.24,22.25,22.16,192535"
2026-02-03T12:15:00.000-00:00,"22.24,22.24,22.24,22.24,45"
2026-02-03T12:25:00.000-00:00,"22.25,22.25,22.25,22.25,346961"
2026-02-04T08:00:00.000-00:00,"22.48,22.55,22.58,22.41,66621"
2026-02-04T08:05:00.000-00:00,"22.55,22.6,22.65,22.54,93668"
2026-02-04T08:10:00.000-00:00,"22.6,22.54,22.6,22.53,123828"
2026-02-04T08:15:00.000-00:00,"22.54,22.4,22.55,22.36,65966"
2026-02-04T08:20:00.000-00:00,"22.4,22.5,22.54,22.4,23593"
2026-02-04T08:25:00.000-00:00,"22.5,22.55,22.59,22.5,81183"
2026-02-04T08:30:00.000-00:00,"22.54,22.48,22.54,22.48,87761"
2026-02-04T08:35:00.000-00:00,"22.49,22.49,22.5,22.36,105385"
2026-02-04T08:40:00.000-00:00,"22.49,22.5,22.5,22.46,91209"
2026-02-04T08:45:00.000-00:00,"22.5,22.54,22.55,22.49,118386"
2026-02-04T08:50:00.000-00:00,"22.54,22.58,22.58,22.5,39105"
2026-02-04T08:55:00.000-00:00,"22.58,22.58,22.6,22.58,59934"
2026-02-04T09:00:00.000-00:00,"22.58,22.6,22.6,22.57,41421"
2026-02-04T09:05:00.000-00:00,"22.6,22.58,22.61,22.58,18213"
2026-02-04T09:10:00.000-00:00,"22.58,22.59,22.59,22.56,4490"
2026-02-04T09:15:00.000-00:00,"22.59,22.49,22.59,22.47,40165"
2026-02-04T09:20:00.000-00:00,"22.49,22.41,22.54,22.41,21033"
2026-02-04T09:25:00.000-00:00,"22.41,22.37,22.5,22.36,32918"
2026-02-04T09:30:00.000-00:00,"22.4,22.44,22.45,22.37,16291"
2026-02-04T09:35:00.000-00:00,"22.41,22.5,22.5,22.4,148158"
2026-02-04T09:40:00.000-00:00,"22.5,22.5,22.53,22.44,24047"
2026-02-04T09:45:00.000-00:00,"22.49,22.48,22.49,22.44,10016"
2026-02-04T09:50:00.000-00:00,"22.45,22.45,22.49,22.45,110022"
2026-02-04T09:55:00.000-00:00,"22.48,22.4,22.48,22.4,166671"
2026-02-04T10:00:00.000-00:00,"22.4,22.4,22.5,22.37,214968"
2026-02-04T10:05:00.000-00:00,"22.38,22.4,22.45,22.3,182429"
2026-02-04T10:10:00.000-00:00,"22.4,22.4,22.45,22.4,278063"
2026-02-04T10:15:00.000-00:00,"22.4,22.41,22.44,22.4,300452"
2026-02-04T10:20:00.000-00:00,"22.44,22.49,22.5,22.44,100512"
2026-02-04T10:25:00.000-00:00,"22.49,22.4,22.5,22.3,969044"
2026-02-04T10:30:00.000-00:00,"22.31,22.4,22.4,22.28,80621"
2026-02-04T10:35:00.000-00:00,"22.31,22.3,22.39,22.28,65897"
2026-02-04T10:40:00.000-00:00,"22.3,22.3,22.39,22.28,76487"
2026-02-04T10:45:00.000-00:00,"22.3,22.3,22.3,22.27,22361"
2026-02-04T10:50:00.000-00:00,"22.3,22.28,22.3,22.28,338575"
2026-02-04T10:55:00.000-00:00,"22.3,22.3,22.4,22.28,1343032"
2026-02-04T11:00:00.000-00:00,"22.3,22.3,22.39,22.29,136604"
2026-02-04T11:05:00.000-00:00,"22.3,22.39,22.39,22.3,396726"
2026-02-04T11:10:00.000-00:00,"22.39,22.38,22.39,22.35,9620"
2026-02-04T11:15:00.000-00:00,"22.38,22.4,22.4,22.36,26210"
2026-02-04T11:20:00.000-00:00,"22.39,22.33,22.4,22.33,14271"
2026-02-04T11:25:00.000-00:00,"22.33,22.4,22.4,22.33,19144"
2026-02-04T11:30:00.000-00:00,"22.4,22.5,22.5,22.37,145091"
2026-02-04T11:35:00.000-00:00,"22.44,22.47,22.47,22.41,4322"
2026-02-04T11:40:00.000-00:00,"22.47,22.5,22.54,22.47,79358"
2026-02-04T11:45:00.000-00:00,"22.49,22.45,22.5,22.45,21470"
2026-02-04T11:50:00.000-00:00,"22.41,22.4,22.41,22.38,29263"
2026-02-04T11:55:00.000-00:00,"22.4,22.38,22.45,22.38,25754"
2026-02-04T12:00:00.000-00:00,"22.38,22.36,22.45,22.36,73783"
2026-02-04T12:05:00.000-00:00,"22.36,22.5,22.54,22.36,20873"
2026-02-04T12:10:00.000-00:00,"22.5,22.54,22.55,22.48,115375"
2026-02-04T12:25:00.000-00:00,"22.42,22.42,22.42,22.42,135060"
2026-02-05T08:00:00.000-00:00,"22.42,22.42,22.54,22.39,53611"
2026-02-05T08:05:00.000-00:00,"22.5,22.52,22.54,22.42,24384"
2026-02-05T08:10:00.000-00:00,"22.42,22.49,22.5,22.3,49000"
2026-02-05T08:15:00.000-00:00,"22.49,22.33,22.49,22.33,57866"
2026-02-05T08:20:00.000-00:00,"22.33,22.3,22.34,22.3,16782"
2026-02-05T08:25:00.000-00:00,"22.3,22.3,22.45,22.3,29447"
2026-02-05T08:30:00.000-00:00,"22.3,22.3,22.3,22.29,22645"
2026-02-05T08:35:00.000-00:00,"22.29,22.15,22.29,22.07,38433"
2026-02-05T08:40:00.000-00:00,"22.15,22.2,22.2,22.07,106050"
2026-02-05T08:45:00.000-00:00,"22.2,22.25,22.29,22.15,37912"
2026-02-05T08:50:00.000-00:00,"22.28,22.32,22.38,22.28,52739"
2026-02-05T08:55:00.000-00:00,"22.3,22.33,22.33,22.3,32531"
2026-02-05T09:00:00.000-00:00,"22.33,22.33,22.33,22.32,23822"
2026-02-05T09:05:00.000-00:00,"22.37,22.32,22.37,22.32,27920"
2026-02-05T09:10:00.000-00:00,"22.36,22.26,22.36,22.26,44241"
2026-02-05T09:15:00.000-00:00,"22.26,22.22,22.3,22.12,85588"
2026-02-05T09:20:00.000-00:00,"22.3,22.15,22.3,22.15,22967"
2026-02-05T09:25:00.000-00:00,"22.15,22.15,22.26,22.15,24159"
2026-02-05T09:30:00.000-00:00,"22.2,22.15,22.26,22.13,20874"
2026-02-05T09:35:00.000-00:00,"22.24,22.3,22.34,22.22,1419649"
2026-02-05T09:40:00.000-00:00,"22.3,22.3,22.33,22.29,187604"
2026-02-05T09:45:00.000-00:00,"22.3,22.3,22.33,22.23,413221"
2026-02-05T09:50:00.000-00:00,"22.26,22.31,22.31,22.26,3918"
2026-02-05T09:55:00.000-00:00,"22.31,22.33,22.33,22.3,86404"
2026-02-05T10:00:00.000-00:00,"22.31,22.35,22.35,22.31,26953"
2026-02-05T10:05:00.000-00:00,"22.34,22.32,22.36,22.32,5504"
2026-02-05T10:10:00.000-00:00,"22.32,22.35,22.36,22.32,7212"
2026-02-05T10:15:00.000-00:00,"22.35,22.36,22.36,22.32,43797"
2026-02-05T10:20:00.000-00:00,"22.35,22.37,22.37,22.31,13506"
2026-02-05T10:25:00.000-00:00,"22.37,22.37,22.37,22.31,2694"
2026-02-05T10:30:00.000-00:00,"22.37,22.34,22.38,22.34,33139"
2026-02-05T10:35:00.000-00:00,"22.35,22.37,22.38,22.35,33926"
2026-02-05T10:40:00.000-00:00,"22.37,22.37,22.39,22.37,3619"
2026-02-05T10:45:00.000-00:00,"22.38,22.46,22.46,22.35,111896"
2026-02-05T10:50:00.000-00:00,"22.47,22.42,22.49,22.42,32460"
2026-02-05T10:55:00.000-00:00,"22.49,22.65,22.65,22.49,124708"
2026-02-05T11:00:00.000-00:00,"22.65,22.7,22.7,22.5,60762"
2026-02-05T11:05:00.000-00:00,"22.7,22.55,22.74,22.5,34888"
2026-02-05T11:10:00.000-00:00,"22.63,22.7,22.73,22.63,10487"
2026-02-05T11:15:00.000-00:00,"22.65,22.69,22.72,22.61,84772"
2026-02-05T11:20:00.000-00:00,"22.69,23,23,22.69,519073"
2026-02-05T11:25:00.000-00:00,"22.99,22.76,23,22.73,158366"
2026-02-05T11:30:00.000-00:00,"22.84,22.89,22.9,22.75,36990"
2026-02-05T11:35:00.000-00:00,"22.85,22.84,22.85,22.72,1132"
2026-02-05T11:40:00.000-00:00,"22.83,22.66,22.83,22.66,59147"
2026-02-05T11:45:00.000-00:00,"22.66,22.55,22.66,22.55,41728"
2026-02-05T11:50:00.000-00:00,"22.55,22.59,22.65,22.51,78047"
2026-02-05T11:55:00.000-00:00,"22.59,22.69,22.7,22.59,76344"
2026-02-05T12:00:00.000-00:00,"22.69,22.75,22.98,22.56,232899"
2026-02-05T12:05:00.000-00:00,"22.6,22.64,22.88,22.6,85395"
2026-02-05T12:10:00.000-00:00,"22.8,22.9,22.93,22.66,140138"
2026-02-05T12:25:00.000-00:00,"22.9,22.9,22.9,22.9,329424"
2026-02-08T08:00:00.000-00:00,"23.12,23.3,23.49,23.12,128488"
2026-02-08T08:05:00.000-00:00,"23.4,23.26,23.44,23.2,48535"
2026-02-08T08:10:00.000-00:00,"23.4,23.38,23.4,23.25,90678"
2026-02-08T08:15:00.000-00:00,"23.37,23.27,23.37,23.27,14609"
2026-02-08T08:20:00.000-00:00,"23.35,23.21,23.35,23.21,44015"
2026-02-08T08:25:00.000-00:00,"23.2,23.2,23.21,23.11,4764"
2026-02-08T08:30:00.000-00:00,"23.16,23.49,23.49,23.16,62776"
2026-02-08T08:35:00.000-00:00,"23.22,23.47,23.48,23.21,47595"
2026-02-08T08:40:00.000-00:00,"23.47,23.3,23.47,23.3,38811"
2026-02-08T08:45:00.000-00:00,"23.28,23.19,23.29,23.17,45864"
2026-02-08T08:50:00.000-00:00,"23.19,23,23.19,22.9,157834"
2026-02-08T08:55:00.000-00:00,"22.93,22.99,23.15,22.93,8450"
2026-02-08T09:00:00.000-00:00,"22.96,22.9,22.99,22.9,70735"
2026-02-08T09:05:00.000-00:00,"22.9,22.9,22.9,22.89,39831"
2026-02-08T09:10:00.000-00:00,"22.89,22.9,22.9,22.88,23698"
2026-02-08T09:15:00.000-00:00,"22.89,23.07,23.09,22.82,55158"
2026-02-08T09:20:00.000-00:00,"23.07,23,23.07,22.95,7179"
2026-02-08T09:25:00.000-00:00,"22.96,22.98,23,22.9,24106"
2026-02-08T09:30:00.000-00:00,"22.91,22.9,22.99,22.9,49290"
2026-02-08T09:35:00.000-00:00,"22.9,22.98,22.99,22.9,22560"
2026-02-08T09:40:00.000-00:00,"22.95,22.9,22.98,22.9,41893"
2026-02-08T09:45:00.000-00:00,"22.91,22.98,22.98,22.85,44410"
2026-02-08T09:50:00.000-00:00,"22.9,22.89,22.91,22.8,25100"
2026-02-08T09:55:00.000-00:00,"22.85,23,23,22.75,70506"
2026-02-08T10:00:00.000-00:00,"22.98,23,23,22.92,305575"
2026-02-08T10:05:00.000-00:00,"22.99,22.93,23,22.92,21007"
2026-02-08T10:10:00.000-00:00,"22.98,22.9,22.98,22.81,35839"
2026-02-08T10:15:00.000-00:00,"22.85,22.85,22.87,22.76,36079"
2026-02-08T10:20:00.000-00:00,"22.85,22.86,22.86,22.8,17539"
2026-02-08T10:25:00.000-00:00,"22.81,22.8,22.86,22.75,52672"
2026-02-08T10:30:00.000-00:00,"22.84,22.7,22.84,22.7,142811"
2026-02-08T10:35:00.000-00:00,"22.68,22.8,22.8,22.66,31023"
2026-02-08T10:40:00.000-00:00,"22.8,22.79,22.86,22.71,17186"
2026-02-08T10:45:00.000-00:00,"22.79,22.87,22.87,22.72,62303"
2026-02-08T10:50:00.000-00:00,"22.87,22.84,22.87,22.8,28649"
2026-02-08T10:55:00.000-00:00,"22.84,22.85,22.88,22.81,30511"
2026-02-08T11:00:00.000-00:00,"22.81,22.73,22.85,22.73,32378"
2026-02-08T11:05:00.000-00:00,"22.8,22.76,22.84,22.73,21358"
2026-02-08T11:10:00.000-00:00,"22.76,22.7,22.83,22.7,72488"
2026-02-08T11:15:00.000-00:00,"22.8,22.8,22.8,22.71,49349"
2026-02-08T11:20:00.000-00:00,"22.79,22.8,22.8,22.73,23569"
2026-02-08T11:25:00.000-00:00,"22.76,22.73,22.76,22.7,29645"
2026-02-08T11:30:00.000-00:00,"22.72,22.7,22.72,22.7,23328"
2026-02-08T11:35:00.000-00:00,"22.71,22.66,22.72,22.66,42336"
2026-02-08T11:40:00.000-00:00,"22.68,22.67,22.68,22.66,44321"
2026-02-08T11:45:00.000-00:00,"22.67,22.7,22.75,22.67,19297"
2026-02-08T11:50:00.000-00:00,"22.7,22.73,22.75,22.68,12726"
2026-02-08T11:55:00.000-00:00,"22.71,22.71,22.75,22.67,47004"
2026-02-08T12:00:00.000-00:00,"22.71,22.71,22.73,22.7,74223"
2026-02-08T12:05:00.000-00:00,"22.71,22.75,22.88,22.7,147547"
2026-02-08T12:10:00.000-00:00,"22.88,22.88,22.88,22.8,7989"
2026-02-08T12:25:00.000-00:00,"22.9,22.9,22.9,22.9,179026"
2026-02-09T08:00:00.000-00:00,"22.77,22.83,23,22.77,57805"
2026-02-09T08:05:00.000-00:00,"22.85,23,23,22.8,41320"
2026-02-09T08:10:00.000-00:00,"23,22.99,23,22.9,223219"
2026-02-09T08:15:00.000-00:00,"22.99,22.98,22.99,22.97,3497"
2026-02-09T08:20:00.000-00:00,"22.93,22.9,22.98,22.9,7010"
2026-02-09T08:25:00.000-00:00,"22.97,22.98,22.99,22.9,41222"
2026-02-09T08:30:00.000-00:00,"22.97,22.99,22.99,22.93,32735"
2026-02-09T08:35:00.000-00:00,"22.99,22.99,23,22.91,19757"
2026-02-09T08:40:00.000-00:00,"23,23.14,23.15,22.97,176096"
2026-02-09T08:45:00.000-00:00,"23.11,23.01,23.11,23.01,26927"
2026-02-09T08:50:00.000-00:00,"23.01,22.97,23.07,22.97,33331"
2026-02-09T08:55:00.000-00:00,"22.97,23,23.09,22.92,31921"
2026-02-09T09:00:00.000-00:00,"22.97,22.97,23,22.97,13914"
2026-02-09T09:05:00.000-00:00,"22.97,22.94,22.97,22.94,8910"
2026-02-09T09:10:00.000-00:00,"22.94,23,23,22.9,109585"
2026-02-09T09:15:00.000-00:00,"23,22.95,23,22.95,37938"
2026-02-09T09:20:00.000-00:00,"22.96,22.93,22.99,22.93,20286"
2026-02-09T09:25:00.000-00:00,"22.93,22.9,22.93,22.9,92947"
2026-02-09T09:30:00.000-00:00,"22.9,22.95,22.95,22.9,33277"
2026-02-09T09:35:00.000-00:00,"22.9,22.85,22.9,22.85,6464"
2026-02-09T09:40:00.000-00:00,"22.85,22.89,22.9,22.85,19475"
2026-02-09T09:45:00.000-00:00,"22.89,22.89,22.9,22.86,8558"
2026-02-09T09:50:00.000-00:00,"22.86,22.78,22.88,22.77,101285"
2026-02-09T09:55:00.000-00:00,"22.77,22.77,22.78,22.7,172083"
2026-02-09T10:00:00.000-00:00,"22.7,22.77,22.79,22.7,14886"
2026-02-09T10:05:00.000-00:00,"22.78,22.75,22.79,22.72,12103"
2026-02-09T10:10:00.000-00:00,"22.75,22.8,22.87,22.71,41192"
2026-02-09T10:15:00.000-00:00,"22.8,22.79,22.8,22.72,5516"
2026-02-09T10:20:00.000-00:00,"22.74,22.76,22.76,22.73,5449"
2026-02-09T10:25:00.000-00:00,"22.76,22.65,22.76,22.65,85326"
2026-02-09T10:30:00.000-00:00,"22.65,22.6,22.65,22.55,24091"
2026-02-09T10:35:00.000-00:00,"22.61,22.65,22.74,22.61,2419"
2026-02-09T10:40:00.000-00:00,"22.74,22.65,22.74,22.65,11331"
2026-02-09T10:45:00.000-00:00,"22.65,22.68,22.68,22.6,168197"
2026-02-09T10:50:00.000-00:00,"22.7,22.64,22.73,22.64,41065"
2026-02-09T10:55:00.000-00:00,"22.72,22.7,22.72,22.69,1334"
2026-02-09T11:00:00.000-00:00,"22.7,22.72,22.72,22.68,29658"
2026-02-09T11:05:00.000-00:00,"22.74,22.79,22.79,22.74,16080"
2026-02-09T11:10:00.000-00:00,"22.78,22.8,22.8,22.78,18791"
2026-02-09T11:15:00.000-00:00,"22.8,22.79,22.84,22.78,82621"
2026-02-09T11:20:00.000-00:00,"22.8,22.8,22.84,22.77,186420"
2026-02-09T11:25:00.000-00:00,"22.8,22.8,22.81,22.78,537415"
2026-02-09T11:30:00.000-00:00,"22.8,22.8,22.8,22.77,6857"
2026-02-09T11:35:00.000-00:00,"22.8,22.79,22.8,22.66,55220"
2026-02-09T11:40:00.000-00:00,"22.75,22.7,22.75,22.66,10942"
2026-02-09T11:45:00.000-00:00,"22.7,22.7,22.7,22.7,20047"
2026-02-09T11:50:00.000-00:00,"22.68,22.7,22.7,22.68,8643"
2026-02-09T11:55:00.000-00:00,"22.68,22.7,22.7,22.68,12169"
2026-02-09T12:00:00.000-00:00,"22.69,22.6,22.7,22.6,52527"
2026-02-09T12:05:00.000-00:00,"22.61,22.75,22.75,22.6,51107"
2026-02-09T12:10:00.000-00:00,"22.74,22.78,22.79,22.68,63736"
2026-02-09T12:25:00.000-00:00,"22.8,22.8,22.8,22.8,424208"
2026-02-10T08:00:00.000-00:00,"22.8,22.9,23,22.75,19180"
2026-02-10T08:05:00.000-00:00,"22.81,22.85,22.9,22.66,15508"
2026-02-10T08:10:00.000-00:00,"22.85,22.84,22.85,22.7,4346"
2026-02-10T08:15:00.000-00:00,"22.83,22.82,22.83,22.69,4099"
2026-02-10T08:20:00.000-00:00,"22.69,22.75,22.8,22.69,7858"
2026-02-10T08:25:00.000-00:00,"22.75,22.82,22.82,22.7,8368"
2026-02-10T08:30:00.000-00:00,"22.8,22.8,22.8,22.76,7887"
2026-02-10T08:35:00.000-00:00,"22.82,22.75,22.82,22.71,18777"
2026-02-10T08:40:00.000-00:00,"22.75,22.7,22.75,22.69,17248"
2026-02-10T08:45:00.000-00:00,"22.7,22.72,22.72,22.7,8786"
2026-02-10T08:50:00.000-00:00,"22.73,22.78,22.78,22.73,1509"
2026-02-10T08:55:00.000-00:00,"22.78,22.7,22.78,22.7,5506"
2026-02-10T09:00:00.000-00:00,"22.7,22.75,22.75,22.6,109124"
2026-02-10T09:05:00.000-00:00,"22.77,22.7,22.79,22.66,36670"
2026-02-10T09:10:00.000-00:00,"22.66,22.7,22.78,22.66,64825"
2026-02-10T09:15:00.000-00:00,"22.69,22.69,22.69,22.66,41230"
2026-02-10T09:20:00.000-00:00,"22.69,22.66,22.69,22.65,133145"
2026-02-10T09:25:00.000-00:00,"22.68,22.69,22.69,22.65,11844"
2026-02-10T09:30:00.000-00:00,"22.69,22.7,22.72,22.69,50807"
2026-02-10T09:35:00.000-00:00,"22.68,22.7,22.7,22.61,19111"
2026-02-10T09:40:00.000-00:00,"22.65,22.65,22.7,22.65,5566"
2026-02-10T09:45:00.000-00:00,"22.65,22.65,22.65,22.62,11466"
2026-02-10T09:50:00.000-00:00,"22.65,22.56,22.65,22.56,45083"
2026-02-10T09:55:00.000-00:00,"22.6,22.4,22.6,22.4,135397"
2026-02-10T10:00:00.000-00:00,"22.41,22.4,22.5,22.35,56147"
2026-02-10T10:05:00.000-00:00,"22.49,22.7,22.7,22.49,61858"
2026-02-10T10:10:00.000-00:00,"22.64,22.5,22.64,22.5,155154"
2026-02-10T10:15:00.000-00:00,"22.49,22.48,22.49,22.4,18045"
2026-02-10T10:20:00.000-00:00,"22.4,22.48,22.48,22.4,4866"
2026-02-10T10:25:00.000-00:00,"22.44,22.49,22.49,22.4,32174"
2026-02-10T10:30:00.000-00:00,"22.49,22.49,22.49,22.49,2010"
2026-02-10T10:35:00.000-00:00,"22.49,22.49,22.5,22.45,15279"
2026-02-10T10:40:00.000-00:00,"22.49,22.46,22.49,22.45,5997"
2026-02-10T10:45:00.000-00:00,"22.46,22.4,22.46,22.4,65972"
2026-02-10T10:50:00.000-00:00,"22.45,22.47,22.47,22.45,9537"
2026-02-10T10:55:00.000-00:00,"22.47,22.46,22.47,22.41,14286"
2026-02-10T11:00:00.000-00:00,"22.46,22.41,22.46,22.41,10040"
2026-02-10T11:05:00.000-00:00,"22.41,22.4,22.45,22.39,24398"
2026-02-10T11:10:00.000-00:00,"22.41,22.4,22.43,22.4,61644"
2026-02-10T11:15:00.000-00:00,"22.4,22.4,22.4,22.36,17788"
2026-02-10T11:20:00.000-00:00,"22.4,22.4,22.45,22.4,63020"
2026-02-10T11:25:00.000-00:00,"22.37,22.5,22.5,22.37,73874"
2026-02-10T11:30:00.000-00:00,"22.47,22.64,22.64,22.47,27229"
2026-02-10T11:35:00.000-00:00,"22.64,22.58,22.64,22.55,15006"
2026-02-10T11:40:00.000-00:00,"22.55,22.55,22.6,22.52,59476"
2026-02-10T11:45:00.000-00:00,"22.59,22.61,22.68,22.59,78713"
2026-02-10T11:50:00.000-00:00,"22.61,22.52,22.61,22.5,44411"
2026-02-10T11:55:00.000-00:00,"22.52,22.5,22.59,22.5,46531"
2026-02-10T12:00:00.000-00:00,"22.48,22.5,22.57,22.47,107210"
2026-02-10T12:05:00.000-00:00,"22.51,22.6,22.6,22.5,36483"
2026-02-10T12:10:00.000-00:00,"22.6,22.6,22.66,22.57,20663"
2026-02-10T12:25:00.000-00:00,"22.8,22.8,22.8,22.8,270010"
2026-02-11T08:00:00.000-00:00,"22.85,22.7,22.9,22.7,25285"
2026-02-11T08:05:00.000-00:00,"22.7,22.7,22.84,22.7,50027"
2026-02-11T08:10:00.000-00:00,"22.82,22.79,22.82,22.7,74669"
2026-02-11T08:15:00.000-00:00,"22.79,22.78,22.79,22.66,4750"
2026-02-11T08:20:00.000-00:00,"22.7,22.65,22.78,22.65,3068"
2026-02-11T08:25:00.000-00:00,"22.74,22.6,22.75,22.58,12433"
2026-02-11T08:30:00.000-00:00,"22.6,22.71,22.71,22.6,22368"
2026-02-11T08:35:00.000-00:00,"22.75,22.69,22.75,22.69,26940"
2026-02-11T08:40:00.000-00:00,"22.69,22.66,22.69,22.66,2214"
2026-02-11T08:45:00.000-00:00,"22.66,22.61,22.66,22.6,8920"
2026-02-11T08:50:00.000-00:00,"22.61,22.67,22.67,22.6,11328"
2026-02-11T08:55:00.000-00:00,"22.67,22.61,22.67,22.61,767"
2026-02-11T09:00:00.000-00:00,"22.61,22.52,22.61,22.52,10951"
2026-02-11T09:05:00.000-00:00,"22.52,22.55,22.6,22.5,11537"
2026-02-11T09:10:00.000-00:00,"22.55,22.62,22.64,22.52,4927"
2026-02-11T09:15:00.000-00:00,"22.64,22.69,22.7,22.64,68627"
2026-02-11T09:20:00.000-00:00,"22.7,22.69,22.7,22.69,8836"
2026-02-11T09:25:00.000-00:00,"22.69,22.6,22.69,22.6,721"
2026-02-11T09:30:00.000-00:00,"22.58,22.56,22.58,22.56,4333"
2026-02-11T09:35:00.000-00:00,"22.56,22.6,22.6,22.56,7859"
2026-02-11T09:40:00.000-00:00,"22.6,22.65,22.67,22.56,8408"
2026-02-11T09:45:00.000-00:00,"22.61,22.5,22.64,22.49,57763"
2026-02-11T09:50:00.000-00:00,"22.5,22.5,22.5,22.42,9479"
2026-02-11T09:55:00.000-00:00,"22.45,22.42,22.5,22.42,8070"
2026-02-11T10:00:00.000-00:00,"22.42,22.5,22.5,22.42,27917"
2026-02-11T10:05:00.000-00:00,"22.49,22.49,22.5,22.42,3749"
2026-02-11T10:10:00.000-00:00,"22.44,22.49,22.49,22.43,2538"
2026-02-11T10:15:00.000-00:00,"22.49,22.45,22.49,22.44,6254"
2026-02-11T10:20:00.000-00:00,"22.46,22.49,22.49,22.46,4696"
2026-02-11T10:25:00.000-00:00,"22.49,22.46,22.5,22.45,9616"
2026-02-11T10:30:00.000-00:00,"22.46,22.41,22.46,22.41,38012"
2026-02-11T10:35:00.000-00:00,"22.41,22.44,22.44,22.41,12324"
2026-02-11T10:40:00.000-00:00,"22.45,22.45,22.47,22.43,3275"
2026-02-11T10:45:00.000-00:00,"22.43,22.43,22.43,22.41,2644"
2026-02-11T10:50:00.000-00:00,"22.42,22.38,22.42,22.38,45883"
2026-02-11T10:55:00.000-00:00,"22.38,22.38,22.38,22.35,27767"
2026-02-11T11:00:00.000-00:00,"22.38,22.4,22.41,22.35,16862"
2026-02-11T11:05:00.000-00:00,"22.4,22.35,22.41,22.32,15171"
2026-02-11T11:10:00.000-00:00,"22.36,22.4,22.4,22.3,58782"
2026-02-11T11:15:00.000-00:00,"22.4,22.32,22.44,22.32,76462"
2026-02-11T11:20:00.000-00:00,"22.4,22.4,22.4,22.36,39856"
2026-02-11T11:25:00.000-00:00,"22.4,22.45,22.45,22.31,37243"
2026-02-11T11:30:00.000-00:00,"22.45,22.58,22.59,22.45,63893"
2026-02-11T11:35:00.000-00:00,"22.57,22.5,22.57,22.43,35278"
2026-02-11T11:40:00.000-00:00,"22.55,22.6,22.64,22.55,84404"
2026-02-11T11:45:00.000-00:00,"22.6,22.5,22.6,22.5,26019"
2026-02-11T11:50:00.000-00:00,"22.43,22.5,22.5,22.43,26146"
2026-02-11T11:55:00.000-00:00,"22.5,22.41,22.5,22.4,92771"
2026-02-11T12:00:00.000-00:00,"22.42,22.48,22.48,22.41,7558"
2026-02-11T12:05:00.000-00:00,"22.45,22.42,22.47,22.4,53685"
2026-02-11T12:10:00.000-00:00,"22.46,22.45,22.46,22.35,64435"
2026-02-11T12:25:00.000-00:00,"22.45,22.45,22.45,22.45,103876"
2026-02-12T08:00:00.000-00:00,"22.45,22.52,22.54,22.3,20171"
2026-02-12T08:05:00.000-00:00,"22.5,22.31,22.5,22.3,7938"
2026-02-12T08:10:00.000-00:00,"22.32,22.3,22.32,22.26,29610"
2026-02-12T08:15:00.000-00:00,"22.3,22.3,22.3,22.2,18803"
2026-02-12T08:20:00.000-00:00,"22.45,22.58,22.59,22.4,53235"
2026-02-12T08:25:00.000-00:00,"22.4,22.5,22.53,22.4,8376"
2026-02-12T08:30:00.000-00:00,"22.49,22.5,22.5,22.46,5566"
2026-02-12T08:35:00.000-00:00,"22.49,22.45,22.49,22.45,3725"
2026-02-12T08:40:00.000-00:00,"22.45,22.49,22.49,22.44,5195"
2026-02-12T08:45:00.000-00:00,"22.48,22.49,22.49,22.45,4017"
2026-02-12T08:50:00.000-00:00,"22.49,22.45,22.5,22.45,3899"
2026-02-12T08:55:00.000-00:00,"22.45,22.5,22.5,22.35,16208"
2026-02-12T09:00:00.000-00:00,"22.5,22.5,22.5,22.49,14134"
2026-02-12T09:05:00.000-00:00,"22.53,22.5,22.56,22.5,1701"
2026-02-12T09:10:00.000-00:00,"22.55,22.5,22.55,22.5,4230"
2026-02-12T09:15:00.000-00:00,"22.5,22.5,22.5,22.5,21"
2026-02-12T09:20:00.000-00:00,"22.49,22.46,22.49,22.46,3028"
2026-02-12T09:25:00.000-00:00,"22.46,22.4,22.46,22.4,6807"
2026-02-12T09:30:00.000-00:00,"22.44,22.4,22.44,22.4,1623"
2026-02-12T09:35:00.000-00:00,"22.44,22.44,22.44,22.44,2036"
2026-02-12T09:40:00.000-00:00,"22.44,22.5,22.53,22.44,38681"
2026-02-12T09:45:00.000-00:00,"22.49,22.49,22.53,22.48,14522"
2026-02-12T09:50:00.000-00:00,"22.53,22.53,22.54,22.5,36482"
2026-02-12T09:55:00.000-00:00,"22.53,22.5,22.54,22.5,28302"
2026-02-12T10:00:00.000-00:00,"22.5,22.5,22.54,22.5,57508"
2026-02-12T10:05:00.000-00:00,"22.5,22.5,22.53,22.5,77566"
2026-02-12T10:10:00.000-00:00,"22.5,22.5,22.53,22.49,109734"
2026-02-12T10:15:00.000-00:00,"22.5,22.49,22.5,22.49,37270"
2026-02-12T10:20:00.000-00:00,"22.5,22.5,22.5,22.5,20314"
2026-02-12T10:25:00.000-00:00,"22.5,22.54,22.54,22.49,46075"
2026-02-12T10:30:00.000-00:00,"22.54,22.5,22.54,22.5,176550"
2026-02-12T10:35:00.000-00:00,"22.5,22.42,22.5,22.42,15486"
2026-02-12T10:40:00.000-00:00,"22.42,22.49,22.49,22.42,16167"
2026-02-12T10:45:00.000-00:00,"22.43,22.42,22.5,22.42,27820"
2026-02-12T10:50:00.000-00:00,"22.49,22.42,22.49,22.41,19727"
2026-02-12T10:55:00.000-00:00,"22.42,22.5,22.5,22.41,47756"
2026-02-12T11:00:00.000-00:00,"22.45,22.49,22.49,22.43,38690"
2026-02-12T11:05:00.000-00:00,"22.49,22.43,22.49,22.43,18771"
2026-02-12T11:10:00.000-00:00,"22.44,22.53,22.53,22.4,106934"
2026-02-12T11:15:00.000-00:00,"22.5,22.41,22.5,22.4,14098"
2026-02-12T11:20:00.000-00:00,"22.5,22.55,22.55,22.5,22511"
2026-02-12T11:25:00.000-00:00,"22.55,22.55,22.59,22.55,81556"
2026-02-12T11:30:00.000-00:00,"22.55,22.55,22.55,22.5,7675"
2026-02-12T11:35:00.000-00:00,"22.51,22.5,22.55,22.5,21879"
2026-02-12T11:40:00.000-00:00,"22.5,22.55,22.55,22.5,38211"
2026-02-12T11:45:00.000-00:00,"22.55,22.55,22.55,22.55,12947"
2026-02-12T11:50:00.000-00:00,"22.55,22.6,22.6,22.54,44677"
2026-02-12T11:55:00.000-00:00,"22.6,22.54,22.6,22.54,3433"
2026-02-12T12:00:00.000-00:00,"22.58,22.67,22.67,22.5,338927"
2026-02-12T12:05:00.000-00:00,"22.67,22.74,22.75,22.66,109851"
2026-02-12T12:10:00.000-00:00,"22.74,22.74,22.78,22.69,154354"
2026-02-12T12:25:00.000-00:00,"22.8,22.8,22.8,22.8,124241"
2026-02-15T08:00:00.000-00:00,"22.9,22.8,22.9,22.76,57192"
2026-02-15T08:05:00.000-00:00,"22.8,22.8,22.84,22.8,22165"
2026-02-15T08:10:00.000-00:00,"22.79,22.76,22.79,22.75,21308"
2026-02-15T08:15:00.000-00:00,"22.75,22.71,22.77,22.71,34633"
2026-02-15T08:20:00.000-00:00,"22.71,22.71,22.77,22.7,13453"
2026-02-15T08:25:00.000-00:00,"22.71,22.61,22.71,22.61,19804"
2026-02-15T08:30:00.000-00:00,"22.7,22.7,22.71,22.66,67167"
2026-02-15T08:35:00.000-00:00,"22.7,22.7,22.73,22.7,20925"
2026-02-15T08:40:00.000-00:00,"22.7,22.7,22.73,22.7,15128"
2026-02-15T08:45:00.000-00:00,"22.7,22.69,22.72,22.69,10206"
2026-02-15T08:50:00.000-00:00,"22.7,22.72,22.72,22.69,52795"
2026-02-15T08:55:00.000-00:00,"22.73,22.8,22.82,22.73,59776"
2026-02-15T09:00:00.000-00:00,"22.79,22.78,22.8,22.78,3806"
2026-02-15T09:05:00.000-00:00,"22.78,22.75,22.8,22.75,12680"
2026-02-15T09:10:00.000-00:00,"22.78,22.79,22.79,22.7,53362"
2026-02-15T09:15:00.000-00:00,"22.79,22.72,22.8,22.71,23794"
2026-02-15T09:20:00.000-00:00,"22.79,22.7,22.79,22.7,39431"
2026-02-15T09:25:00.000-00:00,"22.7,22.7,22.75,22.7,44910"
2026-02-15T09:30:00.000-00:00,"22.69,22.69,22.7,22.67,15754"
2026-02-15T09:35:00.000-00:00,"22.69,22.67,22.69,22.66,29412"
2026-02-15T09:40:00.000-00:00,"22.67,22.7,22.7,22.66,21507"
2026-02-15T09:45:00.000-00:00,"22.7,22.7,22.77,22.68,19070"
2026-02-15T09:50:00.000-00:00,"22.7,22.69,22.7,22.67,18122"
2026-02-15T09:55:00.000-00:00,"22.69,22.66,22.7,22.66,14076"
2026-02-15T10:00:00.000-00:00,"22.67,22.7,22.7,22.67,3966"
2026-02-15T10:05:00.000-00:00,"22.7,22.66,22.7,22.66,27393"
2026-02-15T10:10:00.000-00:00,"22.69,22.66,22.69,22.66,14894"
2026-02-15T10:15:00.000-00:00,"22.66,22.68,22.68,22.64,17734"
2026-02-15T10:20:00.000-00:00,"22.65,22.64,22.68,22.63,23455"
2026-02-15T10:25:00.000-00:00,"22.64,22.65,22.68,22.64,24293"
2026-02-15T10:30:00.000-00:00,"22.67,22.64,22.67,22.64,13644"
2026-02-15T10:35:00.000-00:00,"22.67,22.64,22.67,22.63,64905"
2026-02-15T10:40:00.000-00:00,"22.64,22.63,22.65,22.63,5917"
2026-02-15T10:45:00.000-00:00,"22.65,22.66,22.69,22.65,19884"
2026-02-15T10:50:00.000-00:00,"22.69,22.75,22.75,22.69,53492"
2026-02-15T10:55:00.000-00:00,"22.75,22.73,22.76,22.67,40251"
2026-02-15T11:00:00.000-00:00,"22.73,22.65,22.74,22.65,16740"
2026-02-15T11:05:00.000-00:00,"22.7,22.73,22.73,22.65,5877"
2026-02-15T11:10:00.000-00:00,"22.69,22.7,22.7,22.65,57589"
2026-02-15T11:15:00.000-00:00,"22.7,22.69,22.7,22.65,3531"
2026-02-15T11:20:00.000-00:00,"22.69,22.74,22.75,22.65,56745"
2026-02-15T11:25:00.000-00:00,"22.74,22.74,22.74,22.68,1478"
2026-02-15T11:30:00.000-00:00,"22.71,22.74,22.74,22.7,25011"
2026-02-15T11:35:00.000-00:00,"22.71,22.7,22.74,22.7,18016"
2026-02-15T11:40:00.000-00:00,"22.7,22.75,22.75,22.66,42286"
2026-02-15T11:45:00.000-00:00,"22.73,22.76,22.76,22.7,32931"
2026-02-15T11:50:00.000-00:00,"22.76,22.81,22.82,22.76,76723"
2026-02-15T11:55:00.000-00:00,"22.81,22.8,22.85,22.71,160677"
2026-02-15T12:00:00.000-00:00,"22.8,22.86,22.9,22.8,36089"
2026-02-15T12:05:00.000-00:00,"22.86,22.91,23,22.85,271734"
2026-02-15T12:10:00.000-00:00,"22.92,22.9,23.1,22.85,670640"
2026-02-15T12:25:00.000-00:00,"23.1,23.1,23.1,23.1,301542"
2026-02-16T08:00:00.000-00:00,"23.2,23.21,23.22,23.15,351767"
2026-02-16T08:05:00.000-00:00,"23.17,23.47,23.47,23.17,526593"
2026-02-16T08:10:00.000-00:00,"23.45,23.5,23.54,23.41,255798"
2026-02-16T08:15:00.000-00:00,"23.5,23.4,23.51,23.37,158992"
2026-02-16T08:20:00.000-00:00,"23.46,23.5,23.54,23.46,260059"
2026-02-16T08:25:00.000-00:00,"23.48,23.41,23.5,23.4,63817"
2026-02-16T08:30:00.000-00:00,"23.41,23.46,23.47,23.4,55900"
2026-02-16T08:35:00.000-00:00,"23.46,23.45,23.46,23.42,364190"
2026-02-16T08:40:00.000-00:00,"23.44,23.48,23.5,23.41,166650"
2026-02-16T08:45:00.000-00:00,"23.48,23.29,23.49,23.29,97618"
2026-02-16T08:50:00.000-00:00,"23.28,23.3,23.37,23.1,229708"
2026-02-16T08:55:00.000-00:00,"23.3,23.29,23.33,23.29,27845"
2026-02-16T09:00:00.000-00:00,"23.29,23.17,23.32,23.17,45610"
2026-02-16T09:05:00.000-00:00,"23.14,23.2,23.24,23.14,45709"
2026-02-16T09:10:00.000-00:00,"23.2,23.2,23.24,23.14,27921"
2026-02-16T09:15:00.000-00:00,"23.14,23.19,23.2,23.12,52603"
2026-02-16T09:20:00.000-00:00,"23.19,23.19,23.2,23.15,337648"
2026-02-16T09:25:00.000-00:00,"23.2,22.9,23.24,22.9,498430"
2026-02-16T09:30:00.000-00:00,"22.9,22.9,22.9,22.82,64007"
2026-02-16T09:35:00.000-00:00,"22.98,22.95,22.98,22.9,23390"
2026-02-16T09:40:00.000-00:00,"22.97,22.99,23.14,22.95,127781"
2026-02-16T09:45:00.000-00:00,"22.98,22.95,22.98,22.88,67236"
2026-02-16T09:50:00.000-00:00,"22.9,22.82,22.93,22.8,45312"
2026-02-16T09:55:00.000-00:00,"22.9,22.8,22.9,22.8,148643"
2026-02-16T10:00:00.000-00:00,"22.9,22.88,22.9,22.82,11611"
2026-02-16T10:05:00.000-00:00,"22.88,22.85,22.88,22.85,22000"
2026-02-16T10:10:00.000-00:00,"22.83,22.8,22.89,22.8,290505"
2026-02-16T10:15:00.000-00:00,"22.8,22.8,22.8,22.78,78778"
2026-02-16T10:20:00.000-00:00,"22.89,22.8,22.89,22.79,72887"
2026-02-16T10:25:00.000-00:00,"22.8,22.8,22.88,22.79,47635"
2026-02-16T10:30:00.000-00:00,"22.8,22.87,22.87,22.8,42108"
2026-02-16T10:35:00.000-00:00,"22.87,22.89,22.89,22.85,22264"
2026-02-16T10:40:00.000-00:00,"22.89,22.96,22.97,22.89,190811"
2026-02-16T10:45:00.000-00:00,"22.96,22.85,22.96,22.85,44636"
2026-02-16T10:50:00.000-00:00,"22.85,22.84,22.85,22.83,13443"
2026-02-16T10:55:00.000-00:00,"22.83,22.81,22.83,22.81,27529"
2026-02-16T11:00:00.000-00:00,"22.82,22.75,22.82,22.75,177273"
2026-02-16T11:05:00.000-00:00,"22.73,22.7,22.79,22.69,337140"
2026-02-16T11:10:00.000-00:00,"22.7,22.7,22.7,22.68,96213"
2026-02-16T11:15:00.000-00:00,"22.71,22.68,22.77,22.68,61315"
2026-02-16T11:20:00.000-00:00,"22.69,22.7,22.7,22.67,106117"
2026-02-16T11:25:00.000-00:00,"22.7,22.71,22.71,22.67,49040"
2026-02-16T11:30:00.000-00:00,"22.75,22.72,22.75,22.72,578405"
2026-02-16T11:35:00.000-00:00,"22.73,22.73,22.73,22.72,28766"
2026-02-16T11:40:00.000-00:00,"22.76,22.89,22.97,22.73,245392"
2026-02-16T11:45:00.000-00:00,"22.89,22.81,22.89,22.81,18660"
2026-02-16T11:50:00.000-00:00,"22.81,22.8,22.87,22.79,122054"
2026-02-16T11:55:00.000-00:00,"22.8,22.84,22.85,22.76,53852"
2026-02-16T12:00:00.000-00:00,"22.83,22.8,22.84,22.76,17651"
2026-02-16T12:05:00.000-00:00,"22.8,22.74,22.8,22.6,151474"
2026-02-16T12:10:00.000-00:00,"22.73,22.66,22.73,22.65,8581"
2026-02-16T12:25:00.000-00:00,"22.8,22.8,22.8,22.8,188866"
2026-02-17T08:00:00.000-00:00,"22.9,22.86,22.9,22.71,11679"
2026-02-17T08:05:00.000-00:00,"22.86,22.84,22.86,22.73,2111"
2026-02-17T08:10:00.000-00:00,"22.8,22.79,22.8,22.5,42451"
2026-02-17T08:15:00.000-00:00,"22.74,22.6,22.79,22.57,26442"
2026-02-17T08:20:00.000-00:00,"22.79,22.6,22.8,22.51,66242"
2026-02-17T08:25:00.000-00:00,"22.6,22.6,22.6,22.48,102604"
2026-02-17T08:30:00.000-00:00,"22.6,22.6,22.61,22.52,10601"
2026-02-17T08:35:00.000-00:00,"22.59,22.54,22.59,22.54,4105"
2026-02-17T08:40:00.000-00:00,"22.52,22.6,22.6,22.51,31607"
2026-02-17T08:45:00.000-00:00,"22.6,22.68,22.68,22.6,11567"
2026-02-17T08:50:00.000-00:00,"22.67,22.61,22.67,22.6,10620"
2026-02-17T08:55:00.000-00:00,"22.65,22.63,22.65,22.6,13956"
2026-02-17T09:00:00.000-00:00,"22.6,22.6,22.6,22.6,4434"
2026-02-17T09:05:00.000-00:00,"22.63,22.64,22.64,22.63,8889"
2026-02-17T09:10:00.000-00:00,"22.61,22.64,22.64,22.49,218333"
2026-02-17T09:15:00.000-00:00,"22.64,22.56,22.64,22.56,2345"
2026-02-17T09:20:00.000-00:00,"22.63,22.64,22.64,22.63,1487"
2026-02-17T09:25:00.000-00:00,"22.64,22.57,22.68,22.57,4174"
2026-02-17T09:30:00.000-00:00,"22.57,22.64,22.64,22.57,360"
2026-02-17T09:35:00.000-00:00,"22.64,22.59,22.64,22.59,2628"
2026-02-17T09:40:00.000-00:00,"22.6,22.64,22.64,22.5,87169"
2026-02-17T09:45:00.000-00:00,"22.64,22.6,22.64,22.6,295"
2026-02-17T09:50:00.000-00:00,"22.6,22.56,22.6,22.56,1684"
2026-02-17T09:55:00.000-00:00,"22.56,22.6,22.6,22.56,474"
2026-02-17T10:00:00.000-00:00,"22.6,22.6,22.6,22.56,10080"
2026-02-17T10:05:00.000-00:00,"22.6,22.59,22.6,22.59,31990"
2026-02-17T10:10:00.000-00:00,"22.59,22.56,22.59,22.56,302"
2026-02-17T10:15:00.000-00:00,"22.56,22.59,22.59,22.51,4354"
2026-02-17T10:20:00.000-00:00,"22.51,22.5,22.57,22.5,50124"
2026-02-17T10:25:00.000-00:00,"22.57,22.6,22.6,22.5,141257"
2026-02-17T10:30:00.000-00:00,"22.6,22.63,22.64,22.6,42877"
2026-02-17T10:35:00.000-00:00,"22.63,22.6,22.65,22.56,18975"
2026-02-17T10:40:00.000-00:00,"22.62,22.6,22.63,22.6,8479"
2026-02-17T10:45:00.000-00:00,"22.64,22.64,22.64,22.64,1542"
2026-02-17T10:50:00.000-00:00,"22.61,22.64,22.64,22.6,13514"
2026-02-17T10:55:00.000-00:00,"22.64,22.6,22.65,22.6,41800"
2026-02-17T11:00:00.000-00:00,"22.6,22.61,22.61,22.6,61347"
2026-02-17T11:05:00.000-00:00,"22.64,22.6,22.65,22.6,91825"
2026-02-17T11:10:00.000-00:00,"22.6,22.6,22.64,22.6,183376"
2026-02-17T11:15:00.000-00:00,"22.6,22.6,22.6,22.59,47309"
2026-02-17T11:20:00.000-00:00,"22.6,22.6,22.64,22.59,47359"
2026-02-17T11:25:00.000-00:00,"22.59,22.59,22.6,22.59,31753"
2026-02-17T11:30:00.000-00:00,"22.59,22.67,22.67,22.59,206887"
2026-02-17T11:35:00.000-00:00,"22.67,22.7,22.72,22.65,88131"
2026-02-17T11:40:00.000-00:00,"22.69,22.63,22.69,22.63,7785"
2026-02-17T11:45:00.000-00:00,"22.64,22.7,22.7,22.62,58713"
2026-02-17T11:50:00.000-00:00,"22.62,22.62,22.62,22.62,249"
2026-02-17T11:55:00.000-00:00,"22.68,22.6,22.68,22.6,41500"
2026-02-17T12:00:00.000-00:00,"22.62,22.6,22.67,22.6,61982"
2026-02-17T12:05:00.000-00:00,"22.66,22.6,22.66,22.57,215286"
2026-02-17T12:10:00.000-00:00,"22.63,22.6,22.65,22.6,32655"
2026-02-17T12:25:00.000-00:00,"22.6,22.6,22.6,22.6,301365"
2026-02-18T08:00:00.000-00:00,"22.6,22.6,22.75,22.6,14670"
2026-02-18T08:05:00.000-00:00,"22.7,22.6,22.7,22.6,19714"
2026-02-18T08:10:00.000-00:00,"22.68,22.6,22.69,22.6,38278"
2026-02-18T08:15:00.000-00:00,"22.67,22.67,22.67,22.56,17964"
2026-02-18T08:20:00.000-00:00,"22.67,22.57,22.67,22.57,15716"
2026-02-18T08:25:00.000-00:00,"22.63,22.63,22.63,22.56,63111"
2026-02-18T08:30:00.000-00:00,"22.6,22.63,22.63,22.6,19432"
2026-02-18T08:35:00.000-00:00,"22.65,22.79,22.79,22.65,171712"
2026-02-18T08:40:00.000-00:00,"22.79,22.89,22.9,22.76,218689"
2026-02-18T08:45:00.000-00:00,"22.89,22.82,22.9,22.81,9012"
2026-02-18T08:50:00.000-00:00,"22.85,22.8,22.85,22.8,56902"
2026-02-18T08:55:00.000-00:00,"22.8,22.79,22.8,22.79,7388"
2026-02-18T09:00:00.000-00:00,"22.76,22.8,22.8,22.76,9664"
2026-02-18T09:05:00.000-00:00,"22.8,22.79,22.8,22.7,80762"
2026-02-18T09:10:00.000-00:00,"22.79,22.71,22.79,22.7,42498"
2026-02-18T09:15:00.000-00:00,"22.72,22.8,22.85,22.72,55011"
2026-02-18T09:20:00.000-00:00,"22.8,22.85,22.85,22.75,46864"
2026-02-18T09:25:00.000-00:00,"22.8,22.85,22.89,22.76,77609"
2026-02-18T09:30:00.000-00:00,"22.81,23,23,22.81,432040"
2026-02-18T09:35:00.000-00:00,"23,23.1,23.1,22.99,104416"
2026-02-18T09:40:00.000-00:00,"23.1,23.12,23.14,23.1,23542"
2026-02-18T09:45:00.000-00:00,"23.1,23.1,23.1,23.02,38219"
2026-02-18T09:50:00.000-00:00,"23.1,23.1,23.1,23,252655"
2026-02-18T09:55:00.000-00:00,"23.1,23.01,23.1,23,11270"
2026-02-18T10:00:00.000-00:00,"23.01,22.91,23.01,22.91,59009"
2026-02-18T10:05:00.000-00:00,"22.95,22.95,22.95,22.95,3471"
2026-02-18T10:10:00.000-00:00,"22.99,22.99,22.99,22.9,54822"
2026-02-18T10:15:00.000-00:00,"22.99,23,23.01,22.99,159968"
2026-02-18T10:20:00.000-00:00,"22.93,22.94,23,22.92,2495"
2026-02-18T10:25:00.000-00:00,"22.99,23,23.05,22.99,40704"
2026-02-18T10:30:00.000-00:00,"22.95,22.9,22.95,22.9,51247"
2026-02-18T10:35:00.000-00:00,"22.9,22.9,22.95,22.9,25493"
2026-02-18T10:40:00.000-00:00,"22.9,22.9,22.9,22.9,34587"
2026-02-18T10:45:00.000-00:00,"22.9,22.9,22.9,22.86,13556"
2026-02-18T10:50:00.000-00:00,"22.9,22.85,22.9,22.85,12117"
2026-02-18T10:55:00.000-00:00,"22.85,22.81,22.9,22.8,136750"
2026-02-18T11:00:00.000-00:00,"22.83,22.95,22.95,22.81,70018"
2026-02-18T11:05:00.000-00:00,"22.91,23,23,22.91,200224"
2026-02-18T11:10:00.000-00:00,"22.93,22.9,23,22.9,120560"
2026-02-18T11:15:00.000-00:00,"22.89,22.9,22.91,22.89,162103"
2026-02-18T11:20:00.000-00:00,"22.9,22.9,22.9,22.8,131179"
2026-02-18T11:25:00.000-00:00,"22.8,22.9,22.9,22.8,93613"
2026-02-18T11:30:00.000-00:00,"22.94,22.9,22.94,22.9,113896"
2026-02-18T11:35:00.000-00:00,"22.89,22.9,22.9,22.85,37142"
2026-02-18T11:40:00.000-00:00,"22.91,23,23,22.9,415420"
2026-02-18T11:45:00.000-00:00,"23,23.08,23.09,23,104714"
2026-02-18T11:50:00.000-00:00,"23.08,23.01,23.08,23,98868"
2026-02-18T11:55:00.000-00:00,"23.01,23.24,23.24,23.01,163895"
2026-02-18T12:00:00.000-00:00,"23.19,23.2,23.25,23.12,70678"
2026-02-18T12:05:00.000-00:00,"23.2,23.19,23.2,22.9,63016"
2026-02-18T12:10:00.000-00:00,"22.97,22.99,23,22.85,74605"
2026-02-18T12:25:00.000-00:00,"23.28,23.28,23.28,23.28,263883"
2026-02-19T08:00:00.000-00:00,"23.26,23.27,23.28,23,35362"
2026-02-19T08:05:00.000-00:00,"23.11,23.24,23.24,23.11,4272"
2026-02-19T08:10:00.000-00:00,"23.24,23.2,23.25,23.13,11873"
2026-02-19T08:15:00.000-00:00,"23.14,23.14,23.17,23.01,25009"
2026-02-19T08:20:00.000-00:00,"23.1,23,23.1,23,9002"
2026-02-19T08:25:00.000-00:00,"23.09,23.05,23.09,23.01,508"
2026-02-19T08:30:00.000-00:00,"23.02,23.02,23.02,23,8593"
2026-02-19T08:35:00.000-00:00,"23.02,22.9,23.02,22.9,13511"
2026-02-19T08:40:00.000-00:00,"22.99,22.93,22.99,22.85,2859"
2026-02-19T08:45:00.000-00:00,"22.85,22.89,22.93,22.8,24940"
2026-02-19T08:50:00.000-00:00,"22.89,22.79,22.9,22.75,17270"
2026-02-19T08:55:00.000-00:00,"22.77,22.57,22.79,22.55,164784"
2026-02-19T09:00:00.000-00:00,"22.6,22.51,22.6,22.5,94737"
2026-02-19T09:05:00.000-00:00,"22.52,22.52,22.53,22.5,127739"
2026-02-19T09:10:00.000-00:00,"22.53,22.58,22.6,22.53,40527"
2026-02-19T09:15:00.000-00:00,"22.59,22.51,22.63,22.51,77052"
2026-02-19T09:20:00.000-00:00,"22.55,22.58,22.6,22.55,5275"
2026-02-19T09:25:00.000-00:00,"22.58,22.52,22.58,22.51,80274"
2026-02-19T09:30:00.000-00:00,"22.52,22.5,22.55,22.48,513330"
2026-02-19T09:35:00.000-00:00,"22.5,22.5,22.59,22.44,212625"
2026-02-19T09:40:00.000-00:00,"22.5,22.56,22.59,22.49,43716"
2026-02-19T09:45:00.000-00:00,"22.56,22.5,22.59,22.46,242395"
2026-02-19T09:50:00.000-00:00,"22.49,22.5,22.5,22.46,33596"
2026-02-19T09:55:00.000-00:00,"22.5,22.48,22.5,22.45,15861"
2026-02-19T10:00:00.000-00:00,"22.48,22.41,22.5,22.4,154997"
2026-02-19T10:05:00.000-00:00,"22.49,22.49,22.5,22.36,188349"
2026-02-19T10:10:00.000-00:00,"22.41,22.41,22.49,22.4,30525"
2026-02-19T10:15:00.000-00:00,"22.41,22.43,22.5,22.41,129921"
2026-02-19T10:20:00.000-00:00,"22.43,22.5,22.5,22.43,6291"
2026-02-19T10:25:00.000-00:00,"22.47,22.5,22.58,22.45,41891"
2026-02-19T10:30:00.000-00:00,"22.5,22.58,22.58,22.5,55628"
2026-02-19T10:35:00.000-00:00,"22.58,22.51,22.58,22.5,66647"
2026-02-19T10:40:00.000-00:00,"22.5,22.58,22.58,22.5,14847"
2026-02-19T10:45:00.000-00:00,"22.57,22.59,22.59,22.5,120306"
2026-02-19T10:50:00.000-00:00,"22.59,22.6,22.69,22.59,384711"
2026-02-19T10:55:00.000-00:00,"22.6,22.5,22.7,22.5,290505"
2026-02-19T11:00:00.000-00:00,"22.5,22.4,22.6,22.34,317056"
2026-02-19T11:05:00.000-00:00,"22.4,22.3,22.41,22.16,619622"
2026-02-19T11:10:00.000-00:00,"22.3,22.22,22.35,22.2,351232"
2026-02-19T11:25:00.000-00:00,"22.5,22.5,22.5,22.5,633693"
2026-02-22T08:00:00.000-00:00,"22.5,22.41,22.69,22.4,15981"
2026-02-22T08:05:00.000-00:00,"22.4,22.22,22.64,22.22,11065"
2026-02-22T08:10:00.000-00:00,"22.49,22.5,22.5,22.25,20143"
2026-02-22T08:15:00.000-00:00,"22.48,21.97,22.5,21.52,106094"
2026-02-22T08:20:00.000-00:00,"21.9,21.57,21.97,21.52,102661"
2026-02-22T08:25:00.000-00:00,"21.57,20.11,21.57,20.1,194123"
2026-02-22T08:35:00.000-00:00,"20.11,21.2,21.5,20.11,445353"
2026-02-22T08:40:00.000-00:00,"21.4,21.5,21.9,21.21,245731"
2026-02-22T08:45:00.000-00:00,"21.5,21.2,21.82,20.94,382551"
2026-02-22T08:50:00.000-00:00,"21.44,21.4,21.5,21,589121"
2026-02-22T08:55:00.000-00:00,"21.39,21.5,21.6,21.1,701203"
2026-02-22T09:00:00.000-00:00,"21.5,21.46,21.5,21.45,25793"
2026-02-22T09:05:00.000-00:00,"21.5,21.48,21.5,21.46,41709"
2026-02-22T09:10:00.000-00:00,"21.48,21.49,21.5,21.45,9701"
2026-02-22T09:15:00.000-00:00,"21.49,21.5,21.5,21.45,37496"
2026-02-22T09:20:00.000-00:00,"21.55,21.6,21.7,21.55,59892"
2026-02-22T09:25:00.000-00:00,"21.6,21.63,21.7,21.6,11536"
2026-02-22T09:30:00.000-00:00,"21.65,21.64,21.69,21.64,10847"
2026-02-22T09:35:00.000-00:00,"21.65,21.46,21.69,21.45,175614"
2026-02-22T09:40:00.000-00:00,"21.5,21.5,21.6,21.46,38551"
2026-02-22T09:45:00.000-00:00,"21.46,21,21.5,20.77,216057"
2026-02-22T09:50:00.000-00:00,"21,20.98,21,20.78,122708"
2026-02-22T09:55:00.000-00:00,"20.98,20.99,21,20.95,112091"
2026-02-22T10:00:00.000-00:00,"20.99,21,21,20.92,142136"
2026-02-22T10:05:00.000-00:00,"21,21,21,20.98,27660"
2026-02-22T10:10:00.000-00:00,"21,20.86,21.3,20.85,358696"
2026-02-22T10:15:00.000-00:00,"21,21.25,21.25,20.86,64583"
2026-02-22T10:20:00.000-00:00,"21.25,21.2,21.25,21.11,8052"
2026-02-22T10:25:00.000-00:00,"21.2,21.2,21.25,21.2,51763"
2026-02-22T10:30:00.000-00:00,"21.24,21.46,21.48,21.24,30476"
2026-02-22T10:35:00.000-00:00,"21.4,21.3,21.45,21.3,32424"
2026-02-22T10:40:00.000-00:00,"21.3,21.29,21.3,21.15,49169"
2026-02-22T10:45:00.000-00:00,"21.21,21.24,21.25,21.11,92239"
2026-02-22T10:50:00.000-00:00,"21.24,21.18,21.25,21.13,76775"
2026-02-22T10:55:00.000-00:00,"21.25,21,21.38,21,63372"
2026-02-22T11:00:00.000-00:00,"21,21.15,21.15,20.95,50495"
2026-02-22T11:05:00.000-00:00,"21.19,21.2,21.38,21.15,3662"
2026-02-22T11:10:00.000-00:00,"21.2,21.42,21.45,21.2,23129"
2026-02-22T11:25:00.000-00:00,"21.59,21.59,21.59,21.59,120644"
2026-02-23T08:00:00.000-00:00,"21.59,21.39,21.6,21.03,18951"
2026-02-23T08:05:00.000-00:00,"21.39,21.2,21.39,21.2,8883"
2026-02-23T08:10:00.000-00:00,"21.32,21.37,21.39,21.22,4628"
2026-02-23T08:15:00.000-00:00,"21.22,21.3,21.39,21.21,16293"
2026-02-23T08:20:00.000-00:00,"21.26,21.55,21.55,21.26,35554"
2026-02-23T08:25:00.000-00:00,"21.5,21.6,21.65,21.5,24839"
2026-02-23T08:30:00.000-00:00,"21.6,21.54,21.6,21.4,35091"
2026-02-23T08:35:00.000-00:00,"21.5,21.53,21.53,21.45,13539"
2026-02-23T08:40:00.000-00:00,"21.53,21.6,21.6,21.53,34116"
2026-02-23T08:45:00.000-00:00,"21.63,21.77,21.78,21.63,134608"
2026-02-23T08:50:00.000-00:00,"21.77,21.78,21.78,21.74,17726"
2026-02-23T08:55:00.000-00:00,"21.78,21.8,21.84,21.78,23200"
2026-02-23T09:00:00.000-00:00,"21.83,22.13,22.2,21.79,215046"
2026-02-23T09:05:00.000-00:00,"22.03,22.1,22.19,22.01,16383"
2026-02-23T09:10:00.000-00:00,"22.1,21.91,22.12,21.85,66369"
2026-02-23T09:15:00.000-00:00,"21.91,22,22,21.91,22624"
2026-02-23T09:20:00.000-00:00,"22,21.99,22,21.94,15324"
2026-02-23T09:25:00.000-00:00,"21.92,22,22,21.9,143875"
2026-02-23T09:30:00.000-00:00,"22.07,22.02,22.15,22,45019"
2026-02-23T09:35:00.000-00:00,"22.02,22,22.09,22,27692"
2026-02-23T09:40:00.000-00:00,"22,22,22.04,22,14792"
2026-02-23T09:45:00.000-00:00,"22.04,22.01,22.16,22,31902"
2026-02-23T09:50:00.000-00:00,"22.15,22.31,22.39,22.15,116653"
2026-02-23T09:55:00.000-00:00,"22.32,22.3,22.38,22.11,19853"
2026-02-23T10:00:00.000-00:00,"22.3,22.29,22.3,22.28,13157"
2026-02-23T10:05:00.000-00:00,"22.29,22.3,22.35,22.29,62361"
2026-02-23T10:10:00.000-00:00,"22.3,22.29,22.3,22.2,29747"
2026-02-23T10:15:00.000-00:00,"22.28,22.2,22.28,22.13,72127"
2026-02-23T10:20:00.000-00:00,"22.19,22.15,22.2,22.15,25261"
2026-02-23T10:25:00.000-00:00,"22.15,22.4,22.4,22.15,118409"
2026-02-23T10:30:00.000-00:00,"22.4,22.5,22.62,22.25,545848"
2026-02-23T10:35:00.000-00:00,"22.5,22.27,22.5,22.27,13738"
2026-02-23T10:40:00.000-00:00,"22.28,22.44,22.48,22.28,454"
2026-02-23T10:45:00.000-00:00,"22.29,22.2,22.29,22.12,86329"
2026-02-23T10:50:00.000-00:00,"22.13,22.15,22.19,22.1,42303"
2026-02-23T10:55:00.000-00:00,"22.19,22.01,22.2,22.01,29606"
2026-02-23T11:00:00.000-00:00,"22.2,22.05,22.2,22.04,2168"
2026-02-23T11:05:00.000-00:00,"22.1,22.06,22.2,22.06,12375"
2026-02-23T11:10:00.000-00:00,"22.08,22.1,22.35,22.02,68890"
2026-02-23T11:25:00.000-00:00,"22.23,22.23,22.23,22.23,81176"
2026-02-24T08:00:00.000-00:00,"22.3,21.9,22.49,21.63,84091"
2026-02-24T08:05:00.000-00:00,"21.9,21.8,22,21.66,24097"
2026-02-24T08:10:00.000-00:00,"21.75,21.57,21.75,21.41,50970"
2026-02-24T08:15:00.000-00:00,"21.42,21.5,21.54,21.42,55691"
2026-02-24T08:20:00.000-00:00,"21.48,21.5,21.56,21.45,1285017"
2026-02-24T08:25:00.000-00:00,"21.5,21.5,21.55,21.5,420221"
2026-02-24T08:30:00.000-00:00,"21.5,21.66,21.68,21.4,1201051"
2026-02-24T08:35:00.000-00:00,"21.65,21.77,21.77,21.6,75805"
2026-02-24T08:40:00.000-00:00,"21.75,21.8,21.9,21.75,171575"
2026-02-24T08:45:00.000-00:00,"21.71,21.69,21.75,21.66,49253"
2026-02-24T08:50:00.000-00:00,"21.69,21.7,21.7,21.66,18135"
2026-02-24T08:55:00.000-00:00,"21.66,21.75,21.75,21.65,13446"
2026-02-24T09:00:00.000-00:00,"21.75,21.75,21.77,21.7,43471"
2026-02-24T09:05:00.000-00:00,"21.75,21.68,21.75,21.62,99912"
2026-02-24T09:10:00.000-00:00,"21.72,21.76,21.76,21.7,31181"
2026-02-24T09:15:00.000-00:00,"21.76,21.74,21.77,21.74,28544"
2026-02-24T09:20:00.000-00:00,"21.74,21.83,21.83,21.74,60565"
2026-02-24T09:25:00.000-00:00,"21.83,21.8,21.83,21.73,22370"
2026-02-24T09:30:00.000-00:00,"21.8,21.75,21.8,21.73,1708"
2026-02-24T09:35:00.000-00:00,"21.73,21.73,21.75,21.73,17392"
2026-02-24T09:40:00.000-00:00,"21.72,21.67,21.72,21.66,95519"
2026-02-24T09:45:00.000-00:00,"21.68,21.74,21.74,21.67,19607"
2026-02-24T09:50:00.000-00:00,"21.74,21.8,21.8,21.7,70688"
2026-02-24T09:55:00.000-00:00,"21.8,21.8,21.85,21.8,31541"
2026-02-24T10:00:00.000-00:00,"21.8,21.8,21.8,21.73,50494"
2026-02-24T10:05:00.000-00:00,"21.72,21.77,21.79,21.72,1876"
2026-02-24T10:10:00.000-00:00,"21.77,21.7,21.78,21.7,35085"
2026-02-24T10:15:00.000-00:00,"21.7,21.7,21.7,21.7,2721"
2026-02-24T10:20:00.000-00:00,"21.69,21.7,21.7,21.69,1249"
2026-02-24T10:25:00.000-00:00,"21.7,21.7,21.7,21.68,3672"
2026-02-24T10:30:00.000-00:00,"21.7,21.77,21.78,21.68,5468"
2026-02-24T10:35:00.000-00:00,"21.71,21.76,21.77,21.69,160623"
2026-02-24T10:40:00.000-00:00,"21.71,21.67,21.75,21.67,7312"
2026-02-24T10:45:00.000-00:00,"21.7,21.69,21.7,21.52,91564"
2026-02-24T10:50:00.000-00:00,"21.69,21.69,21.7,21.53,100953"
2026-02-24T10:55:00.000-00:00,"21.69,21.6,21.7,21.6,38846"
2026-02-24T11:00:00.000-00:00,"21.7,21.7,21.7,21.6,48562"
2026-02-24T11:05:00.000-00:00,"21.7,21.7,21.7,21.62,93514"
2026-02-24T11:10:00.000-00:00,"21.7,21.6,21.7,21.6,18129"
2026-02-24T11:25:00.000-00:00,"21.5,21.5,21.5,21.5,92704"
2026-02-25T08:00:00.000-00:00,"21.58,21.7,21.7,21.51,23322"
2026-02-25T08:05:00.000-00:00,"21.57,21.69,21.7,21.55,61458"
2026-02-25T08:10:00.000-00:00,"21.69,21.5,21.69,21.5,92715"
2026-02-25T08:15:00.000-00:00,"21.48,21.25,21.48,21.25,43349"
2026-02-25T08:20:00.000-00:00,"21.25,21.1,21.25,21.02,178732"
2026-02-25T08:25:00.000-00:00,"21.1,20.8,21.19,20.75,118141"
2026-02-25T08:30:00.000-00:00,"20.81,21.06,21.06,20.81,100965"
2026-02-25T08:35:00.000-00:00,"21.06,21.02,21.19,21,144797"
2026-02-25T08:40:00.000-00:00,"21.02,21.17,21.17,21.02,20292"
2026-02-25T08:45:00.000-00:00,"21.17,21.11,21.17,21.1,37496"
2026-02-25T08:50:00.000-00:00,"21.14,21.24,21.32,21.12,48209"
2026-02-25T08:55:00.000-00:00,"21.24,21.2,21.24,21.2,57847"
2026-02-25T09:00:00.000-00:00,"21.19,21.14,21.19,21.1,3583"
2026-02-25T09:05:00.000-00:00,"21.19,21.02,21.19,21.02,30650"
2026-02-25T09:10:00.000-00:00,"21.02,21.2,21.2,21.02,26848"
2026-02-25T09:15:00.000-00:00,"21.2,21.11,21.2,21.11,5998"
2026-02-25T09:20:00.000-00:00,"21.12,21.18,21.18,21.12,1079"
2026-02-25T09:25:00.000-00:00,"21.18,21.18,21.19,21.14,13122"
2026-02-25T09:30:00.000-00:00,"21.18,21.2,21.21,21.18,35902"
2026-02-25T09:35:00.000-00:00,"21.21,21.21,21.23,21.2,5742"
2026-02-25T09:40:00.000-00:00,"21.21,21.3,21.32,21.21,60901"
2026-02-25T09:45:00.000-00:00,"21.3,21.3,21.36,21.3,116265"
2026-02-25T09:50:00.000-00:00,"21.3,21.29,21.33,21.29,67576"
2026-02-25T09:55:00.000-00:00,"21.27,21.27,21.29,21.27,4532"
2026-02-25T10:00:00.000-00:00,"21.27,21.21,21.27,21.21,25469"
2026-02-25T10:05:00.000-00:00,"21.21,21.21,21.21,21.2,8074"
2026-02-25T10:10:00.000-00:00,"21.21,21.2,21.22,21.15,26782"
2026-02-25T10:15:00.000-00:00,"21.19,21.13,21.19,21.12,23402"
2026-02-25T10:20:00.000-00:00,"21.13,21.12,21.14,21.06,39435"
2026-02-25T10:25:00.000-00:00,"21.12,21.1,21.12,21.08,2646"
2026-02-25T10:30:00.000-00:00,"21.08,21.02,21.08,20.9,259927"
2026-02-25T10:35:00.000-00:00,"21.01,21,21.09,21,55981"
2026-02-25T10:40:00.000-00:00,"21,20.87,21.09,20.85,78166"
2026-02-25T10:45:00.000-00:00,"20.86,20.8,20.99,20.75,57811"
2026-02-25T10:50:00.000-00:00,"20.77,20.7,20.82,20.7,96264"
2026-02-25T10:55:00.000-00:00,"20.71,20.78,20.79,20.51,52712"
2026-02-25T11:00:00.000-00:00,"20.61,20.79,20.79,20.5,56103"
2026-02-25T11:05:00.000-00:00,"20.79,20.81,20.89,20.7,100963"
2026-02-25T11:10:00.000-00:00,"20.81,20.81,21,20.8,66368"
2026-02-25T11:25:00.000-00:00,"20.8,20.8,20.8,20.8,172458"
2026-02-26T08:00:00.000-00:00,"21.55,21.17,21.55,20.8,63038"
2026-02-26T08:05:00.000-00:00,"20.88,20.75,20.88,20.75,5880"
2026-02-26T08:10:00.000-00:00,"20.75,20.6,20.75,20.55,79752"
2026-02-26T08:15:00.000-00:00,"20.56,20.66,20.67,20.55,84429"
2026-02-26T08:20:00.000-00:00,"20.66,20.65,20.7,20.61,96653"
2026-02-26T08:25:00.000-00:00,"20.65,20.75,20.81,20.65,43529"
2026-02-26T08:30:00.000-00:00,"20.75,20.75,20.75,20.75,315"
2026-02-26T08:35:00.000-00:00,"20.75,20.75,20.75,20.72,10249"
2026-02-26T08:40:00.000-00:00,"20.75,20.99,21,20.75,84548"
2026-02-26T08:45:00.000-00:00,"21,20.97,21,20.81,73093"
2026-02-26T08:50:00.000-00:00,"20.97,20.95,20.97,20.9,10323"
2026-02-26T08:55:00.000-00:00,"20.95,20.95,20.97,20.95,9615"
2026-02-26T09:00:00.000-00:00,"20.95,20.95,20.95,20.95,3066"
2026-02-26T09:05:00.000-00:00,"20.95,20.87,20.95,20.87,965"
2026-02-26T09:10:00.000-00:00,"20.87,20.94,20.94,20.87,6409"
2026-02-26T09:15:00.000-00:00,"20.94,20.94,20.94,20.88,11285"
2026-02-26T09:20:00.000-00:00,"20.92,20.87,20.92,20.87,25378"
2026-02-26T09:25:00.000-00:00,"20.86,20.8,20.86,20.76,8408"
2026-02-26T09:30:00.000-00:00,"20.77,20.8,20.8,20.76,10719"
2026-02-26T09:35:00.000-00:00,"20.8,20.7,20.8,20.64,67427"
2026-02-26T09:40:00.000-00:00,"20.7,20.65,20.7,20.65,16404"
2026-02-26T09:45:00.000-00:00,"20.65,20.6,20.8,20.6,159392"
2026-02-26T09:50:00.000-00:00,"20.65,20.65,20.66,20.6,11335"
2026-02-26T09:55:00.000-00:00,"20.65,20.65,20.65,20.65,18864"
2026-02-26T10:00:00.000-00:00,"20.65,20.65,20.73,20.6,77429"
2026-02-26T10:05:00.000-00:00,"20.61,20.63,20.65,20.61,25331"
2026-02-26T10:10:00.000-00:00,"20.65,20.65,20.65,20.61,30718"
2026-02-26T10:15:00.000-00:00,"20.61,20.61,20.61,20.6,121000"
2026-02-26T10:20:00.000-00:00,"20.63,20.6,20.63,20.6,90164"
2026-02-26T10:25:00.000-00:00,"20.6,20.58,20.6,20.57,44473"
2026-02-26T10:30:00.000-00:00,"20.6,20.58,20.6,20.57,20076"
2026-02-26T10:35:00.000-00:00,"20.6,20.63,20.63,20.57,25040"
2026-02-26T10:40:00.000-00:00,"20.63,20.63,20.7,20.63,79791"
2026-02-26T10:45:00.000-00:00,"20.63,20.72,20.74,20.61,55984"
2026-02-26T10:50:00.000-00:00,"20.64,20.63,20.72,20.62,74137"
2026-02-26T10:55:00.000-00:00,"20.63,20.62,20.68,20.6,42184"
2026-02-26T11:00:00.000-00:00,"20.62,20.6,20.66,20.56,46540"
2026-02-26T11:05:00.000-00:00,"20.6,20.67,20.67,20.59,140490"
2026-02-26T11:10:00.000-00:00,"20.67,20.8,20.8,20.64,97048"
2026-02-26T11:25:00.000-00:00,"20.73,20.73,20.73,20.73,1304794"
2026-03-01T08:00:00.000-00:00,"19.8,19,19.8,18.66,150801"
2026-03-01T08:05:00.000-00:00,"19,19.1,19.45,18.7,127649"
2026-03-01T08:10:00.000-00:00,"19.1,19.6,19.77,19.1,100187"
2026-03-01T08:15:00.000-00:00,"19.6,19.74,19.74,19.5,92928"
2026-03-01T08:20:00.000-00:00,"19.74,20,20.5,19.73,147785"
2026-03-01T08:25:00.000-00:00,"20.01,19.99,20.35,19.76,165396"
2026-03-01T08:30:00.000-00:00,"19.85,19.9,19.99,19.85,80558"
2026-03-01T08:35:00.000-00:00,"19.9,19.8,19.98,19.8,118999"
2026-03-01T08:40:00.000-00:00,"19.8,19.8,19.9,19.7,103689"
2026-03-01T08:45:00.000-00:00,"19.8,19.8,19.95,19.65,28524"
2026-03-01T08:50:00.000-00:00,"19.81,19.9,19.91,19.81,18073"
2026-03-01T08:55:00.000-00:00,"19.83,19.9,19.91,19.82,102372"
2026-03-01T09:00:00.000-00:00,"19.9,19.91,19.91,19.8,207074"
2026-03-01T09:05:00.000-00:00,"19.9,19.88,19.9,19.8,71735"
2026-03-01T09:10:00.000-00:00,"19.88,19.87,19.88,19.75,33719"
2026-03-01T09:15:00.000-00:00,"19.87,19.7,19.87,19.7,22273"
2026-03-01T09:20:00.000-00:00,"19.7,19.73,19.83,19.63,8152"
2026-03-01T09:25:00.000-00:00,"19.8,19.61,19.8,19.6,86479"
2026-03-01T09:30:00.000-00:00,"19.61,19.54,19.78,19.53,59434"
2026-03-01T09:35:00.000-00:00,"19.54,19.69,19.69,19.53,33250"
2026-03-01T09:40:00.000-00:00,"19.68,19.67,19.68,19.55,10053"
2026-03-01T09:45:00.000-00:00,"19.67,19.69,19.69,19.57,20638"
2026-03-01T09:50:00.000-00:00,"19.69,19.7,19.7,19.6,16712"
2026-03-01T09:55:00.000-00:00,"19.75,19.65,19.75,19.65,8827"
2026-03-01T10:00:00.000-00:00,"19.7,19.74,19.75,19.61,15625"
2026-03-01T10:05:00.000-00:00,"19.74,19.7,19.74,19.7,42819"
2026-03-01T10:10:00.000-00:00,"19.72,19.72,19.72,19.7,8431"
2026-03-01T10:15:00.000-00:00,"19.72,19.7,19.92,19.7,96549"
2026-03-01T10:20:00.000-00:00,"19.71,19.65,19.88,19.6,193220"
2026-03-01T10:25:00.000-00:00,"19.65,19.8,19.8,19.65,11270"
2026-03-01T10:30:00.000-00:00,"19.8,19.82,19.92,19.8,38608"
2026-03-01T10:35:00.000-00:00,"19.9,19.97,19.98,19.9,20197"
2026-03-01T10:40:00.000-00:00,"19.95,19.9,19.97,19.83,43802"
2026-03-01T10:45:00.000-00:00,"19.9,19.95,19.97,19.8,122914"
2026-03-01T10:50:00.000-00:00,"19.94,19.97,19.97,19.85,40181"
2026-03-01T10:55:00.000-00:00,"19.97,19.95,19.98,19.92,50508"
2026-03-01T11:00:00.000-00:00,"19.95,19.91,19.95,19.9,49211"
2026-03-01T11:05:00.000-00:00,"19.91,19.85,19.95,19.83,31898"
2026-03-01T11:10:00.000-00:00,"19.9,19.86,19.95,19.6,182074"
2026-03-01T11:25:00.000-00:00,"19.62,19.62,19.62,19.62,124308"
2026-03-02T08:00:00.000-00:00,"20,19.97,20,19.73,32642"
2026-03-02T08:05:00.000-00:00,"19.9,19.8,19.98,19.77,42766"
2026-03-02T08:10:00.000-00:00,"19.8,19.79,19.8,19.78,20743"
2026-03-02T08:15:00.000-00:00,"19.79,20,20.22,19.78,191274"
2026-03-02T08:20:00.000-00:00,"20,20,20.12,20,21762"
2026-03-02T08:25:00.000-00:00,"20,20.03,20.2,20,78005"
2026-03-02T08:30:00.000-00:00,"20.19,19.97,20.19,19.95,92494"
2026-03-02T08:35:00.000-00:00,"20,19.91,20,19.9,90536"
2026-03-02T08:40:00.000-00:00,"19.91,19.9,20,19.9,37710"
2026-03-02T08:45:00.000-00:00,"19.9,19.7,19.93,19.5,434171"
2026-03-02T08:50:00.000-00:00,"19.7,19.8,19.84,19.7,113502"
2026-03-02T08:55:00.000-00:00,"19.8,19.88,19.88,19.8,20243"
2026-03-02T09:00:00.000-00:00,"19.88,19.89,19.89,19.8,35155"
2026-03-02T09:05:00.000-00:00,"19.89,19.85,19.89,19.8,18039"
2026-03-02T09:10:00.000-00:00,"19.85,19.86,19.86,19.8,33479"
2026-03-02T09:15:00.000-00:00,"19.85,19.61,19.85,19.61,231523"
2026-03-02T09:20:00.000-00:00,"19.61,19.65,19.69,19.61,150605"
2026-03-02T09:25:00.000-00:00,"19.67,19.77,19.79,19.65,11942"
2026-03-02T09:30:00.000-00:00,"19.77,19.8,19.8,19.77,29691"
2026-03-02T09:35:00.000-00:00,"19.79,19.79,19.8,19.73,10867"
2026-03-02T09:40:00.000-00:00,"19.79,19.7,19.79,19.7,49601"
2026-03-02T09:45:00.000-00:00,"19.69,19.68,19.69,19.62,73235"
2026-03-02T09:50:00.000-00:00,"19.67,19.77,19.78,19.63,64213"
2026-03-02T09:55:00.000-00:00,"19.77,19.7,19.77,19.69,46325"
2026-03-02T10:00:00.000-00:00,"19.74,19.79,19.84,19.56,428477"
2026-03-02T10:05:00.000-00:00,"19.65,19.7,19.75,19.62,24516"
2026-03-02T10:10:00.000-00:00,"19.66,19.66,19.7,19.65,38554"
2026-03-02T10:15:00.000-00:00,"19.7,19.69,19.7,19.63,35268"
2026-03-02T10:20:00.000-00:00,"19.69,19.68,19.7,19.66,35548"
2026-03-02T10:25:00.000-00:00,"19.68,19.59,19.68,19.54,53830"
2026-03-02T10:30:00.000-00:00,"19.59,19.58,19.59,19.51,56724"
2026-03-02T10:35:00.000-00:00,"19.58,19.64,19.64,19.54,95079"
2026-03-02T10:40:00.000-00:00,"19.65,19.6,19.67,19.6,428313"
2026-03-02T10:45:00.000-00:00,"19.61,19.7,19.7,19.6,36724"
2026-03-02T10:50:00.000-00:00,"19.73,19.7,19.74,19.7,48447"
2026-03-02T10:55:00.000-00:00,"19.71,19.8,19.81,19.7,179277"
2026-03-02T11:00:00.000-00:00,"19.8,19.8,19.83,19.8,20941"
2026-03-02T11:05:00.000-00:00,"19.83,19.8,19.86,19.8,16515"
2026-03-02T11:10:00.000-00:00,"19.85,19.86,19.87,19.85,8200"
2026-03-02T11:25:00.000-00:00,"20.07,20.07,20.07,20.07,241202"
2026-03-03T08:00:00.000-00:00,"19.85,19.79,19.9,19.4,150999"
2026-03-03T08:05:00.000-00:00,"19.6,19.69,19.78,19.58,15364"
2026-03-03T08:10:00.000-00:00,"19.65,19.63,19.69,19.63,5788"
2026-03-03T08:15:00.000-00:00,"19.65,19.65,19.65,19.51,23669"
2026-03-03T08:20:00.000-00:00,"19.64,19.7,19.71,19.64,70852"
2026-03-03T08:25:00.000-00:00,"19.69,19.7,19.7,19.62,206019"
2026-03-03T08:30:00.000-00:00,"19.65,19.65,19.7,19.65,20453"
2026-03-03T08:35:00.000-00:00,"19.65,19.6,19.69,19.6,174199"
2026-03-03T08:40:00.000-00:00,"19.6,19.5,19.64,19.5,76189"
2026-03-03T08:45:00.000-00:00,"19.6,19.59,19.6,19.5,9208"
2026-03-03T08:50:00.000-00:00,"19.5,19.5,19.58,19.46,26329"
2026-03-03T08:55:00.000-00:00,"19.5,19.58,19.58,19.47,8418"
2026-03-03T09:00:00.000-00:00,"19.58,19.5,19.59,19.46,11541"
2026-03-03T09:05:00.000-00:00,"19.49,19.5,19.5,19.43,54267"
2026-03-03T09:10:00.000-00:00,"19.46,19.44,19.49,19.44,7855"
2026-03-03T09:15:00.000-00:00,"19.49,19.5,19.55,19.46,101362"
2026-03-03T09:20:00.000-00:00,"19.55,19.46,19.55,19.45,12253"
2026-03-03T09:25:00.000-00:00,"19.46,19.4,19.46,19.4,29865"
2026-03-03T09:30:00.000-00:00,"19.46,19.02,19.5,19.02,140033"
2026-03-03T09:35:00.000-00:00,"19.3,19.3,19.5,19.2,43291"
2026-03-03T09:40:00.000-00:00,"19.3,19.25,19.3,19.1,20752"
2026-03-03T09:45:00.000-00:00,"19.25,19.3,19.3,19.25,67035"
2026-03-03T09:50:00.000-00:00,"19.35,19.26,19.4,19.06,68688"
2026-03-03T09:55:00.000-00:00,"19.26,19.2,19.28,19.2,41453"
2026-03-03T10:00:00.000-00:00,"19.25,19.25,19.26,19.2,38469"
2026-03-03T10:05:00.000-00:00,"19.25,19.28,19.3,19.24,100831"
2026-03-03T10:10:00.000-00:00,"19.3,19.25,19.3,19.2,99149"
2026-03-03T10:15:00.000-00:00,"19.25,19.1,19.25,19.01,341688"
2026-03-03T10:20:00.000-00:00,"19.18,19,19.18,18.95,298685"
2026-03-03T10:25:00.000-00:00,"19,19.2,19.25,19,287932"
2026-03-03T10:30:00.000-00:00,"19.2,19.3,19.3,19.05,210129"
2026-03-03T10:35:00.000-00:00,"19.3,19.3,19.4,19.3,55623"
2026-03-03T10:40:00.000-00:00,"19.3,19.38,19.38,19.3,53136"
2026-03-03T10:45:00.000-00:00,"19.38,19.45,19.47,19.38,82198"
2026-03-03T10:50:00.000-00:00,"19.45,19.54,19.55,19.45,258235"
2026-03-03T10:55:00.000-00:00,"19.54,19.54,19.59,19.5,116645"
2026-03-03T11:00:00.000-00:00,"19.5,19.25,19.5,19.25,392546"
2026-03-03T11:05:00.000-00:00,"19.38,19.1,19.38,18.98,671160"
2026-03-03T11:10:00.000-00:00,"19.03,19.19,19.2,19.03,111725"
2026-03-03T11:25:00.000-00:00,"19.33,19.33,19.33,19.33,504823"
2026-03-04T08:00:00.000-00:00,"19.48,19.15,19.49,19.11,49228"
2026-03-04T08:05:00.000-00:00,"19.38,19.3,19.38,19.2,2883"
2026-03-04T08:10:00.000-00:00,"19.3,19.26,19.3,19.2,15450"
2026-03-04T08:15:00.000-00:00,"19.26,19.22,19.26,19.22,35215"
2026-03-04T08:20:00.000-00:00,"19.26,19.15,19.33,19.15,20722"
2026-03-04T08:25:00.000-00:00,"19.2,19.19,19.2,19.16,11424"
2026-03-04T08:30:00.000-00:00,"19.19,19,19.2,18.98,202734"
2026-03-04T08:35:00.000-00:00,"18.99,19,19,18.91,71965"
2026-03-04T08:40:00.000-00:00,"19.15,18.53,19.15,18.5,231081"
2026-03-04T08:45:00.000-00:00,"18.95,18.91,18.95,18.58,33299"
2026-03-04T08:50:00.000-00:00,"18.94,19.14,19.14,18.91,30940"
2026-03-04T08:55:00.000-00:00,"19.04,19,19.19,19,13332"
2026-03-04T09:00:00.000-00:00,"19,18.93,19.1,18.93,24066"
2026-03-04T09:05:00.000-00:00,"18.93,18.84,18.93,18.8,71044"
2026-03-04T09:10:00.000-00:00,"18.84,18.82,18.84,18.81,54200"
2026-03-04T09:15:00.000-00:00,"18.85,18.85,18.89,18.82,15706"
2026-03-04T09:20:00.000-00:00,"18.85,19.13,19.13,18.84,52464"
2026-03-04T09:25:00.000-00:00,"19.14,19.29,19.29,19.1,123537"
2026-03-04T09:30:00.000-00:00,"19.27,19.2,19.3,19.16,197763"
2026-03-04T09:35:00.000-00:00,"19.2,19.2,19.29,19.2,83020"
2026-03-04T09:40:00.000-00:00,"19.2,19.06,19.23,19.05,81039"
2026-03-04T09:45:00.000-00:00,"19.15,19.11,19.4,19.07,115978"
2026-03-04T09:50:00.000-00:00,"19.1,19.18,19.18,19.06,29367"
2026-03-04T09:55:00.000-00:00,"19.1,19.08,19.18,19.05,32096"
2026-03-04T10:00:00.000-00:00,"19.14,19.19,19.19,19.14,2342"
2026-03-04T10:05:00.000-00:00,"19.19,19.12,19.19,19.1,90940"
2026-03-04T10:10:00.000-00:00,"19.12,19.18,19.18,19.12,8147"
2026-03-04T10:15:00.000-00:00,"19.18,19.19,19.19,19.12,7837"
2026-03-04T10:20:00.000-00:00,"19.19,19.15,19.19,19.15,721"
2026-03-04T10:25:00.000-00:00,"19.18,19.24,19.24,19.13,15397"
2026-03-04T10:30:00.000-00:00,"19.2,19.2,19.2,19.1,102096"
2026-03-04T10:35:00.000-00:00,"19.2,19.16,19.2,19.15,48524"
2026-03-04T10:40:00.000-00:00,"19.19,19.12,19.2,19.12,70232"
2026-03-04T10:45:00.000-00:00,"19.18,19.14,19.23,19.13,11844"
2026-03-04T10:50:00.000-00:00,"19.19,19.16,19.3,19.09,333241"
2026-03-04T10:55:00.000-00:00,"19.22,19.33,19.33,19.16,16921"
2026-03-04T11:00:00.000-00:00,"19.23,19.33,19.33,19.2,20020"
2026-03-04T11:05:00.000-00:00,"19.33,19.5,19.52,19.2,351438"
2026-03-04T11:10:00.000-00:00,"19.5,19.2,19.54,19.2,203479"
2026-03-04T11:25:00.000-00:00,"19.2,19.2,19.2,19.2,267699"
2026-03-05T08:00:00.000-00:00,"19.35,19.77,19.77,19.35,434588"
2026-03-05T08:05:00.000-00:00,"19.77,19.63,19.88,19.61,240454"
2026-03-05T08:10:00.000-00:00,"19.66,20.17,20.17,19.66,202620"
2026-03-05T08:15:00.000-00:00,"20.1,19.95,20.19,19.95,326561"
2026-03-05T08:20:00.000-00:00,"20,20.01,20.05,19.99,330518"
2026-03-05T08:25:00.000-00:00,"20,19.91,20.03,19.91,311973"
2026-03-05T08:30:00.000-00:00,"19.91,19.8,19.91,19.78,30480"
2026-03-05T08:35:00.000-00:00,"19.89,19.89,19.89,19.81,4396"
2026-03-05T08:40:00.000-00:00,"19.89,19.8,19.89,19.79,47303"
2026-03-05T08:45:00.000-00:00,"19.8,19.95,19.95,19.79,66708"
2026-03-05T08:50:00.000-00:00,"19.95,19.99,20,19.94,24790"
2026-03-05T08:55:00.000-00:00,"19.9,19.87,19.95,19.87,73569"
2026-03-05T09:00:00.000-00:00,"19.87,19.85,19.88,19.8,51817"
2026-03-05T09:05:00.000-00:00,"19.84,19.9,19.93,19.84,97352"
2026-03-05T09:10:00.000-00:00,"19.9,20,20.02,19.83,231242"
2026-03-05T09:15:00.000-00:00,"20,19.92,20.01,19.92,98154"
2026-03-05T09:20:00.000-00:00,"19.99,19.95,20,19.9,73889"
2026-03-05T09:25:00.000-00:00,"19.95,20,20,19.9,208711"
2026-03-05T09:30:00.000-00:00,"19.99,20,20.02,19.99,67842"
2026-03-05T09:35:00.000-00:00,"20,20.02,20.02,20,64431"
2026-03-05T09:40:00.000-00:00,"20.01,20,20.02,20,47809"
2026-03-05T09:45:00.000-00:00,"20,20.02,20.02,20,30118"
2026-03-05T09:50:00.000-00:00,"20,20.02,20.02,20,38331"
2026-03-05T09:55:00.000-00:00,"20,20,20.02,20,21203"
2026-03-05T10:00:00.000-00:00,"20,20.01,20.01,19.94,34088"
2026-03-05T10:05:00.000-00:00,"20,19.95,20.01,19.95,23346"
2026-03-05T10:10:00.000-00:00,"19.99,19.95,20,19.95,389134"
2026-03-05T10:15:00.000-00:00,"19.95,19.95,20,19.95,21148"
2026-03-05T10:20:00.000-00:00,"19.99,19.94,20,19.93,87684"
2026-03-05T10:25:00.000-00:00,"19.99,20.03,20.03,19.99,52148"
2026-03-05T10:30:00.000-00:00,"20,20,20,19.97,25982"
2026-03-05T10:35:00.000-00:00,"19.98,19.97,20.03,19.97,25441"
2026-03-05T10:40:00.000-00:00,"19.98,19.99,20.01,19.93,37066"
2026-03-05T10:45:00.000-00:00,"19.96,19.98,19.98,19.95,169771"
2026-03-05T10:50:00.000-00:00,"19.98,19.96,20,19.95,77511"
2026-03-05T10:55:00.000-00:00,"19.95,19.95,19.96,19.93,80668"
2026-03-05T11:00:00.000-00:00,"19.95,20,20,19.95,103703"
2026-03-05T11:05:00.000-00:00,"20,19.96,20,19.96,19361"
2026-03-05T11:10:00.000-00:00,"19.97,19.95,19.99,19.92,106410"
2026-03-05T11:25:00.000-00:00,"20,20,20,20,185297"
2026-03-08T08:00:00.000-00:00,"19.86,20.2,20.49,19.86,158543"
2026-03-08T08:05:00.000-00:00,"20.2,20.25,20.4,20,38539"
2026-03-08T08:10:00.000-00:00,"20.2,19.97,20.2,19.96,49210"
2026-03-08T08:15:00.000-00:00,"19.96,19.99,20.01,19.9,37791"
2026-03-08T08:20:00.000-00:00,"19.97,19.65,20,19.2,319210"
2026-03-08T08:25:00.000-00:00,"19.75,19.65,19.75,19.6,60159"
2026-03-08T08:30:00.000-00:00,"19.65,19.79,19.8,19.65,42791"
2026-03-08T08:35:00.000-00:00,"19.75,19.61,19.8,19.6,24097"
2026-03-08T08:40:00.000-00:00,"19.65,19.7,19.7,19.63,28284"
2026-03-08T08:45:00.000-00:00,"19.7,19.7,19.86,19.65,25139"
2026-03-08T08:50:00.000-00:00,"19.7,19.78,19.78,19.65,34360"
2026-03-08T08:55:00.000-00:00,"19.75,19.66,19.76,19.66,3467"
2026-03-08T09:00:00.000-00:00,"19.69,19.7,19.7,19.67,27487"
2026-03-08T09:05:00.000-00:00,"19.67,19.7,19.72,19.67,14853"
2026-03-08T09:10:00.000-00:00,"19.69,19.7,19.7,19.65,37484"
2026-03-08T09:15:00.000-00:00,"19.7,19.75,19.75,19.7,28987"
2026-03-08T09:20:00.000-00:00,"19.76,19.71,19.76,19.71,41261"
2026-03-08T09:25:00.000-00:00,"19.73,19.7,19.75,19.7,6465"
2026-03-08T09:30:00.000-00:00,"19.71,19.71,19.77,19.7,14479"
2026-03-08T09:35:00.000-00:00,"19.72,19.72,19.76,19.72,4323"
2026-03-08T09:40:00.000-00:00,"19.75,19.7,19.75,19.7,41744"
2026-03-08T09:45:00.000-00:00,"19.71,19.8,19.8,19.71,6398"
2026-03-08T09:50:00.000-00:00,"19.8,19.66,19.8,19.66,72944"
2026-03-08T09:55:00.000-00:00,"19.66,19.7,19.7,19.65,44645"
2026-03-08T10:00:00.000-00:00,"19.73,19.75,19.75,19.7,19225"
2026-03-08T10:05:00.000-00:00,"19.75,19.7,19.75,19.67,48050"
2026-03-08T10:10:00.000-00:00,"19.7,19.72,19.74,19.67,13684"
2026-03-08T10:15:00.000-00:00,"19.7,19.56,19.7,19.56,194294"
2026-03-08T10:20:00.000-00:00,"19.6,19.6,19.6,19.5,129852"
2026-03-08T10:25:00.000-00:00,"19.6,19.4,19.6,19.35,186421"
2026-03-08T10:30:00.000-00:00,"19.4,19.4,19.5,19.4,59590"
2026-03-08T10:35:00.000-00:00,"19.5,19.45,19.5,19.4,5514"
2026-03-08T10:40:00.000-00:00,"19.46,19.5,19.74,19.46,215923"
2026-03-08T10:45:00.000-00:00,"19.67,19.6,19.67,19.5,17903"
2026-03-08T10:50:00.000-00:00,"19.6,19.61,19.7,19.6,45457"
2026-03-08T10:55:00.000-00:00,"19.7,19.7,19.73,19.62,40999"
2026-03-08T11:00:00.000-00:00,"19.65,19.7,19.8,19.65,138179"
2026-03-08T11:05:00.000-00:00,"19.7,19.66,19.77,19.65,50429"
2026-03-08T11:10:00.000-00:00,"19.67,19.84,19.9,19.67,95315"
2026-03-08T11:25:00.000-00:00,"19.77,19.77,19.77,19.77,47214"
2026-03-09T08:00:00.000-00:00,"19.8,19.57,19.8,19.4,42807"
2026-03-09T08:05:00.000-00:00,"19.43,19.3,19.57,19.23,118089"
2026-03-09T08:10:00.000-00:00,"19.3,19.23,19.3,19.2,133627"
2026-03-09T08:15:00.000-00:00,"19.19,19.2,19.28,19.16,177013"
2026-03-09T08:20:00.000-00:00,"19.2,19,19.21,18.92,1565239"
2026-03-09T08:25:00.000-00:00,"19.01,19,19.2,18.95,433020"
2026-03-09T08:30:00.000-00:00,"19.02,19.07,19.1,18.98,266502"
2026-03-09T08:35:00.000-00:00,"19.01,19,19.07,19,64713"
2026-03-09T08:40:00.000-00:00,"19.05,19,19.14,19,167982"
2026-03-09T08:45:00.000-00:00,"19,19.03,19.07,19,82520"
2026-03-09T08:50:00.000-00:00,"19.02,19.04,19.06,18.99,78317"
2026-03-09T08:55:00.000-00:00,"19.04,19.04,19.04,19,101127"
2026-03-09T09:00:00.000-00:00,"19.04,19.05,19.05,19,121160"
2026-03-09T09:05:00.000-00:00,"19.01,19.1,19.1,19,96643"
2026-03-09T09:10:00.000-00:00,"19.1,19.02,19.1,19,102421"
2026-03-09T09:15:00.000-00:00,"19.02,18.99,19.08,18.99,213971"
2026-03-09T09:20:00.000-00:00,"18.99,18.97,19,18.96,26296"
2026-03-09T09:25:00.000-00:00,"18.97,19.04,19.04,18.96,69842"
2026-03-09T09:30:00.000-00:00,"19.04,19,19.04,19,49902"
2026-03-09T09:35:00.000-00:00,"19,18.99,19,18.96,44709"
2026-03-09T09:40:00.000-00:00,"18.99,19,19.02,18.97,44482"
2026-03-09T09:45:00.000-00:00,"19,18.99,19,18.99,76226"
2026-03-09T09:50:00.000-00:00,"18.98,19.03,19.03,18.92,118451"
2026-03-09T09:55:00.000-00:00,"19.03,19.04,19.15,19.01,151758"
2026-03-09T10:00:00.000-00:00,"19.03,18.98,19.05,18.95,458693"
2026-03-09T10:05:00.000-00:00,"18.95,18.98,18.98,18.93,15734"
2026-03-09T10:10:00.000-00:00,"18.99,18.89,19,18.89,112585"
2026-03-09T10:15:00.000-00:00,"18.88,18.83,18.91,18.83,71305"
2026-03-09T10:20:00.000-00:00,"18.83,18.9,18.95,18.76,168677"
2026-03-09T10:25:00.000-00:00,"18.84,18.89,18.93,18.76,167607"
2026-03-09T10:30:00.000-00:00,"18.8,18.79,18.8,18.76,504859"
2026-03-09T10:35:00.000-00:00,"18.79,18.8,18.88,18.77,202552"
2026-03-09T10:40:00.000-00:00,"18.81,18.9,18.9,18.79,167622"
2026-03-09T10:45:00.000-00:00,"18.9,18.8,18.9,18.8,627119"
2026-03-09T10:50:00.000-00:00,"18.8,18.81,18.9,18.78,394656"
2026-03-09T10:55:00.000-00:00,"18.84,18.85,18.88,18.8,201524"
2026-03-09T11:00:00.000-00:00,"18.85,18.85,18.88,18.8,237619"
2026-03-09T11:05:00.000-00:00,"18.85,18.8,18.87,18.8,110628"
2026-03-09T11:10:00.000-00:00,"18.84,18.78,18.85,18.78,161533"
2026-03-09T11:15:00.000-00:00,"18.78,18.78,18.78,18.78,350"
2026-03-09T11:25:00.000-00:00,"18.6,18.6,18.6,18.6,477377"
2026-03-10T08:00:00.000-00:00,"18.75,18.87,18.89,18.67,163505"
2026-03-10T08:05:00.000-00:00,"18.87,19.09,19.1,18.87,139029"
2026-03-10T08:10:00.000-00:00,"19,19.07,19.07,19,135825"
2026-03-10T08:15:00.000-00:00,"19.01,19.05,19.06,18.93,127518"
2026-03-10T08:20:00.000-00:00,"19.04,19,19.04,18.96,61493"
2026-03-10T08:25:00.000-00:00,"19,19,19.03,18.96,94096"
2026-03-10T08:30:00.000-00:00,"18.99,19.04,19.04,18.9,223343"
2026-03-10T08:35:00.000-00:00,"19.01,18.99,19.04,18.94,283438"
2026-03-10T08:40:00.000-00:00,"18.99,19,19,18.94,229635"
2026-03-10T08:45:00.000-00:00,"19.03,19.01,19.03,19,49751"
2026-03-10T08:50:00.000-00:00,"19.01,19.03,19.07,19,119941"
2026-03-10T08:55:00.000-00:00,"19.03,19.07,19.07,19,72584"
2026-03-10T09:00:00.000-00:00,"19.07,19.12,19.13,19.04,182548"
2026-03-10T09:05:00.000-00:00,"19.12,19.07,19.12,19.07,22214"
2026-03-10T09:10:00.000-00:00,"19.07,19.07,19.1,19.05,22145"
2026-03-10T09:15:00.000-00:00,"19.07,19.08,19.09,19.07,16470"
2026-03-10T09:20:00.000-00:00,"19.08,19.08,19.1,19,63585"
2026-03-10T09:25:00.000-00:00,"19.07,19.05,19.08,19.03,10882"
2026-03-10T09:30:00.000-00:00,"19.04,19,19.06,19,559036"
2026-03-10T09:35:00.000-00:00,"19,19,19.04,18.99,88103"
2026-03-10T09:40:00.000-00:00,"19,19,19.03,18.99,77613"
2026-03-10T09:45:00.000-00:00,"19.01,19,19.02,19,196893"
2026-03-10T09:50:00.000-00:00,"19,19,19,18.99,77800"
2026-03-10T09:55:00.000-00:00,"19,19,19.02,19,229486"
2026-03-10T10:00:00.000-00:00,"19,19.03,19.05,18.99,202279"
2026-03-10T10:05:00.000-00:00,"19,19.05,19.05,19,121540"
2026-03-10T10:10:00.000-00:00,"19.04,19.07,19.07,18.96,126845"
2026-03-10T10:15:00.000-00:00,"19.01,19,19.06,19,117956"
2026-03-10T10:20:00.000-00:00,"19.01,19.04,19.04,19,50023"
2026-03-10T10:25:00.000-00:00,"19.02,19.01,19.05,19,77596"
2026-03-10T10:30:00.000-00:00,"19.04,19,19.04,19,135974"
2026-03-10T10:35:00.000-00:00,"19,19,19.03,19,96469"
2026-03-10T10:40:00.000-00:00,"19,18.99,19.01,18.99,141321"
2026-03-10T10:45:00.000-00:00,"18.99,18.97,19.01,18.97,88510"
2026-03-10T10:50:00.000-00:00,"18.98,18.95,18.99,18.9,161017"
2026-03-10T10:55:00.000-00:00,"18.95,18.92,18.95,18.92,20059"
2026-03-10T11:00:00.000-00:00,"18.92,18.93,18.93,18.9,61752"
2026-03-10T11:05:00.000-00:00,"18.93,18.99,19.04,18.93,31079"
2026-03-10T11:10:00.000-00:00,"19,18.96,19,18.9,52193"
2026-03-10T11:25:00.000-00:00,"19,19,19,19,214906"
2026-03-11T08:00:00.000-00:00,"19.16,19.24,19.35,19.16,124262"
2026-03-11T08:05:00.000-00:00,"19.19,19.17,19.19,19.11,105675"
2026-03-11T08:10:00.000-00:00,"19.17,19.12,19.17,19.11,23077"
2026-03-11T08:15:00.000-00:00,"19.13,19.1,19.15,19.1,26608"
2026-03-11T08:20:00.000-00:00,"19.13,19.11,19.14,19.1,10989"
2026-03-11T08:25:00.000-00:00,"19.11,19.2,19.25,19.11,51771"
2026-03-11T08:30:00.000-00:00,"19.2,19.28,19.28,19.2,46063"
2026-03-11T08:35:00.000-00:00,"19.27,19.22,19.31,19.22,126015"
2026-03-11T08:40:00.000-00:00,"19.25,19.25,19.28,19.25,9094"
2026-03-11T08:45:00.000-00:00,"19.25,19.18,19.25,19.18,47772"
2026-03-11T08:50:00.000-00:00,"19.17,19.23,19.23,19.17,21948"
2026-03-11T08:55:00.000-00:00,"19.23,19.25,19.25,19.2,17602"
2026-03-11T09:00:00.000-00:00,"19.25,19.25,19.25,19.24,29256"
2026-03-11T09:05:00.000-00:00,"19.25,19.25,19.27,19.22,46319"
2026-03-11T09:10:00.000-00:00,"19.25,19.25,19.25,19.21,16888"
2026-03-11T09:15:00.000-00:00,"19.27,19.25,19.28,19.25,48680"
2026-03-11T09:20:00.000-00:00,"19.25,19.21,19.25,19.2,53232"
2026-03-11T09:25:00.000-00:00,"19.21,19.25,19.25,19.21,23133"
2026-03-11T09:30:00.000-00:00,"19.25,19.22,19.25,19.22,2592"
2026-03-11T09:35:00.000-00:00,"19.22,19.25,19.25,19.21,56793"
2026-03-11T09:40:00.000-00:00,"19.25,19.22,19.25,19.22,31330"
2026-03-11T09:45:00.000-00:00,"19.22,19.25,19.25,19.22,24183"
2026-03-11T09:50:00.000-00:00,"19.24,19.23,19.25,19.23,27871"
2026-03-11T09:55:00.000-00:00,"19.23,19.21,19.25,19.21,38093"
2026-03-11T10:00:00.000-00:00,"19.21,19.15,19.21,19.15,80735"
2026-03-11T10:05:00.000-00:00,"19.14,19.19,19.19,19.14,26707"
2026-03-11T10:10:00.000-00:00,"19.18,19.12,19.18,19.12,25043"
2026-03-11T10:15:00.000-00:00,"19.16,19.11,19.16,19.11,29462"
2026-03-11T10:20:00.000-00:00,"19.11,19.15,19.16,19.11,112151"
2026-03-11T10:25:00.000-00:00,"19.15,19.12,19.2,19.12,18058"
2026-03-11T10:30:00.000-00:00,"19.15,19.2,19.2,19.12,39448"
2026-03-11T10:35:00.000-00:00,"19.2,19.2,19.2,19.2,11143"
2026-03-11T10:40:00.000-00:00,"19.2,19.2,19.21,19.2,6406"
2026-03-11T10:45:00.000-00:00,"19.21,19.29,19.29,19.2,74110"
2026-03-11T10:50:00.000-00:00,"19.29,19.25,19.29,19.25,16411"
2026-03-11T10:55:00.000-00:00,"19.25,19.2,19.3,19.2,54432"
2026-03-11T11:00:00.000-00:00,"19.2,19.26,19.26,19.2,17105"
2026-03-11T11:05:00.000-00:00,"19.26,19.3,19.3,19.22,36353"
2026-03-11T11:10:00.000-00:00,"19.3,19.27,19.3,19.24,13566"
2026-03-11T11:25:00.000-00:00,"19.22,19.22,19.22,19.22,88446"
2026-03-12T08:00:00.000-00:00,"19.22,19.2,19.22,19.15,21093"
2026-03-12T08:05:00.000-00:00,"19.19,19.15,19.19,19.15,5110"
2026-03-12T08:10:00.000-00:00,"19.15,19.1,19.19,19.1,11484"
2026-03-12T08:15:00.000-00:00,"19.1,19.17,19.18,19.04,43313"
2026-03-12T08:20:00.000-00:00,"19.1,19.1,19.17,19.08,15707"
2026-03-12T08:25:00.000-00:00,"19.08,19.14,19.14,19.05,21199"
2026-03-12T08:30:00.000-00:00,"19.14,19.13,19.14,19.06,16373"
2026-03-12T08:35:00.000-00:00,"19.13,19.12,19.13,19.06,11130"
2026-03-12T08:40:00.000-00:00,"19.1,19.06,19.1,19.06,23108"
2026-03-12T08:45:00.000-00:00,"19.06,19.1,19.12,19.06,4883"
2026-03-12T08:50:00.000-00:00,"19.1,19.12,19.12,19.06,3362"
2026-03-12T08:55:00.000-00:00,"19.1,19.06,19.12,19.06,24223"
2026-03-12T09:00:00.000-00:00,"19.1,19.1,19.12,19.06,15029"
2026-03-12T09:05:00.000-00:00,"19.08,19.08,19.09,19.07,8393"
2026-03-12T09:10:00.000-00:00,"19.1,19.1,19.1,19.05,35363"
2026-03-12T09:15:00.000-00:00,"19.1,19.08,19.1,19.06,8500"
2026-03-12T09:20:00.000-00:00,"19.08,19.08,19.1,19.08,5569"
2026-03-12T09:25:00.000-00:00,"19.06,19.05,19.08,19.05,48362"
2026-03-12T09:30:00.000-00:00,"19.05,19.07,19.07,19.04,19344"
2026-03-12T09:35:00.000-00:00,"19.06,19.04,19.07,19.04,167622"
2026-03-12T09:40:00.000-00:00,"19.07,19.03,19.07,19.03,20067"
2026-03-12T09:45:00.000-00:00,"19.05,19.05,19.19,19.03,152687"
2026-03-12T09:50:00.000-00:00,"19.06,19.1,19.15,19.06,2470"
2026-03-12T09:55:00.000-00:00,"19.1,19.1,19.1,19.1,9841"
2026-03-12T10:00:00.000-00:00,"19.1,19.14,19.14,19.06,13831"
2026-03-12T10:05:00.000-00:00,"19.14,19.1,19.14,19.1,20434"
2026-03-12T10:10:00.000-00:00,"19.1,19.07,19.1,19.07,7839"
2026-03-12T10:15:00.000-00:00,"19.1,19.1,19.1,19.07,1312"
2026-03-12T10:20:00.000-00:00,"19.1,19.06,19.1,19.06,24824"
2026-03-12T10:25:00.000-00:00,"19.06,19.04,19.06,19.04,28723"
2026-03-12T10:30:00.000-00:00,"19.04,19.01,19.09,19,156476"
2026-03-12T10:35:00.000-00:00,"19.07,19.08,19.09,19,27305"
2026-03-12T10:40:00.000-00:00,"19.02,19,19.07,19,102202"
2026-03-12T10:45:00.000-00:00,"19,18.9,19.09,18.9,87300"
2026-03-12T10:50:00.000-00:00,"18.99,18.9,18.99,18.8,116402"
2026-03-12T10:55:00.000-00:00,"18.9,18.8,18.9,18.78,64593"
2026-03-12T11:00:00.000-00:00,"18.8,18.8,18.89,18.79,66078"
2026-03-12T11:05:00.000-00:00,"18.8,18.8,18.88,18.75,121325"
2026-03-12T11:10:00.000-00:00,"18.8,18.9,18.91,18.79,73196"
2026-03-12T11:25:00.000-00:00,"18.95,18.95,18.95,18.95,62856"
2026-03-15T08:00:00.000-00:00,"18.99,18.9,18.99,18.81,50629"
2026-03-15T08:05:00.000-00:00,"18.9,18.89,18.91,18.8,24215"
2026-03-15T08:10:00.000-00:00,"18.81,18.67,18.88,18.67,54125"
2026-03-15T08:15:00.000-00:00,"18.67,18.84,18.87,18.65,12734"
2026-03-15T08:20:00.000-00:00,"18.7,18.86,18.87,18.7,1357"
2026-03-15T08:25:00.000-00:00,"18.8,18.87,18.87,18.8,2753"
2026-03-15T08:30:00.000-00:00,"18.86,18.87,18.87,18.81,7829"
2026-03-15T08:35:00.000-00:00,"18.87,18.86,18.87,18.81,6967"
2026-03-15T08:40:00.000-00:00,"18.86,18.86,18.87,18.8,8534"
2026-03-15T08:45:00.000-00:00,"18.81,18.8,18.86,18.75,4712"
2026-03-15T08:50:00.000-00:00,"18.75,18.75,18.85,18.75,5384"
2026-03-15T08:55:00.000-00:00,"18.8,18.8,18.8,18.75,1793"
2026-03-15T09:00:00.000-00:00,"18.8,18.8,18.8,18.77,3528"
2026-03-15T09:05:00.000-00:00,"18.77,18.8,18.8,18.71,12153"
2026-03-15T09:10:00.000-00:00,"18.8,18.67,18.8,18.67,15868"
2026-03-15T09:15:00.000-00:00,"18.67,18.69,18.7,18.65,14299"
2026-03-15T09:20:00.000-00:00,"18.69,18.66,18.69,18.66,15767"
2026-03-15T09:25:00.000-00:00,"18.66,18.7,18.7,18.66,17390"
2026-03-15T09:30:00.000-00:00,"18.7,18.72,18.8,18.7,9622"
2026-03-15T09:35:00.000-00:00,"18.78,18.7,18.78,18.7,11788"
2026-03-15T09:40:00.000-00:00,"18.7,18.7,18.77,18.69,20095"
2026-03-15T09:45:00.000-00:00,"18.69,18.67,18.7,18.65,43370"
2026-03-15T09:50:00.000-00:00,"18.68,18.7,18.7,18.67,18286"
2026-03-15T09:55:00.000-00:00,"18.7,18.7,18.7,18.7,1561"
2026-03-15T10:00:00.000-00:00,"18.68,18.65,18.69,18.65,30626"
2026-03-15T10:05:00.000-00:00,"18.65,18.67,18.68,18.65,13762"
2026-03-15T10:10:00.000-00:00,"18.66,18.67,18.67,18.65,6893"
2026-03-15T10:15:00.000-00:00,"18.67,18.68,18.68,18.65,17342"
2026-03-15T10:20:00.000-00:00,"18.68,18.64,18.68,18.63,14081"
2026-03-15T10:25:00.000-00:00,"18.63,18.64,18.64,18.61,17087"
2026-03-15T10:30:00.000-00:00,"18.65,18.64,18.65,18.61,13047"
2026-03-15T10:35:00.000-00:00,"18.64,18.65,18.65,18.61,27681"
2026-03-15T10:40:00.000-00:00,"18.62,18.73,18.77,18.61,34980"
2026-03-15T10:45:00.000-00:00,"18.72,18.65,18.72,18.65,10214"
2026-03-15T10:50:00.000-00:00,"18.68,18.68,18.68,18.64,45888"
2026-03-15T10:55:00.000-00:00,"18.68,18.63,18.68,18.62,14626"
2026-03-15T11:00:00.000-00:00,"18.63,18.62,18.65,18.6,41598"
2026-03-15T11:05:00.000-00:00,"18.61,18.6,18.62,18.57,60484"
2026-03-15T11:10:00.000-00:00,"18.6,18.66,18.76,18.57,44647"
2026-03-15T11:25:00.000-00:00,"18.65,18.65,18.65,18.65,94982"
2026-03-16T08:00:00.000-00:00,"18.7,18.64,18.75,18.61,10989"
2026-03-16T08:05:00.000-00:00,"18.61,18.8,18.87,18.6,44856"
2026-03-16T08:10:00.000-00:00,"18.74,18.6,18.74,18.6,41634"
2026-03-16T08:15:00.000-00:00,"18.6,18.6,18.65,18.59,34881"
2026-03-16T08:20:00.000-00:00,"18.6,18.58,18.6,18.5,45947"
2026-03-16T08:25:00.000-00:00,"18.55,18.37,18.55,18.37,45501"
2026-03-16T08:30:00.000-00:00,"18.37,18.16,18.37,18.1,72528"
2026-03-16T08:35:00.000-00:00,"18.16,18.13,18.21,18.13,62828"
2026-03-16T08:40:00.000-00:00,"18.13,18.06,18.2,18.06,62464"
2026-03-16T08:45:00.000-00:00,"18.06,18.08,18.08,18,145457"
2026-03-16T08:50:00.000-00:00,"18.08,18.11,18.17,18.01,20369"
2026-03-16T08:55:00.000-00:00,"18.14,18.09,18.14,18.09,15959"
2026-03-16T09:00:00.000-00:00,"18.1,18.05,18.1,18.05,15783"
2026-03-16T09:05:00.000-00:00,"18.05,18.1,18.13,18.02,58748"
2026-03-16T09:10:00.000-00:00,"18.1,18,18.12,18,117855"
2026-03-16T09:15:00.000-00:00,"18,17.91,18,17.88,94130"
2026-03-16T09:20:00.000-00:00,"18,17.99,18,17.92,21930"
2026-03-16T09:25:00.000-00:00,"17.99,17.98,17.99,17.91,49316"
2026-03-16T09:30:00.000-00:00,"17.98,18,18.04,17.96,35699"
2026-03-16T09:35:00.000-00:00,"18,18,18.04,18,21464"
2026-03-16T09:40:00.000-00:00,"18,17.99,18,17.92,31210"
2026-03-16T09:45:00.000-00:00,"17.99,18,18,17.98,32299"
2026-03-16T09:50:00.000-00:00,"18.03,18,18.03,18,28604"
2026-03-16T09:55:00.000-00:00,"18.02,18.05,18.06,17.95,69821"
2026-03-16T10:00:00.000-00:00,"18,17.97,18.04,17.95,12318"
2026-03-16T10:05:00.000-00:00,"17.99,18,18.04,17.99,7407"
2026-03-16T10:10:00.000-00:00,"18,18.04,18.06,18,16124"
2026-03-16T10:15:00.000-00:00,"18.01,18.09,18.09,18.01,9841"
2026-03-16T10:20:00.000-00:00,"18.03,18.03,18.09,18.03,376395"
2026-03-16T10:25:00.000-00:00,"18.09,18,18.09,18,15389"
2026-03-16T10:30:00.000-00:00,"18.08,18,18.08,18,58671"
2026-03-16T10:35:00.000-00:00,"18,18.07,18.07,17.98,165295"
2026-03-16T10:40:00.000-00:00,"18.04,18.18,18.2,18.02,122486"
2026-03-16T10:45:00.000-00:00,"18.18,18.04,18.18,18.04,33720"
2026-03-16T10:50:00.000-00:00,"18.13,18.05,18.13,18.04,8240"
2026-03-16T10:55:00.000-00:00,"18.05,18.08,18.09,18.05,5265"
2026-03-16T11:00:00.000-00:00,"18.07,18.19,18.2,18.04,69567"
2026-03-16T11:05:00.000-00:00,"18.19,18.1,18.19,18.1,6330"
2026-03-16T11:10:00.000-00:00,"18.1,18.28,18.28,18.05,76921"
2026-03-16T11:25:00.000-00:00,"18.25,18.25,18.25,18.25,81121"
2026-03-17T08:00:00.000-00:00,"18.37,18.4,18.44,18.3,36638"
2026-03-17T08:05:00.000-00:00,"18.41,18.65,18.69,18.39,171362"
2026-03-17T08:10:00.000-00:00,"18.62,18.65,18.65,18.5,65321"
2026-03-17T08:15:00.000-00:00,"18.61,18.7,18.79,18.61,133135"
2026-03-17T08:20:00.000-00:00,"18.7,18.61,18.74,18.61,33915"
2026-03-17T08:25:00.000-00:00,"18.68,18.7,18.7,18.6,45635"
2026-03-17T08:30:00.000-00:00,"18.69,18.65,18.7,18.64,16105"
2026-03-17T08:35:00.000-00:00,"18.65,18.65,18.68,18.6,46260"
2026-03-17T08:40:00.000-00:00,"18.65,18.65,18.79,18.63,173502"
2026-03-17T08:45:00.000-00:00,"18.65,18.63,18.69,18.62,12528"
2026-03-17T08:50:00.000-00:00,"18.65,18.68,18.7,18.65,32750"
2026-03-17T08:55:00.000-00:00,"18.67,18.65,18.67,18.62,26111"
2026-03-17T09:00:00.000-00:00,"18.65,18.7,18.7,18.65,102778"
2026-03-17T09:05:00.000-00:00,"18.69,18.8,18.8,18.61,111319"
2026-03-17T09:10:00.000-00:00,"18.8,18.7,18.8,18.65,29177"
2026-03-17T09:15:00.000-00:00,"18.74,18.84,18.84,18.74,74650"
2026-03-17T09:20:00.000-00:00,"18.8,18.92,18.94,18.8,138185"
2026-03-17T09:25:00.000-00:00,"18.92,18.86,18.93,18.86,389571"
2026-03-17T09:30:00.000-00:00,"18.85,18.9,18.9,18.82,136608"
2026-03-17T09:35:00.000-00:00,"18.9,18.87,18.92,18.84,83782"
2026-03-17T09:40:00.000-00:00,"18.86,18.77,18.86,18.77,27772"
2026-03-17T09:45:00.000-00:00,"18.8,18.75,18.8,18.65,22814"
2026-03-17T09:50:00.000-00:00,"18.74,18.75,18.75,18.74,16113"
2026-03-17T09:55:00.000-00:00,"18.75,18.75,18.79,18.75,7050"
2026-03-17T10:00:00.000-00:00,"18.75,18.75,18.75,18.7,61675"
2026-03-17T10:05:00.000-00:00,"18.74,18.87,18.87,18.72,24449"
2026-03-17T10:10:00.000-00:00,"18.84,18.84,18.84,18.8,690"
2026-03-17T10:15:00.000-00:00,"18.75,18.75,18.8,18.75,22439"
2026-03-17T10:20:00.000-00:00,"18.75,18.8,18.8,18.7,6959"
2026-03-17T10:25:00.000-00:00,"18.79,18.8,18.8,18.79,899"
2026-03-17T10:30:00.000-00:00,"18.8,18.8,18.8,18.8,31681"
2026-03-17T10:35:00.000-00:00,"18.8,18.9,18.92,18.75,125755"
2026-03-17T10:40:00.000-00:00,"18.92,19.08,19.09,18.92,282153"
2026-03-17T10:45:00.000-00:00,"19.05,19,19.11,19,70490"
2026-03-17T10:50:00.000-00:00,"19,18.82,19,18.82,29611"
2026-03-17T10:55:00.000-00:00,"18.99,18.8,18.99,18.8,52849"
2026-03-17T11:00:00.000-00:00,"18.79,18.6,18.8,18.6,220021"
2026-03-17T11:05:00.000-00:00,"18.63,18.5,18.79,18.5,387654"
2026-03-17T11:10:00.000-00:00,"18.5,18.4,18.75,18.4,551054"
2026-03-17T11:15:00.000-00:00,"18.4,18.4,18.4,18.4,10050"
2026-03-17T11:25:00.000-00:00,"18.4,18.4,18.4,18.4,401702"
2026-03-18T08:00:00.000-00:00,"18.5,18.75,18.8,18.5,91264"
2026-03-18T08:05:00.000-00:00,"18.81,18.8,18.86,18.7,121786"
2026-03-18T08:10:00.000-00:00,"18.76,18.94,18.94,18.75,89240"
2026-03-18T08:15:00.000-00:00,"18.94,18.9,18.94,18.75,133637"
2026-03-18T08:20:00.000-00:00,"18.82,18.77,18.85,18.77,171634"
2026-03-18T08:25:00.000-00:00,"18.77,18.8,18.85,18.75,104259"
2026-03-18T08:30:00.000-00:00,"18.83,18.84,18.84,18.82,4022"
2026-03-18T08:35:00.000-00:00,"18.84,18.95,18.95,18.84,90360"
2026-03-18T08:40:00.000-00:00,"18.94,18.89,18.97,18.88,42575"
2026-03-18T08:45:00.000-00:00,"18.9,18.91,18.92,18.88,17875"
2026-03-18T08:50:00.000-00:00,"18.91,18.91,18.94,18.88,46985"
2026-03-18T08:55:00.000-00:00,"18.91,18.8,18.91,18.8,218344"
2026-03-18T09:00:00.000-00:00,"18.8,18.8,18.8,18.8,13556"
2026-03-18T09:05:00.000-00:00,"18.79,18.8,18.8,18.79,125514"
2026-03-18T09:10:00.000-00:00,"18.8,18.79,18.8,18.79,11697"
2026-03-18T09:15:00.000-00:00,"18.8,18.79,18.8,18.79,19355"
2026-03-18T09:20:00.000-00:00,"18.79,18.8,18.8,18.79,222067"
2026-03-18T09:25:00.000-00:00,"18.8,18.8,18.8,18.79,52380"
2026-03-18T09:30:00.000-00:00,"18.8,18.8,18.8,18.76,21864"
2026-03-18T09:35:00.000-00:00,"18.79,18.75,18.79,18.75,20832"
2026-03-18T09:40:00.000-00:00,"18.73,18.78,18.78,18.65,55630"
2026-03-18T09:45:00.000-00:00,"18.78,18.71,18.78,18.71,11068"
2026-03-18T09:50:00.000-00:00,"18.72,18.65,18.75,18.65,284798"
2026-03-18T09:55:00.000-00:00,"18.65,18.64,18.68,18.57,110595"
2026-03-18T10:00:00.000-00:00,"18.61,18.6,18.64,18.59,15537"
2026-03-18T10:05:00.000-00:00,"18.6,18.65,18.65,18.58,62263"
2026-03-18T10:10:00.000-00:00,"18.65,18.58,18.65,18.58,37602"
2026-03-18T10:15:00.000-00:00,"18.6,18.65,18.65,18.59,48074"
2026-03-18T10:20:00.000-00:00,"18.65,18.65,18.65,18.61,17515"
2026-03-18T10:25:00.000-00:00,"18.65,18.59,18.7,18.59,159339"
2026-03-18T10:30:00.000-00:00,"18.6,18.6,18.65,18.6,21400"
2026-03-18T10:35:00.000-00:00,"18.6,18.64,18.64,18.59,98441"
2026-03-18T10:40:00.000-00:00,"18.61,18.65,18.65,18.6,116460"
2026-03-18T10:45:00.000-00:00,"18.65,18.65,18.67,18.61,11536"
2026-03-18T10:50:00.000-00:00,"18.64,18.67,18.67,18.6,109186"
2026-03-18T10:55:00.000-00:00,"18.66,18.68,18.68,18.62,48630"
2026-03-18T11:00:00.000-00:00,"18.67,18.65,18.68,18.6,162487"
2026-03-18T11:05:00.000-00:00,"18.65,18.65,18.7,18.65,154952"
2026-03-18T11:10:00.000-00:00,"18.65,18.65,18.65,18.6,159005"
2026-03-18T11:25:00.000-00:00,"18.64,18.64,18.64,18.64,246912"
2026-03-24T08:00:00.000-00:00,"18.69,18.68,18.8,18.67,272259"
2026-03-24T08:05:00.000-00:00,"18.68,18.65,18.79,18.65,108523"
2026-03-24T08:10:00.000-00:00,"18.7,18.69,18.7,18.65,9259"
2026-03-24T08:15:00.000-00:00,"18.69,18.66,18.7,18.66,37200"
2026-03-24T08:20:00.000-00:00,"18.66,18.67,18.67,18.64,29608"
2026-03-24T08:25:00.000-00:00,"18.67,18.68,18.7,18.66,37169"
2026-03-24T08:30:00.000-00:00,"18.69,18.66,18.7,18.66,29069"
2026-03-24T08:35:00.000-00:00,"18.7,18.65,18.7,18.65,27897"
2026-03-24T08:40:00.000-00:00,"18.65,18.61,18.65,18.6,40482"
2026-03-24T08:45:00.000-00:00,"18.61,18.65,18.65,18.61,36353"
2026-03-24T08:50:00.000-00:00,"18.65,18.68,18.68,18.64,72486"
2026-03-24T08:55:00.000-00:00,"18.68,18.6,18.68,18.59,86285"
2026-03-24T09:00:00.000-00:00,"18.6,18.59,18.6,18.59,6186"
2026-03-24T09:05:00.000-00:00,"18.6,18.64,18.64,18.59,4573"
2026-03-24T09:10:00.000-00:00,"18.64,18.6,18.65,18.6,8502"
2026-03-24T09:15:00.000-00:00,"18.61,18.65,18.67,18.61,81594"
2026-03-24T09:20:00.000-00:00,"18.65,18.65,18.65,18.63,1641"
2026-03-24T09:25:00.000-00:00,"18.65,18.61,18.65,18.61,4378"
2026-03-24T09:30:00.000-00:00,"18.62,18.64,18.64,18.61,8185"
2026-03-24T09:35:00.000-00:00,"18.63,18.65,18.66,18.62,69953"
2026-03-24T09:40:00.000-00:00,"18.64,18.62,18.64,18.62,9187"
2026-03-24T09:45:00.000-00:00,"18.62,18.65,18.65,18.62,50910"
2026-03-24T09:50:00.000-00:00,"18.63,18.55,18.63,18.55,129928"
2026-03-24T09:55:00.000-00:00,"18.55,18.55,18.6,18.55,20201"
2026-03-24T10:00:00.000-00:00,"18.55,18.54,18.55,18.54,6326"
2026-03-24T10:05:00.000-00:00,"18.55,18.59,18.6,18.54,11410"
2026-03-24T10:10:00.000-00:00,"18.59,18.59,18.59,18.59,5174"
2026-03-24T10:15:00.000-00:00,"18.55,18.6,18.6,18.55,71371"
2026-03-24T10:20:00.000-00:00,"18.6,18.6,18.63,18.6,32351"
2026-03-24T10:25:00.000-00:00,"18.6,18.59,18.6,18.57,10420"
2026-03-24T10:30:00.000-00:00,"18.59,18.49,18.59,18.49,118044"
2026-03-24T10:35:00.000-00:00,"18.49,18.48,18.49,18.47,422081"
2026-03-24T10:40:00.000-00:00,"18.47,18.48,18.48,18.47,25019"
2026-03-24T10:45:00.000-00:00,"18.47,18.49,18.49,18.45,96377"
2026-03-24T10:50:00.000-00:00,"18.49,18.48,18.49,18.44,35872"
2026-03-24T10:55:00.000-00:00,"18.48,18.45,18.48,18.42,38389"
2026-03-24T11:00:00.000-00:00,"18.47,18.47,18.48,18.47,13827"
2026-03-24T11:05:00.000-00:00,"18.47,18.45,18.47,18.45,7377"
2026-03-24T11:10:00.000-00:00,"18.45,18.41,18.47,18.41,60334"
2026-03-24T11:15:00.000-00:00,"18.42,18.43,18.43,18.41,13635"
2026-03-24T11:20:00.000-00:00,"18.43,18.45,18.47,18.43,24163"
2026-03-24T11:25:00.000-00:00,"18.45,18.48,18.48,18.45,2752"
2026-03-24T11:30:00.000-00:00,"18.48,18.49,18.49,18.47,5710"
2026-03-24T11:35:00.000-00:00,"18.47,18.49,18.49,18.43,48182"
2026-03-24T11:40:00.000-00:00,"18.48,18.49,18.49,18.48,13275"
2026-03-24T11:45:00.000-00:00,"18.45,18.45,18.48,18.43,20284"
2026-03-24T11:50:00.000-00:00,"18.47,18.4,18.47,18.4,77710"
2026-03-24T11:55:00.000-00:00,"18.4,18.45,18.45,18.4,2633"
2026-03-24T12:00:00.000-00:00,"18.45,18.5,18.5,18.42,28879"
2026-03-24T12:05:00.000-00:00,"18.5,18.43,18.54,18.43,51406"
2026-03-24T12:10:00.000-00:00,"18.43,18.44,18.46,18.42,12089"
2026-03-24T12:25:00.000-00:00,"18.48,18.48,18.48,18.48,19814"
2026-03-25T08:00:00.000-00:00,"18.51,18.6,18.64,18.48,16310"
2026-03-25T08:05:00.000-00:00,"18.59,18.48,18.6,18.48,12786"
2026-03-25T08:10:00.000-00:00,"18.49,18.48,18.49,18.48,421"
2026-03-25T08:15:00.000-00:00,"18.5,18.57,18.57,18.5,7472"
2026-03-25T08:20:00.000-00:00,"18.59,18.57,18.64,18.57,35702"
2026-03-25T08:25:00.000-00:00,"18.53,18.6,18.6,18.51,16723"
2026-03-25T08:30:00.000-00:00,"18.55,18.51,18.55,18.51,20521"
2026-03-25T08:35:00.000-00:00,"18.52,18.55,18.55,18.52,790"
2026-03-25T08:40:00.000-00:00,"18.53,18.55,18.55,18.51,9163"
2026-03-25T08:45:00.000-00:00,"18.55,18.53,18.55,18.53,3785"
2026-03-25T08:50:00.000-00:00,"18.53,18.52,18.53,18.5,124829"
2026-03-25T08:55:00.000-00:00,"18.53,18.6,18.6,18.53,11037"
2026-03-25T09:00:00.000-00:00,"18.59,18.6,18.6,18.57,103317"
2026-03-25T09:05:00.000-00:00,"18.6,18.6,18.63,18.57,110901"
2026-03-25T09:10:00.000-00:00,"18.58,18.55,18.58,18.54,112259"
2026-03-25T09:15:00.000-00:00,"18.55,18.6,18.6,18.55,131366"
2026-03-25T09:20:00.000-00:00,"18.6,18.6,18.61,18.57,186226"
2026-03-25T09:25:00.000-00:00,"18.58,18.57,18.58,18.55,48021"
2026-03-25T09:30:00.000-00:00,"18.57,18.55,18.57,18.5,101007"
2026-03-25T09:35:00.000-00:00,"18.56,18.6,18.61,18.55,183345"
2026-03-25T09:40:00.000-00:00,"18.61,18.65,18.67,18.59,423297"
2026-03-25T09:45:00.000-00:00,"18.64,18.61,18.64,18.61,54357"
2026-03-25T09:50:00.000-00:00,"18.61,18.65,18.65,18.61,18317"
2026-03-25T09:55:00.000-00:00,"18.65,18.8,18.84,18.65,650469"
2026-03-25T10:00:00.000-00:00,"18.77,18.9,18.91,18.74,851166"
2026-03-25T10:05:00.000-00:00,"18.91,18.97,18.98,18.87,643284"
2026-03-25T10:10:00.000-00:00,"18.9,18.87,18.98,18.87,115280"
2026-03-25T10:15:00.000-00:00,"18.85,18.82,18.85,18.82,3461"
2026-03-25T10:20:00.000-00:00,"18.82,18.77,18.82,18.77,62283"
2026-03-25T10:25:00.000-00:00,"18.8,18.8,18.81,18.77,8751"
2026-03-25T10:30:00.000-00:00,"18.8,18.77,18.8,18.76,99377"
2026-03-25T10:35:00.000-00:00,"18.77,18.76,18.78,18.75,122058"
2026-03-25T10:40:00.000-00:00,"18.76,18.75,18.77,18.74,33567"
2026-03-25T10:45:00.000-00:00,"18.76,18.75,18.78,18.75,78800"
2026-03-25T10:50:00.000-00:00,"18.78,18.75,18.78,18.75,14262"
2026-03-25T10:55:00.000-00:00,"18.75,18.74,18.77,18.74,82691"
2026-03-25T11:00:00.000-00:00,"18.74,18.74,18.76,18.74,7831"
2026-03-25T11:05:00.000-00:00,"18.74,18.85,18.85,18.74,106648"
2026-03-25T11:10:00.000-00:00,"18.85,18.8,18.87,18.78,71585"
2026-03-25T11:15:00.000-00:00,"18.77,18.75,18.78,18.74,76390"
2026-03-25T11:20:00.000-00:00,"18.78,18.72,18.8,18.72,67152"
2026-03-25T11:25:00.000-00:00,"18.73,18.8,18.8,18.73,70081"
2026-03-25T11:30:00.000-00:00,"18.8,18.8,18.81,18.76,92822"
2026-03-25T11:35:00.000-00:00,"18.8,18.75,18.8,18.75,73441"
2026-03-25T11:40:00.000-00:00,"18.75,18.77,18.79,18.75,30689"
2026-03-25T11:45:00.000-00:00,"18.75,18.86,18.86,18.74,457590"
2026-03-25T11:50:00.000-00:00,"18.86,18.88,18.9,18.85,179223"
2026-03-25T11:55:00.000-00:00,"18.9,19.04,19.05,18.88,547331"
2026-03-25T12:00:00.000-00:00,"19,18.83,19.08,18.83,258355"
2026-03-25T12:05:00.000-00:00,"19.02,19.15,19.15,18.93,288993"
2026-03-25T12:10:00.000-00:00,"19,19.1,19.1,19,109003"
2026-03-25T12:25:00.000-00:00,"19,19,19,19,130836"
2026-03-26T08:00:00.000-00:00,"19.1,19.2,19.2,19.1,156675"
2026-03-26T08:05:00.000-00:00,"19.21,19.16,19.22,19.16,119975"
2026-03-26T08:10:00.000-00:00,"19.16,19.15,19.2,19.15,80334"
2026-03-26T08:15:00.000-00:00,"19.15,19.1,19.17,19.08,178831"
2026-03-26T08:20:00.000-00:00,"19.13,19.15,19.15,19.02,154255"
2026-03-26T08:25:00.000-00:00,"19.15,19.14,19.15,19.1,45009"
2026-03-26T08:30:00.000-00:00,"19.13,19.1,19.13,19.05,74684"
2026-03-26T08:35:00.000-00:00,"19.09,19.06,19.09,19.05,17738"
2026-03-26T08:40:00.000-00:00,"19.06,19.09,19.1,19.05,40493"
2026-03-26T08:45:00.000-00:00,"19.09,19.05,19.09,19.03,37286"
2026-03-26T08:50:00.000-00:00,"19.03,19.03,19.05,19.02,26686"
2026-03-26T08:55:00.000-00:00,"19.03,19,19.05,19,232986"
2026-03-26T09:00:00.000-00:00,"19,19.04,19.04,19,7723"
2026-03-26T09:05:00.000-00:00,"19.01,19,19.03,19,18167"
2026-03-26T09:10:00.000-00:00,"19,19.03,19.03,19,18409"
2026-03-26T09:15:00.000-00:00,"19,18.98,19.02,18.95,9676"
2026-03-26T09:20:00.000-00:00,"18.98,18.98,19,18.95,12197"
2026-03-26T09:25:00.000-00:00,"18.98,19.03,19.03,18.98,25813"
2026-03-26T09:30:00.000-00:00,"19.01,19.05,19.05,19.01,21693"
2026-03-26T09:35:00.000-00:00,"19.02,19.05,19.05,19.02,671"
2026-03-26T09:40:00.000-00:00,"19.04,19.05,19.05,19.02,6280"
2026-03-26T09:45:00.000-00:00,"19.05,19.03,19.05,19.03,10511"
2026-03-26T09:50:00.000-00:00,"19.05,19.05,19.05,19.03,12737"
2026-03-26T09:55:00.000-00:00,"19.05,19.07,19.08,19.05,23377"
2026-03-26T10:00:00.000-00:00,"19.06,19.06,19.07,19.05,12426"
2026-03-26T10:05:00.000-00:00,"19.05,19.07,19.07,19.05,1169"
2026-03-26T10:10:00.000-00:00,"19.07,19.05,19.08,19.05,25879"
2026-03-26T10:15:00.000-00:00,"19.07,19.05,19.08,19.05,6458"
2026-03-26T10:20:00.000-00:00,"19.05,19.01,19.08,19.01,30114"
2026-03-26T10:25:00.000-00:00,"19.05,19.01,19.05,19.01,1990"
2026-03-26T10:30:00.000-00:00,"19.01,19.04,19.05,19,70989"
2026-03-26T10:35:00.000-00:00,"19.01,19,19.01,19,36145"
2026-03-26T10:40:00.000-00:00,"18.98,18.98,18.98,18.95,62002"
2026-03-26T10:45:00.000-00:00,"18.98,18.93,18.98,18.93,13105"
2026-03-26T10:50:00.000-00:00,"18.95,18.95,18.95,18.93,6067"
2026-03-26T10:55:00.000-00:00,"18.95,19,19.04,18.94,88743"
2026-03-26T11:00:00.000-00:00,"18.95,18.96,18.96,18.95,14279"
2026-03-26T11:05:00.000-00:00,"18.96,18.93,18.98,18.93,15633"
2026-03-26T11:10:00.000-00:00,"18.95,18.9,18.95,18.9,35945"
2026-03-26T11:15:00.000-00:00,"18.91,18.87,18.94,18.86,24202"
2026-03-26T11:20:00.000-00:00,"18.86,18.88,18.88,18.84,38427"
2026-03-26T11:25:00.000-00:00,"18.88,18.85,18.9,18.85,18891"
2026-03-26T11:30:00.000-00:00,"18.85,18.9,18.9,18.85,5595"
2026-03-26T11:35:00.000-00:00,"18.9,18.87,18.9,18.86,10742"
2026-03-26T11:40:00.000-00:00,"18.87,18.87,18.87,18.85,12712"
2026-03-26T11:45:00.000-00:00,"18.85,18.87,18.87,18.83,8101"
2026-03-26T11:50:00.000-00:00,"18.87,18.85,18.87,18.83,15915"
2026-03-26T11:55:00.000-00:00,"18.85,18.83,18.85,18.81,87131"
2026-03-26T12:00:00.000-00:00,"18.84,18.85,18.87,18.84,29313"
2026-03-26T12:05:00.000-00:00,"18.85,18.91,18.95,18.85,61035"
2026-03-26T12:10:00.000-00:00,"18.9,18.85,18.99,18.85,107287"
2026-03-26T12:25:00.000-00:00,"18.77,18.77,18.77,18.77,113722"
2026-03-29T08:00:00.000-00:00,"18.77,18.7,18.83,18.7,69416"
2026-03-29T08:05:00.000-00:00,"18.7,18.61,18.72,18.61,7996"
2026-03-29T08:10:00.000-00:00,"18.61,18.65,18.69,18.6,8866"
2026-03-29T08:15:00.000-00:00,"18.65,18.64,18.65,18.63,644"
2026-03-29T08:20:00.000-00:00,"18.63,18.64,18.64,18.63,5728"
2026-03-29T08:25:00.000-00:00,"18.65,18.69,18.7,18.64,14633"
2026-03-29T08:30:00.000-00:00,"18.69,18.68,18.69,18.64,2816"
2026-03-29T08:35:00.000-00:00,"18.65,18.63,18.69,18.61,19106"
2026-03-29T08:40:00.000-00:00,"18.65,18.63,18.65,18.63,2961"
2026-03-29T08:45:00.000-00:00,"18.63,18.7,18.7,18.63,3003"
2026-03-29T08:50:00.000-00:00,"18.63,18.63,18.63,18.63,3781"
2026-03-29T08:55:00.000-00:00,"18.68,18.65,18.69,18.65,2278"
2026-03-29T09:00:00.000-00:00,"18.63,18.68,18.68,18.63,5906"
2026-03-29T09:05:00.000-00:00,"18.64,18.65,18.65,18.64,9019"
2026-03-29T09:10:00.000-00:00,"18.66,18.63,18.67,18.63,4189"
2026-03-29T09:15:00.000-00:00,"18.63,18.63,18.64,18.62,8409"
2026-03-29T09:20:00.000-00:00,"18.63,18.63,18.64,18.62,1040"
2026-03-29T09:25:00.000-00:00,"18.62,18.62,18.62,18.61,24993"
2026-03-29T09:30:00.000-00:00,"18.62,18.6,18.62,18.6,26110"
2026-03-29T09:35:00.000-00:00,"18.6,18.6,18.61,18.52,35031"
2026-03-29T09:40:00.000-00:00,"18.6,18.53,18.6,18.51,7088"
2026-03-29T09:45:00.000-00:00,"18.54,18.54,18.6,18.54,3907"
2026-03-29T09:50:00.000-00:00,"18.54,18.52,18.59,18.52,2048"
2026-03-29T09:55:00.000-00:00,"18.52,18.51,18.53,18.5,34807"
2026-03-29T10:00:00.000-00:00,"18.51,18.51,18.51,18.5,14135"
2026-03-29T10:05:00.000-00:00,"18.58,18.58,18.58,18.58,215"
2026-03-29T10:10:00.000-00:00,"18.53,18.53,18.58,18.53,2832"
2026-03-29T10:15:00.000-00:00,"18.53,18.58,18.58,18.52,5188"
2026-03-29T10:20:00.000-00:00,"18.55,18.58,18.58,18.55,294"
2026-03-29T10:25:00.000-00:00,"18.55,18.55,18.58,18.55,245"
2026-03-29T10:30:00.000-00:00,"18.58,18.62,18.62,18.58,25722"
2026-03-29T10:35:00.000-00:00,"18.6,18.58,18.6,18.58,3775"
2026-03-29T10:40:00.000-00:00,"18.6,18.59,18.6,18.59,1753"
2026-03-29T10:45:00.000-00:00,"18.6,18.62,18.62,18.6,14956"
2026-03-29T10:50:00.000-00:00,"18.62,18.62,18.65,18.62,3209"
2026-03-29T10:55:00.000-00:00,"18.62,18.58,18.62,18.57,190627"
2026-03-29T11:00:00.000-00:00,"18.58,18.61,18.61,18.58,160965"
2026-03-29T11:05:00.000-00:00,"18.61,18.61,18.61,18.61,15429"
2026-03-29T11:10:00.000-00:00,"18.6,18.61,18.61,18.6,327"
2026-03-29T11:15:00.000-00:00,"18.61,18.62,18.63,18.61,1306"
2026-03-29T11:20:00.000-00:00,"18.63,18.65,18.65,18.63,8148"
2026-03-29T11:25:00.000-00:00,"18.65,18.66,18.66,18.64,168226"
2026-03-29T11:30:00.000-00:00,"18.66,18.65,18.66,18.65,254"
2026-03-29T11:35:00.000-00:00,"18.65,18.66,18.66,18.65,4442"
2026-03-29T11:40:00.000-00:00,"18.65,18.65,18.66,18.65,10928"
2026-03-29T11:45:00.000-00:00,"18.66,18.7,18.7,18.65,18814"
2026-03-29T11:50:00.000-00:00,"18.65,18.65,18.65,18.65,9811"
2026-03-29T11:55:00.000-00:00,"18.7,18.65,18.7,18.65,4434"
2026-03-29T12:00:00.000-00:00,"18.65,18.7,18.7,18.65,14866"
2026-03-29T12:05:00.000-00:00,"18.7,18.6,18.7,18.6,27084"
2026-03-29T12:10:00.000-00:00,"18.69,18.7,18.7,18.69,5120"
2026-03-29T12:25:00.000-00:00,"18.7,18.7,18.7,18.7,65318"
2026-03-30T08:00:00.000-00:00,"18.7,18.7,18.82,18.7,10932"
2026-03-30T08:05:00.000-00:00,"18.7,18.8,18.8,18.7,18428"
2026-03-30T08:10:00.000-00:00,"18.8,18.71,18.8,18.71,392"
2026-03-30T08:15:00.000-00:00,"18.8,18.8,18.8,18.71,223"
2026-03-30T08:20:00.000-00:00,"18.72,18.66,18.8,18.66,5071"
2026-03-30T08:25:00.000-00:00,"18.66,18.65,18.66,18.61,5557"
2026-03-30T08:30:00.000-00:00,"18.65,18.79,18.8,18.62,7860"
2026-03-30T08:35:00.000-00:00,"18.67,18.65,18.7,18.64,5017"
2026-03-30T08:40:00.000-00:00,"18.7,18.78,18.78,18.65,6514"
2026-03-30T08:45:00.000-00:00,"18.78,18.7,18.78,18.65,1146"
2026-03-30T08:50:00.000-00:00,"18.7,18.7,18.7,18.7,1508"
2026-03-30T08:55:00.000-00:00,"18.66,18.66,18.68,18.65,5364"
2026-03-30T09:00:00.000-00:00,"18.66,18.8,18.8,18.65,26340"
2026-03-30T09:05:00.000-00:00,"18.67,18.78,18.79,18.65,5032"
2026-03-30T09:10:00.000-00:00,"18.7,18.67,18.75,18.66,2809"
2026-03-30T09:15:00.000-00:00,"18.67,18.66,18.67,18.66,700"
2026-03-30T09:20:00.000-00:00,"18.66,18.57,18.66,18.55,104950"
2026-03-30T09:25:00.000-00:00,"18.57,18.6,18.69,18.52,9689"
2026-03-30T09:30:00.000-00:00,"18.55,18.41,18.59,18.41,43590"
2026-03-30T09:35:00.000-00:00,"18.42,18.49,18.49,18.41,6435"
2026-03-30T09:40:00.000-00:00,"18.49,18.49,18.51,18.48,10551"
2026-03-30T09:45:00.000-00:00,"18.45,18.51,18.51,18.45,11657"
2026-03-30T09:50:00.000-00:00,"18.5,18.46,18.5,18.46,1528"
2026-03-30T09:55:00.000-00:00,"18.46,18.51,18.51,18.46,1614"
2026-03-30T10:00:00.000-00:00,"18.51,18.52,18.52,18.51,2587"
2026-03-30T10:05:00.000-00:00,"18.51,18.52,18.52,18.5,6012"
2026-03-30T10:10:00.000-00:00,"18.52,18.5,18.52,18.5,1295"
2026-03-30T10:15:00.000-00:00,"18.5,18.51,18.51,18.5,966"
2026-03-30T10:20:00.000-00:00,"18.51,18.5,18.52,18.5,1199"
2026-03-30T10:25:00.000-00:00,"18.5,18.6,18.7,18.5,20516"
2026-03-30T10:30:00.000-00:00,"18.6,18.6,18.6,18.6,2396"
2026-03-30T10:35:00.000-00:00,"18.69,18.69,18.69,18.6,1351"
2026-03-30T10:40:00.000-00:00,"18.61,18.55,18.61,18.55,5000"
2026-03-30T10:45:00.000-00:00,"18.66,18.6,18.66,18.6,3546"
2026-03-30T10:50:00.000-00:00,"18.55,18.55,18.6,18.55,3325"
2026-03-30T10:55:00.000-00:00,"18.55,18.54,18.68,18.54,8086"
2026-03-30T11:00:00.000-00:00,"18.67,18.54,18.67,18.54,171"
2026-03-30T11:05:00.000-00:00,"18.54,18.51,18.66,18.51,10503"
2026-03-30T11:10:00.000-00:00,"18.52,18.51,18.6,18.5,7357"
2026-03-30T11:15:00.000-00:00,"18.51,18.42,18.6,18.41,21377"
2026-03-30T11:20:00.000-00:00,"18.5,18.44,18.5,18.44,991"
2026-03-30T11:25:00.000-00:00,"18.48,18.46,18.5,18.45,8652"
2026-03-30T11:30:00.000-00:00,"18.46,18.44,18.49,18.44,14588"
2026-03-30T11:35:00.000-00:00,"18.45,18.25,18.49,18.21,97050"
2026-03-30T11:40:00.000-00:00,"18.4,18.3,18.5,18.25,40632"
2026-03-30T11:45:00.000-00:00,"18.35,18.25,18.35,18.25,70010"
2026-03-30T11:50:00.000-00:00,"18.25,18.3,18.34,18.21,14503"
2026-03-30T11:55:00.000-00:00,"18.29,18.28,18.33,18.27,20005"
2026-03-30T12:00:00.000-00:00,"18.28,18.3,18.34,18.25,56795"
2026-03-30T12:05:00.000-00:00,"18.3,18.48,18.48,18.26,161774"
2026-03-30T12:10:00.000-00:00,"18.48,18.35,18.48,18.27,40733"
2026-03-30T12:25:00.000-00:00,"18.25,18.25,18.25,18.25,89025"
2026-03-31T08:00:00.000-00:00,"18.4,18.29,18.4,18.26,8581"
2026-03-31T08:05:00.000-00:00,"18.3,18.37,18.37,18.3,1734"
2026-03-31T08:10:00.000-00:00,"18.35,18.5,18.5,18.31,26201"
2026-03-31T08:15:00.000-00:00,"18.48,18.4,18.48,18.4,2215"
2026-03-31T08:20:00.000-00:00,"18.47,18.4,18.47,18.4,7151"
2026-03-31T08:25:00.000-00:00,"18.45,18.32,18.45,18.32,36049"
2026-03-31T08:30:00.000-00:00,"18.32,18.32,18.32,18.31,18685"
2026-03-31T08:35:00.000-00:00,"18.33,18.34,18.34,18.33,2372"
2026-03-31T08:40:00.000-00:00,"18.33,18.39,18.4,18.33,9949"
2026-03-31T08:45:00.000-00:00,"18.37,18.33,18.39,18.33,4789"
2026-03-31T08:50:00.000-00:00,"18.33,18.4,18.4,18.33,4061"
2026-03-31T08:55:00.000-00:00,"18.4,18.41,18.41,18.4,32355"
2026-03-31T09:00:00.000-00:00,"18.4,18.4,18.43,18.4,56660"
2026-03-31T09:05:00.000-00:00,"18.4,18.35,18.4,18.35,530"
2026-03-31T09:10:00.000-00:00,"18.35,18.39,18.4,18.35,9331"
2026-03-31T09:15:00.000-00:00,"18.35,18.28,18.38,18.28,357713"
2026-03-31T09:20:00.000-00:00,"18.28,18.3,18.3,18.28,50843"
2026-03-31T09:25:00.000-00:00,"18.3,18.3,18.31,18.29,93023"
2026-03-31T09:30:00.000-00:00,"18.3,18.41,18.42,18.3,92448"
2026-03-31T09:35:00.000-00:00,"18.4,18.37,18.43,18.37,17439"
2026-03-31T09:40:00.000-00:00,"18.4,18.36,18.4,18.36,20319"
2026-03-31T09:45:00.000-00:00,"18.36,18.38,18.38,18.36,6842"
2026-03-31T09:50:00.000-00:00,"18.38,18.34,18.38,18.34,12965"
2026-03-31T09:55:00.000-00:00,"18.35,18.39,18.39,18.35,5172"
2026-03-31T10:00:00.000-00:00,"18.38,18.38,18.38,18.38,9150"
2026-03-31T10:05:00.000-00:00,"18.36,18.38,18.38,18.34,15759"
2026-03-31T10:10:00.000-00:00,"18.38,18.39,18.39,18.36,1290"
2026-03-31T10:15:00.000-00:00,"18.36,18.3,18.38,18.3,488562"
2026-03-31T10:20:00.000-00:00,"18.3,18.3,18.35,18.28,379262"
2026-03-31T10:25:00.000-00:00,"18.3,18.25,18.3,18.25,52964"
2026-03-31T10:30:00.000-00:00,"18.24,18.27,18.29,18.24,43032"
2026-03-31T10:35:00.000-00:00,"18.25,18.2,18.25,18.19,81229"
2026-03-31T10:40:00.000-00:00,"18.24,18.24,18.24,18.2,15015"
2026-03-31T10:45:00.000-00:00,"18.21,18.15,18.24,18.13,41685"
2026-03-31T10:50:00.000-00:00,"18.16,18.16,18.19,18.15,16681"
2026-03-31T10:55:00.000-00:00,"18.16,18.15,18.16,18.1,79076"
2026-03-31T11:00:00.000-00:00,"18.15,18.2,18.25,18.11,30233"
2026-03-31T11:05:00.000-00:00,"18.2,18.16,18.2,18.15,5748"
2026-03-31T11:10:00.000-00:00,"18.14,18.16,18.16,18.12,48338"
2026-03-31T11:15:00.000-00:00,"18.18,18.26,18.3,18.14,53461"
2026-03-31T11:20:00.000-00:00,"18.22,18.2,18.25,18.17,32969"
2026-03-31T11:25:00.000-00:00,"18.17,18.18,18.18,18.15,62756"
2026-03-31T11:30:00.000-00:00,"18.19,18.15,18.19,18.11,48814"
2026-03-31T11:35:00.000-00:00,"18.15,18.19,18.2,18.15,76932"
2026-03-31T11:40:00.000-00:00,"18.16,18.15,18.2,18.12,45496"
2026-03-31T11:45:00.000-00:00,"18.15,18.12,18.2,18.11,78691"
2026-03-31T11:50:00.000-00:00,"18.12,18.14,18.19,18.09,75629"
2026-03-31T11:55:00.000-00:00,"18.14,18,18.18,18,256830"
2026-03-31T12:00:00.000-00:00,"18.1,18.03,18.1,17.98,88788"
2026-03-31T12:05:00.000-00:00,"18,17.99,18.07,17.99,114082"
2026-03-31T12:10:00.000-00:00,"17.99,17.99,17.99,17.8,116695"
2026-03-31T12:25:00.000-00:00,"18,18,18,18,187148"
2026-04-01T08:00:00.000-00:00,"18.13,18.24,18.39,18.13,101887"
2026-04-01T08:05:00.000-00:00,"18.3,18.2,18.3,18.1,141037"
2026-04-01T08:10:00.000-00:00,"18.2,18.28,18.33,18.17,177072"
2026-04-01T08:15:00.000-00:00,"18.3,18.3,18.3,18.21,104946"
2026-04-01T08:20:00.000-00:00,"18.3,18.3,18.3,18.2,99018"
2026-04-01T08:25:00.000-00:00,"18.3,18.28,18.32,18.23,62792"
2026-04-01T08:30:00.000-00:00,"18.28,18.3,18.3,18.28,34424"
2026-04-01T08:35:00.000-00:00,"18.3,18.3,18.3,18.26,3667"
2026-04-01T08:40:00.000-00:00,"18.28,18.28,18.3,18.26,13997"
2026-04-01T08:45:00.000-00:00,"18.28,18.32,18.32,18.28,56850"
2026-04-01T08:50:00.000-00:00,"18.3,18.32,18.32,18.27,55371"
2026-04-01T08:55:00.000-00:00,"18.32,18.27,18.32,18.27,74384"
2026-04-01T09:00:00.000-00:00,"18.27,18.2,18.29,18.15,111151"
2026-04-01T09:05:00.000-00:00,"18.24,18.35,18.35,18.16,269666"
2026-04-01T09:10:00.000-00:00,"18.34,18.3,18.34,18.3,19068"
2026-04-01T09:15:00.000-00:00,"18.31,18.38,18.38,18.27,85963"
2026-04-01T09:20:00.000-00:00,"18.32,18.25,18.32,18.25,101544"
2026-04-01T09:25:00.000-00:00,"18.25,18.28,18.3,18.2,95032"
2026-04-01T09:30:00.000-00:00,"18.2,18.2,18.27,18.19,36338"
2026-04-01T09:35:00.000-00:00,"18.2,18.21,18.27,18.2,145898"
2026-04-01T09:40:00.000-00:00,"18.27,18.2,18.27,18.16,92957"
2026-04-01T09:45:00.000-00:00,"18.2,18.25,18.25,18.19,8755"
2026-04-01T09:50:00.000-00:00,"18.21,18.21,18.25,18.2,77034"
2026-04-01T09:55:00.000-00:00,"18.22,18.24,18.25,18.19,78399"
2026-04-01T10:00:00.000-00:00,"18.21,18.2,18.24,18.2,12114"
2026-04-01T10:05:00.000-00:00,"18.24,18.25,18.25,18.2,19755"
2026-04-01T10:10:00.000-00:00,"18.25,18.25,18.26,18.25,13685"
2026-04-01T10:15:00.000-00:00,"18.25,18.21,18.25,18.21,28993"
2026-04-01T10:20:00.000-00:00,"18.22,18.24,18.24,18.2,24272"
2026-04-01T10:25:00.000-00:00,"18.25,18.2,18.25,18.19,20346"
2026-04-01T10:30:00.000-00:00,"18.2,18.27,18.27,18.2,26841"
2026-04-01T10:35:00.000-00:00,"18.25,18.21,18.26,18.21,11107"
2026-04-01T10:40:00.000-00:00,"18.26,18.23,18.27,18.23,9791"
2026-04-01T10:45:00.000-00:00,"18.23,18.23,18.27,18.23,5433"
2026-04-01T10:50:00.000-00:00,"18.25,18.27,18.27,18.24,364290"
2026-04-01T10:55:00.000-00:00,"18.26,18.3,18.31,18.25,221978"
2026-04-01T11:00:00.000-00:00,"18.31,18.32,18.33,18.3,78107"
2026-04-01T11:05:00.000-00:00,"18.3,18.3,18.3,18.26,25254"
2026-04-01T11:10:00.000-00:00,"18.3,18.28,18.3,18.28,437"
2026-04-01T11:15:00.000-00:00,"18.3,18.3,18.3,18.3,671"
2026-04-01T11:20:00.000-00:00,"18.28,18.28,18.28,18.28,3200"
2026-04-01T11:25:00.000-00:00,"18.3,18.3,18.3,18.28,27896"
2026-04-01T11:30:00.000-00:00,"18.27,18.21,18.27,18.21,176587"
2026-04-01T11:35:00.000-00:00,"18.22,18.25,18.3,18.2,76099"
2026-04-01T11:40:00.000-00:00,"18.28,18.28,18.29,18.25,6873"
2026-04-01T11:45:00.000-00:00,"18.26,18.2,18.28,18.1,218305"
2026-04-01T11:50:00.000-00:00,"18.2,18.2,18.25,18.15,82505"
2026-04-01T11:55:00.000-00:00,"18.2,18.2,18.24,18.2,219840"
2026-04-01T12:00:00.000-00:00,"18.2,18.17,18.2,18.17,125920"
2026-04-01T12:05:00.000-00:00,"18.2,18.29,18.29,18.2,68462"
2026-04-01T12:10:00.000-00:00,"18.29,18.3,18.34,18.28,196198"
2026-04-01T12:25:00.000-00:00,"18.49,18.49,18.49,18.49,388214"
2026-04-02T08:00:00.000-00:00,"18.49,18.33,18.55,18.33,213308"
2026-04-02T08:05:00.000-00:00,"18.34,18.4,18.45,18.33,35270"
2026-04-02T08:10:00.000-00:00,"18.4,18.33,18.48,18.33,75134"
2026-04-02T08:15:00.000-00:00,"18.4,18.44,18.45,18.35,31229"
2026-04-02T08:20:00.000-00:00,"18.44,18.59,18.6,18.41,303513"
2026-04-02T08:25:00.000-00:00,"18.58,18.5,18.61,18.5,368823"
2026-04-02T08:30:00.000-00:00,"18.47,18.4,18.5,18.39,121410"
2026-04-02T08:35:00.000-00:00,"18.45,18.4,18.45,18.4,66737"
2026-04-02T08:40:00.000-00:00,"18.4,18.4,18.45,18.31,173112"
2026-04-02T08:45:00.000-00:00,"18.33,18.35,18.4,18.31,58768"
2026-04-02T08:50:00.000-00:00,"18.39,18.4,18.4,18.39,40882"
2026-04-02T08:55:00.000-00:00,"18.36,18.39,18.4,18.35,56777"
2026-04-02T09:00:00.000-00:00,"18.35,18.32,18.38,18.32,79511"
2026-04-02T09:05:00.000-00:00,"18.34,18.38,18.38,18.34,6103"
2026-04-02T09:10:00.000-00:00,"18.34,18.3,18.35,18.3,131830"
2026-04-02T09:15:00.000-00:00,"18.31,18.34,18.34,18.31,6803"
2026-04-02T09:20:00.000-00:00,"18.33,18.3,18.33,18.3,40384"
2026-04-02T09:25:00.000-00:00,"18.3,18.3,18.3,18.29,23739"
2026-04-02T09:30:00.000-00:00,"18.3,18.3,18.33,18.29,37868"
2026-04-02T09:35:00.000-00:00,"18.3,18.28,18.3,18.25,24758"
2026-04-02T09:40:00.000-00:00,"18.28,18.31,18.31,18.26,16409"
2026-04-02T09:45:00.000-00:00,"18.3,18.31,18.31,18.3,82617"
2026-04-02T09:50:00.000-00:00,"18.32,18.3,18.32,18.3,24209"
2026-04-02T09:55:00.000-00:00,"18.3,18.32,18.35,18.3,65179"
2026-04-02T10:00:00.000-00:00,"18.32,18.3,18.32,18.3,10123"
2026-04-02T10:05:00.000-00:00,"18.3,18.35,18.35,18.3,216085"
2026-04-02T10:10:00.000-00:00,"18.34,18.34,18.34,18.34,97"
2026-04-02T10:15:00.000-00:00,"18.34,18.4,18.4,18.32,105001"
2026-04-02T10:20:00.000-00:00,"18.39,18.4,18.4,18.36,37230"
2026-04-02T10:25:00.000-00:00,"18.4,18.4,18.4,18.4,1100"
2026-04-02T10:30:00.000-00:00,"18.37,18.38,18.39,18.37,5369"
2026-04-02T10:35:00.000-00:00,"18.36,18.31,18.36,18.3,83542"
2026-04-02T10:40:00.000-00:00,"18.32,18.35,18.35,18.3,42026"
2026-04-02T10:45:00.000-00:00,"18.37,18.37,18.37,18.33,1304"
2026-04-02T10:50:00.000-00:00,"18.35,18.3,18.37,18.29,66387"
2026-04-02T10:55:00.000-00:00,"18.35,18.35,18.35,18.29,13012"
2026-04-02T11:00:00.000-00:00,"18.35,18.27,18.35,18.27,11194"
2026-04-02T11:05:00.000-00:00,"18.3,18.3,18.3,18.25,62460"
2026-04-02T11:10:00.000-00:00,"18.26,18.3,18.3,18.26,35388"
2026-04-02T11:15:00.000-00:00,"18.29,18.25,18.29,18.25,48834"
2026-04-02T11:20:00.000-00:00,"18.25,18.23,18.25,18.2,44090"
2026-04-02T11:25:00.000-00:00,"18.22,18.21,18.28,18.19,272119"
2026-04-02T11:30:00.000-00:00,"18.23,18.23,18.3,18.22,40524"
2026-04-02T11:35:00.000-00:00,"18.3,18.27,18.35,18.25,73039"
2026-04-02T11:40:00.000-00:00,"18.27,18.29,18.3,18.26,3764"
2026-04-02T11:45:00.000-00:00,"18.27,18.2,18.29,18.2,207013"
2026-04-02T11:50:00.000-00:00,"18.21,18.27,18.27,18.2,30170"
2026-04-02T11:55:00.000-00:00,"18.27,18.2,18.28,18.2,126407"
2026-04-02T12:00:00.000-00:00,"18.21,18.26,18.27,18.19,56596"
2026-04-02T12:05:00.000-00:00,"18.26,18.26,18.27,18.26,17933"
2026-04-02T12:10:00.000-00:00,"18.26,18.25,18.28,18.25,90205"
2026-04-02T12:25:00.000-00:00,"18.2,18.2,18.2,18.2,366758"
2026-04-05T08:00:00.000-00:00,"18.3,18.34,18.36,18.26,47916"
2026-04-05T08:05:00.000-00:00,"18.35,18.35,18.39,18.3,66732"
2026-04-05T08:10:00.000-00:00,"18.33,18.32,18.34,18.32,2396"
2026-04-05T08:15:00.000-00:00,"18.32,18.35,18.35,18.3,28093"
2026-04-05T08:20:00.000-00:00,"18.35,18.33,18.35,18.3,14474"
2026-04-05T08:25:00.000-00:00,"18.33,18.33,18.34,18.27,15520"
2026-04-05T08:30:00.000-00:00,"18.32,18.3,18.32,18.25,17895"
2026-04-05T08:35:00.000-00:00,"18.32,18.33,18.34,18.32,5717"
2026-04-05T08:40:00.000-00:00,"18.31,18.27,18.33,18.27,13415"
2026-04-05T08:45:00.000-00:00,"18.3,18.3,18.32,18.3,18267"
2026-04-05T08:50:00.000-00:00,"18.3,18.31,18.31,18.3,15911"
2026-04-05T08:55:00.000-00:00,"18.31,18.33,18.33,18.31,28862"
2026-04-05T09:00:00.000-00:00,"18.33,18.36,18.37,18.32,119575"
2026-04-05T09:05:00.000-00:00,"18.35,18.5,18.52,18.35,442494"
2026-04-05T09:10:00.000-00:00,"18.49,18.44,18.5,18.4,641746"
2026-04-05T09:15:00.000-00:00,"18.44,18.5,18.51,18.39,360103"
2026-04-05T09:20:00.000-00:00,"18.5,18.7,18.7,18.45,340947"
2026-04-05T09:25:00.000-00:00,"18.66,18.62,18.7,18.62,757697"
2026-04-05T09:30:00.000-00:00,"18.62,18.65,18.65,18.57,290353"
2026-04-05T09:35:00.000-00:00,"18.65,18.64,18.65,18.62,45913"
2026-04-05T09:40:00.000-00:00,"18.64,18.58,18.64,18.56,26388"
2026-04-05T09:45:00.000-00:00,"18.58,18.6,18.6,18.58,59476"
2026-04-05T09:50:00.000-00:00,"18.6,18.6,18.6,18.58,49753"
2026-04-05T09:55:00.000-00:00,"18.6,18.6,18.6,18.57,22452"
2026-04-05T10:00:00.000-00:00,"18.6,18.6,18.61,18.58,100902"
2026-04-05T10:05:00.000-00:00,"18.6,18.55,18.61,18.55,273823"
2026-04-05T10:10:00.000-00:00,"18.59,18.58,18.59,18.55,60408"
2026-04-05T10:15:00.000-00:00,"18.58,18.58,18.59,18.58,18595"
2026-04-05T10:20:00.000-00:00,"18.58,18.52,18.58,18.52,74224"
2026-04-05T10:25:00.000-00:00,"18.53,18.5,18.53,18.44,241524"
2026-04-05T10:30:00.000-00:00,"18.54,18.55,18.55,18.5,77590"
2026-04-05T10:35:00.000-00:00,"18.53,18.5,18.56,18.5,95487"
2026-04-05T10:40:00.000-00:00,"18.57,18.55,18.57,18.55,101345"
2026-04-05T10:45:00.000-00:00,"18.57,18.57,18.57,18.53,106403"
2026-04-05T10:50:00.000-00:00,"18.56,18.57,18.57,18.55,92616"
2026-04-05T10:55:00.000-00:00,"18.57,18.58,18.6,18.55,582564"
2026-04-05T11:00:00.000-00:00,"18.6,18.6,18.6,18.55,187027"
2026-04-05T11:05:00.000-00:00,"18.57,18.58,18.6,18.56,52821"
2026-04-05T11:10:00.000-00:00,"18.58,18.6,18.6,18.56,166180"
2026-04-05T11:15:00.000-00:00,"18.6,18.6,18.61,18.57,91964"
2026-04-05T11:20:00.000-00:00,"18.61,18.6,18.63,18.6,46001"
2026-04-05T11:25:00.000-00:00,"18.62,18.56,18.62,18.56,42985"
2026-04-05T11:30:00.000-00:00,"18.56,18.55,18.59,18.55,56300"
2026-04-05T11:35:00.000-00:00,"18.56,18.6,18.6,18.56,40273"
2026-04-05T11:40:00.000-00:00,"18.62,18.6,18.62,18.6,41062"
2026-04-05T11:45:00.000-00:00,"18.59,18.55,18.59,18.55,73892"
2026-04-05T11:50:00.000-00:00,"18.55,18.5,18.55,18.48,52818"
2026-04-05T11:55:00.000-00:00,"18.55,18.55,18.55,18.52,3967"
2026-04-05T12:00:00.000-00:00,"18.55,18.56,18.56,18.53,29367"
2026-04-05T12:05:00.000-00:00,"18.56,18.5,18.56,18.5,68979"
2026-04-05T12:10:00.000-00:00,"18.5,18.5,18.56,18.49,422532"
2026-04-05T12:25:00.000-00:00,"18.38,18.38,18.38,18.38,354428"
2026-04-06T08:00:00.000-00:00,"18.57,18.67,18.67,18.57,150247"
2026-04-06T08:05:00.000-00:00,"18.68,18.74,18.78,18.68,296607"
2026-04-06T08:10:00.000-00:00,"18.7,18.7,18.74,18.7,25184"
2026-04-06T08:15:00.000-00:00,"18.69,18.68,18.7,18.6,89699"
2026-04-06T08:20:00.000-00:00,"18.69,18.73,18.74,18.68,104161"
2026-04-06T08:25:00.000-00:00,"18.73,18.69,18.73,18.66,36058"
2026-04-06T08:30:00.000-00:00,"18.69,18.69,18.7,18.68,56473"
2026-04-06T08:35:00.000-00:00,"18.7,18.68,18.7,18.68,14393"
2026-04-06T08:40:00.000-00:00,"18.67,18.66,18.68,18.6,124015"
2026-04-06T08:45:00.000-00:00,"18.66,18.6,18.66,18.59,60343"
2026-04-06T08:50:00.000-00:00,"18.59,18.59,18.59,18.53,19660"
2026-04-06T08:55:00.000-00:00,"18.65,18.63,18.65,18.59,13425"
2026-04-06T09:00:00.000-00:00,"18.63,18.6,18.63,18.6,4789"
2026-04-06T09:05:00.000-00:00,"18.6,18.65,18.65,18.6,18416"
2026-04-06T09:10:00.000-00:00,"18.65,18.62,18.68,18.62,36245"
2026-04-06T09:15:00.000-00:00,"18.65,18.7,18.7,18.62,74296"
2026-04-06T09:20:00.000-00:00,"18.7,18.83,18.83,18.7,321778"
2026-04-06T09:25:00.000-00:00,"18.84,18.84,18.86,18.82,52788"
2026-04-06T09:30:00.000-00:00,"18.84,18.8,18.86,18.8,81052"
2026-04-06T09:35:00.000-00:00,"18.75,18.81,18.83,18.75,52527"
2026-04-06T09:40:00.000-00:00,"18.81,18.8,18.84,18.79,66590"
2026-04-06T09:45:00.000-00:00,"18.8,18.8,18.84,18.76,203484"
2026-04-06T09:50:00.000-00:00,"18.8,18.83,18.84,18.8,52352"
2026-04-06T09:55:00.000-00:00,"18.83,18.82,18.84,18.82,16015"
2026-04-06T10:00:00.000-00:00,"18.82,18.82,18.84,18.81,17087"
2026-04-06T10:05:00.000-00:00,"18.84,18.81,18.86,18.8,114119"
2026-04-06T10:10:00.000-00:00,"18.85,18.82,18.85,18.82,25659"
2026-04-06T10:15:00.000-00:00,"18.82,18.82,18.84,18.82,15093"
2026-04-06T10:20:00.000-00:00,"18.82,18.82,18.82,18.8,100513"
2026-04-06T10:25:00.000-00:00,"18.81,18.8,18.82,18.8,46692"
2026-04-06T10:30:00.000-00:00,"18.82,18.82,18.82,18.8,88196"
2026-04-06T10:35:00.000-00:00,"18.8,18.8,18.82,18.8,19007"
2026-04-06T10:40:00.000-00:00,"18.8,18.83,18.83,18.8,47278"
2026-04-06T10:45:00.000-00:00,"18.83,18.88,18.88,18.81,111056"
2026-04-06T10:50:00.000-00:00,"18.87,18.86,18.87,18.85,30692"
2026-04-06T10:55:00.000-00:00,"18.86,18.88,18.88,18.85,32902"
2026-04-06T11:00:00.000-00:00,"18.88,18.91,18.91,18.87,65137"
2026-04-06T11:05:00.000-00:00,"18.91,18.86,18.91,18.86,22020"
2026-04-06T11:10:00.000-00:00,"18.87,18.86,18.89,18.85,92861"
2026-04-06T11:15:00.000-00:00,"18.86,18.87,18.87,18.86,25057"
2026-04-06T11:20:00.000-00:00,"18.87,18.87,18.88,18.87,72058"
2026-04-06T11:25:00.000-00:00,"18.87,18.8,18.87,18.8,188154"
2026-04-06T11:30:00.000-00:00,"18.8,18.8,18.85,18.8,52754"
2026-04-06T11:35:00.000-00:00,"18.8,18.83,18.84,18.77,65478"
2026-04-06T11:40:00.000-00:00,"18.83,18.8,18.85,18.8,80859"
2026-04-06T11:45:00.000-00:00,"18.8,18.84,18.84,18.8,51718"
2026-04-06T11:50:00.000-00:00,"18.84,18.88,18.88,18.82,100612"
2026-04-06T11:55:00.000-00:00,"18.83,18.88,18.89,18.83,59938"
2026-04-06T12:00:00.000-00:00,"18.86,18.8,18.86,18.8,124927"
2026-04-06T12:05:00.000-00:00,"18.84,18.82,18.86,18.82,39654"
2026-04-06T12:10:00.000-00:00,"18.82,18.87,18.87,18.82,54702"
2026-04-06T12:25:00.000-00:00,"18.86,18.86,18.86,18.86,14184"
2026-04-07T08:00:00.000-00:00,"18.87,18.86,18.92,18.86,42742"
2026-04-07T08:05:00.000-00:00,"18.85,18.88,18.92,18.83,64248"
2026-04-07T08:10:00.000-00:00,"18.9,18.85,18.9,18.85,18755"
2026-04-07T08:15:00.000-00:00,"18.85,18.73,18.85,18.73,99605"
2026-04-07T08:20:00.000-00:00,"18.73,18.82,18.84,18.71,86424"
2026-04-07T08:25:00.000-00:00,"18.82,18.8,18.85,18.8,41886"
2026-04-07T08:30:00.000-00:00,"18.8,18.82,18.82,18.8,16807"
2026-04-07T08:35:00.000-00:00,"18.8,18.8,18.85,18.8,38244"
2026-04-07T08:40:00.000-00:00,"18.81,18.8,18.81,18.8,34612"
2026-04-07T08:45:00.000-00:00,"18.8,18.82,18.82,18.78,30045"
2026-04-07T08:50:00.000-00:00,"18.8,18.81,18.85,18.8,21911"
2026-04-07T08:55:00.000-00:00,"18.81,18.85,18.85,18.8,42063"
2026-04-07T09:00:00.000-00:00,"18.87,18.89,18.89,18.84,28300"
2026-04-07T09:05:00.000-00:00,"18.85,18.85,18.88,18.85,15211"
2026-04-07T09:10:00.000-00:00,"18.85,18.89,18.89,18.83,20321"
2026-04-07T09:15:00.000-00:00,"18.89,18.93,18.93,18.89,97743"
2026-04-07T09:20:00.000-00:00,"18.9,18.85,18.92,18.85,22017"
2026-04-07T09:25:00.000-00:00,"18.85,18.86,18.87,18.85,51917"
2026-04-07T09:30:00.000-00:00,"18.86,18.83,18.86,18.83,40147"
2026-04-07T09:35:00.000-00:00,"18.83,18.83,18.85,18.83,29175"
2026-04-07T09:40:00.000-00:00,"18.85,18.83,18.85,18.83,3759"
2026-04-07T09:45:00.000-00:00,"18.85,18.89,18.89,18.83,4749"
2026-04-07T09:50:00.000-00:00,"18.89,18.83,18.89,18.82,5771"
2026-04-07T09:55:00.000-00:00,"18.85,18.8,18.85,18.8,32251"
2026-04-07T10:00:00.000-00:00,"18.81,18.85,18.85,18.8,31544"
2026-04-07T10:05:00.000-00:00,"18.85,18.85,18.85,18.8,37359"
2026-04-07T10:10:00.000-00:00,"18.85,18.83,18.85,18.8,11082"
2026-04-07T10:15:00.000-00:00,"18.83,18.81,18.84,18.81,740"
2026-04-07T10:20:00.000-00:00,"18.83,18.81,18.83,18.8,35359"
2026-04-07T10:25:00.000-00:00,"18.81,18.82,18.82,18.77,54789"
2026-04-07T10:30:00.000-00:00,"18.78,18.78,18.8,18.78,27269"
2026-04-07T10:35:00.000-00:00,"18.8,18.8,18.85,18.8,56877"
2026-04-07T10:40:00.000-00:00,"18.82,18.8,18.87,18.8,465161"
2026-04-07T10:45:00.000-00:00,"18.81,18.8,18.87,18.8,145266"
2026-04-07T10:50:00.000-00:00,"18.82,18.72,18.85,18.72,232036"
2026-04-07T10:55:00.000-00:00,"18.8,18.75,18.8,18.75,5850"
2026-04-07T11:00:00.000-00:00,"18.75,18.73,18.8,18.73,65880"
2026-04-07T11:05:00.000-00:00,"18.78,18.75,18.79,18.75,17701"
2026-04-07T11:10:00.000-00:00,"18.75,18.75,18.75,18.75,28278"
2026-04-07T11:15:00.000-00:00,"18.78,18.8,18.8,18.75,47289"
2026-04-07T11:20:00.000-00:00,"18.79,18.77,18.8,18.77,14611"
2026-04-07T11:25:00.000-00:00,"18.77,18.76,18.79,18.76,45846"
2026-04-07T11:30:00.000-00:00,"18.76,18.7,18.77,18.69,226515"
2026-04-07T11:35:00.000-00:00,"18.69,18.7,18.7,18.68,33108"
2026-04-07T11:40:00.000-00:00,"18.7,18.75,18.75,18.68,22540"
2026-04-07T11:45:00.000-00:00,"18.7,18.7,18.75,18.7,13047"
2026-04-07T11:50:00.000-00:00,"18.74,18.66,18.79,18.66,60334"
2026-04-07T11:55:00.000-00:00,"18.79,18.81,18.9,18.79,193367"
2026-04-07T12:00:00.000-00:00,"18.85,18.81,18.89,18.8,251823"
2026-04-07T12:05:00.000-00:00,"18.81,18.8,18.85,18.8,80384"
2026-04-07T12:10:00.000-00:00,"18.82,18.83,18.83,18.8,34118"
2026-04-07T12:25:00.000-00:00,"18.8,18.8,18.8,18.8,281272"
2026-04-08T08:00:00.000-00:00,"19.2,19.59,19.59,19.2,1165898"
2026-04-08T08:05:00.000-00:00,"19.59,19.54,19.63,19.44,1279940"
2026-04-08T08:10:00.000-00:00,"19.5,19.41,19.5,19.3,215018"
2026-04-08T08:15:00.000-00:00,"19.4,19.5,19.5,19.32,369303"
2026-04-08T08:20:00.000-00:00,"19.5,19.85,19.88,19.5,509966"
2026-04-08T08:25:00.000-00:00,"19.85,19.72,19.95,19.7,284061"
2026-04-08T08:30:00.000-00:00,"19.75,19.7,19.76,19.64,146803"
2026-04-08T08:35:00.000-00:00,"19.74,19.7,19.74,19.61,109523"
2026-04-08T08:40:00.000-00:00,"19.7,19.7,19.75,19.62,127203"
2026-04-08T08:45:00.000-00:00,"19.73,19.7,19.73,19.66,108359"
2026-04-08T08:50:00.000-00:00,"19.7,19.6,19.72,19.5,323959"
2026-04-08T08:55:00.000-00:00,"19.55,19.6,19.75,19.51,335233"
2026-04-08T09:00:00.000-00:00,"19.62,19.6,19.62,19.57,268563"
2026-04-08T09:05:00.000-00:00,"19.57,19.59,19.6,19.51,46336"
2026-04-08T09:10:00.000-00:00,"19.59,19.59,19.6,19.5,70751"
2026-04-08T09:15:00.000-00:00,"19.58,19.59,19.6,19.46,132158"
2026-04-08T09:20:00.000-00:00,"19.51,19.5,19.6,19.46,72686"
2026-04-08T09:25:00.000-00:00,"19.55,19.53,19.6,19.5,146010"
2026-04-08T09:30:00.000-00:00,"19.6,19.7,19.71,19.6,228654"
2026-04-08T09:35:00.000-00:00,"19.7,19.8,19.83,19.7,246718"
2026-04-08T09:40:00.000-00:00,"19.8,19.8,19.83,19.75,750217"
2026-04-08T09:45:00.000-00:00,"19.81,19.8,19.83,19.8,122295"
2026-04-08T09:50:00.000-00:00,"19.8,19.8,19.83,19.76,174069"
2026-04-08T09:55:00.000-00:00,"19.83,19.76,19.83,19.76,60791"
2026-04-08T10:00:00.000-00:00,"19.77,19.8,19.82,19.77,31048"
2026-04-08T10:05:00.000-00:00,"19.8,19.76,19.8,19.76,3323"
2026-04-08T10:10:00.000-00:00,"19.76,19.79,19.79,19.76,4608"
2026-04-08T10:15:00.000-00:00,"19.8,19.75,19.8,19.75,55123"
2026-04-08T10:20:00.000-00:00,"19.76,19.71,19.76,19.71,29941"
2026-04-08T10:25:00.000-00:00,"19.71,19.75,19.79,19.71,13028"
2026-04-08T10:30:00.000-00:00,"19.75,19.76,19.79,19.72,75104"
2026-04-08T10:35:00.000-00:00,"19.74,19.79,19.79,19.74,7196"
2026-04-08T10:40:00.000-00:00,"19.79,19.8,19.8,19.74,43207"
2026-04-08T10:45:00.000-00:00,"19.73,19.82,19.82,19.72,56939"
2026-04-08T10:50:00.000-00:00,"19.81,19.8,19.81,19.8,15112"
2026-04-08T10:55:00.000-00:00,"19.82,19.81,19.82,19.8,30477"
2026-04-08T11:00:00.000-00:00,"19.8,19.82,19.82,19.78,28377"
2026-04-08T11:05:00.000-00:00,"19.8,19.81,19.81,19.8,3675"
2026-04-08T11:10:00.000-00:00,"19.81,19.84,19.84,19.8,68273"
2026-04-08T11:15:00.000-00:00,"19.84,19.8,19.84,19.8,16345"
2026-04-08T11:20:00.000-00:00,"19.8,19.82,19.82,19.8,2659"
2026-04-08T11:25:00.000-00:00,"19.8,19.81,19.81,19.8,2732"
2026-04-08T11:30:00.000-00:00,"19.81,19.76,19.82,19.76,43794"
2026-04-08T11:35:00.000-00:00,"19.79,19.8,19.82,19.79,58180"
2026-04-08T11:40:00.000-00:00,"19.8,19.82,19.82,19.8,4501"
2026-04-08T11:45:00.000-00:00,"19.81,19.86,19.87,19.81,64057"
2026-04-08T11:50:00.000-00:00,"19.88,19.86,19.91,19.86,359108"
2026-04-08T11:55:00.000-00:00,"19.91,19.9,19.93,19.87,74588"
2026-04-08T12:00:00.000-00:00,"19.9,19.9,19.91,19.89,111689"
2026-04-08T12:05:00.000-00:00,"19.9,19.91,19.92,19.9,17606"
2026-04-08T12:10:00.000-00:00,"19.9,19.92,19.92,19.8,90286"
2026-04-08T12:15:00.000-00:00,"19.92,19.95,19.95,19.92,43542"
2026-04-08T12:25:00.000-00:00,"19.95,19.95,19.95,19.95,124031"
2026-04-09T08:00:00.000-00:00,"19.94,19.85,19.94,19.45,188620"
2026-04-09T08:05:00.000-00:00,"19.85,19.79,19.85,19.7,89564"
2026-04-09T08:10:00.000-00:00,"19.75,19.68,19.75,19.68,69379"
2026-04-09T08:15:00.000-00:00,"19.68,19.68,19.7,19.68,95765"
2026-04-09T08:20:00.000-00:00,"19.7,19.7,19.8,19.7,34710"
2026-04-09T08:25:00.000-00:00,"19.79,19.71,19.8,19.71,16989"
2026-04-09T08:30:00.000-00:00,"19.78,19.8,19.85,19.75,27812"
2026-04-09T08:35:00.000-00:00,"19.85,19.8,19.85,19.8,8948"
2026-04-09T08:40:00.000-00:00,"19.85,19.89,19.89,19.8,15623"
2026-04-09T08:45:00.000-00:00,"19.89,19.81,19.9,19.8,18747"
2026-04-09T08:50:00.000-00:00,"19.85,19.83,19.85,19.8,12063"
2026-04-09T08:55:00.000-00:00,"19.82,19.83,19.83,19.8,15544"
2026-04-09T09:00:00.000-00:00,"19.85,19.89,19.89,19.83,7081"
2026-04-09T09:05:00.000-00:00,"19.89,19.9,19.9,19.89,30801"
2026-04-09T09:10:00.000-00:00,"19.9,20,20.01,19.9,2343577"
2026-04-09T09:15:00.000-00:00,"19.99,20.1,20.1,19.98,90144"
2026-04-09T09:20:00.000-00:00,"20.12,20.16,20.17,20,92764"
2026-04-09T09:25:00.000-00:00,"20.16,20.15,20.2,20.02,130022"
2026-04-09T09:30:00.000-00:00,"20.15,20.09,20.15,20.02,70230"
2026-04-09T09:35:00.000-00:00,"20.09,20,20.1,19.89,274751"
2026-04-09T09:40:00.000-00:00,"19.98,20.01,20.03,19.98,39973"
2026-04-09T09:45:00.000-00:00,"20.02,20.1,20.1,20.02,69067"
2026-04-09T09:50:00.000-00:00,"20.13,20.3,20.3,20.1,236176"
2026-04-09T09:55:00.000-00:00,"20.29,20.19,20.3,20.14,125712"
2026-04-09T10:00:00.000-00:00,"20.19,20.14,20.19,20.12,2675"
2026-04-09T10:05:00.000-00:00,"20.15,20.2,20.2,20.13,23431"
2026-04-09T10:10:00.000-00:00,"20.25,20.22,20.27,20.22,11676"
2026-04-09T10:15:00.000-00:00,"20.22,20.19,20.22,20.14,127939"
2026-04-09T10:20:00.000-00:00,"20.19,20.19,20.2,20.19,9102"
2026-04-09T10:25:00.000-00:00,"20.19,20.21,20.25,20.19,29593"
2026-04-09T10:30:00.000-00:00,"20.21,20.25,20.25,20.2,16232"
2026-04-09T10:35:00.000-00:00,"20.25,20.28,20.28,20.24,44407"
2026-04-09T10:40:00.000-00:00,"20.28,20.3,20.3,20.25,64209"
2026-04-09T10:45:00.000-00:00,"20.31,20.32,20.32,20.3,55227"
2026-04-09T10:50:00.000-00:00,"20.32,20.33,20.33,20.3,54493"
2026-04-09T10:55:00.000-00:00,"20.33,20.28,20.33,20.27,66329"
2026-04-09T11:00:00.000-00:00,"20.28,20.2,20.28,20.17,188691"
2026-04-09T11:05:00.000-00:00,"20.2,20.2,20.24,20.15,133584"
2026-04-09T11:10:00.000-00:00,"20.2,20.21,20.21,20.14,29072"
2026-04-09T11:15:00.000-00:00,"20.22,20.2,20.27,20.2,17926"
2026-04-09T11:20:00.000-00:00,"20.22,20.24,20.24,20.2,173429"
2026-04-09T11:25:00.000-00:00,"20.22,20.2,20.22,20,385621"
2026-04-09T11:30:00.000-00:00,"20.19,20.19,20.2,20.1,28431"
2026-04-09T11:35:00.000-00:00,"20.1,20.1,20.2,20.1,80286"
2026-04-09T11:40:00.000-00:00,"20.1,20.21,20.21,20.06,95632"
2026-04-09T11:45:00.000-00:00,"20.11,20.13,20.21,20.11,17960"
2026-04-09T11:50:00.000-00:00,"20.19,20.14,20.2,20.14,63021"
2026-04-09T11:55:00.000-00:00,"20.14,20.18,20.18,20.11,11403"
2026-04-09T12:00:00.000-00:00,"20.15,20.18,20.18,20.11,10672"
2026-04-09T12:05:00.000-00:00,"20.17,20.13,20.2,20.12,65418"
2026-04-09T12:10:00.000-00:00,"20.12,20.14,20.14,20.1,40427"
2026-04-09T12:25:00.000-00:00,"20.47,20.47,20.47,20.47,755299"
2026-04-14T08:00:00.000-00:00,"20.28,20.25,20.39,20.25,94539"
2026-04-14T08:05:00.000-00:00,"20.25,20.25,20.35,20.25,33726"
2026-04-14T08:10:00.000-00:00,"20.27,20.4,20.4,20.18,141109"
2026-04-14T08:15:00.000-00:00,"20.38,20.75,20.8,20.3,307839"
2026-04-14T08:20:00.000-00:00,"20.8,20.76,20.86,20.75,117280"
2026-04-14T08:25:00.000-00:00,"20.76,20.5,20.76,20.5,48111"
2026-04-14T08:30:00.000-00:00,"20.5,20.6,20.6,20.4,81094"
2026-04-14T08:35:00.000-00:00,"20.6,20.55,20.6,20.4,75253"
2026-04-14T08:40:00.000-00:00,"20.55,20.68,20.68,20.55,147256"
2026-04-14T08:45:00.000-00:00,"20.68,20.66,20.68,20.6,28360"
2026-04-14T08:50:00.000-00:00,"20.61,20.73,20.73,20.61,28901"
2026-04-14T08:55:00.000-00:00,"20.73,20.97,21,20.72,609599"
2026-04-14T09:00:00.000-00:00,"20.95,21.11,21.26,20.95,222631"
2026-04-14T09:05:00.000-00:00,"21.11,21.34,21.34,21.1,107571"
2026-04-14T09:10:00.000-00:00,"21.35,21.48,21.5,21.34,455830"
2026-04-14T09:15:00.000-00:00,"21.47,21.5,21.6,21.46,387877"
2026-04-14T09:20:00.000-00:00,"21.5,21.52,21.57,21.39,222529"
2026-04-14T09:25:00.000-00:00,"21.5,21.38,21.52,21.38,99893"
2026-04-14T09:30:00.000-00:00,"21.22,21.33,21.38,21.13,11568"
2026-04-14T09:35:00.000-00:00,"21.3,21.08,21.3,21,195976"
2026-04-14T09:40:00.000-00:00,"21.1,21.15,21.15,21.02,49187"
2026-04-14T09:45:00.000-00:00,"21.15,21.02,21.15,21.02,390168"
2026-04-14T09:50:00.000-00:00,"21.02,21.01,21.09,21.01,40179"
2026-04-14T09:55:00.000-00:00,"21.01,20.99,21.06,20.99,453267"
2026-04-14T10:00:00.000-00:00,"20.97,20.9,21,20.83,414128"
2026-04-14T10:05:00.000-00:00,"20.97,20.9,21,20.88,218069"
2026-04-14T10:10:00.000-00:00,"20.88,20.8,20.9,20.75,149037"
2026-04-14T10:15:00.000-00:00,"20.8,20.77,20.84,20.72,74020"
2026-04-14T10:20:00.000-00:00,"20.76,20.76,20.84,20.76,89571"
2026-04-14T10:25:00.000-00:00,"20.75,20.73,20.79,20.72,66651"
2026-04-14T10:30:00.000-00:00,"20.73,20.8,20.8,20.73,8087"
2026-04-14T10:35:00.000-00:00,"20.77,20.75,20.8,20.73,12392"
2026-04-14T10:40:00.000-00:00,"20.75,20.7,20.79,20.65,122023"
2026-04-14T10:45:00.000-00:00,"20.69,20.7,20.7,20.68,93772"
2026-04-14T10:50:00.000-00:00,"20.7,20.75,20.79,20.68,120489"
2026-04-14T10:55:00.000-00:00,"20.75,20.79,20.8,20.75,422334"
2026-04-14T11:00:00.000-00:00,"20.8,20.8,20.84,20.75,122797"
2026-04-14T11:05:00.000-00:00,"20.79,20.75,20.8,20.7,161088"
2026-04-14T11:10:00.000-00:00,"20.75,20.68,20.75,20.68,40681"
2026-04-14T11:15:00.000-00:00,"20.69,20.68,20.69,20.66,33796"
2026-04-14T11:20:00.000-00:00,"20.69,20.69,20.7,20.68,45643"
2026-04-14T11:25:00.000-00:00,"20.69,20.68,20.7,20.66,44036"
2026-04-14T11:30:00.000-00:00,"20.69,20.7,20.7,20.68,46184"
2026-04-14T11:35:00.000-00:00,"20.69,20.7,20.7,20.68,56083"
2026-04-14T11:40:00.000-00:00,"20.68,20.7,20.7,20.66,20735"
2026-04-14T11:45:00.000-00:00,"20.68,20.69,20.7,20.67,26838"
2026-04-14T11:50:00.000-00:00,"20.69,20.75,20.76,20.68,84679"
2026-04-14T11:55:00.000-00:00,"20.7,20.69,20.76,20.65,47351"
2026-04-14T12:00:00.000-00:00,"20.69,20.7,20.75,20.69,28015"
2026-04-14T12:05:00.000-00:00,"20.74,20.7,20.74,20.69,44209"
2026-04-14T12:10:00.000-00:00,"20.7,20.72,20.73,20.66,108866"
2026-04-14T12:25:00.000-00:00,"20.6,20.6,20.6,20.6,107078"
2026-04-15T08:00:00.000-00:00,"20.69,20.66,20.86,20.64,38415"
2026-04-15T08:05:00.000-00:00,"20.7,20.58,20.7,20.53,111738"
2026-04-15T08:10:00.000-00:00,"20.57,20.65,20.69,20.56,26975"
2026-04-15T08:15:00.000-00:00,"20.65,20.63,20.68,20.63,20395"
2026-04-15T08:20:00.000-00:00,"20.65,20.68,20.68,20.6,66766"
2026-04-15T08:25:00.000-00:00,"20.68,20.67,20.68,20.62,24176"
2026-04-15T08:30:00.000-00:00,"20.67,20.73,20.73,20.67,85165"
2026-04-15T08:35:00.000-00:00,"20.7,20.65,20.72,20.65,36324"
2026-04-15T08:40:00.000-00:00,"20.66,20.7,20.7,20.65,36836"
2026-04-15T08:45:00.000-00:00,"20.63,20.64,20.69,20.63,5824"
2026-04-15T08:50:00.000-00:00,"20.65,20.65,20.69,20.64,15482"
2026-04-15T08:55:00.000-00:00,"20.65,20.65,20.66,20.64,25910"
2026-04-15T09:00:00.000-00:00,"20.65,20.66,20.66,20.65,27230"
2026-04-15T09:05:00.000-00:00,"20.65,20.65,20.66,20.63,27295"
2026-04-15T09:10:00.000-00:00,"20.65,20.63,20.65,20.63,6540"
2026-04-15T09:15:00.000-00:00,"20.63,20.63,20.65,20.62,19646"
2026-04-15T09:20:00.000-00:00,"20.65,20.57,20.65,20.57,128157"
2026-04-15T09:25:00.000-00:00,"20.59,20.69,20.69,20.57,79006"
2026-04-15T09:30:00.000-00:00,"20.63,20.65,20.7,20.63,42081"
2026-04-15T09:35:00.000-00:00,"20.65,20.7,20.7,20.65,16162"
2026-04-15T09:40:00.000-00:00,"20.69,20.7,20.7,20.66,22460"
2026-04-15T09:45:00.000-00:00,"20.7,20.67,20.7,20.65,7733"
2026-04-15T09:50:00.000-00:00,"20.67,20.66,20.69,20.65,4237"
2026-04-15T09:55:00.000-00:00,"20.66,20.65,20.66,20.65,17042"
2026-04-15T10:00:00.000-00:00,"20.63,20.63,20.65,20.63,103"
2026-04-15T10:05:00.000-00:00,"20.65,20.65,20.65,20.62,28398"
2026-04-15T10:10:00.000-00:00,"20.64,20.65,20.65,20.62,8406"
2026-04-15T10:15:00.000-00:00,"20.65,20.63,20.65,20.6,54394"
2026-04-15T10:20:00.000-00:00,"20.64,20.6,20.64,20.58,114302"
2026-04-15T10:25:00.000-00:00,"20.6,20.6,20.6,20.57,19288"
2026-04-15T10:30:00.000-00:00,"20.6,20.62,20.62,20.6,62463"
2026-04-15T10:35:00.000-00:00,"20.62,20.58,20.62,20.58,61505"
2026-04-15T10:40:00.000-00:00,"20.58,20.55,20.6,20.55,144281"
2026-04-15T10:45:00.000-00:00,"20.55,20.5,20.59,20.48,158069"
2026-04-15T10:50:00.000-00:00,"20.5,20.5,20.5,20.49,16512"
2026-04-15T10:55:00.000-00:00,"20.5,20.54,20.58,20.48,153898"
2026-04-15T11:00:00.000-00:00,"20.5,20.41,20.5,20.41,208523"
2026-04-15T11:05:00.000-00:00,"20.49,20.57,20.58,20.41,39492"
2026-04-15T11:10:00.000-00:00,"20.51,20.49,20.57,20.49,36113"
2026-04-15T11:15:00.000-00:00,"20.5,20.5,20.59,20.45,67046"
2026-04-15T11:20:00.000-00:00,"20.57,20.57,20.58,20.5,56585"
2026-04-15T11:25:00.000-00:00,"20.5,20.5,20.55,20.46,38791"
2026-04-15T11:30:00.000-00:00,"20.5,20.51,20.57,20.46,19689"
2026-04-15T11:35:00.000-00:00,"20.57,20.55,20.58,20.54,26142"
2026-04-15T11:40:00.000-00:00,"20.55,20.6,20.6,20.5,123582"
2026-04-15T11:45:00.000-00:00,"20.62,20.65,20.69,20.61,98223"
2026-04-15T11:50:00.000-00:00,"20.67,20.65,20.67,20.65,26174"
2026-04-15T11:55:00.000-00:00,"20.65,20.57,20.69,20.57,74765"
2026-04-15T12:00:00.000-00:00,"20.64,20.57,20.64,20.57,31721"
2026-04-15T12:05:00.000-00:00,"20.57,20.58,20.58,20.56,39677"
2026-04-15T12:10:00.000-00:00,"20.58,20.6,20.6,20.52,98982"
2026-04-15T12:25:00.000-00:00,"20.6,20.6,20.6,20.6,146422"
2026-04-16T08:00:00.000-00:00,"20.65,20.72,20.72,20.65,25979"
2026-04-16T08:05:00.000-00:00,"20.7,20.85,20.85,20.69,85153"
2026-04-16T08:10:00.000-00:00,"20.85,21,21.04,20.85,341916"
2026-04-16T08:15:00.000-00:00,"21,21.03,21.04,20.91,81774"
2026-04-16T08:20:00.000-00:00,"21,21.05,21.05,21,86307"
2026-04-16T08:25:00.000-00:00,"21.02,21.03,21.05,20.84,166527"
2026-04-16T08:30:00.000-00:00,"21.04,21.04,21.05,21,189992"
2026-04-16T08:35:00.000-00:00,"21,21,21.05,20.95,87830"
2026-04-16T08:40:00.000-00:00,"21,21.01,21.05,21,29254"
2026-04-16T08:45:00.000-00:00,"21,21,21.01,21,38617"
2026-04-16T08:50:00.000-00:00,"21.02,21.04,21.05,21,42826"
2026-04-16T08:55:00.000-00:00,"21,21.01,21.05,20.96,85314"
2026-04-16T09:00:00.000-00:00,"21.05,21.05,21.05,21.01,7698"
2026-04-16T09:05:00.000-00:00,"21.05,21.06,21.08,21.01,76808"
2026-04-16T09:10:00.000-00:00,"21.06,21.25,21.26,21.02,249988"
2026-04-16T09:15:00.000-00:00,"21.25,21.25,21.26,21.18,147009"
2026-04-16T09:20:00.000-00:00,"21.25,21.4,21.6,21.25,851953"
2026-04-16T09:25:00.000-00:00,"21.41,21.26,21.45,21.25,154616"
2026-04-16T09:30:00.000-00:00,"21.25,21.15,21.28,21.14,43853"
2026-04-16T09:35:00.000-00:00,"21.16,21.16,21.24,21.11,24855"
2026-04-16T09:40:00.000-00:00,"21.15,21.21,21.24,21.15,15346"
2026-04-16T09:45:00.000-00:00,"21.2,21.15,21.2,21.15,9525"
2026-04-16T09:50:00.000-00:00,"21.15,21.15,21.2,21.13,13522"
2026-04-16T09:55:00.000-00:00,"21.15,20.99,21.18,20.95,107462"
2026-04-16T10:00:00.000-00:00,"20.97,20.85,20.97,20.8,143206"
2026-04-16T10:05:00.000-00:00,"20.86,20.88,20.9,20.71,106306"
2026-04-16T10:10:00.000-00:00,"20.88,20.8,20.88,20.79,17070"
2026-04-16T10:15:00.000-00:00,"20.88,20.82,20.88,20.82,14611"
2026-04-16T10:20:00.000-00:00,"20.82,20.87,20.88,20.82,15908"
2026-04-16T10:25:00.000-00:00,"20.83,20.86,20.87,20.81,14810"
2026-04-16T10:30:00.000-00:00,"20.86,20.9,20.9,20.81,32001"
2026-04-16T10:35:00.000-00:00,"20.9,20.82,20.9,20.82,3010"
2026-04-16T10:40:00.000-00:00,"20.83,20.8,20.88,20.8,14519"
2026-04-16T10:45:00.000-00:00,"20.8,20.8,20.82,20.76,28485"
2026-04-16T10:50:00.000-00:00,"20.77,20.8,20.8,20.75,46695"
2026-04-16T10:55:00.000-00:00,"20.8,20.89,20.89,20.79,17058"
2026-04-16T11:00:00.000-00:00,"20.89,20.81,20.89,20.81,8123"
2026-04-16T11:05:00.000-00:00,"20.81,20.79,20.81,20.79,20064"
2026-04-16T11:10:00.000-00:00,"20.78,20.79,20.79,20.73,33933"
2026-04-16T11:15:00.000-00:00,"20.79,20.86,20.9,20.73,44766"
2026-04-16T11:20:00.000-00:00,"20.86,20.8,20.86,20.79,15871"
2026-04-16T11:25:00.000-00:00,"20.8,20.8,20.95,20.75,99919"
2026-04-16T11:30:00.000-00:00,"20.84,20.7,20.89,20.7,272069"
2026-04-16T11:35:00.000-00:00,"20.7,20.75,20.75,20.67,57510"
2026-04-16T11:40:00.000-00:00,"20.75,20.7,20.78,20.7,91592"
2026-04-16T11:45:00.000-00:00,"20.7,20.75,20.75,20.67,52766"
2026-04-16T11:50:00.000-00:00,"20.7,20.65,20.77,20.65,133799"
2026-04-16T11:55:00.000-00:00,"20.7,20.68,20.7,20.65,50422"
2026-04-16T12:00:00.000-00:00,"20.66,20.63,20.68,20.63,126768"
2026-04-16T12:05:00.000-00:00,"20.65,20.55,20.65,20.55,199156"
2026-04-16T12:10:00.000-00:00,"20.55,20.51,20.56,20.51,186718"
2026-04-16T12:25:00.000-00:00,"20.55,20.55,20.55,20.55,56133"
2026-04-19T08:00:00.000-00:00,"20.8,20.72,20.8,20.6,81345"
2026-04-19T08:05:00.000-00:00,"20.72,20.65,20.74,20.6,36093"
2026-04-19T08:10:00.000-00:00,"20.65,20.69,20.71,20.6,41550"
2026-04-19T08:15:00.000-00:00,"20.69,20.74,20.74,20.69,19177"
2026-04-19T08:20:00.000-00:00,"20.74,20.56,20.74,20.56,71947"
2026-04-19T08:25:00.000-00:00,"20.6,20.5,20.6,20.5,138968"
2026-04-19T08:30:00.000-00:00,"20.5,20.55,20.59,20.5,25820"
2026-04-19T08:35:00.000-00:00,"20.55,20.55,20.58,20.55,69046"
2026-04-19T08:40:00.000-00:00,"20.55,20.56,20.58,20.55,15328"
2026-04-19T08:45:00.000-00:00,"20.57,20.58,20.6,20.56,91511"
2026-04-19T08:50:00.000-00:00,"20.6,20.56,20.6,20.56,45241"
2026-04-19T08:55:00.000-00:00,"20.56,20.6,20.6,20.55,28243"
2026-04-19T09:00:00.000-00:00,"20.59,20.59,20.6,20.59,9603"
2026-04-19T09:05:00.000-00:00,"20.6,20.6,20.6,20.51,24521"
2026-04-19T09:10:00.000-00:00,"20.6,20.52,20.6,20.52,7629"
2026-04-19T09:15:00.000-00:00,"20.58,20.6,20.68,20.54,28437"
2026-04-19T09:20:00.000-00:00,"20.6,20.6,20.6,20.53,32640"
2026-04-19T09:25:00.000-00:00,"20.65,20.65,20.65,20.65,80"
2026-04-19T09:30:00.000-00:00,"20.64,20.64,20.64,20.6,16065"
2026-04-19T09:35:00.000-00:00,"20.62,20.64,20.64,20.6,20966"
2026-04-19T09:40:00.000-00:00,"20.64,20.67,20.67,20.62,26367"
2026-04-19T09:45:00.000-00:00,"20.65,20.67,20.68,20.65,3416"
2026-04-19T09:50:00.000-00:00,"20.67,20.68,20.69,20.67,16733"
2026-04-19T09:55:00.000-00:00,"20.69,20.68,20.73,20.67,82843"
2026-04-19T10:00:00.000-00:00,"20.73,20.79,20.8,20.71,19505"
2026-04-19T10:05:00.000-00:00,"20.72,20.69,20.73,20.69,16506"
2026-04-19T10:10:00.000-00:00,"20.69,20.7,20.79,20.69,26750"
2026-04-19T10:15:00.000-00:00,"20.69,20.7,20.72,20.65,31154"
2026-04-19T10:20:00.000-00:00,"20.69,20.72,20.72,20.64,20333"
2026-04-19T10:25:00.000-00:00,"20.7,20.75,20.76,20.7,12801"
2026-04-19T10:30:00.000-00:00,"20.74,20.74,20.74,20.74,1766"
2026-04-19T10:35:00.000-00:00,"20.73,20.77,20.77,20.69,18446"
2026-04-19T10:40:00.000-00:00,"20.69,20.7,20.76,20.69,1786"
2026-04-19T10:45:00.000-00:00,"20.7,20.65,20.73,20.57,29430"
2026-04-19T10:50:00.000-00:00,"20.65,20.7,20.72,20.65,21682"
2026-04-19T10:55:00.000-00:00,"20.65,20.57,20.7,20.57,34157"
2026-04-19T11:00:00.000-00:00,"20.57,20.68,20.69,20.57,22610"
2026-04-19T11:05:00.000-00:00,"20.6,20.68,20.69,20.57,16846"
2026-04-19T11:10:00.000-00:00,"20.67,20.64,20.67,20.57,11181"
2026-04-19T11:15:00.000-00:00,"20.63,20.63,20.63,20.6,4233"
2026-04-19T11:20:00.000-00:00,"20.58,20.7,20.7,20.58,17377"
2026-04-19T11:25:00.000-00:00,"20.69,20.68,20.69,20.58,21129"
2026-04-19T11:30:00.000-00:00,"20.61,20.57,20.61,20.57,7849"
2026-04-19T11:35:00.000-00:00,"20.57,20.61,20.68,20.57,27286"
2026-04-19T11:40:00.000-00:00,"20.61,20.65,20.65,20.6,17205"
2026-04-19T11:45:00.000-00:00,"20.65,20.68,20.69,20.65,34301"
2026-04-19T11:50:00.000-00:00,"20.65,20.67,20.68,20.63,5342"
2026-04-19T11:55:00.000-00:00,"20.67,20.66,20.68,20.64,21948"
2026-04-19T12:00:00.000-00:00,"20.66,20.68,20.7,20.63,53072"
2026-04-19T12:05:00.000-00:00,"20.68,20.7,20.71,20.65,82250"
2026-04-19T12:10:00.000-00:00,"20.66,20.73,20.76,20.66,66497"
2026-04-19T12:25:00.000-00:00,"20.73,20.73,20.73,20.73,16774"
2026-04-20T08:00:00.000-00:00,"20.8,20.61,20.85,20.6,84894"
2026-04-20T08:05:00.000-00:00,"20.7,20.7,20.74,20.61,12080"
2026-04-20T08:10:00.000-00:00,"20.7,20.7,20.7,20.63,19731"
2026-04-20T08:15:00.000-00:00,"20.7,20.68,20.7,20.61,2637"
2026-04-20T08:20:00.000-00:00,"20.63,20.6,20.68,20.57,25949"
2026-04-20T08:25:00.000-00:00,"20.6,20.57,20.6,20.57,18149"
2026-04-20T08:30:00.000-00:00,"20.58,20.34,20.58,20.32,120326"
2026-04-20T08:35:00.000-00:00,"20.33,20.36,20.48,20.33,50536"
2026-04-20T08:40:00.000-00:00,"20.36,20.56,20.56,20.36,38953"
2026-04-20T08:45:00.000-00:00,"20.55,20.5,20.55,20.46,12951"
2026-04-20T08:50:00.000-00:00,"20.5,20.42,20.54,20.42,13126"
2026-04-20T08:55:00.000-00:00,"20.5,20.48,20.5,20.38,40536"
2026-04-20T09:00:00.000-00:00,"20.41,20.39,20.49,20.38,33838"
2026-04-20T09:05:00.000-00:00,"20.39,20.37,20.4,20.37,22494"
2026-04-20T09:10:00.000-00:00,"20.37,20.4,20.4,20.37,3894"
2026-04-20T09:15:00.000-00:00,"20.39,20.3,20.39,20.3,122191"
2026-04-20T09:20:00.000-00:00,"20.28,20.11,20.3,20,189796"
2026-04-20T09:25:00.000-00:00,"20.2,20.17,20.2,20.02,83762"
2026-04-20T09:30:00.000-00:00,"20.17,20.27,20.28,20.1,28237"
2026-04-20T09:35:00.000-00:00,"20.27,20.3,20.34,20.27,9463"
2026-04-20T09:40:00.000-00:00,"20.3,20.3,20.34,20.3,4114"
2026-04-20T09:45:00.000-00:00,"20.27,20.35,20.37,20.26,6753"
2026-04-20T09:50:00.000-00:00,"20.37,20.35,20.4,20.35,5818"
2026-04-20T09:55:00.000-00:00,"20.4,20.4,20.4,20.4,47"
2026-04-20T10:00:00.000-00:00,"20.35,20.42,20.43,20.26,8314"
2026-04-20T10:05:00.000-00:00,"20.4,20.4,20.4,20.28,4060"
2026-04-20T10:10:00.000-00:00,"20.4,20.34,20.4,20.33,1748"
2026-04-20T10:15:00.000-00:00,"20.35,20.35,20.4,20.35,33842"
2026-04-20T10:20:00.000-00:00,"20.36,20.4,20.4,20.35,8316"
2026-04-20T10:25:00.000-00:00,"20.38,20.53,20.53,20.34,52234"
2026-04-20T10:30:00.000-00:00,"20.52,20.5,20.53,20.5,10357"
2026-04-20T10:35:00.000-00:00,"20.4,20.5,20.5,20.4,3788"
2026-04-20T10:40:00.000-00:00,"20.5,20.59,20.59,20.5,23623"
2026-04-20T10:45:00.000-00:00,"20.55,20.46,20.55,20.43,16463"
2026-04-20T10:50:00.000-00:00,"20.46,20.35,20.49,20.35,17101"
2026-04-20T10:55:00.000-00:00,"20.35,20.35,20.49,20.35,919"
2026-04-20T11:00:00.000-00:00,"20.35,20.44,20.44,20.34,10549"
2026-04-20T11:05:00.000-00:00,"20.44,20.36,20.48,20.36,16211"
2026-04-20T11:10:00.000-00:00,"20.37,20.4,20.4,20.33,13363"
2026-04-20T11:15:00.000-00:00,"20.33,20.33,20.33,20.33,22"
2026-04-20T11:20:00.000-00:00,"20.35,20.39,20.39,20.35,183"
2026-04-20T11:25:00.000-00:00,"20.36,20.39,20.39,20.35,3270"
2026-04-20T11:30:00.000-00:00,"20.39,20.39,20.39,20.35,5292"
2026-04-20T11:35:00.000-00:00,"20.39,20.35,20.39,20.32,9583"
2026-04-20T11:40:00.000-00:00,"20.39,20.44,20.44,20.34,8184"
2026-04-20T11:45:00.000-00:00,"20.44,20.47,20.47,20.44,20381"
2026-04-20T11:50:00.000-00:00,"20.47,20.49,20.5,20.45,48398"
2026-04-20T11:55:00.000-00:00,"20.48,20.62,20.62,20.43,41531"
2026-04-20T12:00:00.000-00:00,"20.47,20.55,20.59,20.4,56849"
2026-04-20T12:05:00.000-00:00,"20.4,20.42,20.54,20.38,6250"
2026-04-20T12:10:00.000-00:00,"20.49,20.42,20.54,20.41,29630"
2026-04-20T12:25:00.000-00:00,"20.34,20.34,20.34,20.34,29896"
2026-04-21T08:00:00.000-00:00,"20.35,20.6,20.6,20.35,62761"
2026-04-21T08:05:00.000-00:00,"20.59,20.46,20.59,20.41,6343"
2026-04-21T08:10:00.000-00:00,"20.45,20.5,20.55,20.42,4814"
2026-04-21T08:15:00.000-00:00,"20.5,20.4,20.54,20.4,19072"
2026-04-21T08:20:00.000-00:00,"20.44,20.4,20.44,20.4,14997"
2026-04-21T08:25:00.000-00:00,"20.44,20.42,20.44,20.41,3931"
2026-04-21T08:30:00.000-00:00,"20.42,20.4,20.42,20.38,7075"
2026-04-21T08:35:00.000-00:00,"20.4,20.42,20.42,20.4,11454"
2026-04-21T08:40:00.000-00:00,"20.4,20.4,20.41,20.35,29950"
2026-04-21T08:45:00.000-00:00,"20.39,20.37,20.39,20.37,1179"
2026-04-21T08:50:00.000-00:00,"20.39,20.45,20.45,20.37,160866"
2026-04-21T08:55:00.000-00:00,"20.45,20.42,20.46,20.41,11036"
2026-04-21T09:00:00.000-00:00,"20.42,20.43,20.43,20.4,7241"
2026-04-21T09:05:00.000-00:00,"20.4,20.48,20.48,20.4,6246"
2026-04-21T09:10:00.000-00:00,"20.48,20.45,20.48,20.45,6528"
2026-04-21T09:15:00.000-00:00,"20.46,20.45,20.46,20.41,24523"
2026-04-21T09:20:00.000-00:00,"20.45,20.45,20.45,20.41,1122"
2026-04-21T09:25:00.000-00:00,"20.45,20.42,20.46,20.42,14916"
2026-04-21T09:30:00.000-00:00,"20.42,20.44,20.45,20.41,8443"
2026-04-21T09:35:00.000-00:00,"20.43,20.41,20.43,20.4,14944"
2026-04-21T09:40:00.000-00:00,"20.41,20.41,20.43,20.4,27063"
2026-04-21T09:45:00.000-00:00,"20.41,20.45,20.45,20.41,170029"
2026-04-21T09:50:00.000-00:00,"20.45,20.47,20.47,20.45,10068"
2026-04-21T09:55:00.000-00:00,"20.45,20.43,20.47,20.43,168645"
2026-04-21T10:00:00.000-00:00,"20.43,20.47,20.47,20.42,7822"
2026-04-21T10:05:00.000-00:00,"20.42,20.4,20.42,20.39,25356"
2026-04-21T10:10:00.000-00:00,"20.4,20.39,20.4,20.36,13669"
2026-04-21T10:15:00.000-00:00,"20.39,20.35,20.39,20.35,20715"
2026-04-21T10:20:00.000-00:00,"20.35,20.3,20.35,20.3,24772"
2026-04-21T10:25:00.000-00:00,"20.3,20.37,20.39,20.25,24310"
2026-04-21T10:30:00.000-00:00,"20.37,20.31,20.37,20.28,14915"
2026-04-21T10:35:00.000-00:00,"20.31,20.46,20.56,20.3,75365"
2026-04-21T10:40:00.000-00:00,"20.45,20.41,20.45,20.37,16883"
2026-04-21T10:45:00.000-00:00,"20.41,20.41,20.46,20.4,8278"
2026-04-21T10:50:00.000-00:00,"20.46,20.47,20.5,20.46,10373"
2026-04-21T10:55:00.000-00:00,"20.41,20.47,20.47,20.37,15426"
2026-04-21T11:00:00.000-00:00,"20.46,20.45,20.47,20.38,2290"
2026-04-21T11:05:00.000-00:00,"20.39,20.52,20.52,20.36,56843"
2026-04-21T11:10:00.000-00:00,"20.36,20.4,20.47,20.34,6920"
2026-04-21T11:15:00.000-00:00,"20.45,20.4,20.45,20.4,5168"
2026-04-21T11:20:00.000-00:00,"20.44,20.44,20.44,20.37,3046"
2026-04-21T11:25:00.000-00:00,"20.43,20.36,20.43,20.36,24482"
2026-04-21T11:30:00.000-00:00,"20.36,20.47,20.47,20.35,19016"
2026-04-21T11:35:00.000-00:00,"20.41,20.55,20.56,20.41,75290"
2026-04-21T11:40:00.000-00:00,"20.55,20.6,20.68,20.45,450017"
2026-04-21T11:45:00.000-00:00,"20.59,20.59,20.59,20.52,2136"
2026-04-21T11:50:00.000-00:00,"20.54,20.59,20.64,20.53,45964"
2026-04-21T11:55:00.000-00:00,"20.59,20.6,20.62,20.59,14953"
2026-04-21T12:00:00.000-00:00,"20.61,20.67,20.67,20.6,48076"
2026-04-21T12:05:00.000-00:00,"20.66,20.64,20.69,20.62,37093"
2026-04-21T12:10:00.000-00:00,"20.65,20.65,20.7,20.64,59919"
2026-04-21T12:25:00.000-00:00,"20.77,20.77,20.77,20.77,140326"
2026-04-22T08:00:00.000-00:00,"20.79,20.79,20.8,20.77,54881"
2026-04-22T08:05:00.000-00:00,"20.79,20.79,20.8,20.74,18889"
2026-04-22T08:10:00.000-00:00,"20.79,20.74,20.8,20.74,38191"
2026-04-22T08:15:00.000-00:00,"20.79,20.87,20.89,20.78,29901"
2026-04-22T08:20:00.000-00:00,"20.81,20.84,20.85,20.77,50398"
2026-04-22T08:25:00.000-00:00,"20.82,20.81,20.93,20.81,19424"
2026-04-22T08:30:00.000-00:00,"20.83,20.83,20.9,20.81,45708"
2026-04-22T08:35:00.000-00:00,"20.88,20.92,20.92,20.85,120187"
2026-04-22T08:40:00.000-00:00,"20.92,20.86,20.94,20.86,63655"
2026-04-22T08:45:00.000-00:00,"20.93,20.76,20.93,20.75,61681"
2026-04-22T08:50:00.000-00:00,"20.82,20.9,20.9,20.82,45776"
2026-04-22T08:55:00.000-00:00,"20.9,20.89,20.94,20.85,35037"
2026-04-22T09:00:00.000-00:00,"20.85,21.05,21.15,20.85,262926"
2026-04-22T09:05:00.000-00:00,"21.05,21.2,21.2,21.05,141069"
2026-04-22T09:10:00.000-00:00,"21.2,21.3,21.3,21.11,204389"
2026-04-22T09:15:00.000-00:00,"21.25,21.3,21.33,21.21,118664"
2026-04-22T09:20:00.000-00:00,"21.26,21.3,21.31,21.25,101164"
2026-04-22T09:25:00.000-00:00,"21.27,21.35,21.43,21.27,185340"
2026-04-22T09:30:00.000-00:00,"21.3,21.4,21.41,21.3,69686"
2026-04-22T09:35:00.000-00:00,"21.4,21.41,21.41,21.31,174395"
2026-04-22T09:40:00.000-00:00,"21.4,21.56,21.58,21.4,356893"
2026-04-22T09:45:00.000-00:00,"21.56,21.41,21.56,21.41,72480"
2026-04-22T09:50:00.000-00:00,"21.41,21.31,21.41,21.31,71706"
2026-04-22T09:55:00.000-00:00,"21.33,21.25,21.38,21.25,16563"
2026-04-22T10:00:00.000-00:00,"21.28,21.32,21.35,21.25,9743"
2026-04-22T10:05:00.000-00:00,"21.32,21.27,21.35,21.27,25512"
2026-04-22T10:10:00.000-00:00,"21.27,21.27,21.27,21.24,24999"
2026-04-22T10:15:00.000-00:00,"21.25,21.23,21.27,21.23,11219"
2026-04-22T10:20:00.000-00:00,"21.22,21.16,21.22,21.16,22733"
2026-04-22T10:25:00.000-00:00,"21.16,21.03,21.16,21.03,79509"
2026-04-22T10:30:00.000-00:00,"21.14,21.2,21.2,21.06,16604"
2026-04-22T10:35:00.000-00:00,"21.07,21.1,21.19,21.07,918"
2026-04-22T10:40:00.000-00:00,"21.16,21.23,21.29,21.04,43137"
2026-04-22T10:45:00.000-00:00,"21.2,21.2,21.2,21.11,22065"
2026-04-22T10:50:00.000-00:00,"21.21,21.21,21.22,21.2,10156"
2026-04-22T10:55:00.000-00:00,"21.21,21.23,21.23,21.21,11610"
2026-04-22T11:00:00.000-00:00,"21.21,21.21,21.22,21.2,51182"
2026-04-22T11:05:00.000-00:00,"21.2,21.13,21.2,21.13,9381"
2026-04-22T11:10:00.000-00:00,"21.19,21.19,21.2,21.12,27620"
2026-04-22T11:15:00.000-00:00,"21.19,21.05,21.19,21.05,31614"
2026-04-22T11:20:00.000-00:00,"21.06,21.15,21.16,21,96854"
2026-04-22T11:25:00.000-00:00,"21.16,21.27,21.27,21.15,45666"
2026-04-22T11:30:00.000-00:00,"21.2,21.26,21.27,21.2,5013"
2026-04-22T11:35:00.000-00:00,"21.26,21.25,21.27,21.2,51611"
2026-04-22T11:40:00.000-00:00,"21.17,21.16,21.25,21.15,30355"
2026-04-22T11:45:00.000-00:00,"21.27,21.3,21.33,21.27,65844"
2026-04-22T11:50:00.000-00:00,"21.32,21.2,21.32,21.2,13504"
2026-04-22T11:55:00.000-00:00,"21.2,21.26,21.3,21.17,35952"
2026-04-22T12:00:00.000-00:00,"21.27,21.3,21.3,21.25,38761"
2026-04-22T12:05:00.000-00:00,"21.31,21.32,21.32,21.25,8824"
2026-04-22T12:10:00.000-00:00,"21.25,21.3,21.4,21.25,60270"
2026-04-22T12:25:00.000-00:00,"21.37,21.37,21.37,21.37,3950"
2026-04-23T08:00:00.000-00:00,"21.37,21.1,21.42,21.09,85782"
2026-04-23T08:05:00.000-00:00,"21.34,21.26,21.34,21.11,12196"
2026-04-23T08:10:00.000-00:00,"21.24,21.19,21.24,21.15,26876"
2026-04-23T08:15:00.000-00:00,"21.14,21,21.14,20.9,63643"
2026-04-23T08:20:00.000-00:00,"21,21.12,21.13,21,56111"
2026-04-23T08:25:00.000-00:00,"21.05,21.06,21.14,21.03,40612"
2026-04-23T08:30:00.000-00:00,"21.11,21.07,21.25,21.07,129331"
2026-04-23T08:35:00.000-00:00,"21.07,21.22,21.25,21.07,6798"
2026-04-23T08:40:00.000-00:00,"21.2,21.11,21.22,21.1,3594"
2026-04-23T08:45:00.000-00:00,"21.12,21.12,21.19,21.11,2280"
2026-04-23T08:50:00.000-00:00,"21.15,21.15,21.18,21.11,8049"
2026-04-23T08:55:00.000-00:00,"21.15,21.16,21.18,21.12,3777"
2026-04-23T09:00:00.000-00:00,"21.18,21.14,21.18,21.13,2439"
2026-04-23T09:05:00.000-00:00,"21.15,21.15,21.2,21.15,9805"
2026-04-23T09:10:00.000-00:00,"21.16,21.15,21.16,21.15,3921"
2026-04-23T09:15:00.000-00:00,"21.14,21.14,21.14,21.07,71960"
2026-04-23T09:20:00.000-00:00,"21.14,21.1,21.34,21.07,55927"
2026-04-23T09:25:00.000-00:00,"21.18,21.32,21.33,21.18,6989"
2026-04-23T09:30:00.000-00:00,"21.25,21.13,21.25,21.13,6507"
2026-04-23T09:35:00.000-00:00,"21.13,21.09,21.13,21.09,8634"
2026-04-23T09:40:00.000-00:00,"21.1,21.1,21.13,21.07,16295"
2026-04-23T09:45:00.000-00:00,"21.07,21.1,21.1,21.07,13033"
2026-04-23T09:50:00.000-00:00,"21.1,21.1,21.1,21.05,33344"
2026-04-23T09:55:00.000-00:00,"21.09,21.05,21.1,21.05,21816"
2026-04-23T10:00:00.000-00:00,"21.05,21.03,21.08,21.03,10732"
2026-04-23T10:05:00.000-00:00,"21.03,21.09,21.09,21.03,5350"
2026-04-23T10:10:00.000-00:00,"21.07,21.07,21.07,21.07,2999"
2026-04-23T10:15:00.000-00:00,"21.05,21.06,21.06,21.03,4599"
2026-04-23T10:20:00.000-00:00,"21.06,21.07,21.07,21.03,24831"
2026-04-23T10:25:00.000-00:00,"21.06,21.06,21.06,21.03,21452"
2026-04-23T10:30:00.000-00:00,"21.06,21.06,21.07,21.06,2633"
2026-04-23T10:35:00.000-00:00,"21.05,21.08,21.09,21.05,12422"
2026-04-23T10:40:00.000-00:00,"21.05,21.05,21.05,21.01,23351"
2026-04-23T10:45:00.000-00:00,"21.05,21.02,21.06,21.02,41377"
2026-04-23T10:50:00.000-00:00,"21.01,21.13,21.13,21.01,81908"
2026-04-23T10:55:00.000-00:00,"21.13,21.12,21.19,21.12,14287"
2026-04-23T11:00:00.000-00:00,"21.07,21.08,21.1,21.06,3415"
2026-04-23T11:05:00.000-00:00,"21.08,21.04,21.13,21.04,23550"
2026-04-23T11:10:00.000-00:00,"21.05,21.09,21.09,21.05,1589"
2026-04-23T11:15:00.000-00:00,"21.07,21.11,21.11,21.07,33336"
2026-04-23T11:20:00.000-00:00,"21.1,21.1,21.11,21.06,5968"
2026-04-23T11:25:00.000-00:00,"21.1,21.11,21.13,21.09,9181"
2026-04-23T11:30:00.000-00:00,"21.09,21.12,21.12,21.07,18250"
2026-04-23T11:35:00.000-00:00,"21.12,21.07,21.12,21.07,13966"
2026-04-23T11:40:00.000-00:00,"21.09,21.06,21.09,21.05,39942"
2026-04-23T11:45:00.000-00:00,"21.06,21.07,21.07,21.05,6915"
2026-04-23T11:50:00.000-00:00,"21.05,21.04,21.07,21.02,35840"
2026-04-23T11:55:00.000-00:00,"21.04,21.09,21.1,21.02,43019"
2026-04-23T12:00:00.000-00:00,"21.07,21.09,21.09,21.03,9043"
2026-04-23T12:05:00.000-00:00,"21.07,21.03,21.08,21.03,13174"
2026-04-23T12:10:00.000-00:00,"21.05,21.07,21.07,21.03,24216"
2026-04-23T12:25:00.000-00:00,"21.05,21.05,21.05,21.05,66114"
2026-04-26T07:00:00.000-00:00,"21.1,21.3,21.32,21.05,30723"
2026-04-26T07:05:00.000-00:00,"21.1,21.12,21.29,21.1,11205"
2026-04-26T07:10:00.000-00:00,"21.24,21.12,21.24,21.12,3329"
2026-04-26T07:15:00.000-00:00,"21.19,21.15,21.2,21.12,7655"
2026-04-26T07:20:00.000-00:00,"21.15,21.2,21.2,21.15,7386"
2026-04-26T07:25:00.000-00:00,"21.2,21.21,21.24,21.02,68673"
2026-04-26T07:30:00.000-00:00,"21.05,21,21.1,21,37276"
2026-04-26T07:35:00.000-00:00,"21,21,21.13,20.85,29286"
2026-04-26T07:40:00.000-00:00,"20.99,20.99,21,20.89,38918"
2026-04-26T07:45:00.000-00:00,"20.99,20.99,20.99,20.98,1333"
2026-04-26T07:50:00.000-00:00,"20.99,20.99,20.99,20.98,1913"
2026-04-26T07:55:00.000-00:00,"20.99,21,21,20.99,20351"
2026-04-26T08:00:00.000-00:00,"20.99,21,21,20.99,13305"
2026-04-26T08:05:00.000-00:00,"20.99,20.99,21,20.99,10021"
2026-04-26T08:10:00.000-00:00,"20.99,20.99,21,20.99,6971"
2026-04-26T08:15:00.000-00:00,"20.99,21,21,20.99,17925"
2026-04-26T08:20:00.000-00:00,"20.99,21,21,20.99,34437"
2026-04-26T08:25:00.000-00:00,"21,21,21,20.99,1231"
2026-04-26T08:30:00.000-00:00,"21,20.98,21,20.98,7465"
2026-04-26T08:35:00.000-00:00,"20.92,21,21,20.91,9199"
2026-04-26T08:40:00.000-00:00,"21,20.95,21,20.95,6531"
2026-04-26T08:45:00.000-00:00,"21,21,21,20.91,59656"
2026-04-26T08:50:00.000-00:00,"21,20.98,21,20.98,7930"
2026-04-26T08:55:00.000-00:00,"20.97,20.97,20.97,20.95,1911"
2026-04-26T09:00:00.000-00:00,"20.97,20.97,21,20.97,6744"
2026-04-26T09:05:00.000-00:00,"20.97,20.99,21,20.97,8864"
2026-04-26T09:10:00.000-00:00,"20.99,20.97,21,20.97,16976"
2026-04-26T09:15:00.000-00:00,"20.97,21,21,20.97,4186"
2026-04-26T09:20:00.000-00:00,"20.97,20.97,21,20.89,48418"
2026-04-26T09:25:00.000-00:00,"20.97,20.89,20.99,20.88,12147"
2026-04-26T09:30:00.000-00:00,"20.99,20.99,20.99,20.89,467"
2026-04-26T09:35:00.000-00:00,"20.99,20.99,20.99,20.99,6335"
2026-04-26T09:40:00.000-00:00,"20.9,20.99,20.99,20.86,10081"
2026-04-26T09:45:00.000-00:00,"20.98,20.99,20.99,20.98,5745"
2026-04-26T09:50:00.000-00:00,"20.99,20.9,20.99,20.9,14769"
2026-04-26T09:55:00.000-00:00,"20.97,20.97,20.97,20.97,40"
2026-04-26T10:00:00.000-00:00,"20.9,20.9,20.97,20.9,765"
2026-04-26T10:05:00.000-00:00,"20.97,20.85,20.97,20.85,19507"
2026-04-26T10:10:00.000-00:00,"20.9,20.9,20.97,20.85,1005"
2026-04-26T10:15:00.000-00:00,"20.86,20.9,20.99,20.85,38095"
2026-04-26T10:20:00.000-00:00,"20.9,20.9,20.9,20.85,13339"
2026-04-26T10:25:00.000-00:00,"20.9,20.85,20.9,20.85,38283"
2026-04-26T10:30:00.000-00:00,"20.85,20.83,20.9,20.83,5960"
2026-04-26T10:35:00.000-00:00,"20.84,20.84,20.9,20.84,3551"
2026-04-26T10:40:00.000-00:00,"20.84,20.9,20.9,20.84,21206"
2026-04-26T10:45:00.000-00:00,"20.85,20.9,20.9,20.85,67263"
2026-04-26T10:50:00.000-00:00,"20.9,20.85,20.9,20.85,4843"
2026-04-26T10:55:00.000-00:00,"20.86,20.83,20.9,20.83,20876"
2026-04-26T11:00:00.000-00:00,"20.85,20.9,20.95,20.85,35447"
2026-04-26T11:05:00.000-00:00,"20.94,21.05,21.05,20.9,57891"
2026-04-26T11:10:00.000-00:00,"21.05,21.14,21.14,21.02,110490"
2026-04-26T11:25:00.000-00:00,"21.2,21.2,21.2,21.2,88441"
2026-04-27T07:00:00.000-00:00,"21.25,21.2,21.29,21.2,39248"
2026-04-27T07:05:00.000-00:00,"21.1,21.2,21.2,21.05,24290"
2026-04-27T07:10:00.000-00:00,"21.19,21.05,21.19,21.05,846"
2026-04-27T07:15:00.000-00:00,"21.05,21,21.08,20.91,22314"
2026-04-27T07:20:00.000-00:00,"21,21,21.05,21,3913"
2026-04-27T07:25:00.000-00:00,"21.05,21,21.15,21,4071"
2026-04-27T07:30:00.000-00:00,"21,20.99,21,20.91,23318"
2026-04-27T07:35:00.000-00:00,"20.99,20.99,20.99,20.91,2757"
2026-04-27T07:40:00.000-00:00,"20.94,20.92,20.98,20.92,17560"
2026-04-27T07:45:00.000-00:00,"20.93,20.98,20.98,20.93,283"
2026-04-27T07:50:00.000-00:00,"20.98,21,21,20.98,23399"
2026-04-27T07:55:00.000-00:00,"21,21.01,21.09,20.98,26875"
2026-04-27T08:00:00.000-00:00,"21.09,21.09,21.09,21.01,1079"
2026-04-27T08:05:00.000-00:00,"21,21.03,21.03,21,13244"
2026-04-27T08:10:00.000-00:00,"21,20.96,21,20.96,1719"
2026-04-27T08:15:00.000-00:00,"21,21,21,20.96,7348"
2026-04-27T08:20:00.000-00:00,"21,20.99,21,20.95,6310"
2026-04-27T08:25:00.000-00:00,"20.99,20.99,20.99,20.97,1470"
2026-04-27T08:30:00.000-00:00,"20.99,20.96,21,20.95,16447"
2026-04-27T08:35:00.000-00:00,"20.99,21.08,21.08,20.99,20542"
2026-04-27T08:40:00.000-00:00,"21,21.06,21.06,21,5581"
2026-04-27T08:45:00.000-00:00,"21.06,21.01,21.1,21.01,11855"
2026-04-27T08:50:00.000-00:00,"21.09,21.07,21.09,21.02,1422"
2026-04-27T08:55:00.000-00:00,"21.03,21.02,21.06,21.02,3915"
2026-04-27T09:00:00.000-00:00,"21.03,21.02,21.06,21.02,8578"
2026-04-27T09:05:00.000-00:00,"21.06,21.02,21.07,21.02,11279"
2026-04-27T09:10:00.000-00:00,"21.03,21.07,21.07,21.02,9958"
2026-04-27T09:15:00.000-00:00,"21.07,21.06,21.07,21.05,47453"
2026-04-27T09:20:00.000-00:00,"21.06,21.07,21.07,21.06,3000"
2026-04-27T10:25:00.000-00:00,"21.05,21.04,21.08,21.03,6733"
2026-04-27T10:30:00.000-00:00,"21.04,21.09,21.09,21.04,28798"
2026-04-27T10:35:00.000-00:00,"21.04,21.09,21.09,21.03,6158"
2026-04-27T10:40:00.000-00:00,"21.09,21.07,21.09,21.01,13863"
2026-04-27T10:45:00.000-00:00,"21.07,21.11,21.11,21.01,55760"
2026-04-27T10:50:00.000-00:00,"21.1,21.09,21.1,21,59002"
2026-04-27T10:55:00.000-00:00,"21.09,21.06,21.15,21.06,65920"
2026-04-27T11:00:00.000-00:00,"21.14,21.06,21.15,21.05,39229"
2026-04-27T11:05:00.000-00:00,"21.05,21,21.14,21,36446"
2026-04-27T11:10:00.000-00:00,"21,21.12,21.14,20.97,27220"
2026-04-27T11:25:00.000-00:00,"21.25,21.25,21.25,21.25,87804"
2026-04-28T07:00:00.000-00:00,"21.25,21.24,21.3,21.16,50649"
2026-04-28T07:05:00.000-00:00,"21.23,21.2,21.24,21.16,3889"
2026-04-28T07:10:00.000-00:00,"21.19,21.18,21.2,21.16,10347"
2026-04-28T07:15:00.000-00:00,"21.18,21.14,21.18,21.1,5956"
2026-04-28T07:20:00.000-00:00,"21.11,21.09,21.13,21.09,3154"
2026-04-28T07:25:00.000-00:00,"21.09,21.03,21.09,21.03,2057"
2026-04-28T07:30:00.000-00:00,"21.09,21.03,21.09,21.02,4714"
2026-04-28T07:35:00.000-00:00,"21.03,21.13,21.13,21.03,4591"
2026-04-28T07:40:00.000-00:00,"21.13,21.11,21.13,21.1,4006"
2026-04-28T07:45:00.000-00:00,"21.11,21.12,21.13,21.1,2229"
2026-04-28T07:50:00.000-00:00,"21.12,21.06,21.13,21.06,20684"
2026-04-28T07:55:00.000-00:00,"21.1,21.1,21.11,21.1,4503"
2026-04-28T08:00:00.000-00:00,"21.1,21.07,21.1,21.07,8777"
2026-04-28T08:05:00.000-00:00,"21.07,21.05,21.08,21.05,69708"
2026-04-28T08:10:00.000-00:00,"21.06,21.06,21.09,21.05,8906"
2026-04-28T08:15:00.000-00:00,"21.06,21.06,21.06,21.05,16386"
2026-04-28T08:20:00.000-00:00,"21.09,21.07,21.09,21.06,852"
2026-04-28T08:25:00.000-00:00,"21.08,21.07,21.08,21.06,2634"
2026-04-28T08:30:00.000-00:00,"21.09,21.07,21.1,21.07,3484"
2026-04-28T08:35:00.000-00:00,"21.1,21.07,21.1,21.07,3078"
2026-04-28T08:40:00.000-00:00,"21.07,21.08,21.08,21.06,12305"
2026-04-28T08:45:00.000-00:00,"21.08,21.08,21.08,21.05,3440"
2026-04-28T08:50:00.000-00:00,"21.05,21.08,21.08,21.05,3944"
2026-04-28T08:55:00.000-00:00,"21.05,21.02,21.06,21.02,33255"
2026-04-28T09:00:00.000-00:00,"21.02,20.9,21.04,20.9,122361"
2026-04-28T09:05:00.000-00:00,"20.9,20.98,20.98,20.9,44603"
2026-04-28T09:10:00.000-00:00,"20.95,20.95,20.95,20.88,43544"
2026-04-28T09:15:00.000-00:00,"20.95,20.95,20.98,20.95,4832"
2026-04-28T09:20:00.000-00:00,"20.95,20.96,20.96,20.95,1743"
2026-04-28T09:25:00.000-00:00,"20.96,20.95,20.96,20.92,20706"
2026-04-28T09:30:00.000-00:00,"20.93,20.91,20.95,20.91,15206"
2026-04-28T09:35:00.000-00:00,"20.96,20.96,20.96,20.95,8465"
2026-04-28T09:40:00.000-00:00,"20.95,20.92,20.95,20.91,21515"
2026-04-28T09:45:00.000-00:00,"20.96,20.88,20.96,20.88,451249"
2026-04-28T09:50:00.000-00:00,"20.9,20.95,20.99,20.9,18766"
2026-04-28T09:55:00.000-00:00,"20.92,20.9,20.92,20.89,27587"
2026-04-28T10:00:00.000-00:00,"20.9,20.97,20.97,20.9,18375"
2026-04-28T10:05:00.000-00:00,"20.97,20.96,20.98,20.96,162042"
2026-04-28T10:10:00.000-00:00,"20.96,21.05,21.05,20.96,113613"
2026-04-28T10:15:00.000-00:00,"21.01,21.06,21.06,21.01,15388"
2026-04-28T10:20:00.000-00:00,"21.02,21,21.06,21,68152"
2026-04-28T10:25:00.000-00:00,"21.07,21,21.07,21,393919"
2026-04-28T10:30:00.000-00:00,"21,21,21,20.95,24267"
2026-04-28T10:35:00.000-00:00,"21,20.99,21,20.99,424"
2026-04-28T10:40:00.000-00:00,"20.98,20.9,20.98,20.9,12853"
2026-04-28T10:45:00.000-00:00,"20.95,20.99,20.99,20.95,2619"
2026-04-28T10:50:00.000-00:00,"20.96,20.91,20.96,20.91,4110"
2026-04-28T10:55:00.000-00:00,"20.92,20.85,20.92,20.85,91752"
2026-04-28T11:00:00.000-00:00,"20.85,20.9,20.91,20.85,58354"
2026-04-28T11:05:00.000-00:00,"20.9,20.81,20.9,20.81,52935"
2026-04-28T11:10:00.000-00:00,"20.85,20.85,20.9,20.8,105569"
2026-04-28T11:25:00.000-00:00,"21.15,21.15,21.15,21.15,310933"
2026-04-29T07:00:00.000-00:00,"21,20.9,21,20.76,53418"
2026-04-29T07:05:00.000-00:00,"20.95,20.75,20.96,20.75,77524"
2026-04-29T07:10:00.000-00:00,"20.9,20.75,20.9,20.7,30223"
2026-04-29T07:15:00.000-00:00,"20.72,20.75,20.84,20.72,2899"
2026-04-29T07:20:00.000-00:00,"20.75,20.79,20.8,20.72,30423"
2026-04-29T07:25:00.000-00:00,"20.75,20.75,20.78,20.72,24104"
2026-04-29T07:30:00.000-00:00,"20.75,20.7,20.78,20.7,52126"
2026-04-29T07:35:00.000-00:00,"20.71,20.76,20.78,20.71,10683"
2026-04-29T07:40:00.000-00:00,"20.78,20.8,20.82,20.76,18687"
2026-04-29T07:45:00.000-00:00,"20.8,20.8,20.8,20.8,14656"
2026-04-29T07:50:00.000-00:00,"20.8,20.8,20.82,20.8,1358"
2026-04-29T07:55:00.000-00:00,"20.8,20.77,20.84,20.76,14922"
2026-04-29T08:00:00.000-00:00,"20.8,20.81,20.84,20.78,11483"
2026-04-29T08:05:00.000-00:00,"20.81,20.79,20.81,20.76,15904"
2026-04-29T08:10:00.000-00:00,"20.77,20.75,20.78,20.71,44304"
2026-04-29T08:15:00.000-00:00,"20.71,20.75,20.75,20.71,10872"
2026-04-29T08:20:00.000-00:00,"20.73,20.75,20.78,20.72,23859"
2026-04-29T08:25:00.000-00:00,"20.75,20.78,20.79,20.75,13124"
2026-04-29T08:30:00.000-00:00,"20.77,20.8,20.8,20.77,12447"
2026-04-29T08:35:00.000-00:00,"20.8,20.82,20.83,20.75,6838"
2026-04-29T08:40:00.000-00:00,"20.83,20.8,20.83,20.8,15997"
2026-04-29T08:45:00.000-00:00,"20.78,20.8,20.8,20.75,11280"
2026-04-29T08:50:00.000-00:00,"20.8,20.83,20.83,20.73,34327"
2026-04-29T08:55:00.000-00:00,"20.8,20.69,20.8,20.65,158473"
2026-04-29T09:00:00.000-00:00,"20.66,20.67,20.76,20.51,186676"
2026-04-29T09:05:00.000-00:00,"20.67,20.66,20.8,20.66,50760"
2026-04-29T09:10:00.000-00:00,"20.77,20.71,20.8,20.7,10481"
2026-04-29T09:15:00.000-00:00,"20.77,20.75,20.79,20.62,35732"
2026-04-29T09:20:00.000-00:00,"20.63,20.6,20.75,20.6,50900"
2026-04-29T09:25:00.000-00:00,"20.6,20.72,20.72,20.57,408687"
2026-04-29T09:30:00.000-00:00,"20.73,20.7,20.77,20.7,38178"
2026-04-29T09:35:00.000-00:00,"20.75,20.78,20.8,20.7,33581"
2026-04-29T09:40:00.000-00:00,"20.77,20.8,20.8,20.71,51154"
2026-04-29T09:45:00.000-00:00,"20.79,20.75,20.79,20.72,25143"
2026-04-29T09:50:00.000-00:00,"20.72,20.71,20.72,20.64,28876"
2026-04-29T09:55:00.000-00:00,"20.71,20.7,20.71,20.66,2799"
2026-04-29T10:00:00.000-00:00,"20.7,20.8,20.8,20.7,12171"
2026-04-29T10:05:00.000-00:00,"20.79,20.75,20.79,20.71,7582"
2026-04-29T10:10:00.000-00:00,"20.74,20.79,20.82,20.74,66811"
2026-04-29T10:15:00.000-00:00,"20.77,20.9,20.96,20.76,112025"
2026-04-29T10:20:00.000-00:00,"20.85,20.91,20.91,20.85,32837"
2026-04-29T10:25:00.000-00:00,"20.91,20.92,20.95,20.85,31146"
2026-04-29T10:30:00.000-00:00,"20.9,20.94,20.95,20.8,24189"
2026-04-29T10:35:00.000-00:00,"20.92,20.91,20.92,20.91,2712"
2026-04-29T10:40:00.000-00:00,"20.82,20.92,20.95,20.82,19796"
2026-04-29T10:45:00.000-00:00,"20.92,20.96,20.97,20.83,33575"
2026-04-29T10:50:00.000-00:00,"20.9,20.9,20.9,20.83,1805"
2026-04-29T10:55:00.000-00:00,"20.9,20.84,20.9,20.84,4391"
2026-04-29T11:00:00.000-00:00,"20.84,20.99,20.99,20.8,49553"
2026-04-29T11:05:00.000-00:00,"20.94,20.9,20.99,20.84,45620"
2026-04-29T11:10:00.000-00:00,"20.9,20.95,20.99,20.9,17485"
2026-04-29T11:25:00.000-00:00,"20.8,20.8,20.8,20.8,44144"
2026-04-30T07:00:00.000-00:00,"20.8,20.71,20.9,20.7,11208"
2026-04-30T07:05:00.000-00:00,"20.74,20.7,20.75,20.7,22692"
2026-04-30T07:10:00.000-00:00,"20.7,20.75,20.8,20.7,35792"
2026-04-30T07:15:00.000-00:00,"20.75,20.74,20.75,20.7,42537"
2026-04-30T07:20:00.000-00:00,"20.71,20.71,20.74,20.7,14253"
2026-04-30T07:25:00.000-00:00,"20.71,20.73,20.73,20.7,41462"
2026-04-30T07:30:00.000-00:00,"20.73,20.7,20.74,20.7,32147"
2026-04-30T07:35:00.000-00:00,"20.7,20.7,20.73,20.7,5600"
2026-04-30T07:40:00.000-00:00,"20.7,20.69,20.72,20.69,17058"
2026-04-30T07:45:00.000-00:00,"20.7,20.67,20.7,20.66,32275"
2026-04-30T07:50:00.000-00:00,"20.66,20.66,20.67,20.65,23986"
2026-04-30T07:55:00.000-00:00,"20.66,20.65,20.66,20.64,8450"
2026-04-30T08:00:00.000-00:00,"20.65,20.64,20.66,20.64,13180"
2026-04-30T08:05:00.000-00:00,"20.66,20.68,20.68,20.66,8801"
2026-04-30T08:10:00.000-00:00,"20.68,20.68,20.69,20.64,6385"
2026-04-30T08:15:00.000-00:00,"20.65,20.68,20.68,20.65,2491"
2026-04-30T08:20:00.000-00:00,"20.65,20.65,20.67,20.65,11141"
2026-04-30T08:25:00.000-00:00,"20.65,20.6,20.65,20.6,116909"
2026-04-30T08:30:00.000-00:00,"20.59,20.58,20.6,20.58,40071"
2026-04-30T08:35:00.000-00:00,"20.58,20.57,20.58,20.56,14925"
2026-04-30T08:40:00.000-00:00,"20.57,20.54,20.57,20.53,84785"
2026-04-30T08:45:00.000-00:00,"20.55,20.55,20.55,20.5,245529"
2026-04-30T08:50:00.000-00:00,"20.53,20.54,20.55,20.52,33056"
2026-04-30T08:55:00.000-00:00,"20.53,20.55,20.55,20.51,33913"
2026-04-30T09:00:00.000-00:00,"20.55,20.58,20.58,20.53,59002"
2026-04-30T09:05:00.000-00:00,"20.57,20.6,20.6,20.56,51350"
2026-04-30T09:10:00.000-00:00,"20.56,20.59,20.6,20.45,268440"
2026-04-30T09:15:00.000-00:00,"20.51,20.52,20.56,20.51,1605"
2026-04-30T09:20:00.000-00:00,"20.55,20.52,20.55,20.52,8635"
2026-04-30T09:25:00.000-00:00,"20.53,20.64,20.64,20.52,71063"
2026-04-30T09:30:00.000-00:00,"20.63,20.6,20.63,20.6,24335"
2026-04-30T09:35:00.000-00:00,"20.62,20.6,20.62,20.56,5403"
2026-04-30T09:40:00.000-00:00,"20.6,20.61,20.8,20.6,124150"
2026-04-30T09:45:00.000-00:00,"20.75,20.61,20.75,20.61,6604"
2026-04-30T09:50:00.000-00:00,"20.69,20.69,20.7,20.62,624"
2026-04-30T09:55:00.000-00:00,"20.62,20.6,20.7,20.6,24662"
2026-04-30T10:00:00.000-00:00,"20.69,20.7,20.7,20.68,1137"
2026-04-30T10:05:00.000-00:00,"20.69,20.6,20.69,20.6,2365"
2026-04-30T10:10:00.000-00:00,"20.61,20.7,20.7,20.61,45490"
2026-04-30T10:15:00.000-00:00,"20.7,20.73,20.73,20.7,11739"
2026-04-30T10:20:00.000-00:00,"20.7,20.75,20.75,20.7,37203"
2026-04-30T10:25:00.000-00:00,"20.73,20.69,20.73,20.69,12470"
2026-04-30T10:30:00.000-00:00,"20.66,20.69,20.69,20.6,183171"
2026-04-30T10:35:00.000-00:00,"20.61,20.7,20.7,20.61,19123"
2026-04-30T10:40:00.000-00:00,"20.69,20.64,20.73,20.63,55334"
2026-04-30T10:45:00.000-00:00,"20.72,20.79,20.79,20.64,73782"
2026-04-30T10:50:00.000-00:00,"20.79,20.8,20.83,20.79,64495"
2026-04-30T10:55:00.000-00:00,"20.71,20.7,20.78,20.7,19997"
2026-04-30T11:00:00.000-00:00,"20.7,20.7,20.7,20.6,97604"
2026-04-30T11:05:00.000-00:00,"20.7,20.74,20.74,20.65,93088"
2026-04-30T11:10:00.000-00:00,"20.72,20.66,20.9,20.65,110767"
2026-04-30T11:25:00.000-00:00,"20.6,20.6,20.6,20.6,84566"
2026-05-03T07:00:00.000-00:00,"20.65,20.62,20.7,20.6,6908"
2026-05-03T07:05:00.000-00:00,"20.62,20.75,20.75,20.6,15443"
2026-05-03T07:10:00.000-00:00,"20.75,20.71,20.79,20.62,10399"
2026-05-03T07:15:00.000-00:00,"20.67,20.68,20.7,20.67,2140"
2026-05-03T07:20:00.000-00:00,"20.67,20.7,20.71,20.65,17794"
2026-05-03T07:25:00.000-00:00,"20.7,20.74,20.74,20.7,10226"
2026-05-03T07:30:00.000-00:00,"20.72,20.71,20.75,20.71,10678"
2026-05-03T07:35:00.000-00:00,"20.75,20.67,20.75,20.67,29738"
2026-05-03T07:40:00.000-00:00,"20.67,20.67,20.74,20.67,21234"
2026-05-03T07:45:00.000-00:00,"20.67,20.67,20.67,20.66,3687"
2026-05-03T07:50:00.000-00:00,"20.66,20.67,20.67,20.6,30891"
2026-05-03T07:55:00.000-00:00,"20.66,20.67,20.67,20.66,1691"
2026-05-03T08:00:00.000-00:00,"20.67,20.62,20.67,20.62,4729"
2026-05-03T08:05:00.000-00:00,"20.62,20.64,20.67,20.6,4166"
2026-05-03T08:10:00.000-00:00,"20.61,20.63,20.64,20.6,17188"
2026-05-03T08:15:00.000-00:00,"20.6,20.6,20.6,20.6,17423"
2026-05-03T08:20:00.000-00:00,"20.6,20.67,20.67,20.6,21760"
2026-05-03T08:25:00.000-00:00,"20.64,20.64,20.64,20.62,1874"
2026-05-03T08:30:00.000-00:00,"20.64,20.65,20.67,20.64,1353"
2026-05-03T08:35:00.000-00:00,"20.66,20.66,20.66,20.65,20659"
2026-05-03T08:40:00.000-00:00,"20.66,20.67,20.67,20.66,10139"
2026-05-03T08:45:00.000-00:00,"20.66,20.67,20.67,20.66,5969"
2026-05-03T08:50:00.000-00:00,"20.67,20.67,20.67,20.66,5264"
2026-05-03T08:55:00.000-00:00,"20.67,20.68,20.68,20.66,52210"
2026-05-03T09:00:00.000-00:00,"20.68,20.69,20.69,20.67,5138"
2026-05-03T09:05:00.000-00:00,"20.67,20.72,20.72,20.67,136212"
2026-05-03T09:10:00.000-00:00,"20.72,20.7,20.72,20.7,27707"
2026-05-03T09:15:00.000-00:00,"20.71,20.72,20.79,20.71,58503"
2026-05-03T09:20:00.000-00:00,"20.72,20.7,20.72,20.7,2971"
2026-05-03T09:25:00.000-00:00,"20.76,20.71,20.76,20.7,3819"
2026-05-03T09:30:00.000-00:00,"20.75,20.74,20.75,20.71,594"
2026-05-03T09:35:00.000-00:00,"20.73,20.7,20.74,20.7,7427"
2026-05-03T09:40:00.000-00:00,"20.7,20.72,20.72,20.7,2091"
2026-05-03T09:45:00.000-00:00,"20.7,20.7,20.79,20.69,62416"
2026-05-03T09:50:00.000-00:00,"20.7,20.71,20.79,20.7,19955"
2026-05-03T09:55:00.000-00:00,"20.79,20.7,20.79,20.7,28747"
2026-05-03T10:00:00.000-00:00,"20.7,20.82,20.83,20.7,50086"
2026-05-03T10:05:00.000-00:00,"20.82,20.92,21,20.76,106508"
2026-05-03T10:10:00.000-00:00,"20.92,20.93,20.95,20.92,18534"
2026-05-03T10:15:00.000-00:00,"20.92,20.9,20.93,20.9,38144"
2026-05-03T10:20:00.000-00:00,"20.91,20.81,20.91,20.81,8761"
2026-05-03T10:25:00.000-00:00,"20.87,20.88,20.88,20.87,4562"
2026-05-03T10:30:00.000-00:00,"20.81,20.87,20.87,20.81,317"
2026-05-03T10:35:00.000-00:00,"20.82,20.85,20.86,20.82,10446"
2026-05-03T10:40:00.000-00:00,"20.84,20.82,20.84,20.82,7992"
2026-05-03T10:45:00.000-00:00,"20.82,20.83,20.85,20.81,11593"
2026-05-03T10:50:00.000-00:00,"20.83,20.84,20.85,20.81,46697"
2026-05-03T10:55:00.000-00:00,"20.84,20.95,20.95,20.84,128512"
2026-05-03T11:00:00.000-00:00,"20.9,20.95,21,20.9,145678"
2026-05-03T11:05:00.000-00:00,"20.9,20.99,20.99,20.9,33066"
2026-05-03T11:10:00.000-00:00,"20.98,20.9,20.99,20.9,27649"
2026-05-03T11:25:00.000-00:00,"20.93,20.93,20.93,20.93,40294"
2026-05-04T07:00:00.000-00:00,"21,21.12,21.12,21,55551"
2026-05-04T07:05:00.000-00:00,"21.12,21.11,21.17,21.02,93861"
2026-05-04T07:10:00.000-00:00,"21.17,21.2,21.2,21.1,118536"
2026-05-04T07:15:00.000-00:00,"21.21,21.12,21.23,21.12,20117"
2026-05-04T07:20:00.000-00:00,"21.19,21.13,21.2,21.13,25413"
2026-05-04T07:25:00.000-00:00,"21.13,21.16,21.17,21.13,6552"
2026-05-04T07:30:00.000-00:00,"21.16,21.19,21.21,21.15,95375"
2026-05-04T07:35:00.000-00:00,"21.19,21.19,21.2,21.16,27685"
2026-05-04T07:40:00.000-00:00,"21.16,21.18,21.18,21.16,11587"
2026-05-04T07:45:00.000-00:00,"21.17,21.15,21.18,21.15,14073"
2026-05-04T07:50:00.000-00:00,"21.18,21.15,21.19,21.15,36109"
2026-05-04T07:55:00.000-00:00,"21.17,21.15,21.17,21.13,50847"
2026-05-04T08:00:00.000-00:00,"21.13,21.11,21.13,21.11,17785"
2026-05-04T08:05:00.000-00:00,"21.11,21,21.11,21,74058"
2026-05-04T08:10:00.000-00:00,"21,21.1,21.1,21,8842"
2026-05-04T08:15:00.000-00:00,"21.1,21,21.13,21,11631"
2026-05-04T08:20:00.000-00:00,"21.01,21.13,21.13,21.01,13180"
2026-05-04T08:25:00.000-00:00,"21.05,21.1,21.11,21,27421"
2026-05-04T08:30:00.000-00:00,"21.09,21.09,21.1,21.09,513"
2026-05-04T08:35:00.000-00:00,"21.09,21.08,21.11,21.08,29559"
2026-05-04T08:40:00.000-00:00,"21.08,21.05,21.08,21.05,3874"
2026-05-04T08:45:00.000-00:00,"21.05,20.95,21.05,20.95,35599"
2026-05-04T08:50:00.000-00:00,"21,20.9,21,20.9,83147"
2026-05-04T08:55:00.000-00:00,"20.95,20.95,20.95,20.91,19270"
2026-05-04T09:00:00.000-00:00,"20.95,20.95,20.95,20.95,58592"
2026-05-04T09:05:00.000-00:00,"20.95,20.95,20.98,20.92,16400"
2026-05-04T09:10:00.000-00:00,"20.95,21,21.08,20.95,13357"
2026-05-04T09:15:00.000-00:00,"21.01,21.04,21.09,21.01,9396"
2026-05-04T09:20:00.000-00:00,"21.08,21.1,21.1,21.05,20090"
2026-05-04T09:25:00.000-00:00,"21.06,21.09,21.09,21.04,12580"
2026-05-04T09:30:00.000-00:00,"21.04,21.09,21.09,21.04,49875"
2026-05-04T09:35:00.000-00:00,"21.09,21.05,21.1,21.04,12363"
2026-05-04T09:40:00.000-00:00,"21.08,21.03,21.1,21,29152"
2026-05-04T09:45:00.000-00:00,"21.02,21.07,21.07,21,5001"
2026-05-04T09:50:00.000-00:00,"21.07,21.1,21.1,21.07,15169"
2026-05-04T09:55:00.000-00:00,"21.05,21.05,21.1,21.05,5469"
2026-05-04T10:00:00.000-00:00,"21.05,21.1,21.1,21.04,19530"
2026-05-04T10:05:00.000-00:00,"21.1,21.1,21.1,21.05,15935"
2026-05-04T10:10:00.000-00:00,"21.06,21.05,21.06,21.05,3771"
2026-05-04T10:15:00.000-00:00,"21.05,21.06,21.09,21.05,11321"
2026-05-04T10:20:00.000-00:00,"21.05,21.08,21.08,21,66986"
2026-05-04T10:25:00.000-00:00,"21.08,21.06,21.08,21.05,4898"
2026-05-04T10:30:00.000-00:00,"21.08,21.1,21.1,20.99,65594"
2026-05-04T10:35:00.000-00:00,"20.99,20.95,21,20.95,34696"
2026-05-04T10:40:00.000-00:00,"20.95,20.69,20.96,20.69,80485"
2026-05-04T10:45:00.000-00:00,"20.7,20.66,20.75,20.66,48748"
2026-05-04T10:50:00.000-00:00,"20.74,20.6,20.75,20.6,91461"
2026-05-04T10:55:00.000-00:00,"20.61,20.7,20.7,20.5,70912"
2026-05-04T11:00:00.000-00:00,"20.78,20.5,20.78,20.4,119428"
2026-05-04T11:05:00.000-00:00,"20.45,20.11,20.65,20.1,285248"
2026-05-04T11:10:00.000-00:00,"20.54,20.98,21,20.25,319620"
2026-05-04T11:15:00.000-00:00,"20.98,20.99,20.99,20.98,33718"
2026-05-05T07:00:00.000-00:00,"20.77,20.7,20.77,20.51,47909"
2026-05-05T07:05:00.000-00:00,"20.7,20.5,20.7,20.5,19814"
2026-05-05T07:10:00.000-00:00,"20.5,20.38,20.54,20.35,26870"
2026-05-05T07:15:00.000-00:00,"20.49,20.41,20.5,20.41,2640"
2026-05-05T07:20:00.000-00:00,"20.41,20.5,20.6,20.41,47204"
2026-05-05T07:25:00.000-00:00,"20.47,20.45,20.59,20.45,22166"
2026-05-05T07:30:00.000-00:00,"20.5,20.57,20.6,20.5,73610"
2026-05-05T07:35:00.000-00:00,"20.58,20.6,20.65,20.55,23871"
2026-05-05T07:40:00.000-00:00,"20.65,20.64,20.65,20.5,133373"
2026-05-05T07:45:00.000-00:00,"20.65,20.6,20.7,20.6,15093"
2026-05-05T07:50:00.000-00:00,"20.6,20.7,20.7,20.6,8362"
2026-05-05T07:55:00.000-00:00,"20.7,20.75,20.75,20.52,131474"
2026-05-05T08:00:00.000-00:00,"20.75,20.66,20.79,20.61,18328"
2026-05-05T08:05:00.000-00:00,"20.75,20.77,20.77,20.74,29256"
2026-05-05T08:10:00.000-00:00,"20.77,20.79,20.8,20.75,165073"
2026-05-05T08:15:00.000-00:00,"20.78,20.83,20.83,20.78,37385"
2026-05-05T08:20:00.000-00:00,"20.8,20.78,20.83,20.78,1460"
2026-05-05T08:25:00.000-00:00,"20.8,20.83,20.83,20.78,18879"
2026-05-05T08:30:00.000-00:00,"20.8,20.82,20.82,20.77,1035"
2026-05-05T08:35:00.000-00:00,"20.8,20.75,20.8,20.75,152956"
2026-05-05T08:40:00.000-00:00,"20.75,20.7,20.75,20.7,7564"
2026-05-05T08:45:00.000-00:00,"20.75,20.75,20.75,20.7,802"
2026-05-05T08:50:00.000-00:00,"20.75,20.76,20.78,20.75,802"
2026-05-05T08:55:00.000-00:00,"20.76,20.7,20.78,20.7,46232"
2026-05-05T09:00:00.000-00:00,"20.71,20.71,20.75,20.7,23215"
2026-05-05T09:05:00.000-00:00,"20.75,20.77,20.77,20.7,21213"
2026-05-05T09:10:00.000-00:00,"20.77,20.7,20.77,20.7,19687"
2026-05-05T09:15:00.000-00:00,"20.7,20.7,20.7,20.7,406"
2026-05-05T09:20:00.000-00:00,"20.77,20.71,20.78,20.7,21450"
2026-05-05T09:25:00.000-00:00,"20.78,20.83,20.83,20.78,36725"
2026-05-05T09:30:00.000-00:00,"20.77,20.8,20.81,20.77,6121"
2026-05-05T09:35:00.000-00:00,"20.79,20.79,20.79,20.79,216"
2026-05-05T09:40:00.000-00:00,"20.8,20.79,20.8,20.79,3777"
2026-05-05T09:45:00.000-00:00,"20.8,20.8,20.8,20.65,35167"
2026-05-05T09:50:00.000-00:00,"20.8,20.8,20.83,20.8,38562"
2026-05-05T09:55:00.000-00:00,"20.8,20.8,20.8,20.73,9220"
2026-05-05T10:00:00.000-00:00,"20.8,20.8,20.81,20.8,10813"
2026-05-05T10:05:00.000-00:00,"20.8,20.79,20.8,20.79,9331"
2026-05-05T10:10:00.000-00:00,"20.78,20.79,20.79,20.7,21054"
2026-05-05T10:15:00.000-00:00,"20.79,20.8,20.8,20.71,13776"
2026-05-05T10:20:00.000-00:00,"20.8,20.81,20.81,20.8,14398"
2026-05-05T10:25:00.000-00:00,"20.81,20.84,20.84,20.8,23225"
2026-05-05T10:30:00.000-00:00,"20.84,20.83,20.84,20.8,15026"
2026-05-05T10:35:00.000-00:00,"20.83,20.96,20.96,20.83,69928"
2026-05-05T10:40:00.000-00:00,"20.96,20.96,20.96,20.84,11885"
2026-05-05T10:45:00.000-00:00,"20.86,20.93,20.93,20.86,38"
2026-05-05T10:50:00.000-00:00,"20.92,20.88,20.93,20.88,5841"
2026-05-05T10:55:00.000-00:00,"20.87,20.91,20.91,20.71,35835"
2026-05-05T11:00:00.000-00:00,"20.9,20.9,20.93,20.74,22664"
2026-05-05T11:05:00.000-00:00,"20.81,20.9,20.99,20.81,150318"
2026-05-05T11:10:00.000-00:00,"20.91,21,21.04,20.91,102694"
2026-05-05T11:25:00.000-00:00,"21,21,21,21,104130"
2026-05-06T07:00:00.000-00:00,"21,21.1,21.13,21,58656"
2026-05-06T07:05:00.000-00:00,"21.12,21.2,21.2,21.1,62383"
2026-05-06T07:10:00.000-00:00,"21.2,21.28,21.3,21.18,182312"
2026-05-06T07:15:00.000-00:00,"21.27,21.36,21.4,21.21,151567"
2026-05-06T07:20:00.000-00:00,"21.35,21.42,21.42,21.3,40052"
2026-05-06T07:25:00.000-00:00,"21.31,21.35,21.48,21.31,103884"
2026-05-06T07:30:00.000-00:00,"21.35,21.6,21.63,21.35,1229418"
2026-05-06T07:35:00.000-00:00,"21.6,21.9,21.9,21.6,618135"
2026-05-06T07:40:00.000-00:00,"21.9,21.95,22.08,21.85,687822"
2026-05-06T07:45:00.000-00:00,"21.95,21.8,21.95,21.75,414576"
2026-05-06T07:50:00.000-00:00,"21.75,21.83,21.83,21.68,210727"
2026-05-06T07:55:00.000-00:00,"21.83,21.95,21.99,21.8,275986"
2026-05-06T08:00:00.000-00:00,"21.95,22.04,22.04,21.8,235693"
2026-05-06T08:05:00.000-00:00,"22,21.98,22.05,21.81,97165"
2026-05-06T08:10:00.000-00:00,"21.98,22,22,21.97,263198"
2026-05-06T08:15:00.000-00:00,"22,22,22.1,21.99,224803"
2026-05-06T08:20:00.000-00:00,"22.05,21.99,22.05,21.9,146369"
2026-05-06T08:25:00.000-00:00,"21.96,21.81,21.99,21.81,49416"
2026-05-06T08:30:00.000-00:00,"21.91,21.9,21.94,21.8,85243"
2026-05-06T08:35:00.000-00:00,"21.91,21.9,21.94,21.9,52559"
2026-05-06T08:40:00.000-00:00,"21.9,21.9,21.94,21.9,13699"
2026-05-06T08:45:00.000-00:00,"21.9,21.91,21.91,21.86,9744"
2026-05-06T08:50:00.000-00:00,"21.91,21.87,21.95,21.86,28622"
2026-05-06T08:55:00.000-00:00,"21.87,21.9,21.9,21.86,29734"
2026-05-06T09:00:00.000-00:00,"21.88,21.9,21.9,21.87,54473"
2026-05-06T09:05:00.000-00:00,"21.9,21.88,21.93,21.88,24624"
2026-05-06T09:10:00.000-00:00,"21.89,21.9,21.9,21.87,15781"
2026-05-06T09:15:00.000-00:00,"21.87,21.9,21.9,21.86,34836"
2026-05-06T09:20:00.000-00:00,"21.86,21.87,21.88,21.83,31057"
2026-05-06T09:25:00.000-00:00,"21.87,21.82,21.87,21.81,25260"
2026-05-06T09:30:00.000-00:00,"21.82,21.79,21.82,21.71,55369"
2026-05-06T09:35:00.000-00:00,"21.71,21.75,21.77,21.71,4958"
2026-05-06T09:40:00.000-00:00,"21.75,21.85,21.9,21.75,151565"
2026-05-06T09:45:00.000-00:00,"21.89,21.9,21.9,21.85,14580"
2026-05-06T09:50:00.000-00:00,"21.85,21.95,21.95,21.85,74443"
2026-05-06T09:55:00.000-00:00,"21.95,21.92,21.95,21.9,9356"
2026-05-06T10:00:00.000-00:00,"21.94,21.9,21.94,21.9,15449"
2026-05-06T10:05:00.000-00:00,"21.94,21.99,21.99,21.93,117809"
2026-05-06T10:10:00.000-00:00,"21.99,22.17,22.17,21.97,289378"
2026-05-06T10:15:00.000-00:00,"22.17,22.15,22.2,22.15,97814"
2026-05-06T10:20:00.000-00:00,"22.15,22.12,22.18,22.05,83864"
2026-05-06T10:25:00.000-00:00,"22.18,22.16,22.18,22.05,64849"
2026-05-06T10:30:00.000-00:00,"22.16,22.15,22.16,22.05,51322"
2026-05-06T10:35:00.000-00:00,"22.1,22.16,22.16,22.01,75644"
2026-05-06T10:40:00.000-00:00,"22.15,22.12,22.2,22.1,31720"
2026-05-06T10:45:00.000-00:00,"22.13,22.12,22.19,22.12,5802"
2026-05-06T10:50:00.000-00:00,"22.12,22,22.17,21.93,166425"
2026-05-06T10:55:00.000-00:00,"21.97,22.18,22.19,21.97,26105"
2026-05-06T11:00:00.000-00:00,"22.08,22.1,22.17,21.95,86328"
2026-05-06T11:05:00.000-00:00,"22.14,22.15,22.17,22.1,19980"
2026-05-06T11:10:00.000-00:00,"22.15,22.17,22.19,22,90037"
2026-05-06T11:25:00.000-00:00,"22.2,22.2,22.2,22.2,157544"
2026-05-10T07:00:00.000-00:00,"22.22,22.46,22.59,22.22,201896"
2026-05-10T07:05:00.000-00:00,"22.46,22.5,22.5,22.35,94818"
2026-05-10T07:10:00.000-00:00,"22.5,22.5,22.53,22.41,154850"
2026-05-10T07:15:00.000-00:00,"22.53,22.67,22.69,22.5,63192"
2026-05-10T07:20:00.000-00:00,"22.67,22.6,22.69,22.6,228072"
2026-05-10T07:25:00.000-00:00,"22.61,22.69,22.69,22.56,74777"
2026-05-10T07:30:00.000-00:00,"22.6,22.74,22.75,22.6,42918"
2026-05-10T07:35:00.000-00:00,"22.71,22.7,22.77,22.66,75380"
2026-05-10T07:40:00.000-00:00,"22.75,22.65,22.75,22.65,83950"
2026-05-10T07:45:00.000-00:00,"22.65,22.71,22.72,22.61,90859"
2026-05-10T07:50:00.000-00:00,"22.72,22.71,22.75,22.7,58284"
2026-05-10T07:55:00.000-00:00,"22.71,22.65,22.74,22.64,75102"
2026-05-10T08:00:00.000-00:00,"22.65,22.65,22.65,22.61,59345"
2026-05-10T08:05:00.000-00:00,"22.65,22.68,22.7,22.6,33206"
2026-05-10T08:10:00.000-00:00,"22.65,22.62,22.68,22.56,61392"
2026-05-10T08:15:00.000-00:00,"22.62,22.59,22.68,22.57,42006"
2026-05-10T08:20:00.000-00:00,"22.6,22.65,22.65,22.6,13911"
2026-05-10T08:25:00.000-00:00,"22.65,22.64,22.65,22.6,35073"
2026-05-10T08:30:00.000-00:00,"22.6,22.58,22.64,22.57,14699"
2026-05-10T08:35:00.000-00:00,"22.57,22.57,22.6,22.57,36136"
2026-05-10T08:40:00.000-00:00,"22.64,22.56,22.64,22.56,71863"
2026-05-10T08:45:00.000-00:00,"22.59,22.58,22.59,22.56,28990"
2026-05-10T08:50:00.000-00:00,"22.57,22.58,22.6,22.57,53150"
2026-05-10T08:55:00.000-00:00,"22.57,22.51,22.63,22.51,114403"
2026-05-10T09:00:00.000-00:00,"22.52,22.6,22.61,22.51,4435"
2026-05-10T09:05:00.000-00:00,"22.55,22.6,22.61,22.55,17335"
2026-05-10T09:10:00.000-00:00,"22.6,22.51,22.6,22.5,51909"
2026-05-10T09:15:00.000-00:00,"22.58,22.53,22.58,22.53,3606"
2026-05-10T09:20:00.000-00:00,"22.58,22.55,22.58,22.54,13107"
2026-05-10T09:25:00.000-00:00,"22.58,22.54,22.58,22.51,54654"
2026-05-10T09:30:00.000-00:00,"22.51,22.57,22.57,22.5,50120"
2026-05-10T09:35:00.000-00:00,"22.54,22.52,22.57,22.52,10852"
2026-05-10T09:40:00.000-00:00,"22.52,22.4,22.52,22.4,131932"
2026-05-10T09:45:00.000-00:00,"22.38,22.49,22.5,22.36,24259"
2026-05-10T09:50:00.000-00:00,"22.45,22.48,22.49,22.45,6650"
2026-05-10T09:55:00.000-00:00,"22.47,22.37,22.48,22.37,60530"
2026-05-10T10:00:00.000-00:00,"22.37,22.48,22.48,22.37,5803"
2026-05-10T10:05:00.000-00:00,"22.48,22.45,22.48,22.37,25141"
2026-05-10T10:10:00.000-00:00,"22.38,22.4,22.42,22.36,32406"
2026-05-10T10:15:00.000-00:00,"22.4,22.39,22.48,22.39,69844"
2026-05-10T10:20:00.000-00:00,"22.4,22.5,22.5,22.38,126351"
2026-05-10T10:25:00.000-00:00,"22.42,22.5,22.5,22.4,36571"
2026-05-10T10:30:00.000-00:00,"22.43,22.5,22.51,22.43,41586"
2026-05-10T10:35:00.000-00:00,"22.5,22.45,22.51,22.45,145157"
2026-05-10T10:40:00.000-00:00,"22.5,22.5,22.51,22.45,27038"
2026-05-10T10:45:00.000-00:00,"22.5,22.43,22.52,22.42,32666"
2026-05-10T10:50:00.000-00:00,"22.43,22.53,22.54,22.41,85816"
2026-05-10T10:55:00.000-00:00,"22.53,22.5,22.54,22.44,54296"
2026-05-10T11:00:00.000-00:00,"22.52,22.4,22.53,22.4,35854"
2026-05-10T11:05:00.000-00:00,"22.41,22.36,22.45,22.36,62091"
2026-05-10T11:10:00.000-00:00,"22.42,22.4,22.43,22.39,34404"
2026-05-10T11:25:00.000-00:00,"22.68,22.68,22.68,22.68,249004"
2026-05-11T07:00:00.000-00:00,"22.71,22.6,22.83,22.6,110862"
2026-05-11T07:05:00.000-00:00,"22.75,22.6,22.75,22.6,53311"
2026-05-11T07:10:00.000-00:00,"22.6,22.5,22.67,22.5,70897"
2026-05-11T07:15:00.000-00:00,"22.45,22.46,22.58,22.45,35141"
2026-05-11T07:20:00.000-00:00,"22.48,22.46,22.49,22.42,9250"
2026-05-11T07:25:00.000-00:00,"22.45,22.26,22.45,22.25,92409"
2026-05-11T07:30:00.000-00:00,"22.35,22.21,22.35,22.2,135123"
2026-05-11T07:35:00.000-00:00,"22.2,22.16,22.25,22.15,96076"
2026-05-11T07:40:00.000-00:00,"22.25,22.25,22.3,22.25,2372"
2026-05-11T07:45:00.000-00:00,"22.25,22.29,22.3,22.17,22553"
2026-05-11T07:50:00.000-00:00,"22.29,22.28,22.29,22.22,11249"
2026-05-11T07:55:00.000-00:00,"22.25,22.29,22.3,22.25,54164"
2026-05-11T08:00:00.000-00:00,"22.28,22.19,22.28,22.19,26055"
2026-05-11T08:05:00.000-00:00,"22.2,22.24,22.25,22.19,19860"
2026-05-11T08:10:00.000-00:00,"22.2,22.26,22.26,22.2,27170"
2026-05-11T08:15:00.000-00:00,"22.26,22.2,22.26,22.2,36476"
2026-05-11T08:20:00.000-00:00,"22.25,22.33,22.33,22.18,128888"
2026-05-11T08:25:00.000-00:00,"22.36,22.34,22.36,22.3,3385"
2026-05-11T08:30:00.000-00:00,"22.34,22.3,22.34,22.3,31502"
2026-05-11T08:35:00.000-00:00,"22.3,22.28,22.35,22.28,5922"
2026-05-11T08:40:00.000-00:00,"22.29,22.33,22.34,22.28,24752"
2026-05-11T08:45:00.000-00:00,"22.3,22.39,22.39,22.3,40771"
2026-05-11T08:50:00.000-00:00,"22.38,22.31,22.38,22.31,192115"
2026-05-11T08:55:00.000-00:00,"22.32,22.3,22.37,22.3,27290"
2026-05-11T09:00:00.000-00:00,"22.3,22.3,22.3,22.3,7985"
2026-05-11T09:05:00.000-00:00,"22.29,22.29,22.3,22.28,18585"
2026-05-11T09:10:00.000-00:00,"22.29,22.28,22.29,22.22,28212"
2026-05-11T09:15:00.000-00:00,"22.28,22.3,22.38,22.26,27436"
2026-05-11T09:20:00.000-00:00,"22.3,22.26,22.35,22.26,26041"
2026-05-11T09:25:00.000-00:00,"22.3,22.29,22.3,22.26,12262"
2026-05-11T09:30:00.000-00:00,"22.28,22.26,22.3,22.26,24197"
2026-05-11T09:35:00.000-00:00,"22.29,22.3,22.3,22.29,18002"
2026-05-11T09:40:00.000-00:00,"22.28,22.29,22.3,22.28,38428"
2026-05-11T09:45:00.000-00:00,"22.29,22.22,22.29,22.22,46524"
2026-05-11T09:50:00.000-00:00,"22.26,22.23,22.26,22.22,40137"
2026-05-11T09:55:00.000-00:00,"22.26,22.25,22.26,22.23,8468"
2026-05-11T10:00:00.000-00:00,"22.25,22.24,22.25,22.21,50063"
2026-05-11T10:05:00.000-00:00,"22.24,22.19,22.25,22.19,66767"
2026-05-11T10:10:00.000-00:00,"22.21,22.22,22.29,22.21,28585"
2026-05-11T10:15:00.000-00:00,"22.29,22.29,22.3,22.18,35494"
2026-05-11T10:20:00.000-00:00,"22.23,22.24,22.25,22.16,44686"
2026-05-11T10:25:00.000-00:00,"22.24,22.3,22.32,22.19,76811"
2026-05-11T10:30:00.000-00:00,"22.32,22.38,22.39,22.31,87337"
2026-05-11T10:35:00.000-00:00,"22.37,22.3,22.37,22.3,38587"
2026-05-11T10:40:00.000-00:00,"22.3,22.35,22.35,22.29,74212"
2026-05-11T10:45:00.000-00:00,"22.35,22.34,22.36,22.3,101274"
2026-05-11T10:50:00.000-00:00,"22.31,22.3,22.34,22.3,24794"
2026-05-11T10:55:00.000-00:00,"22.3,22.3,22.33,22.29,48792"
2026-05-11T11:00:00.000-00:00,"22.3,22.29,22.32,22.29,70654"
2026-05-11T11:05:00.000-00:00,"22.3,22.3,22.31,22.27,70087"
2026-05-11T11:10:00.000-00:00,"22.29,22.22,22.3,22.21,84183"
2026-05-11T11:15:00.000-00:00,"22.21,22.2,22.21,22.2,8719"
2026-05-11T11:25:00.000-00:00,"22.32,22.32,22.32,22.32,109080"
2026-05-12T07:00:00.000-00:00,"22.33,22.26,22.39,22.2,14122"
2026-05-12T07:05:00.000-00:00,"22.2,22.1,22.31,22.1,23215"
2026-05-12T07:10:00.000-00:00,"22.1,22.1,22.24,22.06,15097"
2026-05-12T07:15:00.000-00:00,"22.11,22.18,22.19,22.1,853"
2026-05-12T07:20:00.000-00:00,"22.18,22.02,22.18,22.01,48216"
2026-05-12T07:25:00.000-00:00,"22.04,22.05,22.07,22,82762"
2026-05-12T07:30:00.000-00:00,"22.05,22.05,22.07,22.01,5568"
2026-05-12T07:35:00.000-00:00,"22.01,22.02,22.06,22.01,11761"
2026-05-12T07:40:00.000-00:00,"22.03,22.01,22.05,22.01,3817"
2026-05-12T07:45:00.000-00:00,"22.02,22.07,22.07,22.01,92436"
2026-05-12T07:50:00.000-00:00,"22.07,22.09,22.09,22.03,44433"
2026-05-12T07:55:00.000-00:00,"22.09,22.06,22.09,22.06,12480"
2026-05-12T08:00:00.000-00:00,"22.07,21.95,22.07,21.86,199302"
2026-05-12T08:05:00.000-00:00,"21.88,21.9,22.06,21.88,40241"
2026-05-12T08:10:00.000-00:00,"21.9,21.97,21.97,21.9,15089"
2026-05-12T08:15:00.000-00:00,"21.97,21.91,21.97,21.91,6220"
2026-05-12T08:20:00.000-00:00,"21.96,22,22,21.91,56465"
2026-05-12T08:25:00.000-00:00,"21.97,22,22,21.97,11035"
2026-05-12T08:30:00.000-00:00,"22,21.99,22,21.97,4141"
2026-05-12T08:35:00.000-00:00,"21.97,21.98,21.98,21.97,283"
2026-05-12T08:40:00.000-00:00,"21.97,21.99,21.99,21.97,13919"
2026-05-12T08:45:00.000-00:00,"21.99,21.97,21.99,21.97,5446"
2026-05-12T08:50:00.000-00:00,"21.97,21.99,21.99,21.96,5958"
2026-05-12T08:55:00.000-00:00,"21.99,21.99,21.99,21.97,9740"
2026-05-12T09:00:00.000-00:00,"21.99,21.98,21.99,21.98,6382"
2026-05-12T09:05:00.000-00:00,"21.98,21.99,21.99,21.95,36522"
2026-05-12T09:10:00.000-00:00,"21.99,21.99,21.99,21.99,7531"
2026-05-12T09:15:00.000-00:00,"21.96,21.98,21.99,21.92,10651"
2026-05-12T09:20:00.000-00:00,"21.98,21.98,21.98,21.92,808"
2026-05-12T09:25:00.000-00:00,"21.98,21.92,21.98,21.92,1005"
2026-05-12T09:30:00.000-00:00,"21.95,21.93,21.95,21.93,1088"
2026-05-12T09:35:00.000-00:00,"21.96,21.93,21.96,21.93,8021"
2026-05-12T09:40:00.000-00:00,"21.95,21.91,21.96,21.91,21327"
2026-05-12T09:45:00.000-00:00,"21.91,21.95,21.96,21.9,45902"
2026-05-12T09:50:00.000-00:00,"21.94,21.93,21.97,21.93,26806"
2026-05-12T09:55:00.000-00:00,"21.95,21.95,21.96,21.91,3000"
2026-05-12T10:00:00.000-00:00,"21.91,21.87,21.91,21.87,18928"
2026-05-12T10:05:00.000-00:00,"21.87,21.82,21.89,21.82,107132"
2026-05-12T10:10:00.000-00:00,"21.82,21.85,21.86,21.82,58016"
2026-05-12T10:15:00.000-00:00,"21.85,21.94,21.99,21.85,28826"
2026-05-12T10:20:00.000-00:00,"21.94,21.95,21.95,21.86,590949"
2026-05-12T10:25:00.000-00:00,"21.95,21.88,21.95,21.88,24346"
2026-05-12T10:30:00.000-00:00,"21.9,21.93,21.94,21.9,65152"
2026-05-12T10:35:00.000-00:00,"21.91,21.9,21.93,21.88,20250"
2026-05-12T10:40:00.000-00:00,"21.88,21.9,21.9,21.88,9166"
2026-05-12T10:45:00.000-00:00,"21.9,21.88,21.9,21.87,6983"
2026-05-12T10:50:00.000-00:00,"21.89,21.88,21.89,21.88,6857"
2026-05-12T10:55:00.000-00:00,"21.89,21.89,21.89,21.88,13163"
2026-05-12T11:00:00.000-00:00,"21.88,21.91,21.91,21.87,52754"
2026-05-12T11:05:00.000-00:00,"21.91,22,22,21.9,173383"
2026-05-12T11:10:00.000-00:00,"21.99,21.9,22,21.9,65476"
2026-05-12T11:25:00.000-00:00,"21.99,21.99,21.99,21.99,146726"
2026-05-13T07:00:00.000-00:00,"22.2,22.19,22.2,22,50711"
2026-05-13T07:05:00.000-00:00,"22.19,22.27,22.28,22.11,66123"
2026-05-13T07:10:00.000-00:00,"22.21,22.3,22.31,22.21,60574"
2026-05-13T07:15:00.000-00:00,"22.3,22.36,22.37,22.26,41465"
2026-05-13T07:20:00.000-00:00,"22.36,22.39,22.4,22.36,80520"
2026-05-13T07:25:00.000-00:00,"22.38,22.22,22.39,22.01,67313"
2026-05-13T07:30:00.000-00:00,"22.21,22.28,22.3,22.11,14422"
2026-05-13T07:35:00.000-00:00,"22.25,22.25,22.25,22.25,11988"
2026-05-13T07:40:00.000-00:00,"22.25,22.17,22.25,22.17,19290"
2026-05-13T07:45:00.000-00:00,"22.17,22.21,22.22,22.17,33176"
2026-05-13T07:50:00.000-00:00,"22.22,22.26,22.35,22.22,83175"
2026-05-13T07:55:00.000-00:00,"22.3,22.35,22.35,22.3,27317"
2026-05-13T08:00:00.000-00:00,"22.33,22.34,22.35,22.31,44899"
2026-05-13T08:05:00.000-00:00,"22.32,22.32,22.35,22.32,40098"
2026-05-13T08:10:00.000-00:00,"22.32,22.3,22.35,22.3,67811"
2026-05-13T08:15:00.000-00:00,"22.28,22.23,22.28,22.2,39406"
2026-05-13T08:20:00.000-00:00,"22.25,22.3,22.3,22.25,123261"
2026-05-13T08:25:00.000-00:00,"22.3,22.24,22.3,22.24,38986"
2026-05-13T08:30:00.000-00:00,"22.25,22.3,22.3,22.22,40192"
2026-05-13T08:35:00.000-00:00,"22.24,22.3,22.3,22.24,273195"
2026-05-13T08:40:00.000-00:00,"22.3,22.25,22.3,22.24,143984"
2026-05-13T08:45:00.000-00:00,"22.25,22.17,22.25,22.17,68286"
2026-05-13T08:50:00.000-00:00,"22.18,22.1,22.22,22.03,155296"
2026-05-13T08:55:00.000-00:00,"22.1,22.09,22.11,22.07,93766"
2026-05-13T09:00:00.000-00:00,"22.09,22,22.09,21.99,208894"
2026-05-13T09:05:00.000-00:00,"22,22.09,22.09,22,3514"
2026-05-13T09:10:00.000-00:00,"22.09,22,22.1,21.99,111344"
2026-05-13T09:15:00.000-00:00,"22,21.96,22,21.96,82611"
2026-05-13T09:20:00.000-00:00,"21.95,21.83,21.95,21.79,226102"
2026-05-13T09:25:00.000-00:00,"21.83,21.87,21.88,21.81,34967"
2026-05-13T09:30:00.000-00:00,"21.87,21.7,21.87,21.7,296739"
2026-05-13T09:35:00.000-00:00,"21.69,21.71,21.71,21.68,138530"
2026-05-13T09:40:00.000-00:00,"21.7,21.8,21.8,21.7,110489"
2026-05-13T09:45:00.000-00:00,"21.8,21.61,21.85,21.6,303679"
2026-05-13T09:50:00.000-00:00,"21.6,21.51,21.6,21.5,311391"
2026-05-13T09:55:00.000-00:00,"21.54,21.5,21.55,21.5,112686"
2026-05-13T10:00:00.000-00:00,"21.5,21.45,21.51,21.43,96511"
2026-05-13T10:05:00.000-00:00,"21.43,21.48,21.48,21.4,80135"
2026-05-13T10:10:00.000-00:00,"21.48,21.52,21.52,21.46,97107"
2026-05-13T10:15:00.000-00:00,"21.52,21.39,21.53,21.39,214342"
2026-05-13T10:20:00.000-00:00,"21.4,21.48,21.48,21.39,45375"
2026-05-13T10:25:00.000-00:00,"21.41,21.5,21.55,21.41,60393"
2026-05-13T10:30:00.000-00:00,"21.51,21.6,21.6,21.45,82202"
2026-05-13T10:35:00.000-00:00,"21.59,21.6,21.64,21.5,62136"
2026-05-13T10:40:00.000-00:00,"21.6,21.5,21.63,21.5,143282"
2026-05-13T10:45:00.000-00:00,"21.5,21.6,21.63,21.5,223453"
2026-05-13T10:50:00.000-00:00,"21.6,21.5,21.62,21.45,267866"
2026-05-13T10:55:00.000-00:00,"21.5,21.5,21.52,21.47,126504"
2026-05-13T11:00:00.000-00:00,"21.5,21.67,21.67,21.5,139776"
2026-05-13T11:05:00.000-00:00,"21.67,21.71,21.77,21.54,321585"
2026-05-13T11:10:00.000-00:00,"21.77,21.8,21.85,21.77,227257"
2026-05-13T11:25:00.000-00:00,"21.56,21.56,21.56,21.56,160293"
2026-05-14T07:00:00.000-00:00,"21.67,21.75,21.77,21.62,32400"
2026-05-14T07:05:00.000-00:00,"21.7,21.73,21.75,21.65,16277"
2026-05-14T07:10:00.000-00:00,"21.66,21.7,21.7,21.66,4903"
2026-05-14T07:15:00.000-00:00,"21.7,21.69,21.7,21.66,20049"
2026-05-14T07:20:00.000-00:00,"21.67,21.65,21.67,21.62,9583"
2026-05-14T07:25:00.000-00:00,"21.65,21.6,21.65,21.6,21422"
2026-05-14T07:30:00.000-00:00,"21.61,21.61,21.61,21.6,24927"
2026-05-14T07:35:00.000-00:00,"21.6,21.7,21.7,21.6,21966"
2026-05-14T07:40:00.000-00:00,"21.7,21.64,21.7,21.64,21319"
2026-05-14T07:45:00.000-00:00,"21.65,21.66,21.7,21.65,22342"
2026-05-14T07:50:00.000-00:00,"21.69,21.77,21.77,21.69,11416"
2026-05-14T07:55:00.000-00:00,"21.77,21.85,21.85,21.69,58250"
2026-05-14T08:00:00.000-00:00,"21.85,21.9,21.92,21.81,90921"
2026-05-14T08:05:00.000-00:00,"21.9,21.9,21.92,21.82,25320"
2026-05-14T08:10:00.000-00:00,"21.9,21.9,21.92,21.85,78407"
2026-05-14T08:15:00.000-00:00,"21.9,21.9,21.91,21.86,39649"
2026-05-14T08:20:00.000-00:00,"21.9,21.92,21.93,21.9,60362"
2026-05-14T08:25:00.000-00:00,"21.93,21.85,21.93,21.85,23983"
2026-05-14T08:30:00.000-00:00,"21.86,21.85,21.86,21.81,20442"
2026-05-14T08:35:00.000-00:00,"21.85,21.93,21.93,21.85,42433"
2026-05-14T08:40:00.000-00:00,"21.91,21.88,21.93,21.87,17060"
2026-05-14T08:45:00.000-00:00,"21.88,21.9,21.9,21.87,16611"
2026-05-14T08:50:00.000-00:00,"21.92,21.9,21.93,21.9,31294"
2026-05-14T08:55:00.000-00:00,"21.92,21.85,21.92,21.85,31272"
2026-05-14T09:00:00.000-00:00,"21.87,21.94,21.95,21.87,45477"
2026-05-14T09:05:00.000-00:00,"21.94,21.96,21.96,21.9,96010"
2026-05-14T09:10:00.000-00:00,"21.97,21.99,21.99,21.97,112700"
2026-05-14T09:15:00.000-00:00,"21.99,21.95,21.99,21.91,17531"
2026-05-14T09:20:00.000-00:00,"21.93,21.98,21.98,21.92,5022"
2026-05-14T09:25:00.000-00:00,"21.96,21.9,21.96,21.9,28961"
2026-05-14T09:30:00.000-00:00,"21.9,21.97,21.98,21.9,28951"
2026-05-14T09:35:00.000-00:00,"21.96,21.92,21.96,21.92,1652"
2026-05-14T09:40:00.000-00:00,"21.92,21.85,21.92,21.81,94574"
2026-05-14T09:45:00.000-00:00,"21.85,21.81,21.9,21.81,65955"
2026-05-14T09:50:00.000-00:00,"21.81,21.82,21.82,21.81,22677"
2026-05-14T09:55:00.000-00:00,"21.82,21.85,21.86,21.82,3192"
2026-05-14T10:00:00.000-00:00,"21.85,21.9,21.9,21.82,29889"
2026-05-14T10:05:00.000-00:00,"21.9,21.84,21.91,21.84,55586"
2026-05-14T10:10:00.000-00:00,"21.83,21.9,21.9,21.83,11254"
2026-05-14T10:15:00.000-00:00,"21.9,21.85,21.9,21.85,6772"
2026-05-14T10:20:00.000-00:00,"21.85,21.8,21.86,21.8,144136"
2026-05-14T10:25:00.000-00:00,"21.81,21.8,21.95,21.8,52188"
2026-05-14T10:30:00.000-00:00,"21.8,21.8,21.82,21.8,29781"
2026-05-14T10:35:00.000-00:00,"21.81,21.81,21.83,21.81,11472"
2026-05-14T10:40:00.000-00:00,"21.81,21.8,21.81,21.7,84748"
2026-05-14T10:45:00.000-00:00,"21.8,21.75,21.92,21.7,127760"
2026-05-14T10:50:00.000-00:00,"21.87,21.9,21.9,21.71,164881"
2026-05-14T10:55:00.000-00:00,"21.88,21.88,21.89,21.71,57844"
2026-05-14T11:00:00.000-00:00,"21.73,21.93,21.95,21.72,156144"
2026-05-14T11:05:00.000-00:00,"21.95,21.93,21.95,21.76,264371"
2026-05-14T11:10:00.000-00:00,"21.93,21.93,21.97,21.9,82322"
2026-05-14T11:25:00.000-00:00,"21.99,21.99,21.99,21.99,132939"
2026-05-17T07:00:00.000-00:00,"21.98,21.85,21.99,21.85,54624"
2026-05-17T07:05:00.000-00:00,"21.9,21.9,21.98,21.72,58998"
2026-05-17T07:10:00.000-00:00,"21.8,21.73,21.9,21.73,21839"
2026-05-17T07:15:00.000-00:00,"21.77,21.89,21.89,21.75,4911"
2026-05-17T07:20:00.000-00:00,"21.89,21.75,21.89,21.73,25027"
2026-05-17T07:25:00.000-00:00,"21.85,21.84,21.85,21.73,12998"
2026-05-17T07:30:00.000-00:00,"21.8,21.85,21.85,21.8,8352"
2026-05-17T07:35:00.000-00:00,"21.85,21.8,21.89,21.8,23135"
2026-05-17T07:40:00.000-00:00,"21.85,21.81,21.88,21.8,5526"
2026-05-17T07:45:00.000-00:00,"21.8,21.81,21.81,21.74,30781"
2026-05-17T07:50:00.000-00:00,"21.81,21.82,21.82,21.74,3682"
2026-05-17T07:55:00.000-00:00,"21.82,21.84,21.84,21.75,3815"
2026-05-17T08:00:00.000-00:00,"21.8,21.73,21.8,21.72,36889"
2026-05-17T08:05:00.000-00:00,"21.73,21.77,21.8,21.72,43924"
2026-05-17T08:10:00.000-00:00,"21.8,21.8,21.8,21.79,6940"
2026-05-17T08:15:00.000-00:00,"21.75,21.8,21.8,21.75,505"
2026-05-17T08:20:00.000-00:00,"21.76,21.8,21.8,21.75,8941"
2026-05-17T08:25:00.000-00:00,"21.77,21.77,21.8,21.77,7925"
2026-05-17T08:30:00.000-00:00,"21.8,21.78,21.8,21.78,19622"
2026-05-17T08:35:00.000-00:00,"21.78,21.84,21.84,21.78,5365"
2026-05-17T08:40:00.000-00:00,"21.83,21.84,21.84,21.8,458"
2026-05-17T08:45:00.000-00:00,"21.84,21.84,21.84,21.81,17998"
2026-05-17T08:50:00.000-00:00,"21.84,21.88,21.88,21.84,13307"
2026-05-17T08:55:00.000-00:00,"21.88,21.85,21.88,21.84,5964"
2026-05-17T09:00:00.000-00:00,"21.84,21.77,21.85,21.76,25154"
2026-05-17T09:05:00.000-00:00,"21.77,21.76,21.8,21.76,6213"
2026-05-17T09:10:00.000-00:00,"21.76,21.79,21.8,21.76,4363"
2026-05-17T09:15:00.000-00:00,"21.79,21.79,21.79,21.79,3963"
2026-05-17T09:20:00.000-00:00,"21.79,21.79,21.79,21.73,17436"
2026-05-17T09:25:00.000-00:00,"21.79,21.79,21.79,21.73,49995"
2026-05-17T09:30:00.000-00:00,"21.79,21.75,21.8,21.75,12328"
2026-05-17T09:35:00.000-00:00,"21.75,21.73,21.79,21.72,32988"
2026-05-17T09:40:00.000-00:00,"21.75,21.76,21.79,21.75,6058"
2026-05-17T09:45:00.000-00:00,"21.76,21.8,21.83,21.75,46711"
2026-05-17T09:50:00.000-00:00,"21.8,21.74,21.8,21.74,66140"
2026-05-17T09:55:00.000-00:00,"21.74,21.7,21.74,21.7,80823"
2026-05-17T10:00:00.000-00:00,"21.7,21.75,21.75,21.7,6427"
2026-05-17T10:05:00.000-00:00,"21.75,21.75,21.75,21.75,1911"
2026-05-17T10:10:00.000-00:00,"21.73,21.79,21.79,21.7,12628"
2026-05-17T10:15:00.000-00:00,"21.79,21.79,21.79,21.71,1926"
2026-05-17T10:20:00.000-00:00,"21.78,21.78,21.78,21.75,3933"
2026-05-17T10:25:00.000-00:00,"21.77,21.79,21.79,21.71,5116"
2026-05-17T10:30:00.000-00:00,"21.79,21.68,21.79,21.68,22841"
2026-05-17T10:35:00.000-00:00,"21.7,21.67,21.7,21.67,8950"
2026-05-17T10:40:00.000-00:00,"21.67,21.51,21.69,21.5,157903"
2026-05-17T10:45:00.000-00:00,"21.6,21.51,21.67,21.5,101328"
2026-05-17T10:50:00.000-00:00,"21.65,21.65,21.65,21.52,2736"
2026-05-17T10:55:00.000-00:00,"21.52,21.62,21.62,21.52,3620"
2026-05-17T11:00:00.000-00:00,"21.52,21.5,21.6,21.5,104808"
2026-05-17T11:05:00.000-00:00,"21.51,21.55,21.58,21.5,38865"
2026-05-17T11:10:00.000-00:00,"21.55,21.6,21.6,21.48,73968"
2026-05-17T11:15:00.000-00:00,"21.62,21.63,21.63,21.62,5000"
2026-05-17T11:25:00.000-00:00,"21.61,21.61,21.61,21.61,8643"
2026-05-18T07:00:00.000-00:00,"21.46,21.44,21.65,21.43,18403"
2026-05-18T07:05:00.000-00:00,"21.43,21.5,21.6,21.42,18184"
2026-05-18T07:10:00.000-00:00,"21.51,21.59,21.59,21.51,7370"
2026-05-18T07:15:00.000-00:00,"21.59,21.51,21.6,21.51,3136"
2026-05-18T07:20:00.000-00:00,"21.52,21.51,21.52,21.5,20889"
2026-05-18T07:25:00.000-00:00,"21.51,21.5,21.6,21.44,14226"
2026-05-18T07:30:00.000-00:00,"21.5,21.45,21.55,21.45,33699"
2026-05-18T07:35:00.000-00:00,"21.45,21.5,21.5,21.44,28028"
2026-05-18T07:40:00.000-00:00,"21.44,21.49,21.5,21.43,10019"
2026-05-18T07:45:00.000-00:00,"21.49,21.49,21.49,21.45,8438"
2026-05-18T07:50:00.000-00:00,"21.45,21.45,21.45,21.45,2462"
2026-05-18T07:55:00.000-00:00,"21.47,21.43,21.47,21.43,9326"
2026-05-18T08:00:00.000-00:00,"21.44,21.45,21.5,21.44,20695"
2026-05-18T08:05:00.000-00:00,"21.49,21.5,21.5,21.49,23364"
2026-05-18T08:10:00.000-00:00,"21.48,21.5,21.5,21.45,13798"
2026-05-18T08:15:00.000-00:00,"21.49,21.5,21.5,21.46,4832"
2026-05-18T08:20:00.000-00:00,"21.5,21.5,21.5,21.48,31869"
2026-05-18T08:25:00.000-00:00,"21.5,21.53,21.6,21.5,168032"
2026-05-18T08:30:00.000-00:00,"21.54,21.55,21.59,21.52,15924"
2026-05-18T08:35:00.000-00:00,"21.55,21.51,21.55,21.51,56109"
2026-05-18T08:40:00.000-00:00,"21.55,21.54,21.58,21.5,34398"
2026-05-18T08:45:00.000-00:00,"21.54,21.58,21.58,21.54,43867"
2026-05-18T08:50:00.000-00:00,"21.58,21.55,21.58,21.55,14958"
2026-05-18T08:55:00.000-00:00,"21.55,21.5,21.55,21.5,54529"
2026-05-18T09:00:00.000-00:00,"21.5,21.52,21.6,21.5,50313"
2026-05-18T09:05:00.000-00:00,"21.6,21.6,21.64,21.6,14699"
2026-05-18T09:10:00.000-00:00,"21.6,21.6,21.64,21.58,15109"
2026-05-18T09:15:00.000-00:00,"21.6,21.58,21.6,21.58,1556"
2026-05-18T09:20:00.000-00:00,"21.58,21.6,21.63,21.58,16143"
2026-05-18T09:25:00.000-00:00,"21.58,21.5,21.58,21.42,62183"
2026-05-18T09:30:00.000-00:00,"21.5,21.53,21.53,21.4,102170"
2026-05-18T09:35:00.000-00:00,"21.41,21.4,21.48,21.4,64550"
2026-05-18T09:40:00.000-00:00,"21.42,21.35,21.48,21.35,60130"
2026-05-18T09:45:00.000-00:00,"21.4,21.4,21.4,21.35,53848"
2026-05-18T09:50:00.000-00:00,"21.35,21.31,21.45,21.3,174781"
2026-05-18T09:55:00.000-00:00,"21.4,21.4,21.4,21.4,71554"
2026-05-18T10:00:00.000-00:00,"21.34,21.3,21.37,21.3,108647"
2026-05-18T10:05:00.000-00:00,"21.36,21.36,21.36,21.3,57193"
2026-05-18T10:10:00.000-00:00,"21.36,21.4,21.4,21.36,49065"
2026-05-18T10:15:00.000-00:00,"21.45,21.5,21.5,21.4,143276"
2026-05-18T10:20:00.000-00:00,"21.5,21.6,21.6,21.48,149742"
2026-05-18T10:25:00.000-00:00,"21.59,21.6,21.6,21.5,114359"
2026-05-18T10:30:00.000-00:00,"21.58,21.6,21.6,21.53,96046"
2026-05-18T10:35:00.000-00:00,"21.53,21.6,21.62,21.53,89734"
2026-05-18T10:40:00.000-00:00,"21.6,21.6,21.61,21.6,70817"
2026-05-18T10:45:00.000-00:00,"21.6,21.6,21.62,21.55,169724"
2026-05-18T10:50:00.000-00:00,"21.59,21.62,21.62,21.59,109086"
2026-05-18T10:55:00.000-00:00,"21.62,21.62,21.64,21.6,69838"
2026-05-18T11:00:00.000-00:00,"21.62,21.66,21.66,21.6,68172"
2026-05-18T11:05:00.000-00:00,"21.64,21.6,21.65,21.53,74999"
2026-05-18T11:10:00.000-00:00,"21.6,21.6,21.65,21.52,76863"
2026-05-18T11:25:00.000-00:00,"21.51,21.51,21.51,21.51,63203"
2026-05-19T07:00:00.000-00:00,"21.55,21.55,21.69,21.55,10500"
2026-05-19T07:05:00.000-00:00,"21.63,21.63,21.63,21.55,7147"
2026-05-19T07:10:00.000-00:00,"21.63,21.62,21.63,21.55,5640"
2026-05-19T07:15:00.000-00:00,"21.62,21.63,21.63,21.6,7232"
2026-05-19T07:20:00.000-00:00,"21.63,21.6,21.63,21.6,6126"
2026-05-19T07:25:00.000-00:00,"21.63,21.65,21.65,21.6,8115"
2026-05-19T07:30:00.000-00:00,"21.61,21.64,21.64,21.6,4390"
2026-05-19T07:35:00.000-00:00,"21.61,21.64,21.64,21.61,4637"
2026-05-19T07:40:00.000-00:00,"21.61,21.64,21.64,21.61,265"
2026-05-19T07:45:00.000-00:00,"21.64,21.64,21.64,21.56,12894"
2026-05-19T07:50:00.000-00:00,"21.64,21.63,21.64,21.61,8219"
2026-05-19T07:55:00.000-00:00,"21.64,21.64,21.64,21.61,26725"
2026-05-19T08:00:00.000-00:00,"21.64,21.62,21.65,21.62,218"
2026-05-19T08:05:00.000-00:00,"21.64,21.69,21.69,21.64,71115"
2026-05-19T08:10:00.000-00:00,"21.69,21.69,21.69,21.65,5588"
2026-05-19T08:15:00.000-00:00,"21.65,21.65,21.69,21.65,23114"
2026-05-19T08:20:00.000-00:00,"21.65,21.68,21.68,21.65,36532"
2026-05-19T08:25:00.000-00:00,"21.68,21.68,21.68,21.65,7954"
2026-05-19T08:30:00.000-00:00,"21.68,21.71,21.71,21.68,99776"
2026-05-19T08:35:00.000-00:00,"21.71,21.72,21.75,21.7,33938"
2026-05-19T08:40:00.000-00:00,"21.73,21.73,21.75,21.73,7085"
2026-05-19T08:45:00.000-00:00,"21.75,21.77,21.77,21.75,27333"
2026-05-19T08:50:00.000-00:00,"21.75,21.88,21.88,21.75,275408"
2026-05-19T08:55:00.000-00:00,"21.88,21.88,21.89,21.83,12547"
2026-05-19T09:00:00.000-00:00,"21.88,21.83,21.89,21.83,11963"
2026-05-19T09:05:00.000-00:00,"21.83,21.87,21.87,21.83,6839"
2026-05-19T09:10:00.000-00:00,"21.84,21.89,21.9,21.8,66590"
2026-05-19T09:15:00.000-00:00,"21.88,21.79,21.88,21.79,8248"
2026-05-19T09:20:00.000-00:00,"21.8,21.88,21.88,21.8,12230"
2026-05-19T09:25:00.000-00:00,"21.88,21.88,21.89,21.87,15425"
2026-05-19T09:30:00.000-00:00,"21.88,21.8,21.88,21.8,59907"
2026-05-19T09:35:00.000-00:00,"21.8,21.85,21.87,21.78,3423"
2026-05-19T09:40:00.000-00:00,"21.85,21.82,21.89,21.82,38001"
2026-05-19T09:45:00.000-00:00,"21.88,21.86,21.89,21.86,27148"
2026-05-19T09:50:00.000-00:00,"21.88,21.87,21.89,21.86,31373"
2026-05-19T09:55:00.000-00:00,"21.88,21.86,21.88,21.86,21160"
2026-05-19T10:00:00.000-00:00,"21.87,21.86,21.87,21.86,10591"
2026-05-19T10:05:00.000-00:00,"21.86,21.86,21.86,21.84,10810"
2026-05-19T10:10:00.000-00:00,"21.84,21.84,21.86,21.84,6767"
2026-05-19T10:15:00.000-00:00,"21.83,21.88,21.88,21.83,18065"
2026-05-19T10:20:00.000-00:00,"21.84,21.9,21.9,21.84,153686"
2026-05-19T10:25:00.000-00:00,"21.89,21.92,21.92,21.84,66402"
2026-05-19T10:30:00.000-00:00,"21.92,21.87,21.95,21.87,71536"
2026-05-19T10:35:00.000-00:00,"21.88,21.9,21.9,21.86,42166"
2026-05-19T10:40:00.000-00:00,"21.9,21.99,21.99,21.9,109826"
2026-05-19T10:45:00.000-00:00,"21.94,21.94,21.99,21.94,41509"
2026-05-19T10:50:00.000-00:00,"21.94,21.99,21.99,21.94,46245"
2026-05-19T10:55:00.000-00:00,"21.99,22.1,22.1,21.96,420860"
2026-05-19T11:00:00.000-00:00,"22.1,22,22.12,21.88,149254"
2026-05-19T11:05:00.000-00:00,"22,22,22,21.9,4304"
2026-05-19T11:10:00.000-00:00,"22,22,22,21.95,22613"
2026-05-19T11:25:00.000-00:00,"21.75,21.75,21.75,21.75,78116"
2026-05-20T07:00:00.000-00:00,"21.9,22,22.08,21.81,109954"
2026-05-20T07:05:00.000-00:00,"22.07,22.12,22.17,22,79718"
2026-05-20T07:10:00.000-00:00,"22.11,22,22.11,22,25088"
2026-05-20T07:15:00.000-00:00,"22.01,21.95,22.01,21.86,62992"
2026-05-20T07:20:00.000-00:00,"21.99,21.93,21.99,21.9,14177"
2026-05-20T07:25:00.000-00:00,"21.93,21.9,21.93,21.9,3655"
2026-05-20T07:30:00.000-00:00,"21.92,22,22,21.92,61832"
2026-05-20T07:35:00.000-00:00,"22,21.9,22.05,21.9,76910"
2026-05-20T07:40:00.000-00:00,"22,22,22,21.91,1124"
2026-05-20T07:45:00.000-00:00,"21.91,21.93,22,21.91,6269"
2026-05-20T07:50:00.000-00:00,"21.93,21.9,22,21.9,45577"
2026-05-20T07:55:00.000-00:00,"21.95,21.9,21.95,21.9,5720"
2026-05-20T08:00:00.000-00:00,"21.91,21.9,21.91,21.88,41307"
2026-05-20T08:05:00.000-00:00,"21.9,21.93,21.93,21.87,8728"
2026-05-20T08:10:00.000-00:00,"21.92,21.73,21.92,21.67,169740"
2026-05-20T08:15:00.000-00:00,"21.8,21.73,21.8,21.73,85881"
2026-05-20T08:20:00.000-00:00,"21.8,21.76,21.8,21.76,67622"
2026-05-20T08:25:00.000-00:00,"21.8,21.81,21.9,21.8,118981"
2026-05-20T08:30:00.000-00:00,"21.81,22,22,21.8,133866"
2026-05-20T08:35:00.000-00:00,"22,21.93,22.05,21.93,68159"
2026-05-20T08:40:00.000-00:00,"22,22,22,22,100"
2026-05-20T08:45:00.000-00:00,"21.98,21.91,21.98,21.85,16579"
2026-05-20T08:50:00.000-00:00,"21.98,21.9,21.98,21.9,15321"
2026-05-20T08:55:00.000-00:00,"21.9,21.88,21.98,21.87,545"
2026-05-20T09:00:00.000-00:00,"21.89,21.95,21.95,21.88,2735"
2026-05-20T09:05:00.000-00:00,"21.95,21.94,21.95,21.94,10891"
2026-05-20T09:10:00.000-00:00,"21.93,21.9,21.93,21.9,628"
2026-05-20T09:15:00.000-00:00,"21.9,21.93,21.93,21.87,1192"
2026-05-20T09:20:00.000-00:00,"21.87,21.93,21.93,21.86,15015"
2026-05-20T09:25:00.000-00:00,"21.87,21.87,21.87,21.87,2166"
2026-05-20T09:30:00.000-00:00,"21.86,21.86,21.87,21.86,3746"
2026-05-20T09:35:00.000-00:00,"21.87,21.86,21.87,21.86,1197"
2026-05-20T09:40:00.000-00:00,"21.86,21.8,21.86,21.78,60906"
2026-05-20T09:45:00.000-00:00,"21.78,21.8,21.8,21.78,17621"
2026-05-20T09:50:00.000-00:00,"21.78,21.8,21.8,21.7,121081"
2026-05-20T09:55:00.000-00:00,"21.8,21.79,21.8,21.7,19848"
2026-05-20T10:00:00.000-00:00,"21.79,21.7,21.8,21.7,10046"
2026-05-20T10:05:00.000-00:00,"21.7,21.7,21.79,21.7,12460"
2026-05-20T10:10:00.000-00:00,"21.7,21.7,21.79,21.6,201491"
2026-05-20T10:15:00.000-00:00,"21.78,21.89,21.94,21.78,186970"
2026-05-20T10:20:00.000-00:00,"21.89,21.85,21.89,21.8,57737"
2026-05-20T10:25:00.000-00:00,"21.85,21.8,21.87,21.8,44233"
2026-05-20T10:30:00.000-00:00,"21.84,21.88,21.89,21.8,46795"
2026-05-20T10:35:00.000-00:00,"21.88,21.9,21.96,21.8,86341"
2026-05-20T10:40:00.000-00:00,"21.93,21.9,21.93,21.87,76806"
2026-05-20T10:45:00.000-00:00,"21.9,21.8,21.9,21.7,115806"
2026-05-20T10:50:00.000-00:00,"21.78,21.7,21.8,21.65,136271"
2026-05-20T10:55:00.000-00:00,"21.79,21.61,21.84,21.61,180772"
2026-05-20T11:00:00.000-00:00,"21.7,21.7,21.85,21.61,101139"
2026-05-20T11:05:00.000-00:00,"21.7,21.7,21.7,21.61,52061"
2026-05-20T11:10:00.000-00:00,"21.7,21.74,21.79,21.62,11496"
2026-05-20T11:25:00.000-00:00,"21.62,21.62,21.62,21.62,34518"
