Date,Message
2025-07-29T10:45:00.000-00:00,"3.52,3.53,3.53,3.51,1296866"
2025-07-29T10:50:00.000-00:00,"3.53,3.54,3.54,3.52,883016"
2025-07-29T10:55:00.000-00:00,"3.54,3.55,3.55,3.54,1409986"
2025-07-29T11:00:00.000-00:00,"3.56,3.57,3.58,3.56,2582848"
2025-07-29T11:05:00.000-00:00,"3.57,3.55,3.57,3.55,2433110"
2025-07-29T11:10:00.000-00:00,"3.55,3.55,3.56,3.52,8178649"
2025-07-29T11:25:00.000-00:00,"3.54,3.54,3.54,3.54,5021823"
2025-07-30T07:00:00.000-00:00,"3.54,3.52,3.54,3.52,2788298"
2025-07-30T07:05:00.000-00:00,"3.52,3.53,3.53,3.51,2230410"
2025-07-30T07:10:00.000-00:00,"3.53,3.53,3.54,3.52,219487"
2025-07-30T07:15:00.000-00:00,"3.53,3.52,3.53,3.52,72233"
2025-07-30T07:20:00.000-00:00,"3.53,3.53,3.53,3.53,1205272"
2025-07-30T07:25:00.000-00:00,"3.53,3.53,3.54,3.53,306081"
2025-07-30T07:30:00.000-00:00,"3.52,3.52,3.53,3.52,625087"
2025-07-30T07:35:00.000-00:00,"3.52,3.52,3.54,3.51,830008"
2025-07-30T07:40:00.000-00:00,"3.53,3.53,3.53,3.53,547861"
2025-07-30T07:45:00.000-00:00,"3.53,3.55,3.55,3.53,1165394"
2025-07-30T07:50:00.000-00:00,"3.55,3.54,3.55,3.54,2220532"
2025-07-30T07:55:00.000-00:00,"3.54,3.54,3.55,3.54,1778113"
2025-07-30T08:00:00.000-00:00,"3.55,3.55,3.55,3.54,86884"
2025-07-30T08:05:00.000-00:00,"3.54,3.54,3.54,3.54,474163"
2025-07-30T08:10:00.000-00:00,"3.53,3.53,3.54,3.53,745173"
2025-07-30T08:15:00.000-00:00,"3.53,3.54,3.54,3.53,1135382"
2025-07-30T08:20:00.000-00:00,"3.54,3.53,3.54,3.53,7439"
2025-07-30T08:25:00.000-00:00,"3.54,3.53,3.54,3.53,8639"
2025-07-30T08:30:00.000-00:00,"3.53,3.52,3.54,3.52,1472919"
2025-07-30T08:35:00.000-00:00,"3.52,3.49,3.52,3.47,4498624"
2025-07-30T08:40:00.000-00:00,"3.48,3.48,3.49,3.48,1155833"
2025-07-30T08:45:00.000-00:00,"3.49,3.49,3.49,3.48,327302"
2025-07-30T08:50:00.000-00:00,"3.49,3.5,3.5,3.49,1537067"
2025-07-30T08:55:00.000-00:00,"3.5,3.49,3.5,3.49,469354"
2025-07-30T09:00:00.000-00:00,"3.5,3.5,3.51,3.5,3111231"
2025-07-30T09:05:00.000-00:00,"3.5,3.5,3.5,3.49,251054"
2025-07-30T09:10:00.000-00:00,"3.5,3.49,3.5,3.49,6181"
2025-07-30T09:15:00.000-00:00,"3.5,3.49,3.5,3.49,33683"
2025-07-30T09:20:00.000-00:00,"3.49,3.49,3.5,3.49,58151"
2025-07-30T09:25:00.000-00:00,"3.5,3.49,3.5,3.49,214421"
2025-07-30T09:30:00.000-00:00,"3.49,3.47,3.49,3.47,3347620"
2025-07-30T09:35:00.000-00:00,"3.48,3.48,3.48,3.47,1037937"
2025-07-30T09:40:00.000-00:00,"3.48,3.46,3.48,3.46,3619660"
2025-07-30T09:45:00.000-00:00,"3.46,3.45,3.47,3.44,3549821"
2025-07-30T09:50:00.000-00:00,"3.44,3.39,3.45,3.38,16259041"
2025-07-30T09:55:00.000-00:00,"3.39,3.31,3.39,3.3,11336183"
2025-07-30T10:00:00.000-00:00,"3.3,3.34,3.34,3.3,6270425"
2025-07-30T10:05:00.000-00:00,"3.34,3.35,3.36,3.34,3191397"
2025-07-30T10:10:00.000-00:00,"3.35,3.37,3.37,3.35,1601293"
2025-07-30T10:15:00.000-00:00,"3.37,3.36,3.37,3.35,930807"
2025-07-30T10:20:00.000-00:00,"3.35,3.33,3.35,3.33,1705740"
2025-07-30T10:25:00.000-00:00,"3.33,3.19,3.34,3.19,18811868"
2025-07-30T10:30:00.000-00:00,"3.2,3.18,3.2,3.18,548507"
2025-07-30T10:40:00.000-00:00,"3.2,3.22,3.26,3.15,12038895"
2025-07-30T10:45:00.000-00:00,"3.22,3.2,3.22,3.17,10393619"
2025-07-30T10:50:00.000-00:00,"3.19,3.12,3.2,3.1,12207571"
2025-07-30T10:55:00.000-00:00,"3.14,3.03,3.14,3.01,12609216"
2025-07-30T11:00:00.000-00:00,"3.04,3.09,3.1,3.04,6166304"
2025-07-30T11:05:00.000-00:00,"3.1,3.18,3.19,3.09,7312520"
2025-07-30T11:10:00.000-00:00,"3.18,3.2,3.21,3.18,11763518"
2025-07-30T11:15:00.000-00:00,"3.19,3.22,3.22,3.19,886717"
2025-07-31T07:00:00.000-00:00,"3.29,3.33,3.35,3.26,7503767"
2025-07-31T07:05:00.000-00:00,"3.33,3.29,3.33,3.27,7629029"
2025-07-31T07:10:00.000-00:00,"3.29,3.29,3.3,3.27,3792855"
2025-07-31T07:15:00.000-00:00,"3.29,3.28,3.29,3.25,3830728"
2025-07-31T07:20:00.000-00:00,"3.28,3.24,3.28,3.24,2252540"
2025-07-31T07:25:00.000-00:00,"3.24,3.24,3.26,3.23,1023445"
2025-07-31T07:30:00.000-00:00,"3.24,3.24,3.25,3.23,778001"
2025-07-31T07:35:00.000-00:00,"3.24,3.25,3.26,3.24,2341139"
2025-07-31T07:40:00.000-00:00,"3.25,3.3,3.32,3.25,7961559"
2025-07-31T07:45:00.000-00:00,"3.3,3.28,3.3,3.28,1391597"
2025-07-31T07:50:00.000-00:00,"3.3,3.28,3.3,3.28,1184606"
2025-07-31T07:55:00.000-00:00,"3.29,3.29,3.29,3.28,153746"
2025-07-31T08:00:00.000-00:00,"3.29,3.28,3.3,3.28,273635"
2025-07-31T08:05:00.000-00:00,"3.29,3.26,3.29,3.26,2299498"
2025-07-31T08:10:00.000-00:00,"3.26,3.25,3.27,3.23,3466948"
2025-07-31T08:15:00.000-00:00,"3.25,3.25,3.26,3.24,654388"
2025-07-31T08:20:00.000-00:00,"3.26,3.26,3.27,3.25,295728"
2025-07-31T08:25:00.000-00:00,"3.27,3.26,3.27,3.26,339255"
2025-07-31T08:30:00.000-00:00,"3.26,3.26,3.26,3.25,245765"
2025-07-31T08:35:00.000-00:00,"3.26,3.26,3.26,3.25,98345"
2025-07-31T08:40:00.000-00:00,"3.26,3.24,3.26,3.24,424410"
2025-07-31T08:45:00.000-00:00,"3.25,3.24,3.25,3.24,162434"
2025-07-31T08:50:00.000-00:00,"3.24,3.24,3.25,3.23,487722"
2025-07-31T08:55:00.000-00:00,"3.24,3.17,3.24,3.17,2840012"
2025-07-31T09:00:00.000-00:00,"3.19,3.21,3.22,3.18,4021106"
2025-07-31T09:05:00.000-00:00,"3.21,3.21,3.23,3.21,4881493"
2025-07-31T09:10:00.000-00:00,"3.22,3.21,3.22,3.21,137234"
2025-07-31T09:15:00.000-00:00,"3.22,3.22,3.22,3.21,85534"
2025-07-31T09:20:00.000-00:00,"3.22,3.22,3.23,3.22,280816"
2025-07-31T09:25:00.000-00:00,"3.22,3.23,3.23,3.22,118522"
2025-07-31T09:30:00.000-00:00,"3.23,3.22,3.24,3.22,553252"
2025-07-31T09:35:00.000-00:00,"3.23,3.2,3.23,3.19,3860048"
2025-07-31T09:40:00.000-00:00,"3.21,3.21,3.22,3.2,568608"
2025-07-31T09:45:00.000-00:00,"3.2,3.21,3.22,3.2,134364"
2025-07-31T09:50:00.000-00:00,"3.2,3.2,3.21,3.19,1881973"
2025-07-31T09:55:00.000-00:00,"3.2,3.2,3.21,3.19,522361"
2025-07-31T10:00:00.000-00:00,"3.2,3.22,3.22,3.2,768350"
2025-07-31T10:05:00.000-00:00,"3.23,3.25,3.26,3.22,3548232"
2025-07-31T10:10:00.000-00:00,"3.25,3.26,3.27,3.24,2219649"
2025-07-31T10:15:00.000-00:00,"3.27,3.25,3.27,3.25,827759"
2025-07-31T10:20:00.000-00:00,"3.25,3.26,3.26,3.25,760993"
2025-07-31T10:25:00.000-00:00,"3.26,3.27,3.27,3.26,532664"
2025-07-31T10:30:00.000-00:00,"3.26,3.28,3.3,3.26,9064514"
2025-07-31T10:35:00.000-00:00,"3.28,3.34,3.36,3.28,15755298"
2025-07-31T10:40:00.000-00:00,"3.34,3.38,3.4,3.34,9973892"
2025-07-31T10:45:00.000-00:00,"3.38,3.4,3.4,3.37,10544214"
2025-07-31T10:50:00.000-00:00,"3.4,3.39,3.4,3.38,6263937"
2025-07-31T10:55:00.000-00:00,"3.39,3.39,3.41,3.38,8133068"
2025-07-31T11:00:00.000-00:00,"3.39,3.4,3.4,3.37,3453925"
2025-07-31T11:05:00.000-00:00,"3.39,3.38,3.4,3.37,1535331"
2025-07-31T11:10:00.000-00:00,"3.38,3.39,3.39,3.37,2625734"
2025-07-31T11:25:00.000-00:00,"3.37,3.37,3.37,3.37,4440631"
2025-08-03T07:00:00.000-00:00,"3.38,3.37,3.39,3.37,1089943"
2025-08-03T07:05:00.000-00:00,"3.37,3.35,3.37,3.32,354732"
2025-08-03T07:10:00.000-00:00,"3.34,3.36,3.36,3.34,260537"
2025-08-03T07:15:00.000-00:00,"3.36,3.36,3.36,3.35,114829"
2025-08-03T07:20:00.000-00:00,"3.36,3.35,3.36,3.34,224899"
2025-08-03T07:25:00.000-00:00,"3.34,3.34,3.34,3.33,321314"
2025-08-03T07:30:00.000-00:00,"3.33,3.33,3.33,3.32,583115"
2025-08-03T07:35:00.000-00:00,"3.32,3.32,3.33,3.32,84093"
2025-08-03T07:40:00.000-00:00,"3.32,3.33,3.34,3.32,447740"
2025-08-03T07:45:00.000-00:00,"3.33,3.33,3.33,3.32,44690"
2025-08-03T07:50:00.000-00:00,"3.33,3.32,3.33,3.32,44528"
2025-08-03T07:55:00.000-00:00,"3.33,3.33,3.34,3.33,171369"
2025-08-03T08:00:00.000-00:00,"3.34,3.33,3.34,3.32,545768"
2025-08-03T08:05:00.000-00:00,"3.33,3.33,3.33,3.32,483541"
2025-08-03T08:10:00.000-00:00,"3.34,3.33,3.34,3.33,632202"
2025-08-03T08:15:00.000-00:00,"3.34,3.33,3.34,3.33,498288"
2025-08-03T08:20:00.000-00:00,"3.33,3.34,3.34,3.33,1060372"
2025-08-03T08:25:00.000-00:00,"3.33,3.35,3.35,3.33,446544"
2025-08-03T08:30:00.000-00:00,"3.35,3.35,3.35,3.34,116883"
2025-08-03T08:35:00.000-00:00,"3.35,3.34,3.35,3.33,402519"
2025-08-03T08:40:00.000-00:00,"3.33,3.32,3.33,3.32,2032856"
2025-08-03T08:45:00.000-00:00,"3.32,3.33,3.33,3.32,245472"
2025-08-03T08:50:00.000-00:00,"3.33,3.34,3.34,3.32,320567"
2025-08-03T08:55:00.000-00:00,"3.33,3.34,3.34,3.33,316900"
2025-08-03T09:00:00.000-00:00,"3.32,3.33,3.34,3.32,55549"
2025-08-03T09:05:00.000-00:00,"3.33,3.33,3.34,3.33,30157"
2025-08-03T09:10:00.000-00:00,"3.33,3.32,3.33,3.32,538997"
2025-08-03T09:15:00.000-00:00,"3.32,3.32,3.33,3.32,516622"
2025-08-03T09:20:00.000-00:00,"3.32,3.32,3.33,3.31,399668"
2025-08-03T09:25:00.000-00:00,"3.32,3.31,3.32,3.31,711896"
2025-08-03T09:30:00.000-00:00,"3.3,3.27,3.31,3.26,11343639"
2025-08-03T09:35:00.000-00:00,"3.27,3.28,3.29,3.26,274563"
2025-08-03T09:40:00.000-00:00,"3.28,3.29,3.29,3.28,122136"
2025-08-03T09:45:00.000-00:00,"3.29,3.3,3.3,3.29,389330"
2025-08-03T09:50:00.000-00:00,"3.3,3.32,3.32,3.3,3574899"
2025-08-03T09:55:00.000-00:00,"3.31,3.31,3.31,3.3,1113218"
2025-08-03T10:00:00.000-00:00,"3.32,3.31,3.32,3.31,1912135"
2025-08-03T10:05:00.000-00:00,"3.32,3.31,3.32,3.31,47017"
2025-08-03T10:10:00.000-00:00,"3.31,3.32,3.32,3.3,707893"
2025-08-03T10:15:00.000-00:00,"3.32,3.31,3.32,3.3,1469725"
2025-08-03T10:20:00.000-00:00,"3.3,3.3,3.31,3.3,833790"
2025-08-03T10:25:00.000-00:00,"3.3,3.3,3.3,3.3,347579"
2025-08-03T10:30:00.000-00:00,"3.3,3.3,3.31,3.28,2303060"
2025-08-03T10:35:00.000-00:00,"3.29,3.3,3.3,3.29,100971"
2025-08-03T10:40:00.000-00:00,"3.29,3.27,3.29,3.27,12147199"
2025-08-03T10:45:00.000-00:00,"3.27,3.26,3.27,3.26,654454"
2025-08-03T10:50:00.000-00:00,"3.27,3.27,3.27,3.26,281150"
2025-08-03T10:55:00.000-00:00,"3.27,3.27,3.28,3.27,376413"
2025-08-03T11:00:00.000-00:00,"3.27,3.27,3.28,3.27,373448"
2025-08-03T11:05:00.000-00:00,"3.27,3.27,3.27,3.26,482730"
2025-08-03T11:10:00.000-00:00,"3.27,3.27,3.27,3.26,1676933"
2025-08-03T11:25:00.000-00:00,"3.26,3.26,3.26,3.26,3626749"
2025-08-04T07:00:00.000-00:00,"3.28,3.31,3.32,3.28,2075109"
2025-08-04T07:05:00.000-00:00,"3.31,3.32,3.32,3.29,2334564"
2025-08-04T07:10:00.000-00:00,"3.32,3.32,3.33,3.31,2132000"
2025-08-04T07:15:00.000-00:00,"3.32,3.32,3.34,3.32,3277827"
2025-08-04T07:20:00.000-00:00,"3.33,3.32,3.33,3.31,554703"
2025-08-04T07:25:00.000-00:00,"3.32,3.32,3.32,3.31,195685"
2025-08-04T07:30:00.000-00:00,"3.31,3.31,3.32,3.31,270292"
2025-08-04T07:35:00.000-00:00,"3.32,3.32,3.32,3.31,34047"
2025-08-04T07:40:00.000-00:00,"3.32,3.32,3.32,3.31,69937"
2025-08-04T07:45:00.000-00:00,"3.32,3.31,3.32,3.31,372223"
2025-08-04T07:50:00.000-00:00,"3.32,3.32,3.32,3.31,156190"
2025-08-04T07:55:00.000-00:00,"3.31,3.31,3.31,3.3,181201"
2025-08-04T08:00:00.000-00:00,"3.31,3.32,3.32,3.3,129539"
2025-08-04T08:05:00.000-00:00,"3.31,3.31,3.32,3.31,141155"
2025-08-04T08:10:00.000-00:00,"3.31,3.3,3.31,3.3,98633"
2025-08-04T08:15:00.000-00:00,"3.3,3.3,3.31,3.3,5225363"
2025-08-04T08:20:00.000-00:00,"3.3,3.27,3.31,3.27,5698141"
2025-08-04T08:25:00.000-00:00,"3.27,3.28,3.29,3.27,325976"
2025-08-04T08:30:00.000-00:00,"3.28,3.28,3.29,3.28,734568"
2025-08-04T08:35:00.000-00:00,"3.28,3.28,3.28,3.27,391596"
2025-08-04T08:40:00.000-00:00,"3.29,3.27,3.29,3.27,113350"
2025-08-04T08:45:00.000-00:00,"3.28,3.28,3.28,3.28,171527"
2025-08-04T08:50:00.000-00:00,"3.28,3.27,3.28,3.27,784714"
2025-08-04T08:55:00.000-00:00,"3.27,3.27,3.28,3.26,608800"
2025-08-04T09:00:00.000-00:00,"3.26,3.27,3.27,3.25,1859416"
2025-08-04T09:05:00.000-00:00,"3.27,3.25,3.27,3.25,1444218"
2025-08-04T09:10:00.000-00:00,"3.26,3.24,3.26,3.23,795593"
2025-08-04T09:15:00.000-00:00,"3.24,3.26,3.26,3.24,415603"
2025-08-04T09:20:00.000-00:00,"3.26,3.25,3.26,3.25,73950"
2025-08-04T09:25:00.000-00:00,"3.25,3.26,3.26,3.24,847643"
2025-08-04T09:30:00.000-00:00,"3.25,3.26,3.26,3.25,688736"
2025-08-04T09:35:00.000-00:00,"3.26,3.25,3.26,3.25,610810"
2025-08-04T09:40:00.000-00:00,"3.26,3.25,3.26,3.25,249867"
2025-08-04T09:45:00.000-00:00,"3.25,3.26,3.26,3.25,555213"
2025-08-04T09:50:00.000-00:00,"3.26,3.26,3.26,3.25,19242"
2025-08-04T09:55:00.000-00:00,"3.25,3.25,3.25,3.25,151128"
2025-08-04T10:00:00.000-00:00,"3.25,3.26,3.26,3.24,87741"
2025-08-04T10:05:00.000-00:00,"3.26,3.26,3.26,3.25,85576"
2025-08-04T10:10:00.000-00:00,"3.25,3.26,3.26,3.25,270751"
2025-08-04T10:15:00.000-00:00,"3.26,3.26,3.27,3.26,76230"
2025-08-04T10:20:00.000-00:00,"3.26,3.26,3.27,3.26,46791"
2025-08-04T10:25:00.000-00:00,"3.26,3.27,3.27,3.25,153473"
2025-08-04T10:30:00.000-00:00,"3.26,3.26,3.27,3.26,64830"
2025-08-04T10:35:00.000-00:00,"3.26,3.26,3.26,3.25,191425"
2025-08-04T10:40:00.000-00:00,"3.26,3.26,3.26,3.25,24518"
2025-08-04T10:45:00.000-00:00,"3.26,3.25,3.26,3.25,378995"
2025-08-04T10:50:00.000-00:00,"3.25,3.25,3.25,3.24,310807"
2025-08-04T10:55:00.000-00:00,"3.25,3.24,3.26,3.24,264882"
2025-08-04T11:00:00.000-00:00,"3.25,3.24,3.25,3.24,895552"
2025-08-04T11:05:00.000-00:00,"3.25,3.25,3.25,3.24,140580"
2025-08-04T11:10:00.000-00:00,"3.24,3.27,3.28,3.22,3925756"
2025-08-04T11:25:00.000-00:00,"3.25,3.25,3.25,3.25,2383633"
2025-08-05T07:00:00.000-00:00,"3.26,3.28,3.28,3.26,672779"
2025-08-05T07:05:00.000-00:00,"3.28,3.29,3.29,3.28,619303"
2025-08-05T07:10:00.000-00:00,"3.28,3.28,3.29,3.26,391601"
2025-08-05T07:15:00.000-00:00,"3.28,3.28,3.28,3.27,105992"
2025-08-05T07:20:00.000-00:00,"3.28,3.27,3.28,3.27,129448"
2025-08-05T07:25:00.000-00:00,"3.28,3.28,3.28,3.27,16301"
2025-08-05T07:30:00.000-00:00,"3.28,3.25,3.28,3.25,11051165"
2025-08-05T07:35:00.000-00:00,"3.25,3.25,3.26,3.25,354257"
2025-08-05T07:40:00.000-00:00,"3.25,3.26,3.26,3.25,149137"
2025-08-05T07:45:00.000-00:00,"3.26,3.27,3.27,3.25,939088"
2025-08-05T07:50:00.000-00:00,"3.27,3.27,3.28,3.27,567000"
2025-08-05T07:55:00.000-00:00,"3.26,3.28,3.28,3.26,900016"
2025-08-05T08:00:00.000-00:00,"3.28,3.28,3.28,3.27,532161"
2025-08-05T08:05:00.000-00:00,"3.28,3.28,3.29,3.27,680610"
2025-08-05T08:10:00.000-00:00,"3.28,3.28,3.29,3.27,1130614"
2025-08-05T08:15:00.000-00:00,"3.28,3.28,3.29,3.28,1015220"
2025-08-05T08:20:00.000-00:00,"3.28,3.3,3.3,3.28,2105093"
2025-08-05T08:25:00.000-00:00,"3.3,3.29,3.31,3.29,3286103"
2025-08-05T08:30:00.000-00:00,"3.29,3.3,3.3,3.28,106102"
2025-08-05T08:35:00.000-00:00,"3.3,3.29,3.3,3.29,74086"
2025-08-05T08:40:00.000-00:00,"3.28,3.28,3.28,3.28,81678"
2025-08-05T08:45:00.000-00:00,"3.28,3.28,3.28,3.27,57545"
2025-08-05T08:50:00.000-00:00,"3.28,3.27,3.28,3.27,585429"
2025-08-05T08:55:00.000-00:00,"3.27,3.28,3.28,3.26,707897"
2025-08-05T09:00:00.000-00:00,"3.28,3.28,3.28,3.28,319"
2025-08-05T09:05:00.000-00:00,"3.28,3.28,3.28,3.27,136421"
2025-08-05T09:10:00.000-00:00,"3.28,3.28,3.28,3.27,312461"
2025-08-05T09:15:00.000-00:00,"3.28,3.27,3.28,3.26,701999"
2025-08-05T09:20:00.000-00:00,"3.27,3.28,3.28,3.27,266890"
2025-08-05T09:25:00.000-00:00,"3.27,3.27,3.27,3.27,200894"
2025-08-05T09:30:00.000-00:00,"3.27,3.28,3.28,3.27,53145"
2025-08-05T09:35:00.000-00:00,"3.28,3.27,3.28,3.27,118617"
2025-08-05T09:40:00.000-00:00,"3.28,3.28,3.28,3.27,30855"
2025-08-05T09:45:00.000-00:00,"3.27,3.27,3.27,3.27,708912"
2025-08-05T09:50:00.000-00:00,"3.27,3.27,3.27,3.27,25950"
2025-08-05T09:55:00.000-00:00,"3.27,3.28,3.28,3.27,371303"
2025-08-05T10:00:00.000-00:00,"3.27,3.28,3.28,3.26,231438"
2025-08-05T10:05:00.000-00:00,"3.28,3.27,3.28,3.27,377976"
2025-08-05T10:10:00.000-00:00,"3.26,3.25,3.26,3.24,12366654"
2025-08-05T10:15:00.000-00:00,"3.25,3.24,3.25,3.23,457454"
2025-08-05T10:20:00.000-00:00,"3.24,3.24,3.24,3.23,241471"
2025-08-05T10:25:00.000-00:00,"3.24,3.24,3.25,3.24,258375"
2025-08-05T10:30:00.000-00:00,"3.24,3.24,3.25,3.23,165998"
2025-08-05T10:35:00.000-00:00,"3.24,3.24,3.25,3.24,117920"
2025-08-05T10:40:00.000-00:00,"3.24,3.24,3.25,3.23,460029"
2025-08-05T10:45:00.000-00:00,"3.24,3.24,3.25,3.23,70504"
2025-08-05T10:50:00.000-00:00,"3.24,3.23,3.24,3.23,859341"
2025-08-05T10:55:00.000-00:00,"3.23,3.23,3.24,3.22,388275"
2025-08-05T11:00:00.000-00:00,"3.23,3.23,3.25,3.22,1350125"
2025-08-05T11:05:00.000-00:00,"3.24,3.24,3.24,3.22,1029849"
2025-08-05T11:10:00.000-00:00,"3.23,3.23,3.24,3.22,1317875"
2025-08-05T11:25:00.000-00:00,"3.24,3.24,3.24,3.24,1802038"
2025-08-06T07:00:00.000-00:00,"3.26,3.25,3.26,3.24,609229"
2025-08-06T07:05:00.000-00:00,"3.24,3.24,3.25,3.24,150572"
2025-08-06T07:10:00.000-00:00,"3.24,3.24,3.25,3.24,266990"
2025-08-06T07:15:00.000-00:00,"3.25,3.24,3.25,3.24,106674"
2025-08-06T07:20:00.000-00:00,"3.24,3.24,3.25,3.24,460784"
2025-08-06T07:25:00.000-00:00,"3.24,3.24,3.24,3.23,422813"
2025-08-06T07:30:00.000-00:00,"3.24,3.23,3.24,3.23,97268"
2025-08-06T07:35:00.000-00:00,"3.24,3.23,3.24,3.22,551672"
2025-08-06T07:40:00.000-00:00,"3.22,3.22,3.23,3.22,513352"
2025-08-06T07:45:00.000-00:00,"3.22,3.2,3.22,3.2,2123817"
2025-08-06T07:50:00.000-00:00,"3.2,3.2,3.21,3.19,4924173"
2025-08-06T07:55:00.000-00:00,"3.2,3.19,3.2,3.18,419198"
2025-08-06T08:00:00.000-00:00,"3.19,3.2,3.2,3.18,347161"
2025-08-06T08:05:00.000-00:00,"3.2,3.2,3.2,3.19,2155745"
2025-08-06T08:10:00.000-00:00,"3.2,3.19,3.2,3.18,1090087"
2025-08-06T08:15:00.000-00:00,"3.19,3.18,3.2,3.18,6771001"
2025-08-06T08:20:00.000-00:00,"3.19,3.18,3.2,3.18,3731096"
2025-08-06T08:25:00.000-00:00,"3.18,3.18,3.19,3.17,3918113"
2025-08-06T08:30:00.000-00:00,"3.19,3.17,3.19,3.16,3456636"
2025-08-06T08:35:00.000-00:00,"3.17,3.16,3.17,3.12,6109715"
2025-08-06T08:40:00.000-00:00,"3.15,3.14,3.15,3.13,3805648"
2025-08-06T08:45:00.000-00:00,"3.13,3.11,3.15,3.11,5453047"
2025-08-06T08:50:00.000-00:00,"3.11,3.11,3.13,3.1,6300929"
2025-08-06T08:55:00.000-00:00,"3.11,3.12,3.12,3.1,3709566"
2025-08-06T09:00:00.000-00:00,"3.12,3.15,3.16,3.11,5262703"
2025-08-06T09:05:00.000-00:00,"3.15,3.13,3.15,3.12,570260"
2025-08-06T09:10:00.000-00:00,"3.14,3.14,3.15,3.12,3005246"
2025-08-06T09:15:00.000-00:00,"3.13,3.13,3.13,3.12,868003"
2025-08-06T09:20:00.000-00:00,"3.13,3.13,3.14,3.13,1252026"
2025-08-06T09:25:00.000-00:00,"3.14,3.12,3.14,3.12,722156"
2025-08-06T09:30:00.000-00:00,"3.13,3.12,3.14,3.12,394943"
2025-08-06T09:35:00.000-00:00,"3.12,3.12,3.13,3.12,164704"
2025-08-06T09:40:00.000-00:00,"3.13,3.14,3.15,3.13,2020023"
2025-08-06T09:45:00.000-00:00,"3.14,3.13,3.15,3.13,1001997"
2025-08-06T09:50:00.000-00:00,"3.13,3.12,3.14,3.12,278190"
2025-08-06T09:55:00.000-00:00,"3.12,3.13,3.13,3.12,546222"
2025-08-06T10:00:00.000-00:00,"3.13,3.11,3.13,3.11,1996143"
2025-08-06T10:05:00.000-00:00,"3.12,3.11,3.12,3.11,967187"
2025-08-06T10:10:00.000-00:00,"3.11,3.09,3.11,3.09,2998770"
2025-08-06T10:15:00.000-00:00,"3.1,3.1,3.11,3.09,2714678"
2025-08-06T10:20:00.000-00:00,"3.1,3.11,3.11,3.09,563214"
2025-08-06T10:25:00.000-00:00,"3.11,3.11,3.11,3.1,1136176"
2025-08-06T10:30:00.000-00:00,"3.12,3.11,3.12,3.1,829613"
2025-08-06T10:35:00.000-00:00,"3.11,3.11,3.12,3.1,758465"
2025-08-06T10:40:00.000-00:00,"3.11,3.11,3.12,3.1,462631"
2025-08-06T10:45:00.000-00:00,"3.11,3.11,3.12,3.1,469867"
2025-08-06T10:50:00.000-00:00,"3.11,3.1,3.11,3.1,626016"
2025-08-06T10:55:00.000-00:00,"3.1,3.12,3.13,3.1,2742862"
2025-08-06T11:00:00.000-00:00,"3.12,3.13,3.13,3.11,2308417"
2025-08-06T11:05:00.000-00:00,"3.12,3.12,3.14,3.12,3652903"
2025-08-06T11:10:00.000-00:00,"3.12,3.11,3.13,3.11,3608524"
2025-08-06T11:15:00.000-00:00,"3.11,3.11,3.11,3.11,24000"
2025-08-06T11:25:00.000-00:00,"3.13,3.13,3.13,3.13,4207678"
2025-08-07T07:00:00.000-00:00,"3.15,3.14,3.15,3.12,1138415"
2025-08-07T07:05:00.000-00:00,"3.14,3.15,3.15,3.14,1659485"
2025-08-07T07:10:00.000-00:00,"3.15,3.15,3.15,3.14,1580732"
2025-08-07T07:15:00.000-00:00,"3.14,3.14,3.15,3.14,678540"
2025-08-07T07:20:00.000-00:00,"3.13,3.13,3.13,3.13,282366"
2025-08-07T07:25:00.000-00:00,"3.13,3.14,3.14,3.13,112152"
2025-08-07T07:30:00.000-00:00,"3.14,3.1,3.14,3.1,1590108"
2025-08-07T07:35:00.000-00:00,"3.11,3.07,3.11,3.07,3978109"
2025-08-07T07:40:00.000-00:00,"3.07,3.08,3.1,3.07,868452"
2025-08-07T07:45:00.000-00:00,"3.09,3.09,3.1,3.08,837969"
2025-08-07T07:50:00.000-00:00,"3.09,3.1,3.1,3.08,1402853"
2025-08-07T07:55:00.000-00:00,"3.1,3.1,3.1,3.09,900556"
2025-08-07T08:00:00.000-00:00,"3.09,3.09,3.1,3.09,672807"
2025-08-07T08:05:00.000-00:00,"3.1,3.09,3.1,3.09,285194"
2025-08-07T08:10:00.000-00:00,"3.09,3.1,3.1,3.09,76546"
2025-08-07T08:15:00.000-00:00,"3.1,3.1,3.1,3.08,1600982"
2025-08-07T08:20:00.000-00:00,"3.09,3.09,3.1,3.09,270412"
2025-08-07T08:25:00.000-00:00,"3.1,3.09,3.1,3.09,770069"
2025-08-07T08:30:00.000-00:00,"3.09,3.08,3.09,3.08,264580"
2025-08-07T08:35:00.000-00:00,"3.09,3.1,3.1,3.08,3094648"
2025-08-07T08:40:00.000-00:00,"3.09,3.09,3.1,3.09,1166662"
2025-08-07T08:45:00.000-00:00,"3.08,3.09,3.09,3.08,768139"
2025-08-07T08:50:00.000-00:00,"3.09,3.09,3.09,3.08,49255"
2025-08-07T08:55:00.000-00:00,"3.08,3.09,3.09,3.08,724181"
2025-08-07T09:00:00.000-00:00,"3.09,3.09,3.1,3.09,525330"
2025-08-07T09:05:00.000-00:00,"3.1,3.09,3.1,3.08,1191684"
2025-08-07T09:10:00.000-00:00,"3.09,3.1,3.1,3.09,135940"
2025-08-07T09:15:00.000-00:00,"3.1,3.1,3.1,3.09,469312"
2025-08-07T09:20:00.000-00:00,"3.1,3.1,3.1,3.09,4757578"
2025-08-07T09:25:00.000-00:00,"3.1,3.09,3.1,3.09,552480"
2025-08-07T09:30:00.000-00:00,"3.1,3.1,3.1,3.1,193307"
2025-08-07T09:35:00.000-00:00,"3.1,3.09,3.1,3.09,876766"
2025-08-07T09:40:00.000-00:00,"3.09,3.09,3.1,3.08,11403283"
2025-08-07T09:45:00.000-00:00,"3.09,3.08,3.09,3.08,630612"
2025-08-07T09:50:00.000-00:00,"3.09,3.09,3.09,3.08,1094575"
2025-08-07T09:55:00.000-00:00,"3.09,3.09,3.1,3.09,754955"
2025-08-07T10:00:00.000-00:00,"3.09,3.1,3.1,3.09,436727"
2025-08-07T10:05:00.000-00:00,"3.09,3.11,3.11,3.09,1888939"
2025-08-07T10:10:00.000-00:00,"3.11,3.13,3.13,3.1,4707518"
2025-08-07T10:15:00.000-00:00,"3.13,3.12,3.13,3.12,1249845"
2025-08-07T10:20:00.000-00:00,"3.12,3.12,3.13,3.11,1726372"
2025-08-07T10:25:00.000-00:00,"3.12,3.12,3.13,3.11,568622"
2025-08-07T10:30:00.000-00:00,"3.11,3.11,3.12,3.11,273024"
2025-08-07T10:35:00.000-00:00,"3.12,3.12,3.12,3.11,45848"
2025-08-07T10:40:00.000-00:00,"3.12,3.11,3.12,3.11,622210"
2025-08-07T10:45:00.000-00:00,"3.11,3.1,3.11,3.1,307877"
2025-08-07T10:50:00.000-00:00,"3.1,3.1,3.11,3.1,1333505"
2025-08-07T10:55:00.000-00:00,"3.1,3.1,3.11,3.09,1392685"
2025-08-07T11:00:00.000-00:00,"3.11,3.11,3.11,3.1,121181"
2025-08-07T11:05:00.000-00:00,"3.1,3.11,3.12,3.1,1487384"
2025-08-07T11:10:00.000-00:00,"3.1,3.1,3.11,3.1,1522953"
2025-08-07T11:25:00.000-00:00,"3.1,3.1,3.1,3.1,4571761"
2025-08-10T07:00:00.000-00:00,"3.13,3.13,3.15,3.13,1281464"
2025-08-10T07:05:00.000-00:00,"3.14,3.13,3.14,3.13,1108200"
2025-08-10T07:10:00.000-00:00,"3.13,3.12,3.14,3.12,1357699"
2025-08-10T07:15:00.000-00:00,"3.12,3.12,3.12,3.11,1807055"
2025-08-10T07:20:00.000-00:00,"3.11,3.11,3.12,3.11,493134"
2025-08-10T07:25:00.000-00:00,"3.12,3.11,3.12,3.1,463439"
2025-08-10T07:30:00.000-00:00,"3.12,3.11,3.12,3.11,302242"
2025-08-10T07:35:00.000-00:00,"3.11,3.11,3.11,3.1,652621"
2025-08-10T07:40:00.000-00:00,"3.11,3.11,3.11,3.1,417343"
2025-08-10T07:45:00.000-00:00,"3.1,3.11,3.12,3.1,284417"
2025-08-10T07:50:00.000-00:00,"3.11,3.11,3.12,3.1,765409"
2025-08-10T07:55:00.000-00:00,"3.11,3.11,3.11,3.1,267392"
2025-08-10T08:00:00.000-00:00,"3.11,3.11,3.11,3.1,68595"
2025-08-10T08:05:00.000-00:00,"3.11,3.11,3.11,3.1,490041"
2025-08-10T08:10:00.000-00:00,"3.11,3.11,3.12,3.1,861300"
2025-08-10T08:15:00.000-00:00,"3.11,3.13,3.13,3.11,1575212"
2025-08-10T08:20:00.000-00:00,"3.12,3.13,3.14,3.12,1439759"
2025-08-10T08:25:00.000-00:00,"3.14,3.16,3.16,3.14,4696921"
2025-08-10T08:30:00.000-00:00,"3.16,3.15,3.16,3.15,1234377"
2025-08-10T08:35:00.000-00:00,"3.15,3.14,3.16,3.13,1407240"
2025-08-10T08:40:00.000-00:00,"3.14,3.15,3.15,3.14,364035"
2025-08-10T08:45:00.000-00:00,"3.15,3.14,3.15,3.14,173728"
2025-08-10T08:50:00.000-00:00,"3.14,3.14,3.14,3.13,148043"
2025-08-10T08:55:00.000-00:00,"3.14,3.15,3.15,3.14,1120219"
2025-08-10T09:00:00.000-00:00,"3.15,3.15,3.15,3.14,320311"
2025-08-10T09:05:00.000-00:00,"3.14,3.14,3.15,3.14,1094532"
2025-08-10T09:10:00.000-00:00,"3.14,3.13,3.14,3.13,724805"
2025-08-10T09:15:00.000-00:00,"3.13,3.13,3.13,3.13,54739"
2025-08-10T09:20:00.000-00:00,"3.12,3.12,3.13,3.12,11316"
2025-08-10T09:25:00.000-00:00,"3.13,3.13,3.13,3.12,1010280"
2025-08-10T09:30:00.000-00:00,"3.13,3.13,3.14,3.13,260287"
2025-08-10T09:35:00.000-00:00,"3.13,3.12,3.13,3.12,308398"
2025-08-10T09:40:00.000-00:00,"3.12,3.13,3.13,3.12,311807"
2025-08-10T09:45:00.000-00:00,"3.13,3.13,3.13,3.12,774567"
2025-08-10T09:50:00.000-00:00,"3.13,3.12,3.13,3.12,1058213"
2025-08-10T09:55:00.000-00:00,"3.12,3.11,3.13,3.1,7238018"
2025-08-10T10:00:00.000-00:00,"3.11,3.11,3.12,3.1,5200330"
2025-08-10T10:05:00.000-00:00,"3.11,3.11,3.11,3.1,337403"
2025-08-10T10:10:00.000-00:00,"3.11,3.12,3.12,3.11,373402"
2025-08-10T10:15:00.000-00:00,"3.12,3.12,3.12,3.11,183158"
2025-08-10T10:20:00.000-00:00,"3.12,3.11,3.12,3.11,146182"
2025-08-10T10:25:00.000-00:00,"3.12,3.12,3.12,3.11,583496"
2025-08-10T10:30:00.000-00:00,"3.12,3.11,3.13,3.11,60792"
2025-08-10T10:35:00.000-00:00,"3.12,3.11,3.12,3.11,462566"
2025-08-10T10:40:00.000-00:00,"3.1,3.11,3.11,3.1,554741"
2025-08-10T10:45:00.000-00:00,"3.11,3.11,3.12,3.11,385671"
2025-08-10T10:50:00.000-00:00,"3.11,3.12,3.13,3.11,1516370"
2025-08-10T10:55:00.000-00:00,"3.13,3.13,3.14,3.12,1039757"
2025-08-10T11:00:00.000-00:00,"3.13,3.13,3.14,3.12,1528113"
2025-08-10T11:05:00.000-00:00,"3.14,3.14,3.14,3.13,765374"
2025-08-10T11:10:00.000-00:00,"3.13,3.16,3.16,3.13,2762659"
2025-08-10T11:15:00.000-00:00,"3.16,3.16,3.16,3.16,10000"
2025-08-10T11:25:00.000-00:00,"3.15,3.15,3.15,3.15,3764723"
2025-08-11T07:00:00.000-00:00,"3.17,3.16,3.17,3.15,492825"
2025-08-11T07:05:00.000-00:00,"3.16,3.16,3.16,3.15,170809"
2025-08-11T07:10:00.000-00:00,"3.16,3.17,3.18,3.15,2374551"
2025-08-11T07:15:00.000-00:00,"3.17,3.17,3.17,3.16,251478"
2025-08-11T07:20:00.000-00:00,"3.17,3.16,3.17,3.15,1354656"
2025-08-11T07:25:00.000-00:00,"3.16,3.16,3.16,3.15,209616"
2025-08-11T07:30:00.000-00:00,"3.16,3.15,3.17,3.15,104122"
2025-08-11T07:35:00.000-00:00,"3.15,3.16,3.16,3.15,350735"
2025-08-11T07:40:00.000-00:00,"3.15,3.14,3.16,3.14,3695645"
2025-08-11T07:45:00.000-00:00,"3.14,3.14,3.14,3.13,304221"
2025-08-11T07:50:00.000-00:00,"3.13,3.14,3.14,3.13,254583"
2025-08-11T07:55:00.000-00:00,"3.13,3.13,3.13,3.13,201295"
2025-08-11T08:00:00.000-00:00,"3.14,3.14,3.14,3.13,275976"
2025-08-11T08:05:00.000-00:00,"3.15,3.14,3.15,3.14,115248"
2025-08-11T08:10:00.000-00:00,"3.14,3.14,3.15,3.14,7483"
2025-08-11T08:15:00.000-00:00,"3.14,3.14,3.14,3.14,533733"
2025-08-11T08:20:00.000-00:00,"3.15,3.15,3.15,3.14,799221"
2025-08-11T08:25:00.000-00:00,"3.14,3.15,3.15,3.14,530096"
2025-08-11T08:30:00.000-00:00,"3.15,3.14,3.15,3.14,139182"
2025-08-11T08:35:00.000-00:00,"3.15,3.14,3.15,3.14,193494"
2025-08-11T08:40:00.000-00:00,"3.14,3.14,3.15,3.14,114473"
2025-08-11T08:45:00.000-00:00,"3.14,3.13,3.15,3.13,125332"
2025-08-11T08:50:00.000-00:00,"3.14,3.14,3.15,3.14,494763"
2025-08-11T08:55:00.000-00:00,"3.15,3.14,3.15,3.13,163346"
2025-08-11T09:00:00.000-00:00,"3.14,3.12,3.14,3.12,1867483"
2025-08-11T09:05:00.000-00:00,"3.12,3.13,3.13,3.12,345912"
2025-08-11T09:10:00.000-00:00,"3.13,3.11,3.14,3.11,1136937"
2025-08-11T09:15:00.000-00:00,"3.11,3.1,3.12,3.1,3597257"
2025-08-11T09:20:00.000-00:00,"3.1,3.09,3.1,3.08,1493747"
2025-08-11T09:25:00.000-00:00,"3.09,3.1,3.1,3.08,1479353"
2025-08-11T09:30:00.000-00:00,"3.1,3.09,3.11,3.09,2064195"
2025-08-11T09:35:00.000-00:00,"3.09,3.09,3.1,3.08,1244850"
2025-08-11T09:40:00.000-00:00,"3.09,3.1,3.1,3.09,335134"
2025-08-11T09:45:00.000-00:00,"3.1,3.07,3.1,3.06,3605611"
2025-08-11T09:50:00.000-00:00,"3.08,3.07,3.08,3.07,1559698"
2025-08-11T09:55:00.000-00:00,"3.08,3.08,3.09,3.07,1814321"
2025-08-11T10:00:00.000-00:00,"3.08,3.09,3.09,3.07,563462"
2025-08-11T10:05:00.000-00:00,"3.09,3.08,3.09,3.07,1576603"
2025-08-11T10:10:00.000-00:00,"3.08,3.08,3.09,3.07,1441399"
2025-08-11T10:15:00.000-00:00,"3.09,3.1,3.1,3.09,1044671"
2025-08-11T10:20:00.000-00:00,"3.1,3.1,3.11,3.1,1525911"
2025-08-11T10:25:00.000-00:00,"3.1,3.1,3.11,3.1,27956"
2025-08-11T10:30:00.000-00:00,"3.1,3.1,3.11,3.09,1093297"
2025-08-11T10:35:00.000-00:00,"3.1,3.11,3.11,3.1,1299176"
2025-08-11T10:40:00.000-00:00,"3.1,3.1,3.11,3.1,1175223"
2025-08-11T10:45:00.000-00:00,"3.09,3.1,3.1,3.09,1876783"
2025-08-11T10:50:00.000-00:00,"3.1,3.09,3.1,3.09,1134595"
2025-08-11T10:55:00.000-00:00,"3.1,3.1,3.1,3.09,45527"
2025-08-11T11:00:00.000-00:00,"3.1,3.09,3.11,3.08,2651098"
2025-08-11T11:05:00.000-00:00,"3.09,3.09,3.1,3.09,659943"
2025-08-11T11:10:00.000-00:00,"3.1,3.09,3.1,3.08,5015689"
2025-08-11T11:25:00.000-00:00,"3.07,3.07,3.07,3.07,5553871"
2025-08-12T07:00:00.000-00:00,"3.08,3.09,3.09,3.08,352964"
2025-08-12T07:05:00.000-00:00,"3.09,3.09,3.09,3.08,453343"
2025-08-12T07:10:00.000-00:00,"3.09,3.09,3.1,3.08,805087"
2025-08-12T07:15:00.000-00:00,"3.09,3.08,3.09,3.08,153769"
2025-08-12T07:20:00.000-00:00,"3.09,3.08,3.09,3.08,46805"
2025-08-12T07:25:00.000-00:00,"3.09,3.09,3.09,3.08,190653"
2025-08-12T07:30:00.000-00:00,"3.08,3.09,3.09,3.08,11545"
2025-08-12T07:35:00.000-00:00,"3.09,3.08,3.09,3.08,589212"
2025-08-12T07:40:00.000-00:00,"3.08,3.07,3.08,3.06,1853467"
2025-08-12T07:45:00.000-00:00,"3.06,3.08,3.08,3.06,1391721"
2025-08-12T07:50:00.000-00:00,"3.08,3.08,3.08,3.07,662631"
2025-08-12T07:55:00.000-00:00,"3.08,3.08,3.09,3.08,139825"
2025-08-12T08:00:00.000-00:00,"3.08,3.08,3.09,3.08,253208"
2025-08-12T08:05:00.000-00:00,"3.08,3.07,3.09,3.07,64960"
2025-08-12T08:10:00.000-00:00,"3.07,3.08,3.08,3.07,113465"
2025-08-12T08:15:00.000-00:00,"3.08,3.08,3.08,3.07,35426"
2025-08-12T08:20:00.000-00:00,"3.08,3.08,3.09,3.08,805595"
2025-08-12T08:25:00.000-00:00,"3.08,3.08,3.09,3.08,46362"
2025-08-12T08:30:00.000-00:00,"3.08,3.08,3.09,3.08,122532"
2025-08-12T08:35:00.000-00:00,"3.09,3.09,3.09,3.08,55505"
2025-08-12T08:40:00.000-00:00,"3.09,3.08,3.09,3.07,3306965"
2025-08-12T08:45:00.000-00:00,"3.08,3.09,3.09,3.08,367446"
2025-08-12T08:50:00.000-00:00,"3.08,3.08,3.09,3.08,19968"
2025-08-12T08:55:00.000-00:00,"3.09,3.08,3.09,3.07,1514621"
2025-08-12T09:00:00.000-00:00,"3.09,3.08,3.09,3.07,3612357"
2025-08-12T09:05:00.000-00:00,"3.09,3.09,3.1,3.08,2251758"
2025-08-12T09:10:00.000-00:00,"3.1,3.08,3.1,3.08,2910920"
2025-08-12T09:15:00.000-00:00,"3.08,3.08,3.09,3.08,2620000"
2025-08-12T09:20:00.000-00:00,"3.08,3.09,3.09,3.08,55895"
2025-08-12T09:25:00.000-00:00,"3.08,3.08,3.09,3.07,1773628"
2025-08-12T09:30:00.000-00:00,"3.08,3.12,3.13,3.08,5282183"
2025-08-12T09:35:00.000-00:00,"3.12,3.13,3.14,3.12,3114312"
2025-08-12T09:40:00.000-00:00,"3.13,3.13,3.14,3.12,3966963"
2025-08-12T09:45:00.000-00:00,"3.13,3.13,3.14,3.13,2233047"
2025-08-12T09:50:00.000-00:00,"3.13,3.11,3.13,3.11,1853888"
2025-08-12T09:55:00.000-00:00,"3.11,3.12,3.13,3.11,652625"
2025-08-12T10:00:00.000-00:00,"3.11,3.12,3.12,3.11,332974"
2025-08-12T10:05:00.000-00:00,"3.12,3.13,3.13,3.12,488686"
2025-08-12T10:10:00.000-00:00,"3.13,3.12,3.13,3.12,325470"
2025-08-12T10:15:00.000-00:00,"3.13,3.12,3.13,3.12,115918"
2025-08-12T10:20:00.000-00:00,"3.13,3.12,3.13,3.12,340745"
2025-08-12T10:25:00.000-00:00,"3.12,3.13,3.13,3.12,216250"
2025-08-12T10:30:00.000-00:00,"3.12,3.12,3.12,3.12,300891"
2025-08-12T10:35:00.000-00:00,"3.12,3.12,3.12,3.12,56580"
2025-08-12T10:40:00.000-00:00,"3.13,3.11,3.13,3.11,251265"
2025-08-12T10:45:00.000-00:00,"3.11,3.11,3.12,3.11,148858"
2025-08-12T10:50:00.000-00:00,"3.11,3.12,3.13,3.11,1352028"
2025-08-12T10:55:00.000-00:00,"3.12,3.13,3.13,3.11,1929441"
2025-08-12T11:00:00.000-00:00,"3.12,3.12,3.12,3.11,1112053"
2025-08-12T11:05:00.000-00:00,"3.11,3.12,3.12,3.11,638860"
2025-08-12T11:10:00.000-00:00,"3.12,3.11,3.12,3.1,3408825"
2025-08-12T11:25:00.000-00:00,"3.11,3.11,3.11,3.11,3383982"
2025-08-13T07:00:00.000-00:00,"3.12,3.12,3.13,3.11,112254"
2025-08-13T07:05:00.000-00:00,"3.12,3.14,3.14,3.11,2435959"
2025-08-13T07:10:00.000-00:00,"3.12,3.13,3.14,3.12,215664"
2025-08-13T07:15:00.000-00:00,"3.13,3.14,3.14,3.13,150145"
2025-08-13T07:20:00.000-00:00,"3.13,3.13,3.14,3.12,110874"
2025-08-13T07:25:00.000-00:00,"3.12,3.13,3.13,3.12,46961"
2025-08-13T07:30:00.000-00:00,"3.12,3.13,3.13,3.12,75312"
2025-08-13T07:35:00.000-00:00,"3.12,3.13,3.13,3.12,1068163"
2025-08-13T07:40:00.000-00:00,"3.14,3.13,3.14,3.13,54357"
2025-08-13T07:45:00.000-00:00,"3.14,3.14,3.14,3.13,4739"
2025-08-13T07:50:00.000-00:00,"3.14,3.13,3.14,3.13,1608748"
2025-08-13T07:55:00.000-00:00,"3.13,3.12,3.13,3.12,456799"
2025-08-13T08:05:00.000-00:00,"3.13,3.12,3.13,3.12,22698"
2025-08-13T08:10:00.000-00:00,"3.12,3.13,3.13,3.12,512234"
2025-08-13T08:15:00.000-00:00,"3.13,3.13,3.13,3.12,10501"
2025-08-13T08:20:00.000-00:00,"3.12,3.13,3.13,3.12,1098169"
2025-08-13T08:25:00.000-00:00,"3.13,3.13,3.13,3.13,1652496"
2025-08-13T08:30:00.000-00:00,"3.12,3.12,3.13,3.12,272491"
2025-08-13T08:35:00.000-00:00,"3.12,3.12,3.12,3.12,875000"
2025-08-13T08:40:00.000-00:00,"3.13,3.12,3.13,3.12,60378"
2025-08-13T08:45:00.000-00:00,"3.13,3.12,3.13,3.12,524599"
2025-08-13T08:50:00.000-00:00,"3.13,3.13,3.13,3.12,575725"
2025-08-13T08:55:00.000-00:00,"3.12,3.11,3.12,3.11,415165"
2025-08-13T09:00:00.000-00:00,"3.11,3.12,3.12,3.11,75800"
2025-08-13T09:05:00.000-00:00,"3.12,3.12,3.12,3.12,346685"
2025-08-13T09:10:00.000-00:00,"3.12,3.12,3.12,3.12,7690"
2025-08-13T09:15:00.000-00:00,"3.11,3.12,3.12,3.11,25832"
2025-08-13T09:20:00.000-00:00,"3.11,3.11,3.11,3.11,22473"
2025-08-13T09:25:00.000-00:00,"3.11,3.11,3.12,3.11,252991"
2025-08-13T09:30:00.000-00:00,"3.11,3.11,3.12,3.11,369799"
2025-08-13T09:35:00.000-00:00,"3.12,3.12,3.12,3.11,2770"
2025-08-13T09:40:00.000-00:00,"3.11,3.12,3.12,3.11,10000"
2025-08-13T09:45:00.000-00:00,"3.11,3.1,3.11,3.1,3823282"
2025-08-13T09:50:00.000-00:00,"3.1,3.09,3.1,3.09,317677"
2025-08-13T09:55:00.000-00:00,"3.09,3.09,3.09,3.09,1400"
2025-08-13T10:00:00.000-00:00,"3.09,3.09,3.1,3.09,303318"
2025-08-13T10:05:00.000-00:00,"3.09,3.09,3.09,3.08,761402"
2025-08-13T10:10:00.000-00:00,"3.08,3.08,3.09,3.08,395915"
2025-08-13T10:15:00.000-00:00,"3.08,3.08,3.09,3.08,362107"
2025-08-13T10:20:00.000-00:00,"3.08,3.08,3.09,3.08,358830"
2025-08-13T10:25:00.000-00:00,"3.08,3.09,3.09,3.07,110360"
2025-08-13T10:30:00.000-00:00,"3.08,3.08,3.09,3.07,429568"
2025-08-13T10:35:00.000-00:00,"3.09,3.08,3.09,3.08,173079"
2025-08-13T10:40:00.000-00:00,"3.09,3.09,3.09,3.08,534843"
2025-08-13T10:45:00.000-00:00,"3.09,3.1,3.1,3.09,1156027"
2025-08-13T10:50:00.000-00:00,"3.1,3.08,3.1,3.08,127060"
2025-08-13T10:55:00.000-00:00,"3.09,3.09,3.09,3.09,397800"
2025-08-13T11:00:00.000-00:00,"3.09,3.09,3.09,3.08,1029331"
2025-08-13T11:05:00.000-00:00,"3.08,3.09,3.1,3.08,1283874"
2025-08-13T11:10:00.000-00:00,"3.1,3.08,3.11,3.08,3291757"
2025-08-13T11:15:00.000-00:00,"3.09,3.09,3.09,3.09,16750"
2025-08-13T11:25:00.000-00:00,"3.08,3.08,3.08,3.08,2838040"
2025-08-14T07:00:00.000-00:00,"3.09,3.1,3.1,3.08,4413165"
2025-08-14T07:05:00.000-00:00,"3.1,3.1,3.1,3.09,1643760"
2025-08-14T07:10:00.000-00:00,"3.11,3.08,3.11,3.08,2540282"
2025-08-14T07:15:00.000-00:00,"3.08,3.08,3.08,3.07,1086860"
2025-08-14T07:20:00.000-00:00,"3.07,3.08,3.08,3.07,805077"
2025-08-14T07:25:00.000-00:00,"3.08,3.08,3.08,3.07,182896"
2025-08-14T07:30:00.000-00:00,"3.08,3.08,3.08,3.07,677334"
2025-08-14T07:35:00.000-00:00,"3.08,3.08,3.08,3.08,122685"
2025-08-14T07:40:00.000-00:00,"3.07,3.08,3.08,3.07,464745"
2025-08-14T07:45:00.000-00:00,"3.08,3.08,3.08,3.08,547335"
2025-08-14T07:50:00.000-00:00,"3.07,3.07,3.08,3.07,1946954"
2025-08-14T07:55:00.000-00:00,"3.07,3.06,3.07,3.04,2744131"
2025-08-14T08:00:00.000-00:00,"3.06,3.06,3.06,3.06,81000"
2025-08-14T08:05:00.000-00:00,"3.06,3.05,3.06,3.04,1023203"
2025-08-14T08:10:00.000-00:00,"3.06,3.05,3.06,3.05,26575"
2025-08-14T08:15:00.000-00:00,"3.05,3.05,3.05,3.05,125000"
2025-08-14T08:20:00.000-00:00,"3.06,3.05,3.06,3.05,186938"
2025-08-14T08:25:00.000-00:00,"3.05,3.05,3.06,3.05,591342"
2025-08-14T08:30:00.000-00:00,"3.05,3.05,3.05,3.05,265290"
2025-08-14T08:35:00.000-00:00,"3.05,3.04,3.05,3.03,1657775"
2025-08-14T08:40:00.000-00:00,"3.03,3.01,3.04,3.01,4473456"
2025-08-14T08:45:00.000-00:00,"3.01,3.01,3.02,3,2433271"
2025-08-14T08:50:00.000-00:00,"3.02,3.02,3.02,3.01,218784"
2025-08-14T08:55:00.000-00:00,"3.02,3.02,3.02,3.01,498626"
2025-08-14T09:00:00.000-00:00,"3.02,3.03,3.03,3.02,761955"
2025-08-14T09:05:00.000-00:00,"3.03,3.03,3.04,3.02,872875"
2025-08-14T09:10:00.000-00:00,"3.03,3.04,3.04,3.03,121850"
2025-08-14T09:15:00.000-00:00,"3.03,3.04,3.04,3.03,266307"
2025-08-14T09:20:00.000-00:00,"3.04,3.04,3.04,3.02,573944"
2025-08-14T09:25:00.000-00:00,"3.03,3.04,3.04,3.03,84627"
2025-08-14T09:30:00.000-00:00,"3.04,3.04,3.04,3.03,188508"
2025-08-14T09:35:00.000-00:00,"3.03,3.03,3.04,3.02,576835"
2025-08-14T09:40:00.000-00:00,"3.03,3.04,3.04,3.02,118064"
2025-08-14T09:45:00.000-00:00,"3.03,3.03,3.04,3.03,33934"
2025-08-14T09:50:00.000-00:00,"3.04,3.03,3.04,3.03,14875"
2025-08-14T09:55:00.000-00:00,"3.03,3.04,3.04,3.02,500090"
2025-08-14T10:00:00.000-00:00,"3.04,3.03,3.04,3.03,222736"
2025-08-14T10:05:00.000-00:00,"3.03,3.02,3.04,3.02,636183"
2025-08-14T10:10:00.000-00:00,"3.03,3.03,3.03,3.03,140494"
2025-08-14T10:15:00.000-00:00,"3.03,3.04,3.04,3.03,73358"
2025-08-14T10:20:00.000-00:00,"3.04,3.03,3.04,3.02,443502"
2025-08-14T10:25:00.000-00:00,"3.03,3.03,3.03,3.02,113201"
2025-08-14T10:30:00.000-00:00,"3.03,3.03,3.03,3.02,89409"
2025-08-14T10:35:00.000-00:00,"3.03,3.02,3.03,3.02,705909"
2025-08-14T10:40:00.000-00:00,"3.03,3,3.03,3,1014182"
2025-08-14T10:45:00.000-00:00,"3,3.01,3.02,2.99,3554733"
2025-08-14T10:50:00.000-00:00,"3,3.01,3.01,3,542453"
2025-08-14T10:55:00.000-00:00,"3.01,3.01,3.02,3,452854"
2025-08-14T11:00:00.000-00:00,"3.01,3.02,3.02,3,287465"
2025-08-14T11:05:00.000-00:00,"3.01,3.01,3.03,3.01,1186313"
2025-08-14T11:10:00.000-00:00,"3.01,3.02,3.02,3,2457291"
2025-08-14T11:15:00.000-00:00,"3.02,3.02,3.02,3.02,117152"
2025-08-14T11:25:00.000-00:00,"3,3,3,3,3504898"
2025-08-17T07:00:00.000-00:00,"3.01,3.01,3.03,2.99,1857276"
2025-08-17T07:05:00.000-00:00,"3.01,3.02,3.02,3.01,157402"
2025-08-17T07:10:00.000-00:00,"3.01,3.02,3.03,3.01,2106069"
2025-08-17T07:15:00.000-00:00,"3.02,3.02,3.02,3.01,703312"
2025-08-17T07:20:00.000-00:00,"3.02,3.02,3.02,3.01,476942"
2025-08-17T07:25:00.000-00:00,"3.02,3.02,3.02,3.01,356744"
2025-08-17T07:30:00.000-00:00,"3.01,3.02,3.02,3.01,375661"
2025-08-17T07:35:00.000-00:00,"3.01,2.99,3.02,2.99,3262238"
2025-08-17T07:40:00.000-00:00,"2.99,2.99,3,2.98,579527"
2025-08-17T07:45:00.000-00:00,"2.98,2.99,3,2.98,1675226"
2025-08-17T07:50:00.000-00:00,"2.99,2.99,3,2.99,147027"
2025-08-17T07:55:00.000-00:00,"2.99,3,3,2.98,439548"
2025-08-17T08:00:00.000-00:00,"2.99,3,3.01,2.99,2895448"
2025-08-17T08:05:00.000-00:00,"3,2.99,3,2.98,2156914"
2025-08-17T08:10:00.000-00:00,"2.99,2.98,3,2.97,2632288"
2025-08-17T08:15:00.000-00:00,"2.98,2.97,2.98,2.97,369279"
2025-08-17T08:20:00.000-00:00,"2.97,2.97,2.98,2.97,2105948"
2025-08-17T08:25:00.000-00:00,"2.96,2.98,2.98,2.96,1030149"
2025-08-17T08:30:00.000-00:00,"2.97,2.97,2.98,2.96,870691"
2025-08-17T08:35:00.000-00:00,"2.98,2.97,2.98,2.96,300203"
2025-08-17T08:40:00.000-00:00,"2.96,2.96,2.97,2.96,1681571"
2025-08-17T08:45:00.000-00:00,"2.96,2.95,2.97,2.95,1786539"
2025-08-17T08:50:00.000-00:00,"2.96,2.97,2.97,2.95,917353"
2025-08-17T08:55:00.000-00:00,"2.96,2.96,2.97,2.95,602609"
2025-08-17T09:00:00.000-00:00,"2.96,2.96,2.96,2.95,976858"
2025-08-17T09:05:00.000-00:00,"2.97,2.97,2.98,2.96,526684"
2025-08-17T09:10:00.000-00:00,"2.97,2.98,2.98,2.97,616419"
2025-08-17T09:15:00.000-00:00,"2.98,2.99,2.99,2.98,2054322"
2025-08-17T09:20:00.000-00:00,"3,3.02,3.02,2.99,5261676"
2025-08-17T09:25:00.000-00:00,"3.02,3.01,3.02,3,6762247"
2025-08-17T09:30:00.000-00:00,"3.01,3,3.01,2.99,8168288"
2025-08-17T09:35:00.000-00:00,"3,3,3,2.99,3004300"
2025-08-17T09:40:00.000-00:00,"3,3,3.01,2.99,799074"
2025-08-17T09:45:00.000-00:00,"3,2.99,3,2.99,252283"
2025-08-17T09:50:00.000-00:00,"3,3,3,2.99,569949"
2025-08-17T09:55:00.000-00:00,"3,3,3,2.99,44463"
2025-08-17T10:00:00.000-00:00,"3,3,3,2.99,377643"
2025-08-17T10:05:00.000-00:00,"3,3,3,2.99,814122"
2025-08-17T10:10:00.000-00:00,"3,2.99,3,2.99,7422229"
2025-08-17T10:15:00.000-00:00,"2.99,3,3,2.99,328710"
2025-08-17T10:20:00.000-00:00,"3,2.99,3,2.99,145335"
2025-08-17T10:25:00.000-00:00,"2.99,3,3,2.99,2769615"
2025-08-17T10:30:00.000-00:00,"3.01,3.02,3.02,3,2585886"
2025-08-17T10:35:00.000-00:00,"3.02,3.01,3.03,3.01,4715781"
2025-08-17T10:40:00.000-00:00,"3.02,3.01,3.02,3.01,115970"
2025-08-17T10:45:00.000-00:00,"3.02,3.03,3.04,3.01,5107922"
2025-08-17T10:50:00.000-00:00,"3.04,3.04,3.04,3.03,1396067"
2025-08-17T10:55:00.000-00:00,"3.04,3.03,3.04,3.02,2828736"
2025-08-17T11:00:00.000-00:00,"3.03,3.02,3.03,3.02,224273"
2025-08-17T11:05:00.000-00:00,"3.03,3.03,3.03,3.02,3700050"
2025-08-17T11:10:00.000-00:00,"3.03,3.03,3.04,3.03,4016520"
2025-08-17T11:15:00.000-00:00,"3.04,3.04,3.04,3.04,100"
2025-08-17T11:25:00.000-00:00,"3.01,3.01,3.01,3.01,15197101"
2025-08-18T07:00:00.000-00:00,"3.03,3.05,3.09,3.02,5083750"
2025-08-18T07:05:00.000-00:00,"3.05,3.04,3.06,3.04,2656688"
2025-08-18T07:10:00.000-00:00,"3.04,3.04,3.05,3.03,850506"
2025-08-18T07:15:00.000-00:00,"3.04,3.04,3.04,3.03,894474"
2025-08-18T07:20:00.000-00:00,"3.04,3.04,3.04,3.03,938843"
2025-08-18T07:25:00.000-00:00,"3.04,3.04,3.05,3.03,646964"
2025-08-18T07:30:00.000-00:00,"3.03,3.04,3.04,3.03,913612"
2025-08-18T07:35:00.000-00:00,"3.04,3.04,3.04,3.03,611483"
2025-08-18T07:40:00.000-00:00,"3.04,3.05,3.05,3.04,1224566"
2025-08-18T07:45:00.000-00:00,"3.05,3.04,3.05,3.04,290606"
2025-08-18T07:50:00.000-00:00,"3.05,3.04,3.05,3.04,84469"
2025-08-18T07:55:00.000-00:00,"3.04,3.04,3.05,3.04,792666"
2025-08-18T08:00:00.000-00:00,"3.04,3.04,3.04,3.03,776735"
2025-08-18T08:05:00.000-00:00,"3.04,3.03,3.04,3.03,223543"
2025-08-18T08:10:00.000-00:00,"3.04,3.04,3.04,3.03,324112"
2025-08-18T08:15:00.000-00:00,"3.03,3.03,3.03,3.02,1779723"
2025-08-18T08:20:00.000-00:00,"3.03,3.03,3.03,3.03,345125"
2025-08-18T08:25:00.000-00:00,"3.03,3.04,3.04,3.03,713936"
2025-08-18T08:30:00.000-00:00,"3.04,3.03,3.04,3.03,142245"
2025-08-18T08:35:00.000-00:00,"3.04,3.03,3.04,3.03,253363"
2025-08-18T08:40:00.000-00:00,"3.03,3.04,3.04,3.03,165865"
2025-08-18T08:45:00.000-00:00,"3.04,3.03,3.04,3.02,158585"
2025-08-18T08:50:00.000-00:00,"3.04,3.03,3.04,3.03,91948"
2025-08-18T08:55:00.000-00:00,"3.04,3.03,3.04,3.02,144830"
2025-08-18T09:00:00.000-00:00,"3.03,3.03,3.03,3.02,551940"
2025-08-18T09:05:00.000-00:00,"3.03,3.03,3.03,3.02,254772"
2025-08-18T09:10:00.000-00:00,"3.03,3.03,3.04,3.03,871920"
2025-08-18T09:15:00.000-00:00,"3.03,3.02,3.03,3.02,2083484"
2025-08-18T09:20:00.000-00:00,"3.02,3.02,3.03,3.02,1075835"
2025-08-18T09:25:00.000-00:00,"3.02,3.02,3.03,3.02,864906"
2025-08-18T09:30:00.000-00:00,"3.02,3.03,3.03,3.02,116369"
2025-08-18T09:35:00.000-00:00,"3.03,3.03,3.03,3.02,317951"
2025-08-18T09:40:00.000-00:00,"3.03,3.02,3.03,3.02,165345"
2025-08-18T09:45:00.000-00:00,"3.02,3.02,3.03,3.02,1146283"
2025-08-18T09:50:00.000-00:00,"3.02,3.02,3.02,3.01,831975"
2025-08-18T09:55:00.000-00:00,"3.02,3.03,3.03,3.01,290093"
2025-08-18T10:00:00.000-00:00,"3.02,3.02,3.03,3.01,723462"
2025-08-18T10:05:00.000-00:00,"3.02,3.02,3.02,3.02,930381"
2025-08-18T10:10:00.000-00:00,"3.02,3.01,3.02,3.01,316666"
2025-08-18T10:15:00.000-00:00,"3.02,3.02,3.03,3.01,403425"
2025-08-18T10:20:00.000-00:00,"3.02,3.03,3.03,3.02,978016"
2025-08-18T10:25:00.000-00:00,"3.03,3.03,3.03,3.02,3566"
2025-08-18T10:30:00.000-00:00,"3.03,3.05,3.05,3.02,4661164"
2025-08-18T10:35:00.000-00:00,"3.05,3.04,3.05,3.04,2855123"
2025-08-18T10:40:00.000-00:00,"3.04,3.04,3.04,3.04,2213320"
2025-08-18T10:45:00.000-00:00,"3.04,3.04,3.04,3.03,328823"
2025-08-18T10:50:00.000-00:00,"3.04,3.04,3.04,3.03,745749"
2025-08-18T10:55:00.000-00:00,"3.03,3.04,3.05,3.03,1886874"
2025-08-18T11:00:00.000-00:00,"3.04,3.04,3.05,3.03,1096404"
2025-08-18T11:05:00.000-00:00,"3.03,3.03,3.04,3.03,494070"
2025-08-18T11:10:00.000-00:00,"3.03,3.04,3.04,3.02,2562083"
2025-08-18T11:25:00.000-00:00,"3.04,3.04,3.04,3.04,5352013"
2025-08-19T07:00:00.000-00:00,"3.05,3.04,3.05,3.03,318713"
2025-08-19T07:05:00.000-00:00,"3.04,3.05,3.05,3.04,22027"
2025-08-19T07:10:00.000-00:00,"3.04,3.05,3.05,3.04,649465"
2025-08-19T07:15:00.000-00:00,"3.05,3.05,3.06,3.05,415425"
2025-08-19T07:20:00.000-00:00,"3.05,3.06,3.06,3.05,1307346"
2025-08-19T07:25:00.000-00:00,"3.06,3.06,3.07,3.06,2854868"
2025-08-19T07:30:00.000-00:00,"3.06,3.06,3.06,3.05,955009"
2025-08-19T07:35:00.000-00:00,"3.05,3.07,3.07,3.05,998351"
2025-08-19T07:40:00.000-00:00,"3.06,3.07,3.07,3.06,387912"
2025-08-19T07:45:00.000-00:00,"3.07,3.06,3.07,3.06,686365"
2025-08-19T07:50:00.000-00:00,"3.07,3.07,3.07,3.06,592462"
2025-08-19T07:55:00.000-00:00,"3.07,3.06,3.07,3.06,372418"
2025-08-19T08:00:00.000-00:00,"3.06,3.06,3.06,3.06,230017"
2025-08-19T08:05:00.000-00:00,"3.06,3.05,3.06,3.05,14908"
2025-08-19T08:10:00.000-00:00,"3.05,3.06,3.06,3.05,47610"
2025-08-19T08:15:00.000-00:00,"3.06,3.06,3.06,3.05,838957"
2025-08-19T08:20:00.000-00:00,"3.05,3.05,3.06,3.05,238516"
2025-08-19T08:25:00.000-00:00,"3.05,3.05,3.06,3.05,348287"
2025-08-19T08:30:00.000-00:00,"3.05,3.03,3.05,3.03,3086517"
2025-08-19T08:35:00.000-00:00,"3.03,3.03,3.04,3.03,1100620"
2025-08-19T08:40:00.000-00:00,"3.04,3.04,3.05,3.04,430745"
2025-08-19T08:45:00.000-00:00,"3.05,3.04,3.05,3.04,140535"
2025-08-19T08:50:00.000-00:00,"3.05,3.07,3.1,3.04,10525565"
2025-08-19T08:55:00.000-00:00,"3.08,3.07,3.08,3.06,1600917"
2025-08-19T09:00:00.000-00:00,"3.07,3.09,3.1,3.06,8053949"
2025-08-19T09:05:00.000-00:00,"3.09,3.09,3.11,3.08,4649079"
2025-08-19T09:10:00.000-00:00,"3.09,3.09,3.1,3.09,1426740"
2025-08-19T09:15:00.000-00:00,"3.08,3.11,3.11,3.08,2784713"
2025-08-19T09:20:00.000-00:00,"3.1,3.09,3.11,3.09,1618596"
2025-08-19T09:25:00.000-00:00,"3.1,3.1,3.1,3.09,121985"
2025-08-19T09:30:00.000-00:00,"3.1,3.09,3.1,3.09,503733"
2025-08-19T09:35:00.000-00:00,"3.09,3.09,3.09,3.08,1474472"
2025-08-19T09:40:00.000-00:00,"3.09,3.1,3.1,3.08,681983"
2025-08-19T09:45:00.000-00:00,"3.1,3.09,3.1,3.09,1543585"
2025-08-19T09:50:00.000-00:00,"3.1,3.1,3.11,3.1,796768"
2025-08-19T09:55:00.000-00:00,"3.1,3.11,3.11,3.1,265645"
2025-08-19T10:00:00.000-00:00,"3.1,3.1,3.11,3.1,242875"
2025-08-19T10:05:00.000-00:00,"3.1,3.11,3.11,3.1,139211"
2025-08-19T10:10:00.000-00:00,"3.1,3.11,3.11,3.1,338862"
2025-08-19T10:15:00.000-00:00,"3.11,3.1,3.11,3.1,331384"
2025-08-19T10:20:00.000-00:00,"3.11,3.11,3.12,3.1,2231333"
2025-08-19T10:25:00.000-00:00,"3.11,3.12,3.12,3.11,323490"
2025-08-19T10:30:00.000-00:00,"3.12,3.11,3.12,3.11,278752"
2025-08-19T10:35:00.000-00:00,"3.11,3.11,3.12,3.11,298101"
2025-08-19T10:40:00.000-00:00,"3.1,3.1,3.11,3.09,2329536"
2025-08-19T10:45:00.000-00:00,"3.09,3.09,3.1,3.08,3247212"
2025-08-19T10:50:00.000-00:00,"3.09,3.09,3.09,3.08,985655"
2025-08-19T10:55:00.000-00:00,"3.09,3.09,3.1,3.08,2083570"
2025-08-19T11:00:00.000-00:00,"3.09,3.09,3.09,3.08,944037"
2025-08-19T11:05:00.000-00:00,"3.09,3.09,3.1,3.08,2506287"
2025-08-19T11:10:00.000-00:00,"3.1,3.09,3.11,3.09,791712"
2025-08-19T11:25:00.000-00:00,"3.1,3.1,3.1,3.1,5827883"
2025-08-20T07:00:00.000-00:00,"3.11,3.11,3.12,3.1,1315212"
2025-08-20T07:05:00.000-00:00,"3.11,3.12,3.12,3.11,780480"
2025-08-20T07:10:00.000-00:00,"3.12,3.12,3.12,3.11,1143014"
2025-08-20T07:15:00.000-00:00,"3.12,3.13,3.13,3.11,970419"
2025-08-20T07:20:00.000-00:00,"3.13,3.12,3.13,3.12,207610"
2025-08-20T07:25:00.000-00:00,"3.13,3.12,3.13,3.12,194751"
2025-08-20T07:30:00.000-00:00,"3.13,3.13,3.13,3.12,1681467"
2025-08-20T07:35:00.000-00:00,"3.14,3.14,3.14,3.13,2395428"
2025-08-20T07:40:00.000-00:00,"3.14,3.13,3.15,3.13,2216975"
2025-08-20T07:45:00.000-00:00,"3.13,3.14,3.14,3.13,1891530"
2025-08-20T07:50:00.000-00:00,"3.13,3.14,3.14,3.13,1967154"
2025-08-20T07:55:00.000-00:00,"3.14,3.14,3.14,3.13,40657"
2025-08-20T08:00:00.000-00:00,"3.13,3.14,3.14,3.13,391000"
2025-08-20T08:05:00.000-00:00,"3.13,3.13,3.14,3.13,109736"
2025-08-20T08:10:00.000-00:00,"3.14,3.14,3.15,3.13,2124731"
2025-08-20T08:15:00.000-00:00,"3.14,3.13,3.14,3.13,1302366"
2025-08-20T08:20:00.000-00:00,"3.13,3.13,3.14,3.13,391047"
2025-08-20T08:25:00.000-00:00,"3.13,3.13,3.14,3.13,1702358"
2025-08-20T08:30:00.000-00:00,"3.13,3.12,3.14,3.12,2225597"
2025-08-20T08:35:00.000-00:00,"3.12,3.12,3.12,3.12,1104581"
2025-08-20T08:40:00.000-00:00,"3.11,3.12,3.12,3.11,34240"
2025-08-20T08:45:00.000-00:00,"3.12,3.12,3.12,3.11,77700"
2025-08-20T08:50:00.000-00:00,"3.12,3.1,3.12,3.1,2768368"
2025-08-20T08:55:00.000-00:00,"3.1,3.1,3.11,3.1,358585"
2025-08-20T09:00:00.000-00:00,"3.1,3.1,3.11,3.1,322714"
2025-08-20T09:05:00.000-00:00,"3.1,3.1,3.11,3.09,2330740"
2025-08-20T09:10:00.000-00:00,"3.1,3.1,3.1,3.1,549141"
2025-08-20T09:15:00.000-00:00,"3.1,3.1,3.11,3.09,685142"
2025-08-20T09:20:00.000-00:00,"3.1,3.1,3.11,3.1,186517"
2025-08-20T09:25:00.000-00:00,"3.1,3.1,3.1,3.1,243317"
2025-08-20T09:30:00.000-00:00,"3.11,3.09,3.11,3.09,1051037"
2025-08-20T09:35:00.000-00:00,"3.09,3.09,3.1,3.09,78713"
2025-08-20T09:40:00.000-00:00,"3.09,3.1,3.1,3.09,57347"
2025-08-20T09:45:00.000-00:00,"3.1,3.1,3.1,3.09,188501"
2025-08-20T09:50:00.000-00:00,"3.09,3.09,3.1,3.09,418662"
2025-08-20T09:55:00.000-00:00,"3.1,3.08,3.1,3.08,2927300"
2025-08-20T10:00:00.000-00:00,"3.08,3.11,3.11,3.08,3893731"
2025-08-20T10:05:00.000-00:00,"3.1,3.1,3.11,3.1,544529"
2025-08-20T10:10:00.000-00:00,"3.11,3.11,3.12,3.1,1761161"
2025-08-20T10:15:00.000-00:00,"3.11,3.11,3.12,3.11,937086"
2025-08-20T10:20:00.000-00:00,"3.11,3.11,3.11,3.11,262170"
2025-08-20T10:25:00.000-00:00,"3.11,3.11,3.11,3.11,500699"
2025-08-20T10:30:00.000-00:00,"3.11,3.1,3.11,3.1,1924137"
2025-08-20T10:35:00.000-00:00,"3.1,3.1,3.1,3.1,7515493"
2025-08-20T10:40:00.000-00:00,"3.11,3.1,3.11,3.1,3943019"
2025-08-20T10:45:00.000-00:00,"3.1,3.1,3.1,3.1,1395048"
2025-08-20T10:50:00.000-00:00,"3.1,3.09,3.1,3.09,726547"
2025-08-20T10:55:00.000-00:00,"3.09,3.09,3.1,3.09,1491540"
2025-08-20T11:00:00.000-00:00,"3.09,3.09,3.09,3.08,1199599"
2025-08-20T11:05:00.000-00:00,"3.09,3.09,3.09,3.08,72458"
2025-08-20T11:10:00.000-00:00,"3.09,3.08,3.09,3.07,5901874"
2025-08-20T11:25:00.000-00:00,"3.07,3.07,3.07,3.07,6202423"
2025-08-21T07:00:00.000-00:00,"3.07,3.08,3.08,3.07,65023"
2025-08-21T07:05:00.000-00:00,"3.08,3.07,3.08,3.07,666820"
2025-08-21T07:10:00.000-00:00,"3.07,3.06,3.07,3.06,907767"
2025-08-21T07:15:00.000-00:00,"3.06,3.07,3.08,3.06,347781"
2025-08-21T07:20:00.000-00:00,"3.07,3.07,3.08,3.07,54127"
2025-08-21T07:25:00.000-00:00,"3.08,3.07,3.08,3.07,733403"
2025-08-21T07:30:00.000-00:00,"3.07,3.07,3.08,3.07,92760"
2025-08-21T07:35:00.000-00:00,"3.08,3.08,3.08,3.08,13111"
2025-08-21T07:40:00.000-00:00,"3.08,3.07,3.08,3.06,919064"
2025-08-21T07:45:00.000-00:00,"3.07,3.07,3.08,3.07,809113"
2025-08-21T07:50:00.000-00:00,"3.07,3.06,3.07,3.06,487971"
2025-08-21T07:55:00.000-00:00,"3.06,3.07,3.07,3.06,288327"
2025-08-21T08:00:00.000-00:00,"3.06,3.06,3.07,3.06,299000"
2025-08-21T08:05:00.000-00:00,"3.06,3.07,3.07,3.06,359426"
2025-08-21T08:10:00.000-00:00,"3.07,3.06,3.07,3.06,564460"
2025-08-21T08:15:00.000-00:00,"3.06,3.06,3.06,3.05,123089"
2025-08-21T08:20:00.000-00:00,"3.07,3.06,3.07,3.06,359207"
2025-08-21T08:25:00.000-00:00,"3.06,3.07,3.07,3.06,72760"
2025-08-21T08:30:00.000-00:00,"3.06,3.07,3.07,3.06,185009"
2025-08-21T08:35:00.000-00:00,"3.07,3.08,3.08,3.06,989328"
2025-08-21T08:40:00.000-00:00,"3.07,3.07,3.07,3.07,3463"
2025-08-21T08:45:00.000-00:00,"3.07,3.08,3.08,3.07,318260"
2025-08-21T08:50:00.000-00:00,"3.08,3.08,3.08,3.07,223205"
2025-08-21T08:55:00.000-00:00,"3.07,3.08,3.08,3.07,148761"
2025-08-21T09:00:00.000-00:00,"3.08,3.08,3.08,3.08,190000"
2025-08-21T09:05:00.000-00:00,"3.08,3.07,3.08,3.07,255304"
2025-08-21T09:10:00.000-00:00,"3.07,3.07,3.08,3.07,99517"
2025-08-21T09:15:00.000-00:00,"3.08,3.09,3.09,3.08,274865"
2025-08-21T09:20:00.000-00:00,"3.08,3.08,3.08,3.07,249361"
2025-08-21T09:25:00.000-00:00,"3.07,3.07,3.08,3.07,261125"
2025-08-21T09:30:00.000-00:00,"3.08,3.08,3.08,3.07,52847"
2025-08-21T09:35:00.000-00:00,"3.07,3.07,3.07,3.06,449740"
2025-08-21T09:40:00.000-00:00,"3.07,3.08,3.08,3.07,317369"
2025-08-21T09:45:00.000-00:00,"3.07,3.07,3.08,3.07,344500"
2025-08-21T09:50:00.000-00:00,"3.07,3.07,3.07,3.06,360300"
2025-08-21T09:55:00.000-00:00,"3.07,3.07,3.08,3.07,127055"
2025-08-21T10:00:00.000-00:00,"3.07,3.07,3.07,3.07,23405"
2025-08-21T10:05:00.000-00:00,"3.07,3.06,3.07,3.06,7001"
2025-08-21T10:10:00.000-00:00,"3.06,3.06,3.07,3.06,10013"
2025-08-21T10:15:00.000-00:00,"3.06,3.06,3.07,3.06,1073463"
2025-08-21T10:20:00.000-00:00,"3.06,3.06,3.06,3.05,260517"
2025-08-21T10:25:00.000-00:00,"3.05,3.06,3.06,3.05,53000"
2025-08-21T10:30:00.000-00:00,"3.06,3.05,3.06,3.04,1715248"
2025-08-21T10:35:00.000-00:00,"3.05,3.06,3.06,3.05,61756"
2025-08-21T10:40:00.000-00:00,"3.06,3.05,3.06,3.05,61632"
2025-08-21T10:45:00.000-00:00,"3.05,3.05,3.05,3.05,612213"
2025-08-21T10:50:00.000-00:00,"3.05,3.05,3.05,3.04,476570"
2025-08-21T10:55:00.000-00:00,"3.05,3.05,3.06,3.04,888129"
2025-08-21T11:00:00.000-00:00,"3.05,3.05,3.05,3.04,489061"
2025-08-21T11:05:00.000-00:00,"3.05,3.05,3.06,3.05,931600"
2025-08-21T11:10:00.000-00:00,"3.06,3.05,3.06,3.05,2139472"
2025-08-21T11:25:00.000-00:00,"3.05,3.05,3.05,3.05,2334096"
2025-08-24T07:00:00.000-00:00,"3.06,3.07,3.07,3.06,285190"
2025-08-24T07:05:00.000-00:00,"3.06,3.07,3.07,3.06,806221"
2025-08-24T07:10:00.000-00:00,"3.07,3.07,3.08,3.07,585173"
2025-08-24T07:15:00.000-00:00,"3.06,3.07,3.07,3.06,15759"
2025-08-24T07:20:00.000-00:00,"3.07,3.06,3.07,3.06,1390786"
2025-08-24T07:25:00.000-00:00,"3.06,3.06,3.07,3.06,141188"
2025-08-24T07:30:00.000-00:00,"3.06,3.07,3.07,3.06,418107"
2025-08-24T07:35:00.000-00:00,"3.07,3.07,3.07,3.06,634778"
2025-08-24T07:40:00.000-00:00,"3.06,3.07,3.07,3.06,320894"
2025-08-24T07:45:00.000-00:00,"3.07,3.06,3.08,3.06,210526"
2025-08-24T07:50:00.000-00:00,"3.07,3.07,3.07,3.07,488"
2025-08-24T07:55:00.000-00:00,"3.06,3.07,3.07,3.06,661316"
2025-08-24T08:00:00.000-00:00,"3.07,3.07,3.07,3.07,66280"
2025-08-24T08:05:00.000-00:00,"3.07,3.08,3.08,3.07,700873"
2025-08-24T08:10:00.000-00:00,"3.08,3.1,3.1,3.08,3971629"
2025-08-24T08:15:00.000-00:00,"3.09,3.09,3.1,3.08,1134873"
2025-08-24T08:20:00.000-00:00,"3.09,3.08,3.09,3.08,469840"
2025-08-24T08:25:00.000-00:00,"3.08,3.1,3.1,3.08,1781576"
2025-08-24T08:30:00.000-00:00,"3.1,3.12,3.13,3.1,33991014"
2025-08-24T08:35:00.000-00:00,"3.12,3.11,3.13,3.1,9643960"
2025-08-24T08:40:00.000-00:00,"3.11,3.11,3.11,3.1,208917"
2025-08-24T08:45:00.000-00:00,"3.11,3.12,3.12,3.1,1101842"
2025-08-24T08:50:00.000-00:00,"3.11,3.11,3.12,3.1,453239"
2025-08-24T08:55:00.000-00:00,"3.11,3.11,3.11,3.11,42711"
2025-08-24T09:00:00.000-00:00,"3.11,3.1,3.11,3.1,53534"
2025-08-24T09:05:00.000-00:00,"3.11,3.1,3.11,3.1,1444137"
2025-08-24T09:10:00.000-00:00,"3.1,3.1,3.11,3.1,30328"
2025-08-24T09:15:00.000-00:00,"3.1,3.11,3.11,3.1,131793"
2025-08-24T09:20:00.000-00:00,"3.11,3.1,3.11,3.1,103607"
2025-08-24T09:25:00.000-00:00,"3.11,3.11,3.11,3.1,170418"
2025-08-24T09:30:00.000-00:00,"3.1,3.11,3.11,3.1,10503"
2025-08-24T09:35:00.000-00:00,"3.11,3.1,3.11,3.1,153812"
2025-08-24T09:40:00.000-00:00,"3.1,3.1,3.1,3.1,782249"
2025-08-24T09:45:00.000-00:00,"3.1,3.1,3.1,3.09,261245"
2025-08-24T09:50:00.000-00:00,"3.1,3.11,3.11,3.1,640361"
2025-08-24T09:55:00.000-00:00,"3.11,3.1,3.11,3.09,661908"
2025-08-24T10:00:00.000-00:00,"3.1,3.1,3.1,3.09,18372"
2025-08-24T10:05:00.000-00:00,"3.1,3.09,3.1,3.09,653403"
2025-08-24T10:10:00.000-00:00,"3.1,3.09,3.1,3.09,69159"
2025-08-24T10:15:00.000-00:00,"3.09,3.1,3.11,3.09,765143"
2025-08-24T10:20:00.000-00:00,"3.1,3.09,3.1,3.09,331992"
2025-08-24T10:25:00.000-00:00,"3.09,3.09,3.1,3.09,44843"
2025-08-24T10:30:00.000-00:00,"3.1,3.09,3.1,3.09,170817"
2025-08-24T10:35:00.000-00:00,"3.09,3.09,3.1,3.09,3469247"
2025-08-24T10:40:00.000-00:00,"3.09,3.09,3.09,3.08,508066"
2025-08-24T10:45:00.000-00:00,"3.08,3.08,3.08,3.08,1965353"
2025-08-24T10:50:00.000-00:00,"3.07,3.08,3.08,3.07,1435332"
2025-08-24T10:55:00.000-00:00,"3.08,3.08,3.08,3.07,734086"
2025-08-24T11:00:00.000-00:00,"3.08,3.08,3.09,3.08,955985"
2025-08-24T11:05:00.000-00:00,"3.08,3.08,3.09,3.08,347799"
2025-08-24T11:10:00.000-00:00,"3.08,3.09,3.1,3.08,2202528"
2025-08-24T11:25:00.000-00:00,"3.09,3.09,3.09,3.09,4352819"
2025-08-25T07:00:00.000-00:00,"3.1,3.1,3.12,3.1,1453813"
2025-08-25T07:05:00.000-00:00,"3.1,3.11,3.11,3.1,186617"
2025-08-25T07:10:00.000-00:00,"3.11,3.12,3.12,3.1,1462652"
2025-08-25T07:15:00.000-00:00,"3.12,3.11,3.12,3.1,1801906"
2025-08-25T07:20:00.000-00:00,"3.11,3.11,3.11,3.1,178236"
2025-08-25T07:25:00.000-00:00,"3.1,3.12,3.13,3.1,3734055"
2025-08-25T07:30:00.000-00:00,"3.12,3.12,3.14,3.12,4116631"
2025-08-25T07:35:00.000-00:00,"3.13,3.12,3.13,3.12,471574"
2025-08-25T07:40:00.000-00:00,"3.13,3.12,3.13,3.12,1067278"
2025-08-25T07:45:00.000-00:00,"3.11,3.12,3.12,3.11,149472"
2025-08-25T07:50:00.000-00:00,"3.12,3.12,3.12,3.11,8671"
2025-08-25T07:55:00.000-00:00,"3.12,3.11,3.12,3.11,214349"
2025-08-25T08:00:00.000-00:00,"3.11,3.11,3.11,3.11,137148"
2025-08-25T08:05:00.000-00:00,"3.12,3.11,3.12,3.11,1696953"
2025-08-25T08:10:00.000-00:00,"3.11,3.11,3.12,3.11,5038691"
2025-08-25T08:15:00.000-00:00,"3.11,3.11,3.12,3.11,2360701"
2025-08-25T08:20:00.000-00:00,"3.11,3.11,3.12,3.11,211829"
2025-08-25T08:25:00.000-00:00,"3.11,3.12,3.12,3.11,852578"
2025-08-25T08:30:00.000-00:00,"3.12,3.12,3.12,3.11,162139"
2025-08-25T08:35:00.000-00:00,"3.11,3.12,3.12,3.11,269785"
2025-08-25T08:40:00.000-00:00,"3.11,3.11,3.12,3.11,173708"
2025-08-25T08:45:00.000-00:00,"3.11,3.11,3.12,3.11,1683343"
2025-08-25T08:50:00.000-00:00,"3.11,3.11,3.12,3.11,1382805"
2025-08-25T08:55:00.000-00:00,"3.11,3.1,3.11,3.1,165289"
2025-08-25T09:00:00.000-00:00,"3.11,3.11,3.11,3.11,15000"
2025-08-25T09:05:00.000-00:00,"3.1,3.11,3.11,3.1,3778"
2025-08-25T09:10:00.000-00:00,"3.11,3.11,3.11,3.1,81089"
2025-08-25T09:15:00.000-00:00,"3.1,3.11,3.11,3.1,70994"
2025-08-25T09:20:00.000-00:00,"3.11,3.1,3.12,3.1,1174132"
2025-08-25T09:25:00.000-00:00,"3.1,3.1,3.11,3.1,202227"
2025-08-25T09:30:00.000-00:00,"3.1,3.1,3.11,3.1,3180"
2025-08-25T09:35:00.000-00:00,"3.1,3.11,3.11,3.1,13115"
2025-08-25T09:40:00.000-00:00,"3.11,3.1,3.11,3.1,104295"
2025-08-25T09:45:00.000-00:00,"3.1,3.1,3.1,3.1,730249"
2025-08-25T09:50:00.000-00:00,"3.1,3.11,3.11,3.1,76570"
2025-08-25T09:55:00.000-00:00,"3.1,3.11,3.13,3.1,10614243"
2025-08-25T10:00:00.000-00:00,"3.12,3.12,3.12,3.11,554596"
2025-08-25T10:05:00.000-00:00,"3.12,3.12,3.12,3.11,1001619"
2025-08-25T10:10:00.000-00:00,"3.12,3.12,3.12,3.12,3679"
2025-08-25T10:15:00.000-00:00,"3.11,3.12,3.12,3.11,30818"
2025-08-25T10:20:00.000-00:00,"3.11,3.12,3.12,3.11,520982"
2025-08-25T10:25:00.000-00:00,"3.12,3.12,3.12,3.12,49307"
2025-08-25T10:30:00.000-00:00,"3.11,3.11,3.12,3.11,113586"
2025-08-25T10:35:00.000-00:00,"3.11,3.12,3.12,3.11,563754"
2025-08-25T10:40:00.000-00:00,"3.12,3.1,3.12,3.1,1546254"
2025-08-25T10:45:00.000-00:00,"3.11,3.11,3.11,3.1,2624697"
2025-08-25T10:50:00.000-00:00,"3.12,3.11,3.12,3.1,543015"
2025-08-25T10:55:00.000-00:00,"3.11,3.1,3.11,3.1,25069"
2025-08-25T11:00:00.000-00:00,"3.11,3.11,3.11,3.1,326379"
2025-08-25T11:05:00.000-00:00,"3.1,3.11,3.11,3.1,269366"
2025-08-25T11:10:00.000-00:00,"3.11,3.1,3.11,3.1,2276258"
2025-08-25T11:25:00.000-00:00,"3.1,3.1,3.1,3.1,8772654"
2025-08-26T07:00:00.000-00:00,"3.11,3.11,3.12,3.1,569531"
2025-08-26T07:05:00.000-00:00,"3.1,3.11,3.11,3.1,352185"
2025-08-26T07:10:00.000-00:00,"3.11,3.1,3.11,3.1,1246428"
2025-08-26T07:15:00.000-00:00,"3.11,3.1,3.11,3.1,237426"
2025-08-26T07:20:00.000-00:00,"3.1,3.1,3.1,3.1,170597"
2025-08-26T07:25:00.000-00:00,"3.1,3.1,3.11,3.1,407838"
2025-08-26T07:30:00.000-00:00,"3.1,3.1,3.12,3.1,2161800"
2025-08-26T07:35:00.000-00:00,"3.11,3.12,3.15,3.11,13499490"
2025-08-26T07:40:00.000-00:00,"3.12,3.13,3.13,3.12,1228951"
2025-08-26T07:45:00.000-00:00,"3.13,3.12,3.13,3.12,203596"
2025-08-26T07:50:00.000-00:00,"3.12,3.13,3.13,3.12,141137"
2025-08-26T07:55:00.000-00:00,"3.13,3.13,3.15,3.12,23744053"
2025-08-26T08:00:00.000-00:00,"3.14,3.14,3.14,3.12,5573002"
2025-08-26T08:05:00.000-00:00,"3.14,3.13,3.14,3.13,2122009"
2025-08-26T08:10:00.000-00:00,"3.13,3.14,3.15,3.12,6272283"
2025-08-26T08:15:00.000-00:00,"3.15,3.16,3.16,3.14,6609208"
2025-08-26T08:20:00.000-00:00,"3.16,3.17,3.17,3.15,8285703"
2025-08-26T08:25:00.000-00:00,"3.17,3.16,3.17,3.15,6841736"
2025-08-26T08:30:00.000-00:00,"3.16,3.17,3.17,3.16,1966309"
2025-08-26T08:35:00.000-00:00,"3.16,3.17,3.17,3.16,450605"
2025-08-26T08:40:00.000-00:00,"3.17,3.17,3.17,3.16,2314667"
2025-08-26T08:45:00.000-00:00,"3.17,3.17,3.18,3.17,3629762"
2025-08-26T08:50:00.000-00:00,"3.17,3.16,3.17,3.16,613510"
2025-08-26T08:55:00.000-00:00,"3.17,3.16,3.17,3.16,227711"
2025-08-26T09:00:00.000-00:00,"3.16,3.16,3.17,3.15,3968939"
2025-08-26T09:05:00.000-00:00,"3.16,3.16,3.17,3.15,1687605"
2025-08-26T09:10:00.000-00:00,"3.16,3.16,3.16,3.15,2395310"
2025-08-26T09:15:00.000-00:00,"3.16,3.15,3.17,3.15,1508271"
2025-08-26T09:20:00.000-00:00,"3.15,3.16,3.16,3.15,57850"
2025-08-26T09:25:00.000-00:00,"3.15,3.16,3.16,3.15,1448697"
2025-08-26T09:30:00.000-00:00,"3.16,3.15,3.16,3.15,108747"
2025-08-26T09:35:00.000-00:00,"3.15,3.15,3.16,3.15,505653"
2025-08-26T09:40:00.000-00:00,"3.15,3.15,3.16,3.15,471131"
2025-08-26T09:45:00.000-00:00,"3.15,3.16,3.16,3.15,325131"
2025-08-26T09:50:00.000-00:00,"3.16,3.15,3.16,3.15,220020"
2025-08-26T09:55:00.000-00:00,"3.16,3.15,3.16,3.15,558013"
2025-08-26T10:00:00.000-00:00,"3.15,3.15,3.15,3.15,181488"
2025-08-26T10:05:00.000-00:00,"3.15,3.16,3.16,3.15,986623"
2025-08-26T10:10:00.000-00:00,"3.16,3.17,3.18,3.16,4266466"
2025-08-26T10:15:00.000-00:00,"3.18,3.18,3.18,3.17,3021728"
2025-08-26T10:20:00.000-00:00,"3.18,3.18,3.19,3.17,755820"
2025-08-26T10:25:00.000-00:00,"3.19,3.19,3.19,3.18,2825329"
2025-08-26T10:30:00.000-00:00,"3.19,3.19,3.2,3.18,12011204"
2025-08-26T10:35:00.000-00:00,"3.19,3.18,3.2,3.18,1542710"
2025-08-26T10:40:00.000-00:00,"3.18,3.18,3.19,3.18,881454"
2025-08-26T10:45:00.000-00:00,"3.18,3.2,3.2,3.18,5495262"
2025-08-26T10:50:00.000-00:00,"3.19,3.19,3.2,3.18,1319481"
2025-08-26T10:55:00.000-00:00,"3.19,3.19,3.2,3.19,3354344"
2025-08-26T11:00:00.000-00:00,"3.18,3.18,3.2,3.18,3252006"
2025-08-26T11:05:00.000-00:00,"3.18,3.18,3.19,3.18,4141145"
2025-08-26T11:10:00.000-00:00,"3.18,3.17,3.18,3.17,2202056"
2025-08-26T11:25:00.000-00:00,"3.17,3.17,3.17,3.17,8425705"
2025-08-27T07:00:00.000-00:00,"3.18,3.18,3.19,3.17,2609800"
2025-08-27T07:05:00.000-00:00,"3.18,3.17,3.19,3.17,290208"
2025-08-27T07:10:00.000-00:00,"3.18,3.17,3.18,3.17,73481"
2025-08-27T07:15:00.000-00:00,"3.17,3.18,3.18,3.17,97877"
2025-08-27T07:20:00.000-00:00,"3.17,3.18,3.19,3.17,1829361"
2025-08-27T07:25:00.000-00:00,"3.18,3.2,3.2,3.18,2415951"
2025-08-27T07:30:00.000-00:00,"3.2,3.19,3.2,3.19,1193147"
2025-08-27T07:35:00.000-00:00,"3.19,3.19,3.2,3.19,152521"
2025-08-27T07:40:00.000-00:00,"3.19,3.19,3.19,3.18,669424"
2025-08-27T07:45:00.000-00:00,"3.19,3.19,3.19,3.18,540433"
2025-08-27T07:50:00.000-00:00,"3.19,3.19,3.19,3.18,1684304"
2025-08-27T07:55:00.000-00:00,"3.18,3.18,3.19,3.18,2739142"
2025-08-27T08:00:00.000-00:00,"3.18,3.18,3.19,3.18,200661"
2025-08-27T08:05:00.000-00:00,"3.17,3.17,3.18,3.17,777157"
2025-08-27T08:10:00.000-00:00,"3.17,3.18,3.18,3.17,30578"
2025-08-27T08:15:00.000-00:00,"3.18,3.18,3.18,3.17,30448"
2025-08-27T08:20:00.000-00:00,"3.18,3.17,3.18,3.17,164609"
2025-08-27T08:25:00.000-00:00,"3.17,3.17,3.17,3.17,229120"
2025-08-27T08:30:00.000-00:00,"3.17,3.17,3.18,3.17,242283"
2025-08-27T08:35:00.000-00:00,"3.18,3.16,3.18,3.16,1414896"
2025-08-27T08:40:00.000-00:00,"3.17,3.18,3.18,3.16,582636"
2025-08-27T08:45:00.000-00:00,"3.18,3.18,3.18,3.17,378372"
2025-08-27T08:50:00.000-00:00,"3.17,3.18,3.2,3.17,3198986"
2025-08-27T08:55:00.000-00:00,"3.19,3.18,3.19,3.18,565276"
2025-08-27T09:00:00.000-00:00,"3.18,3.18,3.2,3.18,3285177"
2025-08-27T09:05:00.000-00:00,"3.18,3.19,3.2,3.18,2084562"
2025-08-27T09:10:00.000-00:00,"3.18,3.2,3.2,3.18,1198856"
2025-08-27T09:15:00.000-00:00,"3.21,3.2,3.21,3.2,443566"
2025-08-27T09:20:00.000-00:00,"3.21,3.2,3.21,3.2,1083230"
2025-08-27T09:25:00.000-00:00,"3.21,3.2,3.21,3.2,226683"
2025-08-27T09:30:00.000-00:00,"3.21,3.21,3.21,3.2,303685"
2025-08-27T09:35:00.000-00:00,"3.21,3.21,3.22,3.21,3838414"
2025-08-27T09:40:00.000-00:00,"3.22,3.21,3.22,3.21,821431"
2025-08-27T09:45:00.000-00:00,"3.21,3.21,3.22,3.21,497501"
2025-08-27T09:50:00.000-00:00,"3.21,3.22,3.22,3.21,73455"
2025-08-27T09:55:00.000-00:00,"3.21,3.21,3.21,3.2,105903"
2025-08-27T10:00:00.000-00:00,"3.21,3.2,3.21,3.2,7231"
2025-08-27T10:05:00.000-00:00,"3.21,3.21,3.21,3.2,13021"
2025-08-27T10:10:00.000-00:00,"3.2,3.2,3.2,3.2,22279"
2025-08-27T10:15:00.000-00:00,"3.21,3.21,3.21,3.2,397135"
2025-08-27T10:20:00.000-00:00,"3.21,3.21,3.21,3.21,83288"
2025-08-27T10:25:00.000-00:00,"3.2,3.19,3.2,3.19,4491038"
2025-08-27T10:30:00.000-00:00,"3.19,3.19,3.19,3.18,417356"
2025-08-27T10:35:00.000-00:00,"3.19,3.18,3.19,3.18,161352"
2025-08-27T10:40:00.000-00:00,"3.18,3.18,3.19,3.18,1308675"
2025-08-27T10:45:00.000-00:00,"3.19,3.18,3.19,3.18,197888"
2025-08-27T10:50:00.000-00:00,"3.18,3.18,3.19,3.17,355722"
2025-08-27T10:55:00.000-00:00,"3.17,3.17,3.18,3.17,791014"
2025-08-27T11:00:00.000-00:00,"3.17,3.17,3.18,3.17,750315"
2025-08-27T11:05:00.000-00:00,"3.17,3.17,3.18,3.16,741174"
2025-08-27T11:10:00.000-00:00,"3.17,3.17,3.17,3.16,2810885"
2025-08-27T11:25:00.000-00:00,"3.15,3.15,3.15,3.15,6837113"
2025-08-28T07:00:00.000-00:00,"3.16,3.17,3.17,3.15,1093443"
2025-08-28T07:05:00.000-00:00,"3.16,3.17,3.17,3.16,689404"
2025-08-28T07:10:00.000-00:00,"3.17,3.18,3.19,3.17,1801592"
2025-08-28T07:15:00.000-00:00,"3.18,3.18,3.19,3.18,751370"
2025-08-28T07:20:00.000-00:00,"3.18,3.17,3.18,3.17,230041"
2025-08-28T07:25:00.000-00:00,"3.18,3.18,3.18,3.18,50100"
2025-08-28T07:30:00.000-00:00,"3.18,3.18,3.18,3.18,112206"
2025-08-28T07:35:00.000-00:00,"3.17,3.18,3.18,3.17,17807"
2025-08-28T07:40:00.000-00:00,"3.17,3.17,3.18,3.17,350525"
2025-08-28T07:45:00.000-00:00,"3.18,3.17,3.18,3.17,62255"
2025-08-28T07:50:00.000-00:00,"3.17,3.17,3.17,3.16,782000"
2025-08-28T07:55:00.000-00:00,"3.17,3.17,3.17,3.16,169780"
2025-08-28T08:00:00.000-00:00,"3.17,3.18,3.18,3.17,232"
2025-08-28T08:05:00.000-00:00,"3.18,3.18,3.18,3.17,124252"
2025-08-28T08:10:00.000-00:00,"3.18,3.17,3.18,3.17,1010045"
2025-08-28T08:15:00.000-00:00,"3.18,3.18,3.18,3.17,265322"
2025-08-28T08:20:00.000-00:00,"3.18,3.17,3.18,3.17,24887"
2025-08-28T08:25:00.000-00:00,"3.18,3.17,3.18,3.17,11116"
2025-08-28T08:30:00.000-00:00,"3.18,3.18,3.18,3.17,79548"
2025-08-28T08:35:00.000-00:00,"3.17,3.18,3.18,3.17,1015481"
2025-08-28T08:40:00.000-00:00,"3.17,3.18,3.18,3.17,1032"
2025-08-28T08:45:00.000-00:00,"3.17,3.19,3.19,3.17,475636"
2025-08-28T08:50:00.000-00:00,"3.18,3.18,3.19,3.17,1851113"
2025-08-28T08:55:00.000-00:00,"3.19,3.18,3.19,3.18,178569"
2025-08-28T09:00:00.000-00:00,"3.18,3.17,3.18,3.17,552325"
2025-08-28T09:05:00.000-00:00,"3.17,3.18,3.18,3.17,2004000"
2025-08-28T09:10:00.000-00:00,"3.18,3.17,3.18,3.17,504838"
2025-08-28T09:15:00.000-00:00,"3.17,3.17,3.18,3.17,57031"
2025-08-28T09:20:00.000-00:00,"3.18,3.18,3.18,3.17,6241"
2025-08-28T09:25:00.000-00:00,"3.18,3.17,3.18,3.17,87500"
2025-08-28T09:30:00.000-00:00,"3.17,3.17,3.17,3.17,3386986"
2025-08-28T09:35:00.000-00:00,"3.17,3.17,3.17,3.16,1644283"
2025-08-28T09:40:00.000-00:00,"3.17,3.16,3.17,3.16,362520"
2025-08-28T09:45:00.000-00:00,"3.17,3.16,3.17,3.16,13750"
2025-08-28T09:50:00.000-00:00,"3.16,3.17,3.17,3.16,232771"
2025-08-28T09:55:00.000-00:00,"3.17,3.16,3.17,3.16,240111"
2025-08-28T10:00:00.000-00:00,"3.16,3.16,3.17,3.16,430195"
2025-08-28T10:05:00.000-00:00,"3.16,3.17,3.17,3.16,1550061"
2025-08-28T10:10:00.000-00:00,"3.16,3.16,3.17,3.16,71133"
2025-08-28T10:15:00.000-00:00,"3.16,3.17,3.17,3.16,645190"
2025-08-28T10:20:00.000-00:00,"3.16,3.16,3.16,3.16,10000"
2025-08-28T10:25:00.000-00:00,"3.16,3.17,3.17,3.16,8257"
2025-08-28T10:30:00.000-00:00,"3.16,3.16,3.16,3.16,202750"
2025-08-28T10:35:00.000-00:00,"3.16,3.14,3.16,3.14,4130754"
2025-08-28T10:40:00.000-00:00,"3.15,3.14,3.15,3.14,3491937"
2025-08-28T10:45:00.000-00:00,"3.14,3.15,3.15,3.14,95136"
2025-08-28T10:50:00.000-00:00,"3.14,3.14,3.15,3.14,1333929"
2025-08-28T10:55:00.000-00:00,"3.14,3.13,3.14,3.13,89966"
2025-08-28T11:00:00.000-00:00,"3.14,3.14,3.14,3.13,735272"
2025-08-28T11:05:00.000-00:00,"3.14,3.13,3.14,3.13,825819"
2025-08-28T11:10:00.000-00:00,"3.13,3.14,3.14,3.12,3351245"
2025-08-28T11:25:00.000-00:00,"3.14,3.14,3.14,3.14,6565442"
2025-08-31T07:00:00.000-00:00,"3.16,3.16,3.17,3.15,934457"
2025-08-31T07:05:00.000-00:00,"3.16,3.17,3.17,3.15,932369"
2025-08-31T07:10:00.000-00:00,"3.16,3.17,3.17,3.16,295598"
2025-08-31T07:15:00.000-00:00,"3.16,3.16,3.16,3.16,927561"
2025-08-31T07:20:00.000-00:00,"3.16,3.16,3.17,3.15,262383"
2025-08-31T07:25:00.000-00:00,"3.16,3.15,3.16,3.15,323418"
2025-08-31T07:30:00.000-00:00,"3.16,3.16,3.16,3.15,46933"
2025-08-31T07:35:00.000-00:00,"3.16,3.15,3.16,3.15,372837"
2025-08-31T07:40:00.000-00:00,"3.15,3.15,3.16,3.15,122161"
2025-08-31T07:45:00.000-00:00,"3.16,3.16,3.16,3.15,126912"
2025-08-31T07:50:00.000-00:00,"3.16,3.15,3.16,3.15,646022"
2025-08-31T07:55:00.000-00:00,"3.15,3.15,3.15,3.14,484369"
2025-08-31T08:00:00.000-00:00,"3.15,3.14,3.15,3.13,897709"
2025-08-31T08:05:00.000-00:00,"3.14,3.14,3.14,3.13,109440"
2025-08-31T08:10:00.000-00:00,"3.14,3.14,3.14,3.13,146000"
2025-08-31T08:15:00.000-00:00,"3.14,3.14,3.14,3.13,190115"
2025-08-31T08:20:00.000-00:00,"3.13,3.14,3.14,3.13,51003"
2025-08-31T08:25:00.000-00:00,"3.14,3.13,3.14,3.13,135447"
2025-08-31T08:30:00.000-00:00,"3.14,3.14,3.14,3.14,252119"
2025-08-31T08:35:00.000-00:00,"3.13,3.13,3.13,3.13,11"
2025-08-31T08:40:00.000-00:00,"3.14,3.14,3.14,3.13,63884"
2025-08-31T08:45:00.000-00:00,"3.13,3.13,3.14,3.13,297701"
2025-08-31T08:50:00.000-00:00,"3.14,3.13,3.14,3.13,6950"
2025-08-31T08:55:00.000-00:00,"3.14,3.14,3.14,3.14,23475"
2025-08-31T09:00:00.000-00:00,"3.14,3.14,3.15,3.14,136308"
2025-08-31T09:05:00.000-00:00,"3.15,3.15,3.15,3.14,254260"
2025-08-31T09:10:00.000-00:00,"3.15,3.15,3.15,3.14,4541"
2025-08-31T09:15:00.000-00:00,"3.14,3.15,3.15,3.14,95622"
2025-08-31T09:20:00.000-00:00,"3.15,3.15,3.15,3.15,63"
2025-08-31T09:25:00.000-00:00,"3.14,3.14,3.14,3.14,7953"
2025-08-31T09:30:00.000-00:00,"3.14,3.14,3.15,3.14,164778"
2025-08-31T09:35:00.000-00:00,"3.14,3.14,3.14,3.14,573995"
2025-08-31T09:40:00.000-00:00,"3.14,3.14,3.14,3.14,47970"
2025-08-31T09:45:00.000-00:00,"3.14,3.14,3.14,3.14,4540"
2025-08-31T09:50:00.000-00:00,"3.14,3.14,3.14,3.14,10"
2025-08-31T09:55:00.000-00:00,"3.13,3.13,3.13,3.12,1606832"
2025-08-31T10:00:00.000-00:00,"3.13,3.12,3.13,3.12,13569"
2025-08-31T10:05:00.000-00:00,"3.12,3.12,3.12,3.11,1597321"
2025-08-31T10:10:00.000-00:00,"3.11,3.11,3.12,3.11,1593656"
2025-08-31T10:15:00.000-00:00,"3.1,3.08,3.11,3.08,1321233"
2025-08-31T10:20:00.000-00:00,"3.08,3.09,3.09,3.07,1403672"
2025-08-31T10:25:00.000-00:00,"3.09,3.09,3.09,3.08,37081"
2025-08-31T10:30:00.000-00:00,"3.09,3.07,3.09,3.07,654275"
2025-08-31T10:35:00.000-00:00,"3.07,3.07,3.08,3.07,162228"
2025-08-31T10:40:00.000-00:00,"3.08,3.08,3.08,3.07,229926"
2025-08-31T10:45:00.000-00:00,"3.08,3.07,3.08,3.07,1448150"
2025-08-31T10:50:00.000-00:00,"3.07,3.07,3.08,3.06,503516"
2025-08-31T10:55:00.000-00:00,"3.06,3.07,3.07,3.06,505519"
2025-08-31T11:00:00.000-00:00,"3.07,3.08,3.08,3.07,506460"
2025-08-31T11:05:00.000-00:00,"3.08,3.08,3.08,3.07,529424"
2025-08-31T11:10:00.000-00:00,"3.08,3.07,3.08,3.07,1262582"
2025-08-31T11:25:00.000-00:00,"3.07,3.07,3.07,3.07,2643400"
2025-09-01T07:00:00.000-00:00,"3.07,3.07,3.08,3.07,43116"
2025-09-01T07:05:00.000-00:00,"3.08,3.07,3.08,3.07,177376"
2025-09-01T07:10:00.000-00:00,"3.07,3.07,3.08,3.07,76303"
2025-09-01T07:15:00.000-00:00,"3.07,3.07,3.08,3.07,28423"
2025-09-01T07:20:00.000-00:00,"3.07,3.08,3.08,3.07,56003"
2025-09-01T07:25:00.000-00:00,"3.07,3.07,3.08,3.07,527727"
2025-09-01T07:30:00.000-00:00,"3.07,3.06,3.07,3.06,289979"
2025-09-01T07:35:00.000-00:00,"3.07,3.07,3.07,3.06,191860"
2025-09-01T07:40:00.000-00:00,"3.07,3.08,3.08,3.07,115345"
2025-09-01T07:45:00.000-00:00,"3.07,3.07,3.08,3.07,20700"
2025-09-01T07:50:00.000-00:00,"3.08,3.08,3.08,3.07,605464"
2025-09-01T07:55:00.000-00:00,"3.08,3.09,3.09,3.08,332319"
2025-09-01T08:00:00.000-00:00,"3.08,3.08,3.08,3.07,71037"
2025-09-01T08:05:00.000-00:00,"3.08,3.08,3.09,3.07,13366"
2025-09-01T08:10:00.000-00:00,"3.08,3.08,3.08,3.07,263689"
2025-09-01T08:15:00.000-00:00,"3.07,3.06,3.08,3.06,302500"
2025-09-01T08:20:00.000-00:00,"3.06,3.06,3.06,3.06,384546"
2025-09-01T08:25:00.000-00:00,"3.06,3.05,3.06,3.05,1464571"
2025-09-01T08:30:00.000-00:00,"3.06,3.06,3.06,3.05,59293"
2025-09-01T08:35:00.000-00:00,"3.06,3.06,3.06,3.06,90140"
2025-09-01T08:40:00.000-00:00,"3.06,3.06,3.06,3.05,171825"
2025-09-01T08:45:00.000-00:00,"3.06,3.05,3.06,3.05,455523"
2025-09-01T08:50:00.000-00:00,"3.06,3.05,3.06,3.05,100008"
2025-09-01T08:55:00.000-00:00,"3.06,3.07,3.07,3.06,129759"
2025-09-01T09:00:00.000-00:00,"3.06,3.07,3.07,3.06,140886"
2025-09-01T09:05:00.000-00:00,"3.07,3.06,3.07,3.06,623"
2025-09-01T09:10:00.000-00:00,"3.07,3.06,3.07,3.06,524353"
2025-09-01T09:15:00.000-00:00,"3.06,3.06,3.06,3.06,35385"
2025-09-01T09:20:00.000-00:00,"3.06,3.06,3.06,3.06,285716"
2025-09-01T09:25:00.000-00:00,"3.06,3.06,3.06,3.06,68537"
2025-09-01T09:30:00.000-00:00,"3.07,3.06,3.07,3.06,284118"
2025-09-01T09:35:00.000-00:00,"3.06,3.07,3.07,3.06,549884"
2025-09-01T09:40:00.000-00:00,"3.08,3.07,3.08,3.07,631494"
2025-09-01T09:45:00.000-00:00,"3.07,3.08,3.08,3.07,210479"
2025-09-01T09:50:00.000-00:00,"3.08,3.07,3.08,3.07,13351"
2025-09-01T09:55:00.000-00:00,"3.08,3.08,3.08,3.08,660090"
2025-09-01T10:00:00.000-00:00,"3.09,3.08,3.09,3.08,26521"
2025-09-01T10:05:00.000-00:00,"3.09,3.08,3.09,3.08,108792"
2025-09-01T10:10:00.000-00:00,"3.09,3.08,3.09,3.08,606362"
2025-09-01T10:15:00.000-00:00,"3.08,3.08,3.08,3.07,9472"
2025-09-01T10:20:00.000-00:00,"3.07,3.08,3.08,3.07,437180"
2025-09-01T10:25:00.000-00:00,"3.09,3.08,3.09,3.08,30212"
2025-09-01T10:30:00.000-00:00,"3.09,3.09,3.09,3.08,48072"
2025-09-01T10:35:00.000-00:00,"3.08,3.09,3.09,3.07,222025"
2025-09-01T10:40:00.000-00:00,"3.09,3.08,3.09,3.08,41339"
2025-09-01T10:45:00.000-00:00,"3.08,3.08,3.08,3.07,33198"
2025-09-01T10:50:00.000-00:00,"3.08,3.07,3.08,3.07,53500"
2025-09-01T10:55:00.000-00:00,"3.07,3.08,3.08,3.07,91078"
2025-09-01T11:00:00.000-00:00,"3.08,3.08,3.08,3.07,346006"
2025-09-01T11:05:00.000-00:00,"3.08,3.07,3.08,3.07,247300"
2025-09-01T11:10:00.000-00:00,"3.07,3.08,3.08,3.07,504280"
2025-09-01T11:25:00.000-00:00,"3.09,3.09,3.09,3.09,2586477"
2025-09-02T07:00:00.000-00:00,"3.09,3.1,3.1,3.09,351600"
2025-09-02T07:05:00.000-00:00,"3.1,3.1,3.1,3.1,98267"
2025-09-02T07:10:00.000-00:00,"3.1,3.09,3.1,3.09,40378"
2025-09-02T07:15:00.000-00:00,"3.09,3.1,3.11,3.09,108900"
2025-09-02T07:20:00.000-00:00,"3.11,3.1,3.11,3.1,196463"
2025-09-02T07:25:00.000-00:00,"3.11,3.1,3.11,3.1,72303"
2025-09-02T07:30:00.000-00:00,"3.11,3.1,3.11,3.1,492991"
2025-09-02T07:35:00.000-00:00,"3.1,3.1,3.1,3.1,207168"
2025-09-02T07:40:00.000-00:00,"3.09,3.1,3.1,3.09,23711"
2025-09-02T07:45:00.000-00:00,"3.1,3.1,3.11,3.1,180187"
2025-09-02T07:50:00.000-00:00,"3.1,3.09,3.1,3.09,134034"
2025-09-02T07:55:00.000-00:00,"3.1,3.09,3.1,3.09,417726"
2025-09-02T08:00:00.000-00:00,"3.1,3.1,3.1,3.09,1005605"
2025-09-02T08:05:00.000-00:00,"3.1,3.09,3.1,3.09,655746"
2025-09-02T08:10:00.000-00:00,"3.09,3.09,3.09,3.09,437565"
2025-09-02T08:15:00.000-00:00,"3.08,3.09,3.09,3.08,31050"
2025-09-02T08:20:00.000-00:00,"3.08,3.09,3.09,3.08,5300"
2025-09-02T08:25:00.000-00:00,"3.08,3.08,3.08,3.08,539"
2025-09-02T08:30:00.000-00:00,"3.08,3.08,3.09,3.08,41781"
2025-09-02T08:35:00.000-00:00,"3.09,3.09,3.09,3.09,30688"
2025-09-02T08:40:00.000-00:00,"3.08,3.09,3.09,3.08,280"
2025-09-02T08:45:00.000-00:00,"3.09,3.08,3.09,3.08,80001"
2025-09-02T08:50:00.000-00:00,"3.09,3.09,3.1,3.09,5113300"
2025-09-02T08:55:00.000-00:00,"3.09,3.09,3.09,3.09,20552950"
2025-09-02T09:00:00.000-00:00,"3.09,3.09,3.09,3.09,29"
2025-09-02T09:05:00.000-00:00,"3.08,3.08,3.09,3.08,201000"
2025-09-02T09:10:00.000-00:00,"3.08,3.09,3.09,3.08,320971"
2025-09-02T09:15:00.000-00:00,"3.09,3.09,3.09,3.08,276188"
2025-09-02T09:20:00.000-00:00,"3.09,3.09,3.09,3.08,277655"
2025-09-02T09:25:00.000-00:00,"3.09,3.1,3.1,3.09,805995"
2025-09-02T09:30:00.000-00:00,"3.1,3.1,3.1,3.1,2525"
2025-09-02T09:35:00.000-00:00,"3.1,3.09,3.1,3.09,81403"
2025-09-02T09:40:00.000-00:00,"3.09,3.09,3.09,3.09,41000"
2025-09-02T09:45:00.000-00:00,"3.1,3.09,3.1,3.09,38458"
2025-09-02T09:50:00.000-00:00,"3.09,3.09,3.09,3.09,275000"
2025-09-02T09:55:00.000-00:00,"3.09,3.09,3.09,3.09,232000"
2025-09-02T10:00:00.000-00:00,"3.1,3.1,3.1,3.09,134109"
2025-09-02T10:05:00.000-00:00,"3.09,3.09,3.1,3.09,99721"
2025-09-02T10:10:00.000-00:00,"3.1,3.09,3.1,3.08,150955"
2025-09-02T10:15:00.000-00:00,"3.09,3.09,3.1,3.09,88000"
2025-09-02T10:20:00.000-00:00,"3.09,3.09,3.1,3.09,261662"
2025-09-02T10:25:00.000-00:00,"3.09,3.09,3.09,3.09,229201"
2025-09-02T10:30:00.000-00:00,"3.09,3.09,3.09,3.09,7000"
2025-09-02T10:35:00.000-00:00,"3.08,3.09,3.09,3.08,153402"
2025-09-02T10:40:00.000-00:00,"3.08,3.08,3.09,3.08,36111"
2025-09-02T10:45:00.000-00:00,"3.09,3.08,3.09,3.08,47808"
2025-09-02T10:50:00.000-00:00,"3.08,3.09,3.09,3.08,19651"
2025-09-02T10:55:00.000-00:00,"3.09,3.09,3.09,3.08,207441"
2025-09-02T11:00:00.000-00:00,"3.09,3.09,3.09,3.08,1006881"
2025-09-02T11:05:00.000-00:00,"3.09,3.09,3.09,3.08,491458"
2025-09-02T11:10:00.000-00:00,"3.08,3.05,3.08,3.05,6515740"
2025-09-02T11:15:00.000-00:00,"3.06,3.06,3.06,3.06,53976"
2025-09-02T11:25:00.000-00:00,"3.07,3.07,3.07,3.07,1995157"
2025-09-03T07:00:00.000-00:00,"3.07,3.07,3.08,3.06,461668"
2025-09-03T07:05:00.000-00:00,"3.06,3.07,3.07,3.06,4800"
2025-09-03T07:10:00.000-00:00,"3.06,3.07,3.07,3.06,127973"
2025-09-03T07:15:00.000-00:00,"3.07,3.07,3.07,3.07,79029"
2025-09-03T07:20:00.000-00:00,"3.06,3.06,3.06,3.06,1000"
2025-09-03T07:25:00.000-00:00,"3.06,3.06,3.06,3.06,444968"
2025-09-03T07:30:00.000-00:00,"3.06,3.06,3.06,3.05,368373"
2025-09-03T07:35:00.000-00:00,"3.06,3.06,3.06,3.05,271337"
2025-09-03T07:40:00.000-00:00,"3.06,3.06,3.06,3.06,30100"
2025-09-03T07:45:00.000-00:00,"3.07,3.06,3.07,3.06,134531"
2025-09-03T07:50:00.000-00:00,"3.06,3.06,3.07,3.06,81976"
2025-09-03T07:55:00.000-00:00,"3.07,3.07,3.07,3.06,632445"
2025-09-03T08:00:00.000-00:00,"3.07,3.07,3.07,3.06,1551118"
2025-09-03T08:05:00.000-00:00,"3.07,3.06,3.07,3.06,23570"
2025-09-03T08:10:00.000-00:00,"3.07,3.07,3.07,3.07,90379"
2025-09-03T08:15:00.000-00:00,"3.06,3.07,3.07,3.06,269490"
2025-09-03T08:20:00.000-00:00,"3.07,3.06,3.07,3.06,1336692"
2025-09-03T08:25:00.000-00:00,"3.06,3.06,3.06,3.05,365421"
2025-09-03T08:30:00.000-00:00,"3.06,3.06,3.07,3.06,746883"
2025-09-03T08:35:00.000-00:00,"3.06,3.06,3.07,3.06,19596"
2025-09-03T08:40:00.000-00:00,"3.06,3.05,3.06,3.05,59400"
2025-09-03T08:45:00.000-00:00,"3.06,3.06,3.06,3.05,6040155"
2025-09-03T08:50:00.000-00:00,"3.06,3.06,3.07,3.06,23344343"
2025-09-03T08:55:00.000-00:00,"3.06,3.06,3.06,3.06,137015"
2025-09-03T09:00:00.000-00:00,"3.06,3.06,3.06,3.05,199864"
2025-09-03T09:05:00.000-00:00,"3.06,3.05,3.06,3.05,48000"
2025-09-03T09:10:00.000-00:00,"3.05,3.06,3.06,3.05,82881"
2025-09-03T09:15:00.000-00:00,"3.05,3.05,3.06,3.05,75075"
2025-09-03T09:20:00.000-00:00,"3.05,3.05,3.06,3.05,60018"
2025-09-03T09:25:00.000-00:00,"3.05,3.05,3.06,3.05,855420"
2025-09-03T09:30:00.000-00:00,"3.05,3.05,3.05,3.05,1579624"
2025-09-03T09:35:00.000-00:00,"3.05,3.05,3.06,3.05,63100"
2025-09-03T09:40:00.000-00:00,"3.05,3.05,3.06,3.05,246034"
2025-09-03T09:45:00.000-00:00,"3.05,3.06,3.06,3.05,150446"
2025-09-03T09:50:00.000-00:00,"3.06,3.05,3.06,3.05,221015"
2025-09-03T09:55:00.000-00:00,"3.05,3.05,3.05,3.05,374952"
2025-09-03T10:00:00.000-00:00,"3.05,3.05,3.05,3.04,95923"
2025-09-03T10:05:00.000-00:00,"3.04,3.05,3.05,3.04,61652"
2025-09-03T10:10:00.000-00:00,"3.04,3.04,3.05,3.04,130115"
2025-09-03T10:15:00.000-00:00,"3.04,3.04,3.05,3.04,1131734"
2025-09-03T10:20:00.000-00:00,"3.04,3.03,3.04,3.03,1561505"
2025-09-03T10:25:00.000-00:00,"3.03,3.03,3.03,3.02,354619"
2025-09-03T10:30:00.000-00:00,"3.02,3.02,3.03,3.02,2050500"
2025-09-03T10:35:00.000-00:00,"3.02,3.03,3.03,3.02,787205"
2025-09-03T10:40:00.000-00:00,"3.03,3.03,3.04,3.03,174174"
2025-09-03T10:45:00.000-00:00,"3.04,3.04,3.04,3.03,114615"
2025-09-03T10:50:00.000-00:00,"3.03,3.03,3.03,3.02,246941"
2025-09-03T10:55:00.000-00:00,"3.04,3.03,3.04,3.03,313423"
2025-09-03T11:00:00.000-00:00,"3.03,3.03,3.04,3.02,526595"
2025-09-03T11:05:00.000-00:00,"3.03,3.04,3.04,3.02,696318"
2025-09-03T11:10:00.000-00:00,"3.04,3.01,3.04,3.01,2685148"
2025-09-03T11:25:00.000-00:00,"3.01,3.01,3.01,3.01,3199980"
2025-09-07T07:00:00.000-00:00,"3.03,3.04,3.04,3.02,881551"
2025-09-07T07:05:00.000-00:00,"3.03,3.04,3.04,3.03,16340"
2025-09-07T07:10:00.000-00:00,"3.04,3.03,3.05,3.03,340843"
2025-09-07T07:15:00.000-00:00,"3.03,3.03,3.03,3.03,8533"
2025-09-07T07:20:00.000-00:00,"3.03,3.03,3.04,3.03,228934"
2025-09-07T07:25:00.000-00:00,"3.03,3.03,3.04,3.02,401756"
2025-09-07T07:30:00.000-00:00,"3.04,3.03,3.04,3.03,299213"
2025-09-07T07:35:00.000-00:00,"3.03,3.04,3.04,3.03,54006"
2025-09-07T07:40:00.000-00:00,"3.03,3.01,3.04,3.01,605751"
2025-09-07T07:45:00.000-00:00,"3.01,3.01,3.02,2.99,2296016"
2025-09-07T07:50:00.000-00:00,"3,3,3.01,3,197925"
2025-09-07T07:55:00.000-00:00,"3.01,3,3.01,3,63760"
2025-09-07T08:00:00.000-00:00,"3,3,3,3,30914"
2025-09-07T08:05:00.000-00:00,"3,3,3,3,36630"
2025-09-07T08:10:00.000-00:00,"3,3,3,3,153403"
2025-09-07T08:15:00.000-00:00,"3,2.99,3,2.99,21081"
2025-09-07T08:20:00.000-00:00,"2.99,3,3,2.99,252508"
2025-09-07T08:25:00.000-00:00,"3,2.99,3,2.99,98343"
2025-09-07T08:30:00.000-00:00,"3,3,3,3,198762"
2025-09-07T08:35:00.000-00:00,"3.01,3.01,3.01,3.01,4248"
2025-09-07T08:40:00.000-00:00,"3.01,3.01,3.01,3.01,88"
2025-09-07T08:45:00.000-00:00,"3,3.02,3.02,3,1465846"
2025-09-07T08:50:00.000-00:00,"3.02,3.06,3.1,3.02,5560690"
2025-09-07T08:55:00.000-00:00,"3.05,3.05,3.06,3.05,167908"
2025-09-07T09:00:00.000-00:00,"3.05,3.05,3.05,3.05,1127158"
2025-09-07T09:05:00.000-00:00,"3.04,3.04,3.05,3.04,38099"
2025-09-07T09:10:00.000-00:00,"3.04,3.05,3.05,3.04,10500"
2025-09-07T09:15:00.000-00:00,"3.04,3.05,3.05,3.04,1186138"
2025-09-07T09:20:00.000-00:00,"3.05,3.05,3.05,3.04,207600"
2025-09-07T09:25:00.000-00:00,"3.06,3.05,3.06,3.05,377464"
2025-09-07T09:30:00.000-00:00,"3.05,3.05,3.06,3.05,31506"
2025-09-07T09:35:00.000-00:00,"3.05,3.06,3.06,3.05,38066"
2025-09-07T09:40:00.000-00:00,"3.06,3.05,3.06,3.05,108590"
2025-09-07T09:45:00.000-00:00,"3.05,3.05,3.06,3.05,179286"
2025-09-07T09:50:00.000-00:00,"3.05,3.07,3.09,3.05,6053795"
2025-09-07T09:55:00.000-00:00,"3.07,3.07,3.08,3.06,94437"
2025-09-07T10:00:00.000-00:00,"3.07,3.08,3.09,3.07,3803669"
2025-09-07T10:05:00.000-00:00,"3.08,3.08,3.08,3.07,101023"
2025-09-07T10:10:00.000-00:00,"3.07,3.08,3.08,3.07,742595"
2025-09-07T10:15:00.000-00:00,"3.08,3.07,3.08,3.07,101623"
2025-09-07T10:20:00.000-00:00,"3.08,3.09,3.09,3.08,232650"
2025-09-07T10:25:00.000-00:00,"3.09,3.08,3.09,3.08,94500"
2025-09-07T10:30:00.000-00:00,"3.09,3.09,3.09,3.08,152227"
2025-09-07T10:35:00.000-00:00,"3.08,3.07,3.08,3.07,1012000"
2025-09-07T10:40:00.000-00:00,"3.08,3.08,3.08,3.07,69785"
2025-09-07T10:45:00.000-00:00,"3.08,3.08,3.08,3.07,193751"
2025-09-07T10:50:00.000-00:00,"3.08,3.07,3.08,3.07,20631"
2025-09-07T10:55:00.000-00:00,"3.07,3.07,3.08,3.07,1559011"
2025-09-07T11:00:00.000-00:00,"3.07,3.07,3.07,3.07,763102"
2025-09-07T11:05:00.000-00:00,"3.07,3.07,3.08,3.07,706355"
2025-09-07T11:10:00.000-00:00,"3.08,3.08,3.08,3.07,1457509"
2025-09-07T11:25:00.000-00:00,"3.08,3.08,3.08,3.08,2366462"
2025-09-08T07:00:00.000-00:00,"3.09,3.08,3.09,3.07,65800"
2025-09-08T07:05:00.000-00:00,"3.08,3.09,3.1,3.08,298118"
2025-09-08T07:10:00.000-00:00,"3.1,3.1,3.1,3.09,73042"
2025-09-08T07:15:00.000-00:00,"3.1,3.1,3.1,3.09,905027"
2025-09-08T07:20:00.000-00:00,"3.1,3.1,3.1,3.09,143402"
2025-09-08T07:25:00.000-00:00,"3.09,3.09,3.1,3.09,13429"
2025-09-08T07:30:00.000-00:00,"3.1,3.1,3.1,3.09,1291306"
2025-09-08T07:35:00.000-00:00,"3.1,3.1,3.11,3.1,501538"
2025-09-08T07:40:00.000-00:00,"3.1,3.09,3.1,3.09,334852"
2025-09-08T07:45:00.000-00:00,"3.1,3.11,3.11,3.09,184303"
2025-09-08T07:50:00.000-00:00,"3.1,3.1,3.11,3.1,94500"
2025-09-08T07:55:00.000-00:00,"3.11,3.1,3.11,3.1,1262312"
2025-09-08T08:00:00.000-00:00,"3.1,3.09,3.1,3.09,451004"
2025-09-08T08:05:00.000-00:00,"3.1,3.1,3.1,3.1,514587"
2025-09-08T08:10:00.000-00:00,"3.1,3.1,3.1,3.09,3126"
2025-09-08T08:15:00.000-00:00,"3.1,3.1,3.1,3.1,2"
2025-09-08T08:20:00.000-00:00,"3.09,3.1,3.1,3.09,58220"
2025-09-08T08:25:00.000-00:00,"3.1,3.1,3.11,3.1,334764"
2025-09-08T08:30:00.000-00:00,"3.1,3.1,3.11,3.1,212365"
2025-09-08T08:35:00.000-00:00,"3.1,3.1,3.11,3.1,222290"
2025-09-08T08:40:00.000-00:00,"3.1,3.11,3.11,3.1,382262"
2025-09-08T08:45:00.000-00:00,"3.11,3.1,3.11,3.1,3021"
2025-09-08T08:50:00.000-00:00,"3.1,3.1,3.1,3.1,1072451"
2025-09-08T08:55:00.000-00:00,"3.1,3.1,3.11,3.1,246734"
2025-09-08T09:00:00.000-00:00,"3.1,3.1,3.11,3.1,192660"
2025-09-08T09:05:00.000-00:00,"3.11,3.1,3.11,3.1,198819"
2025-09-08T09:10:00.000-00:00,"3.1,3.09,3.1,3.09,7572"
2025-09-08T09:15:00.000-00:00,"3.09,3.09,3.09,3.09,46"
2025-09-08T09:20:00.000-00:00,"3.09,3.11,3.11,3.09,494061"
2025-09-08T09:25:00.000-00:00,"3.1,3.1,3.1,3.09,304813"
2025-09-08T09:30:00.000-00:00,"3.09,3.1,3.11,3.09,286444"
2025-09-08T09:35:00.000-00:00,"3.09,3.1,3.1,3.09,97533"
2025-09-08T09:40:00.000-00:00,"3.1,3.1,3.1,3.1,6468"
2025-09-08T09:45:00.000-00:00,"3.09,3.09,3.09,3.09,2500"
2025-09-08T09:50:00.000-00:00,"3.09,3.1,3.11,3.09,650694"
2025-09-08T09:55:00.000-00:00,"3.1,3.1,3.1,3.1,417800"
2025-09-08T10:00:00.000-00:00,"3.1,3.11,3.11,3.1,8412"
2025-09-08T10:05:00.000-00:00,"3.1,3.11,3.12,3.1,4634139"
2025-09-08T10:10:00.000-00:00,"3.11,3.11,3.12,3.1,127505"
2025-09-08T10:15:00.000-00:00,"3.11,3.11,3.11,3.1,1365322"
2025-09-08T10:20:00.000-00:00,"3.11,3.11,3.11,3.1,18820"
2025-09-08T10:25:00.000-00:00,"3.1,3.1,3.11,3.1,1328178"
2025-09-08T10:30:00.000-00:00,"3.1,3.1,3.11,3.1,21432"
2025-09-08T10:35:00.000-00:00,"3.1,3.1,3.11,3.1,151243"
2025-09-08T10:40:00.000-00:00,"3.11,3.1,3.11,3.1,371184"
2025-09-08T10:45:00.000-00:00,"3.1,3.1,3.11,3.1,57806"
2025-09-08T10:50:00.000-00:00,"3.11,3.1,3.11,3.1,194899"
2025-09-08T10:55:00.000-00:00,"3.11,3.11,3.11,3.1,1488"
2025-09-08T11:00:00.000-00:00,"3.1,3.1,3.11,3.1,2912105"
2025-09-08T11:05:00.000-00:00,"3.11,3.1,3.11,3.1,1139028"
2025-09-08T11:10:00.000-00:00,"3.1,3.1,3.1,3.1,3795100"
2025-09-08T11:25:00.000-00:00,"3.09,3.09,3.09,3.09,2282715"
2025-09-09T07:00:00.000-00:00,"3.1,3.11,3.11,3.1,213290"
2025-09-09T07:05:00.000-00:00,"3.1,3.11,3.11,3.1,12017"
2025-09-09T07:10:00.000-00:00,"3.1,3.1,3.1,3.1,58724"
2025-09-09T07:15:00.000-00:00,"3.1,3.1,3.11,3.1,1006753"
2025-09-09T07:20:00.000-00:00,"3.11,3.12,3.12,3.11,3018040"
2025-09-09T07:25:00.000-00:00,"3.11,3.12,3.12,3.11,940000"
2025-09-09T07:30:00.000-00:00,"3.12,3.11,3.12,3.11,11000"
2025-09-09T07:35:00.000-00:00,"3.12,3.11,3.12,3.11,312708"
2025-09-09T07:40:00.000-00:00,"3.11,3.12,3.12,3.11,1032892"
2025-09-09T07:45:00.000-00:00,"3.12,3.12,3.12,3.12,1041803"
2025-09-09T07:50:00.000-00:00,"3.11,3.12,3.12,3.11,56617"
2025-09-09T07:55:00.000-00:00,"3.12,3.13,3.13,3.11,3596339"
2025-09-09T08:00:00.000-00:00,"3.12,3.13,3.13,3.12,502199"
2025-09-09T08:05:00.000-00:00,"3.12,3.11,3.12,3.11,3836187"
2025-09-09T08:10:00.000-00:00,"3.12,3.11,3.12,3.11,41375"
2025-09-09T08:15:00.000-00:00,"3.12,3.11,3.12,3.11,20793"
2025-09-09T08:20:00.000-00:00,"3.12,3.11,3.12,3.11,2220130"
2025-09-09T08:25:00.000-00:00,"3.1,3.11,3.11,3.1,1613"
2025-09-09T08:30:00.000-00:00,"3.1,3.11,3.11,3.1,1256032"
2025-09-09T08:35:00.000-00:00,"3.11,3.12,3.12,3.11,13095192"
2025-09-09T08:40:00.000-00:00,"3.11,3.11,3.11,3.11,10000"
2025-09-09T08:45:00.000-00:00,"3.12,3.12,3.12,3.12,256"
2025-09-09T08:50:00.000-00:00,"3.11,3.12,3.12,3.11,58002"
2025-09-09T08:55:00.000-00:00,"3.12,3.12,3.12,3.12,311874"
2025-09-09T09:00:00.000-00:00,"3.11,3.11,3.11,3.11,264870"
2025-09-09T09:05:00.000-00:00,"3.11,3.11,3.12,3.11,31751"
2025-09-09T09:10:00.000-00:00,"3.11,3.11,3.12,3.11,7127"
2025-09-09T09:15:00.000-00:00,"3.11,3.11,3.11,3.11,301348"
2025-09-09T09:20:00.000-00:00,"3.11,3.1,3.11,3.1,1104197"
2025-09-09T09:25:00.000-00:00,"3.1,3.11,3.11,3.09,1540801"
2025-09-09T09:30:00.000-00:00,"3.1,3.1,3.11,3.1,1541981"
2025-09-09T09:35:00.000-00:00,"3.09,3.1,3.1,3.09,2007600"
2025-09-09T09:40:00.000-00:00,"3.1,3.09,3.1,3.09,169671"
2025-09-09T09:45:00.000-00:00,"3.1,3.1,3.1,3.09,130361"
2025-09-09T09:50:00.000-00:00,"3.1,3.09,3.1,3.09,113667"
2025-09-09T09:55:00.000-00:00,"3.09,3.09,3.09,3.09,52307"
2025-09-09T10:00:00.000-00:00,"3.09,3.1,3.1,3.09,92676"
2025-09-09T10:05:00.000-00:00,"3.1,3.1,3.1,3.1,21356"
2025-09-09T10:10:00.000-00:00,"3.09,3.1,3.1,3.09,15100"
2025-09-09T10:15:00.000-00:00,"3.1,3.1,3.1,3.09,67287"
2025-09-09T10:20:00.000-00:00,"3.09,3.1,3.1,3.09,154938"
2025-09-09T10:25:00.000-00:00,"3.1,3.1,3.1,3.1,56176"
2025-09-09T10:30:00.000-00:00,"3.1,3.09,3.1,3.09,11579"
2025-09-09T10:35:00.000-00:00,"3.09,3.09,3.1,3.09,1514007"
2025-09-09T10:40:00.000-00:00,"3.09,3.09,3.1,3.09,1241586"
2025-09-09T10:45:00.000-00:00,"3.1,3.1,3.1,3.09,376367"
2025-09-09T10:50:00.000-00:00,"3.1,3.09,3.1,3.09,4038124"
2025-09-09T10:55:00.000-00:00,"3.09,3.09,3.09,3.09,636987"
2025-09-09T11:00:00.000-00:00,"3.09,3.09,3.1,3.09,1482374"
2025-09-09T11:05:00.000-00:00,"3.09,3.09,3.09,3.08,3271449"
2025-09-09T11:10:00.000-00:00,"3.09,3.08,3.09,3.08,2458244"
2025-09-09T11:25:00.000-00:00,"3.1,3.1,3.1,3.1,1330686"
2025-09-10T07:00:00.000-00:00,"3.1,3.08,3.1,3.08,15500"
2025-09-10T07:05:00.000-00:00,"3.08,3.08,3.1,3.08,105157"
2025-09-10T07:10:00.000-00:00,"3.1,3.1,3.1,3.09,154639"
2025-09-10T07:15:00.000-00:00,"3.1,3.1,3.11,3.09,1355077"
2025-09-10T07:20:00.000-00:00,"3.11,3.1,3.11,3.1,44602"
2025-09-10T07:25:00.000-00:00,"3.1,3.11,3.11,3.1,2104006"
2025-09-10T07:30:00.000-00:00,"3.11,3.12,3.12,3.1,393738"
2025-09-10T07:35:00.000-00:00,"3.11,3.11,3.11,3.1,814024"
2025-09-10T07:40:00.000-00:00,"3.1,3.11,3.11,3.1,1319000"
2025-09-10T07:45:00.000-00:00,"3.11,3.12,3.13,3.11,2670202"
2025-09-10T07:50:00.000-00:00,"3.12,3.12,3.12,3.12,1474000"
2025-09-10T07:55:00.000-00:00,"3.12,3.13,3.13,3.11,5660702"
2025-09-10T08:00:00.000-00:00,"3.13,3.13,3.14,3.12,3389502"
2025-09-10T08:05:00.000-00:00,"3.14,3.14,3.15,3.13,6283617"
2025-09-10T08:10:00.000-00:00,"3.15,3.16,3.17,3.14,9574506"
2025-09-10T08:15:00.000-00:00,"3.16,3.15,3.16,3.15,1917830"
2025-09-10T08:20:00.000-00:00,"3.15,3.16,3.16,3.15,314732"
2025-09-10T08:25:00.000-00:00,"3.15,3.15,3.16,3.15,59455"
2025-09-10T08:30:00.000-00:00,"3.16,3.15,3.16,3.15,312370"
2025-09-10T08:35:00.000-00:00,"3.16,3.15,3.16,3.15,185661"
2025-09-10T08:40:00.000-00:00,"3.15,3.14,3.15,3.14,1584971"
2025-09-10T08:45:00.000-00:00,"3.15,3.13,3.15,3.13,4040580"
2025-09-10T08:50:00.000-00:00,"3.14,3.14,3.15,3.14,458352"
2025-09-10T08:55:00.000-00:00,"3.14,3.14,3.14,3.14,73040"
2025-09-10T09:00:00.000-00:00,"3.14,3.14,3.15,3.14,46221"
2025-09-10T09:05:00.000-00:00,"3.14,3.14,3.15,3.14,21715"
2025-09-10T09:10:00.000-00:00,"3.14,3.14,3.15,3.14,111014"
2025-09-10T09:15:00.000-00:00,"3.14,3.14,3.15,3.14,319756"
2025-09-10T09:20:00.000-00:00,"3.14,3.13,3.14,3.13,138000"
2025-09-10T09:25:00.000-00:00,"3.14,3.13,3.14,3.13,32051"
2025-09-10T09:30:00.000-00:00,"3.13,3.14,3.14,3.13,50090"
2025-09-10T09:35:00.000-00:00,"3.14,3.14,3.15,3.14,897689"
2025-09-10T09:40:00.000-00:00,"3.15,3.14,3.15,3.14,1246441"
2025-09-10T09:45:00.000-00:00,"3.13,3.14,3.15,3.13,722451"
2025-09-10T09:50:00.000-00:00,"3.15,3.14,3.15,3.14,765010"
2025-09-10T09:55:00.000-00:00,"3.15,3.14,3.15,3.14,49036"
2025-09-10T10:00:00.000-00:00,"3.15,3.14,3.15,3.14,938"
2025-09-10T10:05:00.000-00:00,"3.14,3.15,3.15,3.13,1698373"
2025-09-10T10:10:00.000-00:00,"3.15,3.15,3.15,3.15,425558"
2025-09-10T10:15:00.000-00:00,"3.15,3.15,3.15,3.14,680228"
2025-09-10T10:20:00.000-00:00,"3.15,3.15,3.16,3.15,2899227"
2025-09-10T10:25:00.000-00:00,"3.15,3.15,3.15,3.14,1589473"
2025-09-10T10:30:00.000-00:00,"3.15,3.14,3.16,3.14,15151"
2025-09-10T10:35:00.000-00:00,"3.14,3.15,3.15,3.14,471000"
2025-09-10T10:40:00.000-00:00,"3.15,3.15,3.15,3.14,346740"
2025-09-10T10:45:00.000-00:00,"3.14,3.15,3.15,3.14,411162"
2025-09-10T10:50:00.000-00:00,"3.15,3.14,3.15,3.14,3131"
2025-09-10T10:55:00.000-00:00,"3.14,3.14,3.14,3.14,3103613"
2025-09-10T11:00:00.000-00:00,"3.14,3.14,3.14,3.13,597899"
2025-09-10T11:05:00.000-00:00,"3.13,3.13,3.14,3.13,570754"
2025-09-10T11:10:00.000-00:00,"3.14,3.13,3.14,3.13,1588203"
2025-09-10T11:25:00.000-00:00,"3.15,3.15,3.15,3.15,7123500"
2025-09-11T07:00:00.000-00:00,"3.16,3.19,3.19,3.16,3027369"
2025-09-11T07:05:00.000-00:00,"3.18,3.18,3.18,3.17,2819371"
2025-09-11T07:10:00.000-00:00,"3.18,3.19,3.19,3.17,2743067"
2025-09-11T07:15:00.000-00:00,"3.18,3.16,3.19,3.16,10266498"
2025-09-11T07:20:00.000-00:00,"3.16,3.17,3.17,3.16,1585717"
2025-09-11T07:25:00.000-00:00,"3.16,3.16,3.17,3.16,17833"
2025-09-11T07:30:00.000-00:00,"3.17,3.17,3.17,3.16,148447"
2025-09-11T07:35:00.000-00:00,"3.16,3.17,3.17,3.16,22140"
2025-09-11T07:40:00.000-00:00,"3.16,3.16,3.17,3.16,2812726"
2025-09-11T07:45:00.000-00:00,"3.16,3.17,3.17,3.16,292256"
2025-09-11T07:50:00.000-00:00,"3.16,3.16,3.16,3.16,1737033"
2025-09-11T07:55:00.000-00:00,"3.16,3.17,3.17,3.15,1080142"
2025-09-11T08:00:00.000-00:00,"3.16,3.16,3.16,3.16,559160"
2025-09-11T08:05:00.000-00:00,"3.17,3.16,3.17,3.16,222261"
2025-09-11T08:10:00.000-00:00,"3.16,3.16,3.16,3.15,264311"
2025-09-11T08:15:00.000-00:00,"3.15,3.15,3.16,3.15,552841"
2025-09-11T08:20:00.000-00:00,"3.16,3.15,3.16,3.15,322831"
2025-09-11T08:25:00.000-00:00,"3.15,3.15,3.15,3.15,133500"
2025-09-11T08:30:00.000-00:00,"3.15,3.15,3.16,3.15,136029"
2025-09-11T08:35:00.000-00:00,"3.16,3.16,3.16,3.16,36156"
2025-09-11T08:40:00.000-00:00,"3.15,3.15,3.16,3.15,59428"
2025-09-11T08:45:00.000-00:00,"3.16,3.15,3.16,3.15,12278"
2025-09-11T08:50:00.000-00:00,"3.15,3.15,3.16,3.15,133492"
2025-09-11T08:55:00.000-00:00,"3.16,3.15,3.16,3.15,286919"
2025-09-11T09:00:00.000-00:00,"3.15,3.16,3.16,3.15,255985"
2025-09-11T09:05:00.000-00:00,"3.15,3.15,3.16,3.15,501004"
2025-09-11T09:10:00.000-00:00,"3.16,3.15,3.16,3.15,1212146"
2025-09-11T09:15:00.000-00:00,"3.15,3.15,3.16,3.15,512797"
2025-09-11T09:20:00.000-00:00,"3.15,3.15,3.16,3.15,7012"
2025-09-11T09:25:00.000-00:00,"3.15,3.15,3.15,3.14,230498"
2025-09-11T09:30:00.000-00:00,"3.14,3.16,3.16,3.14,1212363"
2025-09-11T09:35:00.000-00:00,"3.16,3.16,3.17,3.16,323307"
2025-09-11T09:40:00.000-00:00,"3.16,3.15,3.16,3.15,753699"
2025-09-11T09:45:00.000-00:00,"3.16,3.16,3.16,3.16,302194"
2025-09-11T09:50:00.000-00:00,"3.16,3.16,3.16,3.16,1213960"
2025-09-11T09:55:00.000-00:00,"3.16,3.16,3.16,3.16,85156"
2025-09-11T10:00:00.000-00:00,"3.16,3.16,3.16,3.16,1274749"
2025-09-11T10:05:00.000-00:00,"3.16,3.16,3.17,3.16,54909"
2025-09-11T10:10:00.000-00:00,"3.16,3.16,3.17,3.16,679762"
2025-09-11T10:15:00.000-00:00,"3.16,3.16,3.17,3.16,604399"
2025-09-11T10:20:00.000-00:00,"3.16,3.16,3.17,3.16,1406111"
2025-09-11T10:25:00.000-00:00,"3.17,3.17,3.17,3.17,1738361"
2025-09-11T10:30:00.000-00:00,"3.17,3.17,3.17,3.16,16331"
2025-09-11T10:35:00.000-00:00,"3.16,3.16,3.16,3.16,74731"
2025-09-11T10:40:00.000-00:00,"3.16,3.16,3.17,3.16,46677"
2025-09-11T10:45:00.000-00:00,"3.16,3.15,3.16,3.15,1042303"
2025-09-11T10:50:00.000-00:00,"3.15,3.15,3.16,3.15,1037925"
2025-09-11T10:55:00.000-00:00,"3.15,3.14,3.15,3.14,148188"
2025-09-11T11:00:00.000-00:00,"3.14,3.14,3.14,3.14,67190"
2025-09-11T11:05:00.000-00:00,"3.15,3.15,3.15,3.14,184515"
2025-09-11T11:10:00.000-00:00,"3.15,3.15,3.15,3.14,2532757"
2025-09-11T11:25:00.000-00:00,"3.12,3.12,3.12,3.12,9233680"
2025-09-14T07:00:00.000-00:00,"3.13,3.16,3.16,3.12,2049171"
2025-09-14T07:05:00.000-00:00,"3.15,3.15,3.16,3.15,703421"
2025-09-14T07:10:00.000-00:00,"3.16,3.16,3.16,3.15,784764"
2025-09-14T07:15:00.000-00:00,"3.16,3.16,3.16,3.15,1160440"
2025-09-14T07:20:00.000-00:00,"3.16,3.16,3.17,3.16,1660318"
2025-09-14T07:25:00.000-00:00,"3.16,3.16,3.17,3.16,1289593"
2025-09-14T07:30:00.000-00:00,"3.17,3.16,3.17,3.16,3224710"
2025-09-14T07:35:00.000-00:00,"3.16,3.16,3.17,3.16,500222"
2025-09-14T07:40:00.000-00:00,"3.15,3.16,3.16,3.15,1053002"
2025-09-14T07:45:00.000-00:00,"3.16,3.16,3.16,3.15,1936184"
2025-09-14T07:50:00.000-00:00,"3.16,3.16,3.16,3.15,55713"
2025-09-14T07:55:00.000-00:00,"3.16,3.16,3.16,3.15,2059242"
2025-09-14T08:00:00.000-00:00,"3.15,3.14,3.15,3.14,465260"
2025-09-14T08:05:00.000-00:00,"3.14,3.15,3.15,3.14,588324"
2025-09-14T08:10:00.000-00:00,"3.14,3.14,3.15,3.14,9407"
2025-09-14T08:15:00.000-00:00,"3.15,3.14,3.15,3.14,2193643"
2025-09-14T08:20:00.000-00:00,"3.14,3.13,3.14,3.13,1011591"
2025-09-14T08:25:00.000-00:00,"3.13,3.14,3.14,3.13,1209501"
2025-09-14T08:30:00.000-00:00,"3.14,3.14,3.14,3.14,309628"
2025-09-14T08:35:00.000-00:00,"3.13,3.14,3.14,3.13,5890"
2025-09-14T08:40:00.000-00:00,"3.13,3.14,3.15,3.13,89132"
2025-09-14T08:45:00.000-00:00,"3.14,3.13,3.14,3.13,458630"
2025-09-14T08:50:00.000-00:00,"3.14,3.14,3.14,3.14,13530"
2025-09-14T08:55:00.000-00:00,"3.14,3.14,3.14,3.13,14"
2025-09-14T09:00:00.000-00:00,"3.14,3.13,3.14,3.13,2826"
2025-09-14T09:05:00.000-00:00,"3.13,3.14,3.14,3.13,10280"
2025-09-14T09:10:00.000-00:00,"3.14,3.14,3.14,3.14,30"
2025-09-14T09:15:00.000-00:00,"3.14,3.14,3.14,3.13,49935"
2025-09-14T09:20:00.000-00:00,"3.13,3.13,3.13,3.13,37"
2025-09-14T09:30:00.000-00:00,"3.14,3.13,3.14,3.13,9502"
2025-09-14T09:35:00.000-00:00,"3.13,3.14,3.14,3.13,355009"
2025-09-14T09:40:00.000-00:00,"3.14,3.14,3.14,3.13,75500"
2025-09-14T09:45:00.000-00:00,"3.14,3.13,3.14,3.13,100010"
2025-09-14T09:50:00.000-00:00,"3.14,3.14,3.14,3.13,64653"
2025-09-14T10:00:00.000-00:00,"3.14,3.14,3.14,3.14,20074"
2025-09-14T10:05:00.000-00:00,"3.14,3.14,3.14,3.14,746"
2025-09-14T10:10:00.000-00:00,"3.13,3.14,3.14,3.13,7775"
2025-09-14T10:15:00.000-00:00,"3.13,3.14,3.14,3.13,4107"
2025-09-14T10:20:00.000-00:00,"3.13,3.13,3.14,3.13,40696"
2025-09-14T10:25:00.000-00:00,"3.13,3.12,3.14,3.12,1627607"
2025-09-14T10:30:00.000-00:00,"3.13,3.13,3.14,3.13,562827"
2025-09-14T10:35:00.000-00:00,"3.12,3.13,3.13,3.12,570252"
2025-09-14T10:40:00.000-00:00,"3.13,3.14,3.14,3.12,40685668"
2025-09-14T10:45:00.000-00:00,"3.14,3.14,3.15,3.14,157341"
2025-09-14T10:50:00.000-00:00,"3.14,3.14,3.15,3.14,657875"
2025-09-14T10:55:00.000-00:00,"3.14,3.13,3.14,3.13,1970431"
2025-09-14T11:00:00.000-00:00,"3.13,3.13,3.13,3.13,1253125"
2025-09-14T11:05:00.000-00:00,"3.13,3.13,3.13,3.13,4537027"
2025-09-14T11:10:00.000-00:00,"3.12,3.12,3.13,3.12,1850021"
2025-09-14T11:25:00.000-00:00,"3.12,3.12,3.12,3.12,3536225"
2025-09-15T07:00:00.000-00:00,"3.13,3.14,3.14,3.13,154682"
2025-09-15T07:05:00.000-00:00,"3.14,3.13,3.14,3.13,320000"
2025-09-15T07:10:00.000-00:00,"3.13,3.13,3.14,3.12,291531"
2025-09-15T07:15:00.000-00:00,"3.14,3.14,3.14,3.13,110016"
2025-09-15T07:20:00.000-00:00,"3.14,3.14,3.15,3.13,1175102"
2025-09-15T07:25:00.000-00:00,"3.15,3.14,3.15,3.13,95501"
2025-09-15T07:30:00.000-00:00,"3.13,3.13,3.13,3.13,20500"
2025-09-15T07:35:00.000-00:00,"3.14,3.14,3.14,3.14,251780"
2025-09-15T07:40:00.000-00:00,"3.13,3.14,3.14,3.13,60100"
2025-09-15T07:45:00.000-00:00,"3.13,3.13,3.14,3.13,817137"
2025-09-15T07:50:00.000-00:00,"3.13,3.13,3.13,3.12,44461"
2025-09-15T07:55:00.000-00:00,"3.14,3.12,3.14,3.12,293182"
2025-09-15T08:00:00.000-00:00,"3.13,3.12,3.13,3.12,13102"
2025-09-15T08:05:00.000-00:00,"3.13,3.13,3.13,3.12,90304"
2025-09-15T08:10:00.000-00:00,"3.14,3.14,3.14,3.14,1"
2025-09-15T08:15:00.000-00:00,"3.14,3.13,3.14,3.13,1738"
2025-09-15T08:20:00.000-00:00,"3.13,3.13,3.13,3.12,245155"
2025-09-15T08:25:00.000-00:00,"3.13,3.13,3.13,3.12,1030"
2025-09-15T08:30:00.000-00:00,"3.13,3.13,3.13,3.13,253325"
2025-09-15T08:35:00.000-00:00,"3.14,3.12,3.14,3.12,262718"
2025-09-15T08:40:00.000-00:00,"3.12,3.12,3.13,3.12,80804"
2025-09-15T08:45:00.000-00:00,"3.13,3.13,3.13,3.13,28224"
2025-09-15T08:50:00.000-00:00,"3.13,3.13,3.13,3.13,580276"
2025-09-15T08:55:00.000-00:00,"3.12,3.12,3.12,3.12,2000"
2025-09-15T09:00:00.000-00:00,"3.12,3.12,3.12,3.12,21834"
2025-09-15T09:05:00.000-00:00,"3.12,3.12,3.12,3.12,4086"
2025-09-15T09:10:00.000-00:00,"3.12,3.1,3.12,3.1,1900696"
2025-09-15T09:15:00.000-00:00,"3.1,3.1,3.1,3.09,1630162"
2025-09-15T09:20:00.000-00:00,"3.1,3.1,3.11,3.1,237456"
2025-09-15T09:25:00.000-00:00,"3.11,3.1,3.11,3.1,55555"
2025-09-15T09:30:00.000-00:00,"3.1,3.1,3.11,3.1,111743"
2025-09-15T09:35:00.000-00:00,"3.11,3.11,3.11,3.11,102100"
2025-09-15T09:40:00.000-00:00,"3.1,3.11,3.11,3.1,986053"
2025-09-15T09:45:00.000-00:00,"3.11,3.1,3.11,3.1,86187"
2025-09-15T09:50:00.000-00:00,"3.1,3.1,3.1,3.1,196300"
2025-09-15T09:55:00.000-00:00,"3.1,3.11,3.11,3.1,205180"
2025-09-15T10:00:00.000-00:00,"3.1,3.11,3.11,3.1,175700"
2025-09-15T10:05:00.000-00:00,"3.11,3.12,3.12,3.11,467094"
2025-09-15T10:15:00.000-00:00,"3.11,3.11,3.11,3.1,435159"
2025-09-15T10:20:00.000-00:00,"3.11,3.11,3.11,3.11,545260"
2025-09-15T10:25:00.000-00:00,"3.11,3.1,3.11,3.1,1481057"
2025-09-15T10:30:00.000-00:00,"3.1,3.1,3.1,3.09,310963"
2025-09-15T10:35:00.000-00:00,"3.1,3.1,3.1,3.09,252521"
2025-09-15T10:40:00.000-00:00,"3.1,3.1,3.1,3.1,61193"
2025-09-15T10:45:00.000-00:00,"3.1,3.1,3.1,3.09,5023"
2025-09-15T10:50:00.000-00:00,"3.09,3.09,3.09,3.09,849463"
2025-09-15T10:55:00.000-00:00,"3.08,3.09,3.1,3.08,1111904"
2025-09-15T11:00:00.000-00:00,"3.08,3.09,3.09,3.08,121342"
2025-09-15T11:05:00.000-00:00,"3.09,3.09,3.09,3.08,593959"
2025-09-15T11:10:00.000-00:00,"3.08,3.08,3.09,3.07,3340481"
2025-09-15T11:25:00.000-00:00,"3.08,3.08,3.08,3.08,4924750"
2025-09-16T07:00:00.000-00:00,"3.08,3.07,3.08,3.05,596667"
2025-09-16T07:05:00.000-00:00,"3.06,3.07,3.07,3.06,175773"
2025-09-16T07:10:00.000-00:00,"3.07,3.07,3.08,3.07,891241"
2025-09-16T07:15:00.000-00:00,"3.07,3.07,3.08,3.07,300793"
2025-09-16T07:20:00.000-00:00,"3.07,3.06,3.07,3.06,840939"
2025-09-16T07:25:00.000-00:00,"3.06,3.06,3.07,3.06,167237"
2025-09-16T07:30:00.000-00:00,"3.07,3.07,3.07,3.06,127432"
2025-09-16T07:35:00.000-00:00,"3.07,3.07,3.07,3.07,10862"
2025-09-16T07:40:00.000-00:00,"3.07,3.07,3.08,3.07,356242"
2025-09-16T07:45:00.000-00:00,"3.07,3.07,3.08,3.07,838029"
2025-09-16T07:50:00.000-00:00,"3.07,3.07,3.07,3.07,261353"
2025-09-16T07:55:00.000-00:00,"3.07,3.08,3.08,3.07,774399"
2025-09-16T08:00:00.000-00:00,"3.09,3.08,3.09,3.08,10649"
2025-09-16T08:05:00.000-00:00,"3.08,3.08,3.09,3.08,211261"
2025-09-16T08:10:00.000-00:00,"3.08,3.08,3.08,3.08,10000"
2025-09-16T08:15:00.000-00:00,"3.08,3.08,3.08,3.08,41"
2025-09-16T08:20:00.000-00:00,"3.08,3.09,3.09,3.08,72000"
2025-09-16T08:25:00.000-00:00,"3.09,3.08,3.09,3.08,692820"
2025-09-16T08:30:00.000-00:00,"3.08,3.09,3.09,3.08,1083105"
2025-09-16T08:35:00.000-00:00,"3.08,3.07,3.08,3.07,1111710"
2025-09-16T08:40:00.000-00:00,"3.08,3.06,3.08,3.06,1463044"
2025-09-16T08:45:00.000-00:00,"3.05,3.05,3.07,3.05,158136"
2025-09-16T08:50:00.000-00:00,"3.05,3.05,3.05,3.04,738741"
2025-09-16T08:55:00.000-00:00,"3.04,3.04,3.05,3.04,562512"
2025-09-16T09:00:00.000-00:00,"3.04,3.03,3.04,3.03,583821"
2025-09-16T09:05:00.000-00:00,"3.03,3.03,3.04,3.03,1197695"
2025-09-16T09:10:00.000-00:00,"3.04,3.04,3.05,3.03,154002"
2025-09-16T09:15:00.000-00:00,"3.04,3.04,3.05,3.04,55986"
2025-09-16T09:20:00.000-00:00,"3.05,3.06,3.06,3.04,1335906"
2025-09-16T09:25:00.000-00:00,"3.06,3.05,3.06,3.05,292696"
2025-09-16T09:30:00.000-00:00,"3.05,3.06,3.06,3.05,139304"
2025-09-16T09:35:00.000-00:00,"3.06,3.05,3.06,3.05,116392"
2025-09-16T09:40:00.000-00:00,"3.06,3.04,3.06,3.04,391630"
2025-09-16T09:45:00.000-00:00,"3.05,3.04,3.05,3.04,156252"
2025-09-16T09:50:00.000-00:00,"3.05,3.05,3.05,3.04,159699"
2025-09-16T09:55:00.000-00:00,"3.05,3.05,3.05,3.05,110000"
2025-09-16T10:00:00.000-00:00,"3.05,3.05,3.05,3.05,4700"
2025-09-16T10:05:00.000-00:00,"3.04,3.04,3.05,3.04,10243"
2025-09-16T10:10:00.000-00:00,"3.05,3.04,3.05,3.04,28685"
2025-09-16T10:15:00.000-00:00,"3.05,3.05,3.05,3.04,180036"
2025-09-16T10:20:00.000-00:00,"3.05,3.05,3.05,3.05,292700"
2025-09-16T10:25:00.000-00:00,"3.04,3.05,3.05,3.04,147535"
2025-09-16T10:30:00.000-00:00,"3.04,3.05,3.05,3.04,61481"
2025-09-16T10:35:00.000-00:00,"3.04,3.05,3.05,3.04,321936"
2025-09-16T10:40:00.000-00:00,"3.05,3.06,3.06,3.05,43861"
2025-09-16T10:45:00.000-00:00,"3.06,3.06,3.06,3.05,306389"
2025-09-16T10:50:00.000-00:00,"3.06,3.06,3.06,3.06,521036"
2025-09-16T10:55:00.000-00:00,"3.06,3.07,3.07,3.05,2090801"
2025-09-16T11:00:00.000-00:00,"3.07,3.08,3.08,3.07,1021440"
2025-09-16T11:05:00.000-00:00,"3.08,3.07,3.08,3.07,1077459"
2025-09-16T11:10:00.000-00:00,"3.07,3.07,3.08,3.07,1533292"
2025-09-16T11:25:00.000-00:00,"3.08,3.08,3.08,3.08,1294366"
2025-09-17T07:00:00.000-00:00,"3.08,3.07,3.09,3.07,164438"
2025-09-17T07:05:00.000-00:00,"3.07,3.08,3.08,3.07,55518"
2025-09-17T07:10:00.000-00:00,"3.07,3.06,3.07,3.06,478413"
2025-09-17T07:15:00.000-00:00,"3.06,3.07,3.07,3.05,397694"
2025-09-17T07:20:00.000-00:00,"3.07,3.05,3.07,3.03,1044393"
2025-09-17T07:25:00.000-00:00,"3.05,3.06,3.06,3.04,367240"
2025-09-17T07:30:00.000-00:00,"3.06,3.05,3.06,3.05,201065"
2025-09-17T07:35:00.000-00:00,"3.05,3.05,3.06,3.05,13419"
2025-09-17T07:40:00.000-00:00,"3.05,3.06,3.06,3.05,14836"
2025-09-17T07:45:00.000-00:00,"3.06,3.06,3.07,3.05,888777"
2025-09-17T07:50:00.000-00:00,"3.06,3.06,3.06,3.05,1093912"
2025-09-17T07:55:00.000-00:00,"3.06,3.06,3.06,3.06,432180"
2025-09-17T08:00:00.000-00:00,"3.06,3.06,3.06,3.06,251000"
2025-09-17T08:05:00.000-00:00,"3.06,3.07,3.08,3.06,1034732"
2025-09-17T08:10:00.000-00:00,"3.07,3.07,3.08,3.07,242000"
2025-09-17T08:15:00.000-00:00,"3.07,3.07,3.07,3.07,711769"
2025-09-17T08:20:00.000-00:00,"3.07,3.09,3.09,3.07,2900106"
2025-09-17T08:25:00.000-00:00,"3.07,3.08,3.08,3.07,120899"
2025-09-17T08:30:00.000-00:00,"3.08,3.08,3.08,3.07,1184008"
2025-09-17T08:35:00.000-00:00,"3.08,3.08,3.08,3.08,100000"
2025-09-17T08:40:00.000-00:00,"3.07,3.08,3.08,3.07,18005"
2025-09-17T08:45:00.000-00:00,"3.08,3.08,3.08,3.08,10198"
2025-09-17T08:50:00.000-00:00,"3.08,3.07,3.08,3.07,654"
2025-09-17T08:55:00.000-00:00,"3.07,3.07,3.08,3.07,572212"
2025-09-17T09:00:00.000-00:00,"3.06,3.07,3.07,3.06,5301"
2025-09-17T09:05:00.000-00:00,"3.06,3.07,3.07,3.05,413364"
2025-09-17T09:10:00.000-00:00,"3.07,3.06,3.07,3.06,71765"
2025-09-17T09:15:00.000-00:00,"3.06,3.07,3.07,3.06,40732"
2025-09-17T09:20:00.000-00:00,"3.06,3.07,3.07,3.06,6560"
2025-09-17T09:25:00.000-00:00,"3.07,3.06,3.07,3.06,12402"
2025-09-17T09:30:00.000-00:00,"3.07,3.06,3.07,3.06,49621"
2025-09-17T09:35:00.000-00:00,"3.07,3.06,3.07,3.06,1501079"
2025-09-17T09:40:00.000-00:00,"3.06,3.06,3.06,3.06,2000"
2025-09-17T09:45:00.000-00:00,"3.06,3.06,3.06,3.06,60000"
2025-09-17T09:50:00.000-00:00,"3.07,3.07,3.07,3.06,56020"
2025-09-17T09:55:00.000-00:00,"3.07,3.07,3.07,3.07,260000"
2025-09-17T10:00:00.000-00:00,"3.07,3.07,3.07,3.07,38428"
2025-09-17T10:05:00.000-00:00,"3.06,3.07,3.07,3.06,40899"
2025-09-17T10:10:00.000-00:00,"3.07,3.06,3.07,3.06,1036"
2025-09-17T10:15:00.000-00:00,"3.06,3.06,3.06,3.06,8500"
2025-09-17T10:20:00.000-00:00,"3.06,3.06,3.06,3.05,239266"
2025-09-17T10:25:00.000-00:00,"3.06,3.05,3.06,3.05,15780"
2025-09-17T10:30:00.000-00:00,"3.05,3.06,3.07,3.05,442640"
2025-09-17T10:35:00.000-00:00,"3.05,3.06,3.06,3.05,435432"
2025-09-17T10:40:00.000-00:00,"3.06,3.06,3.06,3.06,461000"
2025-09-17T10:45:00.000-00:00,"3.06,3.06,3.07,3.06,760733"
2025-09-17T10:50:00.000-00:00,"3.06,3.06,3.06,3.06,164432"
2025-09-17T10:55:00.000-00:00,"3.06,3.06,3.07,3.06,164260"
2025-09-17T11:00:00.000-00:00,"3.05,3.05,3.05,3.05,50000"
2025-09-17T11:05:00.000-00:00,"3.06,3.05,3.06,3.05,89456"
2025-09-17T11:10:00.000-00:00,"3.05,3.05,3.06,3.05,2895238"
2025-09-17T11:25:00.000-00:00,"3.05,3.05,3.05,3.05,2258090"
2025-09-18T07:00:00.000-00:00,"3.06,3.07,3.07,3.05,1252049"
2025-09-18T07:05:00.000-00:00,"3.07,3.07,3.07,3.07,134515"
2025-09-18T07:10:00.000-00:00,"3.07,3.08,3.09,3.07,2441200"
2025-09-18T07:15:00.000-00:00,"3.08,3.1,3.1,3.08,1524200"
2025-09-18T07:20:00.000-00:00,"3.08,3.1,3.11,3.08,1136397"
2025-09-18T07:25:00.000-00:00,"3.1,3.1,3.11,3.1,185966"
2025-09-18T07:30:00.000-00:00,"3.1,3.1,3.1,3.09,2914347"
2025-09-18T07:35:00.000-00:00,"3.1,3.11,3.11,3.1,430344"
2025-09-18T07:40:00.000-00:00,"3.1,3.11,3.11,3.1,254579"
2025-09-18T07:45:00.000-00:00,"3.11,3.11,3.11,3.1,1112000"
2025-09-18T07:50:00.000-00:00,"3.1,3.11,3.11,3.1,628229"
2025-09-18T07:55:00.000-00:00,"3.11,3.11,3.11,3.1,788126"
2025-09-18T08:00:00.000-00:00,"3.1,3.11,3.11,3.1,1220101"
2025-09-18T08:05:00.000-00:00,"3.1,3.1,3.1,3.1,3275113"
2025-09-18T08:10:00.000-00:00,"3.1,3.1,3.1,3.1,50062"
2025-09-18T08:15:00.000-00:00,"3.1,3.09,3.1,3.09,886889"
2025-09-18T08:20:00.000-00:00,"3.09,3.09,3.09,3.09,544900"
2025-09-18T08:25:00.000-00:00,"3.09,3.1,3.1,3.09,417"
2025-09-18T08:30:00.000-00:00,"3.1,3.09,3.1,3.09,14690"
2025-09-18T08:35:00.000-00:00,"3.09,3.1,3.1,3.09,463625"
2025-09-18T08:40:00.000-00:00,"3.1,3.1,3.11,3.09,1226131"
2025-09-18T08:45:00.000-00:00,"3.11,3.1,3.11,3.1,533572"
2025-09-18T08:50:00.000-00:00,"3.1,3.1,3.1,3.09,877110"
2025-09-18T08:55:00.000-00:00,"3.1,3.1,3.1,3.09,528304"
2025-09-18T09:00:00.000-00:00,"3.1,3.1,3.1,3.1,12356"
2025-09-18T09:05:00.000-00:00,"3.1,3.11,3.12,3.1,4318488"
2025-09-18T09:10:00.000-00:00,"3.11,3.11,3.11,3.11,688081"
2025-09-18T09:15:00.000-00:00,"3.11,3.11,3.11,3.11,1160236"
2025-09-18T09:20:00.000-00:00,"3.11,3.11,3.11,3.1,779744"
2025-09-18T09:25:00.000-00:00,"3.12,3.12,3.12,3.11,2316157"
2025-09-18T09:30:00.000-00:00,"3.12,3.12,3.12,3.12,6000"
2025-09-18T09:35:00.000-00:00,"3.12,3.12,3.12,3.12,7005"
2025-09-18T09:40:00.000-00:00,"3.12,3.12,3.12,3.12,28989"
2025-09-18T09:45:00.000-00:00,"3.12,3.11,3.12,3.11,701353"
2025-09-18T09:50:00.000-00:00,"3.11,3.12,3.12,3.11,1417366"
2025-09-18T10:00:00.000-00:00,"3.12,3.12,3.12,3.12,288187"
2025-09-18T10:05:00.000-00:00,"3.12,3.12,3.12,3.11,53738"
2025-09-18T10:10:00.000-00:00,"3.12,3.12,3.12,3.12,78466"
2025-09-18T10:15:00.000-00:00,"3.12,3.12,3.12,3.11,2408014"
2025-09-18T10:20:00.000-00:00,"3.12,3.11,3.12,3.11,1240418"
2025-09-18T10:25:00.000-00:00,"3.11,3.1,3.11,3.1,3068945"
2025-09-18T10:30:00.000-00:00,"3.1,3.1,3.1,3.1,10238"
2025-09-18T10:35:00.000-00:00,"3.1,3.1,3.1,3.1,32149"
2025-09-18T10:40:00.000-00:00,"3.1,3.1,3.1,3.1,1759686"
2025-09-18T10:45:00.000-00:00,"3.09,3.09,3.1,3.09,2232124"
2025-09-18T10:50:00.000-00:00,"3.1,3.1,3.1,3.09,138528"
2025-09-18T10:55:00.000-00:00,"3.09,3.09,3.09,3.09,261920"
2025-09-18T11:00:00.000-00:00,"3.09,3.1,3.1,3.09,303044"
2025-09-18T11:05:00.000-00:00,"3.09,3.09,3.09,3.09,4928"
2025-09-18T11:10:00.000-00:00,"3.09,3.1,3.1,3.09,57091"
2025-09-18T11:25:00.000-00:00,"3.08,3.08,3.08,3.08,10164959"
2025-09-21T07:00:00.000-00:00,"3.1,3.11,3.11,3.09,452421"
2025-09-21T07:05:00.000-00:00,"3.11,3.1,3.12,3.1,859287"
2025-09-21T07:10:00.000-00:00,"3.11,3.1,3.11,3.1,253728"
2025-09-21T07:15:00.000-00:00,"3.1,3.1,3.11,3.1,1443071"
2025-09-21T07:20:00.000-00:00,"3.1,3.1,3.11,3.09,899001"
2025-09-21T07:25:00.000-00:00,"3.11,3.11,3.11,3.1,1232050"
2025-09-21T07:30:00.000-00:00,"3.1,3.1,3.11,3.1,1385801"
2025-09-21T07:35:00.000-00:00,"3.1,3.1,3.11,3.1,3555"
2025-09-21T07:40:00.000-00:00,"3.11,3.11,3.11,3.11,5021"
2025-09-21T07:45:00.000-00:00,"3.11,3.1,3.11,3.1,700618"
2025-09-21T07:50:00.000-00:00,"3.1,3.11,3.11,3.1,56317"
2025-09-21T07:55:00.000-00:00,"3.1,3.1,3.1,3.1,100000"
2025-09-21T08:00:00.000-00:00,"3.1,3.11,3.11,3.1,76842"
2025-09-21T08:05:00.000-00:00,"3.11,3.1,3.11,3.1,78308"
2025-09-21T08:10:00.000-00:00,"3.11,3.11,3.11,3.1,27500"
2025-09-21T08:15:00.000-00:00,"3.1,3.11,3.11,3.1,1520866"
2025-09-21T08:20:00.000-00:00,"3.12,3.1,3.12,3.1,2473006"
2025-09-21T08:25:00.000-00:00,"3.1,3.1,3.11,3.1,168376"
2025-09-21T08:30:00.000-00:00,"3.1,3.11,3.11,3.1,23002"
2025-09-21T08:35:00.000-00:00,"3.11,3.1,3.11,3.1,97617"
2025-09-21T08:40:00.000-00:00,"3.1,3.1,3.1,3.1,15511"
2025-09-21T08:45:00.000-00:00,"3.1,3.09,3.1,3.09,88855"
2025-09-21T08:50:00.000-00:00,"3.09,3.08,3.09,3.08,10324"
2025-09-21T08:55:00.000-00:00,"3.09,3.09,3.09,3.08,15893"
2025-09-21T09:00:00.000-00:00,"3.08,3.09,3.09,3.08,754429"
2025-09-21T09:05:00.000-00:00,"3.09,3.09,3.1,3.08,541577"
2025-09-21T09:10:00.000-00:00,"3.09,3.1,3.1,3.09,23399"
2025-09-21T09:15:00.000-00:00,"3.1,3.09,3.1,3.09,244254"
2025-09-21T09:20:00.000-00:00,"3.09,3.1,3.1,3.09,430367"
2025-09-21T09:25:00.000-00:00,"3.1,3.1,3.1,3.1,1276389"
2025-09-21T09:30:00.000-00:00,"3.1,3.09,3.1,3.09,313311"
2025-09-21T09:35:00.000-00:00,"3.09,3.1,3.1,3.09,13060"
2025-09-21T09:40:00.000-00:00,"3.09,3.09,3.09,3.09,4500"
2025-09-21T09:45:00.000-00:00,"3.1,3.1,3.1,3.09,161401"
2025-09-21T09:50:00.000-00:00,"3.1,3.1,3.1,3.09,50040"
2025-09-21T09:55:00.000-00:00,"3.09,3.09,3.09,3.09,10748"
2025-09-21T10:00:00.000-00:00,"3.09,3.09,3.09,3.08,2436365"
2025-09-21T10:05:00.000-00:00,"3.09,3.08,3.09,3.08,14746"
2025-09-21T10:10:00.000-00:00,"3.09,3.08,3.09,3.08,1000086"
2025-09-21T10:15:00.000-00:00,"3.08,3.07,3.08,3.06,6028591"
2025-09-21T10:20:00.000-00:00,"3.07,3.07,3.08,3.07,598038"
2025-09-21T10:25:00.000-00:00,"3.07,3.07,3.08,3.07,26381"
2025-09-21T10:30:00.000-00:00,"3.07,3.07,3.08,3.07,25632"
2025-09-21T10:35:00.000-00:00,"3.07,3.08,3.08,3.06,122688"
2025-09-21T10:40:00.000-00:00,"3.07,3.07,3.07,3.07,3261"
2025-09-21T10:45:00.000-00:00,"3.07,3.07,3.07,3.06,1041174"
2025-09-21T10:50:00.000-00:00,"3.07,3.06,3.08,3.06,527021"
2025-09-21T10:55:00.000-00:00,"3.06,3.06,3.06,3.06,3275070"
2025-09-21T11:00:00.000-00:00,"3.06,3.06,3.06,3.06,1573647"
2025-09-21T11:05:00.000-00:00,"3.07,3.07,3.07,3.06,103854"
2025-09-21T11:10:00.000-00:00,"3.07,3.05,3.07,3.05,2000363"
2025-09-21T11:25:00.000-00:00,"3.09,3.09,3.09,3.09,1214771"
2025-09-22T07:00:00.000-00:00,"3.09,3.09,3.09,3.08,24961"
2025-09-22T07:05:00.000-00:00,"3.09,3.08,3.09,3.08,54620"
2025-09-22T07:10:00.000-00:00,"3.09,3.09,3.09,3.09,262"
2025-09-22T07:15:00.000-00:00,"3.09,3.09,3.1,3.09,1006998"
2025-09-22T07:20:00.000-00:00,"3.1,3.1,3.1,3.09,1119139"
2025-09-22T07:25:00.000-00:00,"3.1,3.1,3.1,3.1,150012"
2025-09-22T07:30:00.000-00:00,"3.09,3.09,3.11,3.09,2341869"
2025-09-22T07:35:00.000-00:00,"3.1,3.1,3.1,3.1,550000"
2025-09-22T07:40:00.000-00:00,"3.1,3.1,3.11,3.1,449797"
2025-09-22T07:45:00.000-00:00,"3.1,3.11,3.12,3.1,5812157"
2025-09-22T07:50:00.000-00:00,"3.12,3.11,3.12,3.11,320242"
2025-09-22T07:55:00.000-00:00,"3.12,3.11,3.12,3.11,460724"
2025-09-22T08:00:00.000-00:00,"3.11,3.11,3.11,3.11,1589111"
2025-09-22T08:05:00.000-00:00,"3.1,3.11,3.12,3.1,2269400"
2025-09-22T08:10:00.000-00:00,"3.11,3.1,3.12,3.1,1395102"
2025-09-22T08:15:00.000-00:00,"3.1,3.09,3.1,3.09,78050"
2025-09-22T08:20:00.000-00:00,"3.09,3.1,3.1,3.09,311047"
2025-09-22T08:25:00.000-00:00,"3.1,3.09,3.1,3.09,706464"
2025-09-22T08:35:00.000-00:00,"3.1,3.1,3.1,3.1,1"
2025-09-22T08:40:00.000-00:00,"3.09,3.1,3.1,3.09,4247"
2025-09-22T08:45:00.000-00:00,"3.09,3.09,3.09,3.09,5000"
2025-09-22T08:50:00.000-00:00,"3.09,3.09,3.09,3.09,67500"
2025-09-22T08:55:00.000-00:00,"3.1,3.09,3.1,3.09,15300"
2025-09-22T09:00:00.000-00:00,"3.09,3.1,3.1,3.09,25070"
2025-09-22T09:05:00.000-00:00,"3.1,3.1,3.1,3.1,43"
2025-09-22T09:10:00.000-00:00,"3.09,3.09,3.09,3.09,67310"
2025-09-22T09:15:00.000-00:00,"3.09,3.09,3.1,3.09,2122912"
2025-09-22T09:20:00.000-00:00,"3.09,3.09,3.09,3.08,7350"
2025-09-22T09:25:00.000-00:00,"3.08,3.09,3.09,3.08,1017"
2025-09-22T09:30:00.000-00:00,"3.08,3.08,3.08,3.08,400000"
2025-09-22T09:35:00.000-00:00,"3.09,3.09,3.09,3.09,15230"
2025-09-22T09:40:00.000-00:00,"3.08,3.08,3.09,3.08,48429"
2025-09-22T09:45:00.000-00:00,"3.08,3.08,3.09,3.08,35533"
2025-09-22T09:50:00.000-00:00,"3.09,3.09,3.09,3.09,290579"
2025-09-22T09:55:00.000-00:00,"3.1,3.09,3.1,3.09,106005"
2025-09-22T10:00:00.000-00:00,"3.09,3.09,3.09,3.09,2647"
2025-09-22T10:05:00.000-00:00,"3.09,3.09,3.09,3.09,129274"
2025-09-22T10:10:00.000-00:00,"3.09,3.08,3.1,3.08,6504"
2025-09-22T10:15:00.000-00:00,"3.09,3.1,3.1,3.09,6000"
2025-09-22T10:20:00.000-00:00,"3.1,3.1,3.1,3.1,100"
2025-09-22T10:25:00.000-00:00,"3.09,3.08,3.09,3.08,36000"
2025-09-22T10:30:00.000-00:00,"3.09,3.1,3.1,3.09,298532"
2025-09-22T10:35:00.000-00:00,"3.09,3.1,3.1,3.09,281078"
2025-09-22T10:40:00.000-00:00,"3.1,3.09,3.1,3.09,40911"
2025-09-22T10:45:00.000-00:00,"3.09,3.09,3.09,3.09,39000"
2025-09-22T10:50:00.000-00:00,"3.09,3.09,3.09,3.08,83725"
2025-09-22T10:55:00.000-00:00,"3.09,3.09,3.1,3.09,677937"
2025-09-22T11:00:00.000-00:00,"3.09,3.09,3.09,3.08,550347"
2025-09-22T11:05:00.000-00:00,"3.09,3.09,3.09,3.08,864123"
2025-09-22T11:10:00.000-00:00,"3.09,3.1,3.1,3.09,215001"
2025-09-22T11:25:00.000-00:00,"3.1,3.1,3.1,3.1,2311235"
2025-09-23T07:00:00.000-00:00,"3.1,3.1,3.11,3.1,71393"
2025-09-23T07:05:00.000-00:00,"3.1,3.1,3.1,3.09,176330"
2025-09-23T07:10:00.000-00:00,"3.1,3.09,3.1,3.09,13151"
2025-09-23T07:15:00.000-00:00,"3.09,3.1,3.1,3.09,220673"
2025-09-23T07:20:00.000-00:00,"3.09,3.08,3.09,3.08,611248"
2025-09-23T07:25:00.000-00:00,"3.09,3.09,3.09,3.08,70721"
2025-09-23T07:30:00.000-00:00,"3.09,3.09,3.09,3.09,130138"
2025-09-23T07:35:00.000-00:00,"3.09,3.1,3.1,3.09,751421"
2025-09-23T07:40:00.000-00:00,"3.1,3.12,3.12,3.1,3688901"
2025-09-23T07:45:00.000-00:00,"3.11,3.1,3.11,3.1,1502003"
2025-09-23T07:50:00.000-00:00,"3.1,3.1,3.11,3.1,661922"
2025-09-23T07:55:00.000-00:00,"3.1,3.1,3.1,3.1,834488"
2025-09-23T08:00:00.000-00:00,"3.1,3.09,3.1,3.09,1884"
2025-09-23T08:05:00.000-00:00,"3.1,3.11,3.15,3.1,14083000"
2025-09-23T08:10:00.000-00:00,"3.11,3.13,3.15,3.11,15067000"
2025-09-23T08:15:00.000-00:00,"3.14,3.13,3.15,3.13,4545320"
2025-09-23T08:20:00.000-00:00,"3.14,3.15,3.16,3.14,8075458"
2025-09-23T08:25:00.000-00:00,"3.15,3.16,3.16,3.14,7458215"
2025-09-23T08:30:00.000-00:00,"3.16,3.15,3.17,3.15,8245513"
2025-09-23T08:35:00.000-00:00,"3.16,3.15,3.16,3.15,744182"
2025-09-23T08:40:00.000-00:00,"3.15,3.16,3.16,3.15,890056"
2025-09-23T08:45:00.000-00:00,"3.15,3.15,3.16,3.15,218737"
2025-09-23T08:50:00.000-00:00,"3.16,3.16,3.16,3.15,486665"
2025-09-23T08:55:00.000-00:00,"3.16,3.16,3.17,3.15,2276137"
2025-09-23T09:00:00.000-00:00,"3.16,3.16,3.16,3.15,1038303"
2025-09-23T09:05:00.000-00:00,"3.15,3.16,3.17,3.15,2130910"
2025-09-23T09:10:00.000-00:00,"3.15,3.16,3.16,3.15,209321"
2025-09-23T09:15:00.000-00:00,"3.16,3.16,3.16,3.15,632743"
2025-09-23T09:20:00.000-00:00,"3.16,3.16,3.16,3.15,144477"
2025-09-23T09:25:00.000-00:00,"3.15,3.16,3.17,3.15,685282"
2025-09-23T09:30:00.000-00:00,"3.15,3.16,3.16,3.15,1805249"
2025-09-23T09:35:00.000-00:00,"3.16,3.17,3.17,3.15,531532"
2025-09-23T09:40:00.000-00:00,"3.16,3.16,3.16,3.15,144451"
2025-09-23T09:45:00.000-00:00,"3.15,3.15,3.16,3.15,346090"
2025-09-23T09:50:00.000-00:00,"3.15,3.14,3.15,3.14,5884486"
2025-09-23T09:55:00.000-00:00,"3.14,3.14,3.15,3.14,833822"
2025-09-23T10:00:00.000-00:00,"3.14,3.14,3.15,3.13,396932"
2025-09-23T10:05:00.000-00:00,"3.15,3.14,3.15,3.14,122305"
2025-09-23T10:10:00.000-00:00,"3.14,3.15,3.15,3.14,2431372"
2025-09-23T10:15:00.000-00:00,"3.15,3.14,3.15,3.14,49298"
2025-09-23T10:20:00.000-00:00,"3.14,3.12,3.14,3.11,6367013"
2025-09-23T10:25:00.000-00:00,"3.13,3.13,3.13,3.12,848159"
2025-09-23T10:30:00.000-00:00,"3.13,3.13,3.13,3.13,105002"
2025-09-23T10:35:00.000-00:00,"3.12,3.12,3.13,3.12,286752"
2025-09-23T10:40:00.000-00:00,"3.13,3.13,3.13,3.13,562013"
2025-09-23T10:45:00.000-00:00,"3.13,3.13,3.13,3.13,9000"
2025-09-23T10:50:00.000-00:00,"3.13,3.13,3.13,3.13,20286"
2025-09-23T10:55:00.000-00:00,"3.13,3.13,3.13,3.12,704731"
2025-09-23T11:00:00.000-00:00,"3.13,3.12,3.13,3.12,60400"
2025-09-23T11:05:00.000-00:00,"3.13,3.12,3.13,3.12,23652"
2025-09-23T11:10:00.000-00:00,"3.13,3.12,3.13,3.11,3553031"
2025-09-23T11:25:00.000-00:00,"3.1,3.1,3.1,3.1,8836418"
2025-09-24T07:00:00.000-00:00,"3.12,3.12,3.12,3.11,908033"
2025-09-24T07:05:00.000-00:00,"3.12,3.12,3.12,3.11,190040"
2025-09-24T07:10:00.000-00:00,"3.12,3.12,3.12,3.12,531138"
2025-09-24T07:15:00.000-00:00,"3.11,3.12,3.12,3.11,5500"
2025-09-24T07:20:00.000-00:00,"3.11,3.12,3.12,3.11,398494"
2025-09-24T07:25:00.000-00:00,"3.12,3.12,3.12,3.11,300026"
2025-09-24T07:30:00.000-00:00,"3.12,3.12,3.12,3.11,258000"
2025-09-24T07:35:00.000-00:00,"3.11,3.12,3.12,3.11,23039"
2025-09-24T07:40:00.000-00:00,"3.12,3.12,3.12,3.11,520406"
2025-09-24T07:55:00.000-00:00,"3.11,3.11,3.12,3.11,107000"
2025-09-24T08:05:00.000-00:00,"3.11,3.11,3.11,3.11,149000"
2025-09-24T08:10:00.000-00:00,"3.12,3.12,3.12,3.11,25008"
2025-09-24T08:15:00.000-00:00,"3.11,3.12,3.12,3.11,560681"
2025-09-24T08:20:00.000-00:00,"3.12,3.12,3.12,3.12,30001"
2025-09-24T08:25:00.000-00:00,"3.11,3.11,3.11,3.11,8619"
2025-09-24T08:30:00.000-00:00,"3.12,3.12,3.12,3.12,32"
2025-09-24T08:35:00.000-00:00,"3.11,3.11,3.11,3.11,343754"
2025-09-24T08:40:00.000-00:00,"3.11,3.11,3.11,3.11,173300"
2025-09-24T08:45:00.000-00:00,"3.12,3.12,3.12,3.12,100"
2025-09-24T08:50:00.000-00:00,"3.11,3.11,3.11,3.11,56500"
2025-09-24T08:55:00.000-00:00,"3.12,3.12,3.12,3.12,1088"
2025-09-24T09:00:00.000-00:00,"3.11,3.12,3.12,3.11,2008"
2025-09-24T09:05:00.000-00:00,"3.11,3.11,3.11,3.1,570501"
2025-09-24T09:10:00.000-00:00,"3.11,3.11,3.11,3.11,58296"
2025-09-24T09:20:00.000-00:00,"3.11,3.11,3.12,3.11,121298"
2025-09-24T09:25:00.000-00:00,"3.12,3.11,3.12,3.11,501000"
2025-09-24T09:30:00.000-00:00,"3.11,3.11,3.11,3.11,352450"
2025-09-24T09:35:00.000-00:00,"3.11,3.12,3.12,3.11,162500"
2025-09-24T09:40:00.000-00:00,"3.11,3.12,3.12,3.11,668639"
2025-09-24T09:45:00.000-00:00,"3.12,3.12,3.12,3.12,28311"
2025-09-24T09:50:00.000-00:00,"3.12,3.14,3.14,3.12,2136781"
2025-09-24T09:55:00.000-00:00,"3.14,3.14,3.14,3.13,1430624"
2025-09-24T10:00:00.000-00:00,"3.13,3.13,3.13,3.13,1362546"
2025-09-24T10:05:00.000-00:00,"3.13,3.13,3.13,3.13,455848"
2025-09-24T10:10:00.000-00:00,"3.12,3.13,3.14,3.12,100041"
2025-09-24T10:15:00.000-00:00,"3.13,3.14,3.14,3.13,1342103"
2025-09-24T10:20:00.000-00:00,"3.14,3.14,3.15,3.14,127470"
2025-09-24T10:25:00.000-00:00,"3.14,3.14,3.14,3.14,1000"
2025-09-24T10:30:00.000-00:00,"3.14,3.16,3.16,3.14,3033518"
2025-09-24T10:35:00.000-00:00,"3.15,3.14,3.15,3.14,130109"
2025-09-24T10:40:00.000-00:00,"3.14,3.15,3.15,3.14,505000"
2025-09-24T10:45:00.000-00:00,"3.14,3.13,3.14,3.13,408110"
2025-09-24T10:50:00.000-00:00,"3.14,3.16,3.16,3.13,2017592"
2025-09-24T10:55:00.000-00:00,"3.15,3.15,3.16,3.14,2225793"
2025-09-24T11:00:00.000-00:00,"3.15,3.17,3.17,3.15,2233426"
2025-09-24T11:05:00.000-00:00,"3.17,3.16,3.17,3.16,25546"
2025-09-24T11:10:00.000-00:00,"3.17,3.16,3.17,3.16,2620652"
2025-09-24T11:25:00.000-00:00,"3.17,3.17,3.17,3.17,5054024"
2025-09-25T07:00:00.000-00:00,"3.18,3.19,3.19,3.17,725327"
2025-09-25T07:05:00.000-00:00,"3.19,3.19,3.19,3.18,709898"
2025-09-25T07:10:00.000-00:00,"3.19,3.19,3.2,3.18,3708366"
2025-09-25T07:15:00.000-00:00,"3.18,3.19,3.2,3.18,3282157"
2025-09-25T07:20:00.000-00:00,"3.2,3.2,3.21,3.19,4291852"
2025-09-25T07:25:00.000-00:00,"3.2,3.22,3.23,3.2,7970015"
2025-09-25T07:30:00.000-00:00,"3.22,3.2,3.23,3.2,6276602"
2025-09-25T07:35:00.000-00:00,"3.21,3.2,3.21,3.2,1268204"
2025-09-25T07:40:00.000-00:00,"3.2,3.2,3.21,3.2,1230555"
2025-09-25T07:45:00.000-00:00,"3.2,3.2,3.2,3.19,2409880"
2025-09-25T07:50:00.000-00:00,"3.19,3.2,3.2,3.19,1171150"
2025-09-25T07:55:00.000-00:00,"3.2,3.19,3.2,3.19,73031"
2025-09-25T08:00:00.000-00:00,"3.19,3.19,3.19,3.19,35188"
2025-09-25T08:05:00.000-00:00,"3.2,3.2,3.2,3.2,2585441"
2025-09-25T08:10:00.000-00:00,"3.2,3.2,3.2,3.19,447343"
2025-09-25T08:15:00.000-00:00,"3.2,3.2,3.2,3.2,355832"
2025-09-25T08:20:00.000-00:00,"3.2,3.21,3.21,3.2,1033996"
2025-09-25T08:25:00.000-00:00,"3.21,3.21,3.21,3.21,924942"
2025-09-25T08:30:00.000-00:00,"3.21,3.21,3.22,3.21,849590"
2025-09-25T08:35:00.000-00:00,"3.21,3.21,3.21,3.21,90"
2025-09-25T08:40:00.000-00:00,"3.21,3.21,3.21,3.2,511029"
2025-09-25T08:45:00.000-00:00,"3.2,3.2,3.2,3.2,54577"
2025-09-25T08:50:00.000-00:00,"3.21,3.2,3.21,3.2,31824"
2025-09-25T08:55:00.000-00:00,"3.21,3.2,3.21,3.2,9078"
2025-09-25T09:00:00.000-00:00,"3.21,3.21,3.21,3.2,6799"
2025-09-25T09:05:00.000-00:00,"3.21,3.21,3.21,3.21,61911"
2025-09-25T09:10:00.000-00:00,"3.21,3.21,3.21,3.2,71455"
2025-09-25T09:15:00.000-00:00,"3.2,3.2,3.21,3.2,26748"
2025-09-25T09:20:00.000-00:00,"3.2,3.2,3.21,3.2,59866"
2025-09-25T09:25:00.000-00:00,"3.2,3.21,3.21,3.2,115289"
2025-09-25T09:30:00.000-00:00,"3.21,3.21,3.21,3.2,34759"
2025-09-25T09:35:00.000-00:00,"3.2,3.21,3.21,3.2,28097"
2025-09-25T09:40:00.000-00:00,"3.2,3.2,3.21,3.2,107988"
2025-09-25T09:45:00.000-00:00,"3.21,3.2,3.21,3.2,1371475"
2025-09-25T09:50:00.000-00:00,"3.21,3.2,3.21,3.2,13000"
2025-09-25T09:55:00.000-00:00,"3.2,3.2,3.2,3.2,719560"
2025-09-25T10:00:00.000-00:00,"3.2,3.19,3.21,3.19,4142360"
2025-09-25T10:05:00.000-00:00,"3.19,3.19,3.19,3.19,13000"
2025-09-25T10:10:00.000-00:00,"3.19,3.19,3.2,3.18,516848"
2025-09-25T10:15:00.000-00:00,"3.19,3.19,3.2,3.19,144508"
2025-09-25T10:20:00.000-00:00,"3.19,3.19,3.19,3.19,464057"
2025-09-25T10:25:00.000-00:00,"3.19,3.19,3.2,3.19,16057"
2025-09-25T10:30:00.000-00:00,"3.19,3.19,3.19,3.19,528450"
2025-09-25T10:35:00.000-00:00,"3.19,3.19,3.19,3.19,727300"
2025-09-25T10:40:00.000-00:00,"3.19,3.18,3.19,3.18,300347"
2025-09-25T10:45:00.000-00:00,"3.19,3.18,3.19,3.18,58066"
2025-09-25T10:50:00.000-00:00,"3.19,3.18,3.19,3.18,258743"
2025-09-25T10:55:00.000-00:00,"3.18,3.17,3.18,3.17,3440419"
2025-09-25T11:00:00.000-00:00,"3.17,3.18,3.18,3.17,1259826"
2025-09-25T11:05:00.000-00:00,"3.18,3.18,3.19,3.17,1281962"
2025-09-25T11:10:00.000-00:00,"3.17,3.18,3.18,3.17,1176800"
2025-09-25T11:25:00.000-00:00,"3.17,3.17,3.17,3.17,11143197"
2025-09-28T07:00:00.000-00:00,"3.19,3.19,3.19,3.18,634633"
2025-09-28T07:05:00.000-00:00,"3.19,3.18,3.19,3.18,604989"
2025-09-28T07:10:00.000-00:00,"3.19,3.21,3.21,3.19,1675384"
2025-09-28T07:15:00.000-00:00,"3.21,3.21,3.21,3.2,264913"
2025-09-28T07:20:00.000-00:00,"3.2,3.2,3.2,3.2,491768"
2025-09-28T07:25:00.000-00:00,"3.2,3.19,3.21,3.19,742407"
2025-09-28T07:30:00.000-00:00,"3.2,3.19,3.2,3.19,64453"
2025-09-28T07:35:00.000-00:00,"3.2,3.2,3.2,3.19,10818"
2025-09-28T07:40:00.000-00:00,"3.2,3.2,3.2,3.2,794"
2025-09-28T07:45:00.000-00:00,"3.2,3.19,3.2,3.19,290873"
2025-09-28T07:50:00.000-00:00,"3.19,3.18,3.19,3.18,4620718"
2025-09-28T07:55:00.000-00:00,"3.18,3.18,3.18,3.17,111081"
2025-09-28T08:00:00.000-00:00,"3.18,3.19,3.19,3.18,12907"
2025-09-28T08:05:00.000-00:00,"3.18,3.19,3.19,3.18,23149"
2025-09-28T08:10:00.000-00:00,"3.18,3.17,3.19,3.17,903248"
2025-09-28T08:15:00.000-00:00,"3.18,3.18,3.19,3.18,497104"
2025-09-28T08:20:00.000-00:00,"3.18,3.18,3.19,3.18,42594"
2025-09-28T08:25:00.000-00:00,"3.18,3.19,3.19,3.18,992"
2025-09-28T08:30:00.000-00:00,"3.18,3.18,3.19,3.18,13722"
2025-09-28T08:35:00.000-00:00,"3.18,3.19,3.19,3.18,312"
2025-09-28T08:40:00.000-00:00,"3.19,3.18,3.19,3.18,292016"
2025-09-28T08:45:00.000-00:00,"3.19,3.18,3.19,3.18,110691"
2025-09-28T08:50:00.000-00:00,"3.19,3.18,3.19,3.18,78967"
2025-09-28T08:55:00.000-00:00,"3.18,3.19,3.19,3.18,18206"
2025-09-28T09:00:00.000-00:00,"3.19,3.18,3.19,3.18,3100"
2025-09-28T09:05:00.000-00:00,"3.18,3.18,3.19,3.18,5000416"
2025-09-28T09:10:00.000-00:00,"3.19,3.19,3.2,3.19,6589662"
2025-09-28T09:15:00.000-00:00,"3.19,3.19,3.19,3.19,214682"
2025-09-28T09:20:00.000-00:00,"3.19,3.18,3.19,3.18,749815"
2025-09-28T09:25:00.000-00:00,"3.19,3.19,3.19,3.19,1337"
2025-09-28T09:30:00.000-00:00,"3.18,3.18,3.19,3.18,535957"
2025-09-28T09:35:00.000-00:00,"3.18,3.18,3.18,3.17,157134"
2025-09-28T09:40:00.000-00:00,"3.18,3.18,3.18,3.18,100009"
2025-09-28T09:45:00.000-00:00,"3.18,3.17,3.18,3.17,13630"
2025-09-28T09:50:00.000-00:00,"3.17,3.18,3.18,3.17,65712"
2025-09-28T09:55:00.000-00:00,"3.18,3.17,3.18,3.17,1031819"
2025-09-28T10:00:00.000-00:00,"3.17,3.15,3.17,3.14,7866869"
2025-09-28T10:05:00.000-00:00,"3.15,3.16,3.16,3.14,727350"
2025-09-28T10:10:00.000-00:00,"3.15,3.15,3.15,3.15,376623"
2025-09-28T10:15:00.000-00:00,"3.15,3.15,3.15,3.14,361652"
2025-09-28T10:20:00.000-00:00,"3.15,3.16,3.16,3.15,293931"
2025-09-28T10:25:00.000-00:00,"3.15,3.15,3.15,3.15,65100"
2025-09-28T10:30:00.000-00:00,"3.16,3.16,3.16,3.15,28110"
2025-09-28T10:35:00.000-00:00,"3.15,3.14,3.15,3.14,2949887"
2025-09-28T10:40:00.000-00:00,"3.14,3.12,3.14,3.12,4197155"
2025-09-28T10:45:00.000-00:00,"3.12,3.13,3.14,3.12,4077380"
2025-09-28T10:50:00.000-00:00,"3.14,3.14,3.14,3.13,278299"
2025-09-28T10:55:00.000-00:00,"3.13,3.12,3.13,3.12,1393550"
2025-09-28T11:00:00.000-00:00,"3.12,3.13,3.13,3.12,2818102"
2025-09-28T11:05:00.000-00:00,"3.12,3.13,3.13,3.12,772725"
2025-09-28T11:10:00.000-00:00,"3.13,3.13,3.13,3.12,2215575"
2025-09-28T11:25:00.000-00:00,"3.12,3.12,3.12,3.12,7322939"
2025-09-29T07:00:00.000-00:00,"3.12,3.13,3.14,3.12,903222"
2025-09-29T07:05:00.000-00:00,"3.14,3.13,3.14,3.13,239481"
2025-09-29T07:10:00.000-00:00,"3.13,3.13,3.13,3.13,1070979"
2025-09-29T07:15:00.000-00:00,"3.13,3.14,3.14,3.13,1227029"
2025-09-29T07:20:00.000-00:00,"3.13,3.14,3.14,3.13,911376"
2025-09-29T07:25:00.000-00:00,"3.13,3.14,3.14,3.13,667"
2025-09-29T07:30:00.000-00:00,"3.14,3.14,3.15,3.14,833360"
2025-09-29T07:35:00.000-00:00,"3.14,3.14,3.15,3.14,7907"
2025-09-29T07:40:00.000-00:00,"3.14,3.15,3.15,3.14,548153"
2025-09-29T07:45:00.000-00:00,"3.14,3.14,3.14,3.14,6016"
2025-09-29T07:50:00.000-00:00,"3.15,3.15,3.15,3.14,27301"
2025-09-29T07:55:00.000-00:00,"3.15,3.14,3.15,3.14,22890"
2025-09-29T08:00:00.000-00:00,"3.14,3.14,3.14,3.14,376935"
2025-09-29T08:05:00.000-00:00,"3.14,3.14,3.14,3.14,1788"
2025-09-29T08:10:00.000-00:00,"3.14,3.13,3.14,3.13,1318640"
2025-09-29T08:15:00.000-00:00,"3.13,3.13,3.14,3.13,15058"
2025-09-29T08:20:00.000-00:00,"3.14,3.14,3.14,3.13,5036"
2025-09-29T08:25:00.000-00:00,"3.14,3.14,3.14,3.14,2324"
2025-09-29T08:30:00.000-00:00,"3.13,3.13,3.13,3.13,1"
2025-09-29T08:35:00.000-00:00,"3.14,3.14,3.14,3.13,33255"
2025-09-29T08:40:00.000-00:00,"3.13,3.14,3.14,3.13,42731"
2025-09-29T08:50:00.000-00:00,"3.14,3.13,3.14,3.13,21003"
2025-09-29T08:55:00.000-00:00,"3.13,3.14,3.14,3.13,1520958"
2025-09-29T09:00:00.000-00:00,"3.14,3.14,3.14,3.14,28125"
2025-09-29T09:05:00.000-00:00,"3.14,3.15,3.15,3.14,36"
2025-09-29T09:10:00.000-00:00,"3.14,3.14,3.14,3.14,209170"
2025-09-29T09:15:00.000-00:00,"3.14,3.14,3.15,3.14,7383"
2025-09-29T09:20:00.000-00:00,"3.14,3.14,3.15,3.14,18177"
2025-09-29T09:25:00.000-00:00,"3.14,3.14,3.14,3.14,43095"
2025-09-29T09:30:00.000-00:00,"3.14,3.14,3.14,3.14,25000"
2025-09-29T09:35:00.000-00:00,"3.14,3.13,3.14,3.13,137003"
2025-09-29T09:40:00.000-00:00,"3.13,3.13,3.13,3.13,1345"
2025-09-29T09:45:00.000-00:00,"3.13,3.13,3.13,3.13,1885"
2025-09-29T09:50:00.000-00:00,"3.14,3.14,3.14,3.14,10000"
2025-09-29T09:55:00.000-00:00,"3.13,3.13,3.13,3.13,1105000"
2025-09-29T10:00:00.000-00:00,"3.13,3.12,3.13,3.12,2558508"
2025-09-29T10:05:00.000-00:00,"3.13,3.13,3.13,3.12,82119"
2025-09-29T10:10:00.000-00:00,"3.13,3.13,3.13,3.13,4500"
2025-09-29T10:15:00.000-00:00,"3.13,3.13,3.13,3.13,2047"
2025-09-29T10:20:00.000-00:00,"3.13,3.13,3.13,3.13,47459"
2025-09-29T10:25:00.000-00:00,"3.13,3.12,3.13,3.12,28149"
2025-09-29T10:30:00.000-00:00,"3.13,3.13,3.13,3.13,5093"
2025-09-29T10:35:00.000-00:00,"3.13,3.13,3.13,3.13,1485"
2025-09-29T10:40:00.000-00:00,"3.13,3.12,3.13,3.12,26000"
2025-09-29T10:45:00.000-00:00,"3.13,3.13,3.13,3.12,1036000"
2025-09-29T10:50:00.000-00:00,"3.12,3.13,3.13,3.12,32780"
2025-09-29T10:55:00.000-00:00,"3.13,3.12,3.14,3.12,2138578"
2025-09-29T11:00:00.000-00:00,"3.12,3.12,3.12,3.11,435025"
2025-09-29T11:05:00.000-00:00,"3.12,3.12,3.13,3.11,3440840"
2025-09-29T11:10:00.000-00:00,"3.13,3.14,3.14,3.13,1596321"
2025-09-29T11:25:00.000-00:00,"3.13,3.13,3.13,3.13,1869264"
2025-09-30T07:00:00.000-00:00,"3.15,3.15,3.15,3.14,38683"
2025-09-30T07:05:00.000-00:00,"3.15,3.15,3.15,3.15,498000"
2025-09-30T07:10:00.000-00:00,"3.14,3.14,3.14,3.14,270317"
2025-09-30T07:15:00.000-00:00,"3.15,3.14,3.15,3.14,700171"
2025-09-30T07:20:00.000-00:00,"3.14,3.14,3.14,3.14,45562"
2025-09-30T07:25:00.000-00:00,"3.15,3.14,3.15,3.14,2608"
2025-09-30T07:35:00.000-00:00,"3.14,3.14,3.14,3.14,583209"
2025-09-30T07:40:00.000-00:00,"3.14,3.13,3.14,3.13,260508"
2025-09-30T07:45:00.000-00:00,"3.14,3.13,3.14,3.13,100069"
2025-09-30T07:50:00.000-00:00,"3.13,3.14,3.14,3.13,274720"
2025-09-30T07:55:00.000-00:00,"3.13,3.14,3.14,3.13,457853"
2025-09-30T08:00:00.000-00:00,"3.14,3.14,3.14,3.14,180216"
2025-09-30T08:05:00.000-00:00,"3.15,3.14,3.15,3.14,591500"
2025-09-30T08:10:00.000-00:00,"3.15,3.15,3.16,3.14,677744"
2025-09-30T08:15:00.000-00:00,"3.15,3.15,3.15,3.15,391893"
2025-09-30T08:20:00.000-00:00,"3.15,3.15,3.15,3.15,616911"
2025-09-30T08:25:00.000-00:00,"3.15,3.15,3.16,3.15,171514"
2025-09-30T08:30:00.000-00:00,"3.16,3.16,3.16,3.15,54114"
2025-09-30T08:35:00.000-00:00,"3.15,3.15,3.16,3.15,105062"
2025-09-30T08:40:00.000-00:00,"3.16,3.15,3.16,3.15,128000"
2025-09-30T08:45:00.000-00:00,"3.15,3.16,3.16,3.15,13254"
2025-09-30T08:50:00.000-00:00,"3.15,3.15,3.15,3.15,5150"
2025-09-30T08:55:00.000-00:00,"3.16,3.16,3.16,3.16,100000"
2025-09-30T09:00:00.000-00:00,"3.15,3.16,3.16,3.15,3682"
2025-09-30T09:05:00.000-00:00,"3.15,3.15,3.15,3.15,1500"
2025-09-30T09:10:00.000-00:00,"3.15,3.14,3.16,3.14,1638123"
2025-09-30T09:15:00.000-00:00,"3.14,3.14,3.14,3.13,157641"
2025-09-30T09:20:00.000-00:00,"3.13,3.14,3.14,3.13,125809"
2025-09-30T09:25:00.000-00:00,"3.13,3.13,3.13,3.13,955"
2025-09-30T09:30:00.000-00:00,"3.13,3.12,3.14,3.12,878955"
2025-09-30T09:35:00.000-00:00,"3.13,3.14,3.14,3.13,12350"
2025-09-30T09:40:00.000-00:00,"3.14,3.13,3.14,3.13,166353"
2025-09-30T09:45:00.000-00:00,"3.13,3.15,3.15,3.13,2263213"
2025-09-30T09:50:00.000-00:00,"3.16,3.16,3.17,3.16,883527"
2025-09-30T09:55:00.000-00:00,"3.17,3.16,3.17,3.16,1102192"
2025-09-30T10:00:00.000-00:00,"3.17,3.17,3.17,3.16,2224015"
2025-09-30T10:05:00.000-00:00,"3.17,3.18,3.2,3.17,10482550"
2025-09-30T10:10:00.000-00:00,"3.18,3.19,3.19,3.18,1567875"
2025-09-30T10:15:00.000-00:00,"3.19,3.18,3.19,3.18,389959"
2025-09-30T10:20:00.000-00:00,"3.18,3.2,3.2,3.18,2389907"
2025-09-30T10:25:00.000-00:00,"3.19,3.2,3.2,3.19,2035000"
2025-09-30T10:30:00.000-00:00,"3.2,3.18,3.2,3.18,53320"
2025-09-30T10:35:00.000-00:00,"3.18,3.2,3.2,3.18,3884611"
2025-09-30T10:40:00.000-00:00,"3.2,3.2,3.2,3.19,5102000"
2025-09-30T10:45:00.000-00:00,"3.2,3.19,3.2,3.19,4073244"
2025-09-30T10:50:00.000-00:00,"3.19,3.18,3.2,3.18,2006717"
2025-09-30T10:55:00.000-00:00,"3.18,3.18,3.19,3.18,269355"
2025-09-30T11:00:00.000-00:00,"3.18,3.18,3.19,3.18,405315"
2025-09-30T11:05:00.000-00:00,"3.19,3.18,3.19,3.18,118280"
2025-09-30T11:10:00.000-00:00,"3.17,3.18,3.18,3.17,112069"
2025-09-30T11:25:00.000-00:00,"3.15,3.15,3.15,3.15,8462240"
2025-10-01T07:00:00.000-00:00,"3.16,3.17,3.17,3.16,26870"
2025-10-01T07:05:00.000-00:00,"3.16,3.17,3.17,3.15,1059862"
2025-10-01T07:10:00.000-00:00,"3.16,3.16,3.16,3.16,579457"
2025-10-01T07:15:00.000-00:00,"3.16,3.16,3.16,3.16,459672"
2025-10-01T07:20:00.000-00:00,"3.17,3.16,3.17,3.16,28632"
2025-10-01T07:25:00.000-00:00,"3.15,3.16,3.16,3.15,55105"
2025-10-01T07:30:00.000-00:00,"3.16,3.16,3.16,3.15,58506"
2025-10-01T07:35:00.000-00:00,"3.17,3.17,3.17,3.17,73300"
2025-10-01T07:40:00.000-00:00,"3.16,3.17,3.17,3.16,18017"
2025-10-01T07:45:00.000-00:00,"3.17,3.17,3.17,3.17,165594"
2025-10-01T07:50:00.000-00:00,"3.16,3.16,3.17,3.16,728365"
2025-10-01T07:55:00.000-00:00,"3.16,3.16,3.16,3.15,153284"
2025-10-01T08:00:00.000-00:00,"3.15,3.15,3.15,3.15,1159902"
2025-10-01T08:05:00.000-00:00,"3.15,3.15,3.15,3.15,75047"
2025-10-01T08:10:00.000-00:00,"3.15,3.15,3.15,3.14,550298"
2025-10-01T08:15:00.000-00:00,"3.15,3.15,3.15,3.14,603945"
2025-10-01T08:20:00.000-00:00,"3.15,3.15,3.15,3.15,93585"
2025-10-01T08:25:00.000-00:00,"3.16,3.15,3.16,3.15,176793"
2025-10-01T08:30:00.000-00:00,"3.14,3.14,3.15,3.14,6080"
2025-10-01T08:35:00.000-00:00,"3.14,3.14,3.15,3.14,8215"
2025-10-01T08:40:00.000-00:00,"3.15,3.16,3.16,3.15,1420241"
2025-10-01T08:45:00.000-00:00,"3.16,3.17,3.17,3.16,2113284"
2025-10-01T08:50:00.000-00:00,"3.17,3.16,3.17,3.16,1450075"
2025-10-01T08:55:00.000-00:00,"3.17,3.17,3.17,3.17,3010000"
2025-10-01T09:00:00.000-00:00,"3.17,3.17,3.17,3.17,50000"
2025-10-01T09:05:00.000-00:00,"3.16,3.17,3.17,3.16,2034100"
2025-10-01T09:10:00.000-00:00,"3.17,3.15,3.17,3.15,1847314"
2025-10-01T09:15:00.000-00:00,"3.15,3.15,3.15,3.15,1336200"
2025-10-01T09:20:00.000-00:00,"3.16,3.15,3.16,3.15,288706"
2025-10-01T09:25:00.000-00:00,"3.15,3.14,3.15,3.14,18710"
2025-10-01T09:30:00.000-00:00,"3.15,3.14,3.15,3.14,80031"
2025-10-01T09:35:00.000-00:00,"3.15,3.15,3.15,3.15,252"
2025-10-01T09:40:00.000-00:00,"3.15,3.15,3.15,3.14,113456"
2025-10-01T09:45:00.000-00:00,"3.14,3.15,3.15,3.14,595002"
2025-10-01T09:50:00.000-00:00,"3.15,3.15,3.15,3.14,114891"
2025-10-01T09:55:00.000-00:00,"3.15,3.14,3.15,3.14,1125390"
2025-10-01T10:00:00.000-00:00,"3.14,3.15,3.15,3.14,796747"
2025-10-01T10:05:00.000-00:00,"3.15,3.14,3.15,3.14,1315819"
2025-10-01T10:10:00.000-00:00,"3.14,3.14,3.14,3.14,13174"
2025-10-01T10:15:00.000-00:00,"3.15,3.14,3.15,3.14,290781"
2025-10-01T10:20:00.000-00:00,"3.14,3.14,3.14,3.13,89030"
2025-10-01T10:25:00.000-00:00,"3.13,3.14,3.14,3.13,162828"
2025-10-01T10:30:00.000-00:00,"3.14,3.14,3.14,3.14,20088"
2025-10-01T10:35:00.000-00:00,"3.15,3.14,3.15,3.13,1968733"
2025-10-01T10:40:00.000-00:00,"3.13,3.14,3.14,3.13,1916307"
2025-10-01T10:45:00.000-00:00,"3.14,3.14,3.14,3.13,302837"
2025-10-01T10:50:00.000-00:00,"3.13,3.14,3.14,3.13,316640"
2025-10-01T10:55:00.000-00:00,"3.14,3.13,3.14,3.13,1768106"
2025-10-01T11:00:00.000-00:00,"3.13,3.13,3.14,3.13,1434437"
2025-10-01T11:05:00.000-00:00,"3.13,3.14,3.14,3.13,369767"
2025-10-01T11:10:00.000-00:00,"3.13,3.13,3.14,3.13,1030628"
2025-10-01T11:25:00.000-00:00,"3.13,3.13,3.13,3.13,3969946"
2025-10-02T07:00:00.000-00:00,"3.14,3.14,3.15,3.13,581669"
2025-10-02T07:05:00.000-00:00,"3.14,3.14,3.15,3.14,107991"
2025-10-02T07:10:00.000-00:00,"3.14,3.15,3.15,3.14,115103"
2025-10-02T07:15:00.000-00:00,"3.15,3.14,3.15,3.14,47777"
2025-10-02T07:20:00.000-00:00,"3.14,3.14,3.15,3.14,441740"
2025-10-02T07:25:00.000-00:00,"3.14,3.14,3.14,3.14,178750"
2025-10-02T07:30:00.000-00:00,"3.14,3.14,3.14,3.14,96700"
2025-10-02T07:35:00.000-00:00,"3.13,3.13,3.13,3.13,27705168"
2025-10-02T07:40:00.000-00:00,"3.14,3.16,3.16,3.14,1890522"
2025-10-02T07:45:00.000-00:00,"3.16,3.16,3.16,3.15,553001"
2025-10-02T07:50:00.000-00:00,"3.15,3.15,3.16,3.14,852880"
2025-10-02T07:55:00.000-00:00,"3.15,3.15,3.15,3.14,137201"
2025-10-02T08:00:00.000-00:00,"3.15,3.15,3.15,3.14,409025"
2025-10-02T08:05:00.000-00:00,"3.16,3.15,3.16,3.15,522"
2025-10-02T08:10:00.000-00:00,"3.15,3.15,3.15,3.15,15653"
2025-10-02T08:15:00.000-00:00,"3.15,3.15,3.15,3.15,437"
2025-10-02T08:20:00.000-00:00,"3.15,3.15,3.15,3.14,4101"
2025-10-02T08:25:00.000-00:00,"3.14,3.14,3.14,3.14,42222"
2025-10-02T08:30:00.000-00:00,"3.14,3.14,3.14,3.14,1159378"
2025-10-02T08:35:00.000-00:00,"3.14,3.14,3.15,3.14,662706"
2025-10-02T08:40:00.000-00:00,"3.14,3.15,3.15,3.14,97817"
2025-10-02T08:45:00.000-00:00,"3.15,3.14,3.15,3.14,53037"
2025-10-02T08:50:00.000-00:00,"3.14,3.14,3.14,3.13,913320"
2025-10-02T08:55:00.000-00:00,"3.14,3.14,3.14,3.14,221784"
2025-10-02T09:05:00.000-00:00,"3.13,3.13,3.13,3.13,2515176"
2025-10-02T09:10:00.000-00:00,"3.13,3.11,3.13,3.1,10056470"
2025-10-02T09:15:00.000-00:00,"3.11,3.11,3.12,3.11,1172857"
2025-10-02T09:20:00.000-00:00,"3.12,3.12,3.12,3.11,8845"
2025-10-02T09:25:00.000-00:00,"3.12,3.12,3.12,3.12,506680"
2025-10-02T09:30:00.000-00:00,"3.11,3.12,3.12,3.1,1052922"
2025-10-02T09:35:00.000-00:00,"3.11,3.12,3.12,3.11,105863"
2025-10-02T09:40:00.000-00:00,"3.11,3.11,3.12,3.11,953466"
2025-10-02T09:45:00.000-00:00,"3.11,3.11,3.11,3.11,277352"
2025-10-02T09:50:00.000-00:00,"3.11,3.11,3.11,3.11,765618"
2025-10-02T09:55:00.000-00:00,"3.11,3.12,3.12,3.11,191460"
2025-10-02T10:00:00.000-00:00,"3.12,3.12,3.12,3.11,51085"
2025-10-02T10:05:00.000-00:00,"3.11,3.11,3.11,3.11,1120327"
2025-10-02T10:10:00.000-00:00,"3.1,3.1,3.11,3.1,6235914"
2025-10-02T10:15:00.000-00:00,"3.1,3.1,3.1,3.09,361073"
2025-10-02T10:20:00.000-00:00,"3.1,3.1,3.1,3.09,364422"
2025-10-02T10:25:00.000-00:00,"3.1,3.1,3.11,3.1,850891"
2025-10-02T10:30:00.000-00:00,"3.1,3.1,3.1,3.09,393344"
2025-10-02T10:35:00.000-00:00,"3.1,3.1,3.1,3.09,69172"
2025-10-02T10:40:00.000-00:00,"3.1,3.1,3.1,3.09,73644"
2025-10-02T10:45:00.000-00:00,"3.1,3.07,3.1,3.07,5271607"
2025-10-02T10:50:00.000-00:00,"3.08,3.09,3.1,3.07,3289225"
2025-10-02T10:55:00.000-00:00,"3.09,3.09,3.1,3.09,364149"
2025-10-02T11:00:00.000-00:00,"3.09,3.1,3.1,3.09,773060"
2025-10-02T11:05:00.000-00:00,"3.1,3.1,3.1,3.1,1019530"
2025-10-02T11:10:00.000-00:00,"3.09,3.1,3.11,3.09,2448935"
2025-10-02T11:25:00.000-00:00,"3.09,3.09,3.09,3.09,2478433"
2025-10-05T07:00:00.000-00:00,"3.1,3.11,3.11,3.1,344789"
2025-10-05T07:05:00.000-00:00,"3.11,3.1,3.11,3.1,504173"
2025-10-05T07:10:00.000-00:00,"3.1,3.1,3.1,3.1,57246"
2025-10-05T07:15:00.000-00:00,"3.1,3.1,3.1,3.09,177895"
2025-10-05T07:20:00.000-00:00,"3.1,3.09,3.1,3.09,450005"
2025-10-05T07:25:00.000-00:00,"3.1,3.1,3.1,3.09,50695"
2025-10-05T07:30:00.000-00:00,"3.1,3.1,3.1,3.09,64860"
2025-10-05T07:35:00.000-00:00,"3.1,3.1,3.1,3.09,9288"
2025-10-05T07:40:00.000-00:00,"3.1,3.1,3.1,3.1,193500"
2025-10-05T07:45:00.000-00:00,"3.1,3.1,3.1,3.1,26999"
2025-10-05T07:50:00.000-00:00,"3.1,3.09,3.1,3.09,66590"
2025-10-05T07:55:00.000-00:00,"3.1,3.09,3.1,3.09,264480"
2025-10-05T08:00:00.000-00:00,"3.1,3.09,3.1,3.09,2105708"
2025-10-05T08:05:00.000-00:00,"3.09,3.09,3.09,3.08,182587"
2025-10-05T08:10:00.000-00:00,"3.09,3.09,3.09,3.08,65076"
2025-10-05T08:15:00.000-00:00,"3.09,3.08,3.09,3.08,26898"
2025-10-05T08:20:00.000-00:00,"3.09,3.08,3.09,3.08,11139"
2025-10-05T08:25:00.000-00:00,"3.09,3.09,3.09,3.08,70066"
2025-10-05T08:30:00.000-00:00,"3.08,3.09,3.09,3.08,630157"
2025-10-05T08:35:00.000-00:00,"3.09,3.09,3.1,3.09,198264"
2025-10-05T08:40:00.000-00:00,"3.09,3.1,3.1,3.09,220295"
2025-10-05T08:45:00.000-00:00,"3.1,3.1,3.1,3.09,101844"
2025-10-05T08:50:00.000-00:00,"3.1,3.09,3.1,3.09,50230"
2025-10-05T08:55:00.000-00:00,"3.1,3.1,3.1,3.1,85199"
2025-10-05T09:00:00.000-00:00,"3.09,3.1,3.1,3.09,144877"
2025-10-05T09:05:00.000-00:00,"3.1,3.1,3.1,3.1,10091"
2025-10-05T09:10:00.000-00:00,"3.1,3.09,3.1,3.09,927506"
2025-10-05T09:15:00.000-00:00,"3.09,3.1,3.1,3.09,799550"
2025-10-05T09:20:00.000-00:00,"3.1,3.1,3.1,3.1,508090"
2025-10-05T09:25:00.000-00:00,"3.1,3.11,3.11,3.1,26664"
2025-10-05T09:30:00.000-00:00,"3.11,3.11,3.11,3.11,9914"
2025-10-05T09:35:00.000-00:00,"3.11,3.1,3.11,3.1,65"
2025-10-05T09:45:00.000-00:00,"3.1,3.1,3.1,3.1,23288"
2025-10-05T09:50:00.000-00:00,"3.1,3.11,3.11,3.1,203616"
2025-10-05T09:55:00.000-00:00,"3.1,3.1,3.11,3.1,70240"
2025-10-05T10:00:00.000-00:00,"3.1,3.1,3.1,3.1,609543"
2025-10-05T10:05:00.000-00:00,"3.11,3.11,3.11,3.11,75"
2025-10-05T10:10:00.000-00:00,"3.11,3.11,3.11,3.1,3263"
2025-10-05T10:15:00.000-00:00,"3.1,3.1,3.11,3.1,57210"
2025-10-05T10:20:00.000-00:00,"3.1,3.11,3.11,3.1,471400"
2025-10-05T10:25:00.000-00:00,"3.1,3.1,3.11,3.1,2357"
2025-10-05T10:30:00.000-00:00,"3.11,3.11,3.11,3.1,29145"
2025-10-05T10:35:00.000-00:00,"3.11,3.1,3.11,3.1,1701"
2025-10-05T10:40:00.000-00:00,"3.11,3.1,3.11,3.1,813358"
2025-10-05T10:45:00.000-00:00,"3.1,3.11,3.11,3.1,1017091"
2025-10-05T10:50:00.000-00:00,"3.1,3.1,3.11,3.1,115143"
2025-10-05T10:55:00.000-00:00,"3.1,3.1,3.1,3.1,1542763"
2025-10-05T11:00:00.000-00:00,"3.1,3.09,3.11,3.09,1263726"
2025-10-05T11:05:00.000-00:00,"3.09,3.08,3.1,3.07,3519182"
2025-10-05T11:10:00.000-00:00,"3.09,3.09,3.09,3.08,856594"
2025-10-05T11:25:00.000-00:00,"3.11,3.11,3.11,3.11,2980283"
2025-10-06T07:00:00.000-00:00,"3.1,3.11,3.11,3.1,322317"
2025-10-06T07:05:00.000-00:00,"3.1,3.1,3.11,3.1,66513"
2025-10-06T07:10:00.000-00:00,"3.11,3.09,3.11,3.09,351203"
2025-10-06T07:15:00.000-00:00,"3.1,3.1,3.1,3.09,56258"
2025-10-06T07:20:00.000-00:00,"3.1,3.1,3.1,3.1,199993"
2025-10-06T07:25:00.000-00:00,"3.11,3.1,3.11,3.1,153393"
2025-10-06T07:30:00.000-00:00,"3.11,3.1,3.11,3.09,150225"
2025-10-06T07:35:00.000-00:00,"3.1,3.1,3.1,3.1,39667"
2025-10-06T07:40:00.000-00:00,"3.1,3.1,3.1,3.09,2014"
2025-10-06T07:45:00.000-00:00,"3.1,3.1,3.1,3.1,1500"
2025-10-06T07:50:00.000-00:00,"3.1,3.09,3.1,3.09,121298"
2025-10-06T07:55:00.000-00:00,"3.09,3.09,3.09,3.09,718804"
2025-10-06T08:00:00.000-00:00,"3.09,3.09,3.09,3.09,543340"
2025-10-06T08:05:00.000-00:00,"3.1,3.09,3.1,3.08,1583502"
2025-10-06T08:10:00.000-00:00,"3.09,3.08,3.09,3.08,280900"
2025-10-06T08:15:00.000-00:00,"3.08,3.09,3.09,3.08,83253"
2025-10-06T08:20:00.000-00:00,"3.09,3.09,3.09,3.09,10822"
2025-10-06T08:25:00.000-00:00,"3.09,3.09,3.09,3.09,27"
2025-10-06T08:30:00.000-00:00,"3.09,3.09,3.09,3.08,1416350"
2025-10-06T08:35:00.000-00:00,"3.09,3.08,3.09,3.08,161369"
2025-10-06T08:40:00.000-00:00,"3.09,3.08,3.09,3.08,79674"
2025-10-06T08:45:00.000-00:00,"3.08,3.09,3.09,3.08,67584"
2025-10-06T08:50:00.000-00:00,"3.08,3.08,3.08,3.07,989220"
2025-10-06T08:55:00.000-00:00,"3.08,3.08,3.08,3.07,539980"
2025-10-06T09:00:00.000-00:00,"3.09,3.08,3.09,3.08,112790"
2025-10-06T09:05:00.000-00:00,"3.09,3.08,3.09,3.08,51823"
2025-10-06T09:10:00.000-00:00,"3.09,3.09,3.09,3.08,755761"
2025-10-06T09:15:00.000-00:00,"3.09,3.09,3.09,3.09,1567370"
2025-10-06T09:20:00.000-00:00,"3.09,3.09,3.09,3.09,100000"
2025-10-06T09:25:00.000-00:00,"3.1,3.09,3.1,3.09,412196"
2025-10-06T09:30:00.000-00:00,"3.09,3.09,3.09,3.09,650059"
2025-10-06T09:35:00.000-00:00,"3.09,3.1,3.1,3.09,16631"
2025-10-06T09:40:00.000-00:00,"3.09,3.09,3.09,3.09,4197"
2025-10-06T09:45:00.000-00:00,"3.09,3.09,3.09,3.09,235545"
2025-10-06T09:50:00.000-00:00,"3.09,3.09,3.09,3.08,82701"
2025-10-06T09:55:00.000-00:00,"3.09,3.09,3.09,3.08,32210"
2025-10-06T10:00:00.000-00:00,"3.08,3.08,3.09,3.08,2098285"
2025-10-06T10:05:00.000-00:00,"3.08,3.08,3.08,3.08,97722"
2025-10-06T10:10:00.000-00:00,"3.09,3.08,3.09,3.08,12265"
2025-10-06T10:15:00.000-00:00,"3.09,3.09,3.09,3.08,153804"
2025-10-06T10:20:00.000-00:00,"3.09,3.09,3.09,3.09,236515"
2025-10-06T10:25:00.000-00:00,"3.09,3.08,3.09,3.08,1276611"
2025-10-06T10:30:00.000-00:00,"3.08,3.08,3.08,3.07,398845"
2025-10-06T10:35:00.000-00:00,"3.09,3.09,3.09,3.09,25203"
2025-10-06T10:40:00.000-00:00,"3.08,3.08,3.09,3.08,351161"
2025-10-06T10:45:00.000-00:00,"3.08,3.08,3.09,3.08,710123"
2025-10-06T10:50:00.000-00:00,"3.08,3.08,3.08,3.07,1258581"
2025-10-06T10:55:00.000-00:00,"3.08,3.08,3.08,3.07,411614"
2025-10-06T11:00:00.000-00:00,"3.08,3.08,3.09,3.08,418333"
2025-10-06T11:05:00.000-00:00,"3.08,3.07,3.08,3.07,2473735"
2025-10-06T11:10:00.000-00:00,"3.07,3.07,3.08,3.07,2854714"
2025-10-06T11:25:00.000-00:00,"3.06,3.06,3.06,3.06,5278040"
2025-10-07T07:00:00.000-00:00,"3.08,3.07,3.08,3.06,1805756"
2025-10-07T07:05:00.000-00:00,"3.07,3.07,3.08,3.06,745792"
2025-10-07T07:10:00.000-00:00,"3.07,3.07,3.07,3.07,1511356"
2025-10-07T07:15:00.000-00:00,"3.07,3.08,3.08,3.07,1186795"
2025-10-07T07:20:00.000-00:00,"3.07,3.08,3.08,3.07,1153145"
2025-10-07T07:25:00.000-00:00,"3.08,3.08,3.08,3.07,3030"
2025-10-07T07:30:00.000-00:00,"3.07,3.08,3.08,3.07,986296"
2025-10-07T07:35:00.000-00:00,"3.07,3.08,3.08,3.07,867107"
2025-10-07T07:40:00.000-00:00,"3.08,3.08,3.08,3.07,200962"
2025-10-07T07:45:00.000-00:00,"3.08,3.07,3.08,3.07,561422"
2025-10-07T07:50:00.000-00:00,"3.07,3.07,3.07,3.07,706099"
2025-10-07T07:55:00.000-00:00,"3.07,3.08,3.08,3.07,111404"
2025-10-07T08:00:00.000-00:00,"3.08,3.08,3.08,3.08,1141386"
2025-10-07T08:05:00.000-00:00,"3.08,3.08,3.08,3.07,607261"
2025-10-07T08:10:00.000-00:00,"3.08,3.08,3.08,3.07,16126"
2025-10-07T08:15:00.000-00:00,"3.07,3.07,3.08,3.07,233844"
2025-10-07T08:20:00.000-00:00,"3.07,3.08,3.08,3.07,110320"
2025-10-07T08:25:00.000-00:00,"3.07,3.07,3.08,3.07,979938"
2025-10-07T08:30:00.000-00:00,"3.07,3.07,3.07,3.07,584252"
2025-10-07T08:35:00.000-00:00,"3.07,3.07,3.08,3.07,351250"
2025-10-07T08:40:00.000-00:00,"3.07,3.07,3.07,3.07,44536"
2025-10-07T08:45:00.000-00:00,"3.07,3.07,3.07,3.06,242479"
2025-10-07T08:50:00.000-00:00,"3.06,3.06,3.07,3.06,24858"
2025-10-07T08:55:00.000-00:00,"3.07,3.07,3.07,3.06,1170491"
2025-10-07T09:00:00.000-00:00,"3.06,3.05,3.07,3.03,10608281"
2025-10-07T09:05:00.000-00:00,"3.05,3.03,3.05,3.03,6306537"
2025-10-07T09:10:00.000-00:00,"3.03,3.03,3.04,3.02,4635569"
2025-10-07T09:15:00.000-00:00,"3.03,3.04,3.04,3.02,2009354"
2025-10-07T09:20:00.000-00:00,"3.04,3.03,3.04,3.03,1973937"
2025-10-07T09:25:00.000-00:00,"3.05,3.04,3.05,3.03,537778"
2025-10-07T09:30:00.000-00:00,"3.04,3.04,3.04,3.03,240332"
2025-10-07T09:35:00.000-00:00,"3.04,3.04,3.04,3.04,147884"
2025-10-07T09:40:00.000-00:00,"3.04,3.04,3.04,3.03,180036"
2025-10-07T09:45:00.000-00:00,"3.04,3.04,3.04,3.04,321887"
2025-10-07T09:50:00.000-00:00,"3.04,3.04,3.04,3.03,613070"
2025-10-07T09:55:00.000-00:00,"3.04,3.04,3.05,3.04,296575"
2025-10-07T10:00:00.000-00:00,"3.04,3.04,3.05,3.04,4060134"
2025-10-07T10:05:00.000-00:00,"3.04,3.04,3.04,3.03,187219"
2025-10-07T10:10:00.000-00:00,"3.04,3.04,3.05,3.03,1131262"
2025-10-07T10:15:00.000-00:00,"3.04,3.05,3.05,3.04,211097"
2025-10-07T10:20:00.000-00:00,"3.04,3.05,3.05,3.04,48330"
2025-10-07T10:25:00.000-00:00,"3.05,3.04,3.05,3.03,469134"
2025-10-07T10:30:00.000-00:00,"3.04,3.03,3.04,3.03,1204335"
2025-10-07T10:35:00.000-00:00,"3.04,3.03,3.04,3.02,2065268"
2025-10-07T10:40:00.000-00:00,"3.03,3.03,3.03,3.02,318001"
2025-10-07T10:45:00.000-00:00,"3.03,3.03,3.04,3.03,84608"
2025-10-07T10:50:00.000-00:00,"3.03,3.04,3.04,3.03,126375"
2025-10-07T10:55:00.000-00:00,"3.03,3.04,3.04,3.03,29914"
2025-10-07T11:00:00.000-00:00,"3.03,3.02,3.04,3.02,508296"
2025-10-07T11:05:00.000-00:00,"3.03,3.03,3.04,3.03,808042"
2025-10-07T11:10:00.000-00:00,"3.03,3.02,3.04,3.02,4274738"
2025-10-07T11:25:00.000-00:00,"3.03,3.03,3.03,3.03,5932551"
2025-10-08T07:00:00.000-00:00,"3.04,3.04,3.04,3.03,290303"
2025-10-08T07:05:00.000-00:00,"3.03,3.03,3.04,3.02,562203"
2025-10-08T07:10:00.000-00:00,"3.03,3.04,3.04,3.03,654776"
2025-10-08T07:15:00.000-00:00,"3.04,3.04,3.04,3.04,19556"
2025-10-08T07:20:00.000-00:00,"3.03,3.04,3.04,3.03,1928"
2025-10-08T07:25:00.000-00:00,"3.03,3.03,3.03,3.02,1032484"
2025-10-08T07:30:00.000-00:00,"3.02,3.02,3.03,3.02,818846"
2025-10-08T07:35:00.000-00:00,"3.02,3.03,3.03,3.02,402325"
2025-10-08T07:40:00.000-00:00,"3.03,3.03,3.03,3.02,23343"
2025-10-08T07:45:00.000-00:00,"3.03,3.03,3.03,3.03,73882"
2025-10-08T07:50:00.000-00:00,"3.03,3.03,3.03,3.02,80219"
2025-10-08T07:55:00.000-00:00,"3.03,3.03,3.03,3.02,10300"
2025-10-08T08:00:00.000-00:00,"3.02,3.02,3.03,3.02,326796"
2025-10-08T08:05:00.000-00:00,"3.02,3.03,3.03,3.02,31443"
2025-10-08T08:10:00.000-00:00,"3.03,3.03,3.03,3.03,8300"
2025-10-08T08:15:00.000-00:00,"3.02,3.02,3.03,3.02,45965"
2025-10-08T08:20:00.000-00:00,"3.02,3.02,3.03,3.02,57002"
2025-10-08T08:25:00.000-00:00,"3.03,3.03,3.03,3.02,27531"
2025-10-08T08:30:00.000-00:00,"3.03,3.02,3.03,3.02,171919"
2025-10-08T08:35:00.000-00:00,"3.03,3.04,3.04,3.03,715886"
2025-10-08T08:40:00.000-00:00,"3.04,3.04,3.04,3.04,228500"
2025-10-08T08:45:00.000-00:00,"3.04,3.04,3.04,3.04,100000"
2025-10-08T08:50:00.000-00:00,"3.04,3.04,3.04,3.03,45204"
2025-10-08T08:55:00.000-00:00,"3.04,3.04,3.04,3.03,1047945"
2025-10-08T09:00:00.000-00:00,"3.04,3.04,3.04,3.03,815340"
2025-10-08T09:05:00.000-00:00,"3.04,3.04,3.05,3.03,3286852"
2025-10-08T09:10:00.000-00:00,"3.04,3.04,3.04,3.03,289621"
2025-10-08T09:15:00.000-00:00,"3.04,3.03,3.04,3.03,11360"
2025-10-08T09:20:00.000-00:00,"3.04,3.04,3.04,3.04,70196"
2025-10-08T09:25:00.000-00:00,"3.04,3.03,3.04,3.03,70491"
2025-10-08T09:30:00.000-00:00,"3.04,3.03,3.04,3.03,55696"
2025-10-08T09:35:00.000-00:00,"3.03,3.04,3.04,3.03,25002"
2025-10-08T09:40:00.000-00:00,"3.03,3.04,3.04,3.03,113898"
2025-10-08T09:45:00.000-00:00,"3.03,3.04,3.04,3.03,56352"
2025-10-08T09:50:00.000-00:00,"3.04,3.04,3.04,3.03,25783"
2025-10-08T09:55:00.000-00:00,"3.04,3.04,3.04,3.04,1942651"
2025-10-08T10:00:00.000-00:00,"3.04,3.04,3.04,3.04,1203328"
2025-10-08T10:05:00.000-00:00,"3.04,3.03,3.04,3.03,1279542"
2025-10-08T10:10:00.000-00:00,"3.03,3.04,3.04,3.02,1076787"
2025-10-08T10:15:00.000-00:00,"3.04,3.04,3.04,3.04,35047"
2025-10-08T10:20:00.000-00:00,"3.04,3.03,3.04,3.03,238487"
2025-10-08T10:25:00.000-00:00,"3.04,3.03,3.04,3.03,1137869"
2025-10-08T10:30:00.000-00:00,"3.03,3.03,3.04,3.02,160785"
2025-10-08T10:35:00.000-00:00,"3.03,3.03,3.03,3.03,28926"
2025-10-08T10:40:00.000-00:00,"3.03,3.03,3.03,3.03,23967"
2025-10-08T10:45:00.000-00:00,"3.02,3.02,3.03,3.02,1939679"
2025-10-08T10:50:00.000-00:00,"3.02,3.01,3.02,3.01,1617351"
2025-10-08T10:55:00.000-00:00,"3.02,3.02,3.02,3.01,681603"
2025-10-08T11:00:00.000-00:00,"3.01,3.01,3.02,3.01,168965"
2025-10-08T11:05:00.000-00:00,"3.02,3.01,3.02,3.01,386089"
2025-10-08T11:10:00.000-00:00,"3.02,3.01,3.02,3.01,455650"
2025-10-08T11:25:00.000-00:00,"3,3,3,3,3615482"
2025-10-12T07:00:00.000-00:00,"3.01,3.02,3.02,3.01,584600"
2025-10-12T07:05:00.000-00:00,"3.02,3,3.02,3,1057750"
2025-10-12T07:10:00.000-00:00,"3,3,3.01,3,860317"
2025-10-12T07:15:00.000-00:00,"3,3.01,3.01,2.99,246786"
2025-10-12T07:20:00.000-00:00,"3,3.01,3.01,3,185786"
2025-10-12T07:25:00.000-00:00,"3.01,3.01,3.01,3.01,59769"
2025-10-12T07:30:00.000-00:00,"3,3,3.01,3,281687"
2025-10-12T07:35:00.000-00:00,"3,3.01,3.01,3,48745"
2025-10-12T07:40:00.000-00:00,"3,3,3.01,3,2176"
2025-10-12T07:45:00.000-00:00,"3.01,3.01,3.01,3,287867"
2025-10-12T07:50:00.000-00:00,"3,3,3.01,3,181405"
2025-10-12T07:55:00.000-00:00,"3.01,3,3.01,3,169991"
2025-10-12T08:00:00.000-00:00,"2.99,3.01,3.01,2.99,252818"
2025-10-12T08:05:00.000-00:00,"3,3.01,3.01,3,169563"
2025-10-12T08:10:00.000-00:00,"3.02,3.01,3.02,3,1618489"
2025-10-12T08:15:00.000-00:00,"3,3.01,3.02,3,1360632"
2025-10-12T08:20:00.000-00:00,"3.01,3.01,3.01,3.01,543036"
2025-10-12T08:25:00.000-00:00,"3.01,3.01,3.02,3,728875"
2025-10-12T08:30:00.000-00:00,"3.01,3,3.01,3,123950"
2025-10-12T08:35:00.000-00:00,"3,3,3.01,3,1068690"
2025-10-12T08:40:00.000-00:00,"3,3.01,3.01,2.99,644945"
2025-10-12T08:45:00.000-00:00,"3,3.02,3.04,2.99,4681808"
2025-10-12T08:50:00.000-00:00,"3.01,3.02,3.03,3.01,1591382"
2025-10-12T08:55:00.000-00:00,"3.02,3.01,3.02,3,2379344"
2025-10-12T09:00:00.000-00:00,"3.01,3,3.01,3,2332869"
2025-10-12T09:05:00.000-00:00,"3,2.99,3,2.99,2051140"
2025-10-12T09:10:00.000-00:00,"2.99,2.98,2.99,2.98,663464"
2025-10-12T09:15:00.000-00:00,"2.99,2.98,2.99,2.98,337991"
2025-10-12T09:20:00.000-00:00,"3,2.99,3,2.99,285633"
2025-10-12T09:25:00.000-00:00,"2.99,2.99,3,2.99,124102"
2025-10-12T09:30:00.000-00:00,"3,2.99,3,2.99,102705"
2025-10-12T09:35:00.000-00:00,"3,2.99,3,2.99,826284"
2025-10-12T09:40:00.000-00:00,"3,3,3.01,3,546434"
2025-10-12T09:45:00.000-00:00,"3,3.01,3.01,3,1659642"
2025-10-12T09:50:00.000-00:00,"3.01,3.01,3.01,3,116692"
2025-10-12T09:55:00.000-00:00,"3,3.01,3.01,3,681919"
2025-10-12T10:00:00.000-00:00,"3.01,3.01,3.01,3,324234"
2025-10-12T10:05:00.000-00:00,"3.01,3.03,3.03,3,5270085"
2025-10-12T10:10:00.000-00:00,"3.02,3.02,3.03,3.02,214532"
2025-10-12T10:15:00.000-00:00,"3.02,3.01,3.03,3.01,451559"
2025-10-12T10:20:00.000-00:00,"3.02,3.01,3.02,3.01,2083253"
2025-10-12T10:25:00.000-00:00,"3.01,3.01,3.02,3.01,143301"
2025-10-12T10:30:00.000-00:00,"3.01,3.01,3.02,3,1136925"
2025-10-12T10:35:00.000-00:00,"3,3.01,3.01,3,88934"
2025-10-12T10:40:00.000-00:00,"3.01,3,3.01,3,82726"
2025-10-12T10:45:00.000-00:00,"3.01,3.01,3.01,3,390167"
2025-10-12T10:50:00.000-00:00,"3.01,3,3.02,3,1115667"
2025-10-12T10:55:00.000-00:00,"3,3.01,3.01,3,891351"
2025-10-12T11:00:00.000-00:00,"3,3.01,3.01,3,197081"
2025-10-12T11:05:00.000-00:00,"3.01,3.01,3.01,3,436531"
2025-10-12T11:10:00.000-00:00,"3,3.01,3.01,3,715078"
2025-10-12T11:25:00.000-00:00,"3,3,3,3,2168264"
2025-10-13T07:00:00.000-00:00,"3.01,3.01,3.02,3,213801"
2025-10-13T07:05:00.000-00:00,"3.02,3.01,3.02,3.01,120582"
2025-10-13T07:10:00.000-00:00,"3.02,3.01,3.02,3.01,114183"
2025-10-13T07:15:00.000-00:00,"3.02,3.01,3.02,3.01,77988"
2025-10-13T07:20:00.000-00:00,"3.01,3.01,3.01,3,295091"
2025-10-13T07:25:00.000-00:00,"3,3.01,3.01,3,250191"
2025-10-13T07:30:00.000-00:00,"3.01,3.01,3.01,3,191285"
2025-10-13T07:35:00.000-00:00,"3,3.02,3.02,3,271745"
2025-10-13T07:40:00.000-00:00,"3.01,3.01,3.01,3.01,266158"
2025-10-13T07:45:00.000-00:00,"3.01,3.01,3.01,3.01,59390"
2025-10-13T07:50:00.000-00:00,"3.01,3,3.01,2.99,2171294"
2025-10-13T07:55:00.000-00:00,"3,3,3,3,228900"
2025-10-13T08:00:00.000-00:00,"3,3,3,3,49888"
2025-10-13T08:05:00.000-00:00,"3,3,3,3,284110"
2025-10-13T08:10:00.000-00:00,"3.01,3.02,3.02,3.01,468150"
2025-10-13T08:15:00.000-00:00,"3.02,3.03,3.03,3.02,3700000"
2025-10-13T08:20:00.000-00:00,"3.03,3.04,3.04,3.02,463995"
2025-10-13T08:25:00.000-00:00,"3.04,3.05,3.05,3.03,1265583"
2025-10-13T08:30:00.000-00:00,"3.04,3.05,3.05,3.04,1402903"
2025-10-13T08:35:00.000-00:00,"3.04,3.06,3.07,3.04,2685370"
2025-10-13T08:40:00.000-00:00,"3.06,3.07,3.07,3.06,393403"
2025-10-13T08:45:00.000-00:00,"3.06,3.06,3.07,3.06,1852760"
2025-10-13T08:50:00.000-00:00,"3.06,3.05,3.06,3.05,1314199"
2025-10-13T08:55:00.000-00:00,"3.05,3.05,3.05,3.04,546887"
2025-10-13T09:00:00.000-00:00,"3.05,3.05,3.05,3.05,115117"
2025-10-13T09:05:00.000-00:00,"3.05,3.04,3.05,3.04,213260"
2025-10-13T09:10:00.000-00:00,"3.04,3.04,3.05,3.04,57304"
2025-10-13T09:15:00.000-00:00,"3.05,3.04,3.05,3.04,619802"
2025-10-13T09:20:00.000-00:00,"3.04,3.03,3.04,3.03,25667"
2025-10-13T09:25:00.000-00:00,"3.03,3.04,3.04,3.03,241920"
2025-10-13T09:30:00.000-00:00,"3.03,3.04,3.04,3.03,155111"
2025-10-13T09:35:00.000-00:00,"3.04,3.04,3.04,3.03,338547"
2025-10-13T09:40:00.000-00:00,"3.04,3.03,3.04,3.03,1065073"
2025-10-13T09:45:00.000-00:00,"3.03,3.05,3.05,3.03,2951489"
2025-10-13T09:50:00.000-00:00,"3.04,3.06,3.06,3.04,1374845"
2025-10-13T09:55:00.000-00:00,"3.05,3.06,3.06,3.05,1848687"
2025-10-13T10:00:00.000-00:00,"3.06,3.06,3.06,3.05,1527686"
2025-10-13T10:05:00.000-00:00,"3.06,3.06,3.06,3.05,2079968"
2025-10-13T10:10:00.000-00:00,"3.05,3.05,3.06,3.05,2406582"
2025-10-13T10:15:00.000-00:00,"3.06,3.06,3.06,3.06,499356"
2025-10-13T10:20:00.000-00:00,"3.06,3.06,3.06,3.05,2437388"
2025-10-13T10:25:00.000-00:00,"3.06,3.05,3.06,3.05,251944"
2025-10-13T10:30:00.000-00:00,"3.06,3.05,3.06,3.05,174261"
2025-10-13T10:35:00.000-00:00,"3.06,3.06,3.07,3.06,3169928"
2025-10-13T10:40:00.000-00:00,"3.06,3.05,3.06,3.05,268409"
2025-10-13T10:45:00.000-00:00,"3.06,3.06,3.06,3.05,428557"
2025-10-13T10:50:00.000-00:00,"3.06,3.05,3.06,3.05,305150"
2025-10-13T10:55:00.000-00:00,"3.05,3.05,3.06,3.05,2664596"
2025-10-13T11:00:00.000-00:00,"3.05,3.05,3.05,3.04,366072"
2025-10-13T11:05:00.000-00:00,"3.05,3.05,3.06,3.04,1602001"
2025-10-13T11:10:00.000-00:00,"3.05,3.04,3.06,3.04,2643276"
2025-10-13T11:25:00.000-00:00,"3.06,3.06,3.06,3.06,3315970"
2025-10-14T07:00:00.000-00:00,"3.07,3.07,3.08,3.06,861994"
2025-10-14T07:05:00.000-00:00,"3.07,3.07,3.08,3.07,1334888"
2025-10-14T07:10:00.000-00:00,"3.07,3.07,3.07,3.06,1572298"
2025-10-14T07:15:00.000-00:00,"3.07,3.06,3.07,3.06,2554208"
2025-10-14T07:20:00.000-00:00,"3.07,3.07,3.07,3.06,2627600"
2025-10-14T07:25:00.000-00:00,"3.07,3.07,3.07,3.06,1021972"
2025-10-14T07:30:00.000-00:00,"3.07,3.06,3.07,3.06,1377983"
2025-10-14T07:35:00.000-00:00,"3.07,3.06,3.07,3.05,1013982"
2025-10-14T07:40:00.000-00:00,"3.06,3.06,3.07,3.06,24843"
2025-10-14T07:45:00.000-00:00,"3.06,3.06,3.06,3.06,8315"
2025-10-14T07:50:00.000-00:00,"3.06,3.06,3.07,3.06,28524"
2025-10-14T07:55:00.000-00:00,"3.06,3.07,3.07,3.06,616141"
2025-10-14T08:00:00.000-00:00,"3.06,3.07,3.08,3.06,1114242"
2025-10-14T08:05:00.000-00:00,"3.07,3.07,3.08,3.07,1195272"
2025-10-14T08:10:00.000-00:00,"3.07,3.08,3.08,3.06,153289"
2025-10-14T08:15:00.000-00:00,"3.08,3.07,3.08,3.07,33177"
2025-10-14T08:20:00.000-00:00,"3.07,3.07,3.08,3.06,1024303"
2025-10-14T08:25:00.000-00:00,"3.07,3.07,3.08,3.06,242584"
2025-10-14T08:30:00.000-00:00,"3.08,3.08,3.08,3.07,1874689"
2025-10-14T08:35:00.000-00:00,"3.08,3.08,3.08,3.08,782240"
2025-10-14T08:40:00.000-00:00,"3.08,3.08,3.09,3.08,331023"
2025-10-14T08:45:00.000-00:00,"3.08,3.07,3.08,3.06,551292"
2025-10-14T08:50:00.000-00:00,"3.07,3.08,3.08,3.07,202278"
2025-10-14T08:55:00.000-00:00,"3.07,3.07,3.08,3.07,210976"
2025-10-14T09:00:00.000-00:00,"3.07,3.07,3.08,3.06,79144"
2025-10-14T09:05:00.000-00:00,"3.07,3.06,3.07,3.06,103239"
2025-10-14T09:10:00.000-00:00,"3.06,3.06,3.07,3.06,33600"
2025-10-14T09:15:00.000-00:00,"3.06,3.06,3.07,3.06,46589"
2025-10-14T09:20:00.000-00:00,"3.07,3.08,3.08,3.07,79027"
2025-10-14T09:25:00.000-00:00,"3.07,3.08,3.08,3.07,91792"
2025-10-14T09:30:00.000-00:00,"3.07,3.07,3.08,3.07,49992"
2025-10-14T09:35:00.000-00:00,"3.07,3.07,3.08,3.07,456513"
2025-10-14T09:40:00.000-00:00,"3.08,3.07,3.08,3.07,75090"
2025-10-14T09:45:00.000-00:00,"3.07,3.08,3.08,3.07,2999"
2025-10-14T09:50:00.000-00:00,"3.07,3.06,3.07,3.06,1220176"
2025-10-14T09:55:00.000-00:00,"3.06,3.07,3.07,3.06,162259"
2025-10-14T10:00:00.000-00:00,"3.06,3.07,3.07,3.06,158119"
2025-10-14T10:05:00.000-00:00,"3.07,3.06,3.07,3.06,15804"
2025-10-14T10:10:00.000-00:00,"3.07,3.07,3.07,3.07,3426"
2025-10-14T10:15:00.000-00:00,"3.06,3.07,3.07,3.06,73403"
2025-10-14T10:20:00.000-00:00,"3.07,3.06,3.07,3.06,7800"
2025-10-14T10:25:00.000-00:00,"3.06,3.06,3.07,3.06,631366"
2025-10-14T10:30:00.000-00:00,"3.06,3.06,3.06,3.06,6255000"
2025-10-14T10:35:00.000-00:00,"3.06,3.06,3.06,3.06,130355"
2025-10-14T10:40:00.000-00:00,"3.06,3.06,3.07,3.06,27344"
2025-10-14T10:45:00.000-00:00,"3.06,3.06,3.06,3.06,2000"
2025-10-14T10:50:00.000-00:00,"3.05,3.05,3.05,3.05,85945"
2025-10-14T10:55:00.000-00:00,"3.05,3.06,3.06,3.05,89301"
2025-10-14T11:00:00.000-00:00,"3.05,3.05,3.06,3.05,181015"
2025-10-14T11:05:00.000-00:00,"3.05,3.06,3.06,3.05,352469"
2025-10-14T11:10:00.000-00:00,"3.05,3.04,3.05,3.04,2361397"
2025-10-14T11:25:00.000-00:00,"3.05,3.05,3.05,3.05,2074429"
2025-10-15T07:00:00.000-00:00,"3.05,3.05,3.05,3.04,118331"
2025-10-15T07:05:00.000-00:00,"3.06,3.05,3.06,3.04,49631"
2025-10-15T07:10:00.000-00:00,"3.05,3.05,3.05,3.05,10"
2025-10-15T07:15:00.000-00:00,"3.04,3.04,3.05,3.04,51561"
2025-10-15T07:20:00.000-00:00,"3.04,3.04,3.05,3.04,117525"
2025-10-15T07:25:00.000-00:00,"3.05,3.05,3.05,3.04,30070"
2025-10-15T07:30:00.000-00:00,"3.05,3.04,3.05,3.04,37100"
2025-10-15T07:35:00.000-00:00,"3.04,3.05,3.05,3.04,50171"
2025-10-15T07:40:00.000-00:00,"3.05,3.04,3.05,3.04,110031"
2025-10-15T07:45:00.000-00:00,"3.04,3.04,3.04,3.03,530537"
2025-10-15T07:50:00.000-00:00,"3.04,3.03,3.04,3.03,80293"
2025-10-15T07:55:00.000-00:00,"3.03,3.03,3.04,3.03,1216976"
2025-10-15T08:00:00.000-00:00,"3.03,3.02,3.03,3.02,765501"
2025-10-15T08:05:00.000-00:00,"3.02,3.04,3.04,3.02,172900"
2025-10-15T08:10:00.000-00:00,"3.03,3.03,3.04,3.02,528190"
2025-10-15T08:15:00.000-00:00,"3.03,3.04,3.04,3.03,10009"
2025-10-15T08:20:00.000-00:00,"3.03,3.03,3.03,3.03,87802"
2025-10-15T08:25:00.000-00:00,"3.03,3.03,3.03,3.03,116250"
2025-10-15T08:30:00.000-00:00,"3.02,3.03,3.03,3.02,16263"
2025-10-15T08:35:00.000-00:00,"3.03,3.02,3.03,3.02,12360"
2025-10-15T08:40:00.000-00:00,"3.02,3.02,3.03,3.02,110000"
2025-10-15T08:45:00.000-00:00,"3.02,3.03,3.03,3.02,16923"
2025-10-15T08:50:00.000-00:00,"3.02,3.03,3.03,3.02,18030"
2025-10-15T08:55:00.000-00:00,"3.03,3.02,3.03,3.02,64272"
2025-10-15T09:00:00.000-00:00,"3.03,3.02,3.03,3.02,155499"
2025-10-15T09:05:00.000-00:00,"3.03,3.03,3.03,3.02,91248"
2025-10-15T09:10:00.000-00:00,"3.03,3.03,3.03,3.02,385368"
2025-10-15T09:15:00.000-00:00,"3.03,3.03,3.03,3.03,33000"
2025-10-15T09:20:00.000-00:00,"3.03,3.03,3.03,3.03,3509650"
2025-10-15T09:25:00.000-00:00,"3.03,3.03,3.04,3.03,362573"
2025-10-15T09:30:00.000-00:00,"3.04,3.04,3.04,3.03,20802"
2025-10-15T09:35:00.000-00:00,"3.03,3.04,3.04,3.03,100167"
2025-10-15T09:40:00.000-00:00,"3.04,3.03,3.04,3.03,82802"
2025-10-15T09:45:00.000-00:00,"3.03,3.03,3.03,3.03,14939"
2025-10-15T09:50:00.000-00:00,"3.04,3.04,3.04,3.03,68516"
2025-10-15T09:55:00.000-00:00,"3.04,3.03,3.04,3.03,59740"
2025-10-15T10:00:00.000-00:00,"3.04,3.04,3.04,3.04,37415"
2025-10-15T10:05:00.000-00:00,"3.03,3.03,3.04,3.03,447940"
2025-10-15T10:10:00.000-00:00,"3.03,3.03,3.04,3.03,6145"
2025-10-15T10:15:00.000-00:00,"3.03,3.03,3.03,3.03,221843"
2025-10-15T10:20:00.000-00:00,"3.02,3.02,3.02,3.02,1221"
2025-10-15T10:25:00.000-00:00,"3.03,3.03,3.03,3.03,27663"
2025-10-15T10:30:00.000-00:00,"3.03,3.03,3.03,3.02,78753"
2025-10-15T10:35:00.000-00:00,"3.02,3.03,3.03,3.02,666897"
2025-10-15T10:40:00.000-00:00,"3.03,3.03,3.03,3.02,449263"
2025-10-15T10:45:00.000-00:00,"3.03,3.03,3.03,3.02,297948"
2025-10-15T10:50:00.000-00:00,"3.02,3.02,3.03,3.02,174238"
2025-10-15T10:55:00.000-00:00,"3.02,3.03,3.04,3.02,764571"
2025-10-15T11:00:00.000-00:00,"3.03,3.03,3.04,3.03,631896"
2025-10-15T11:05:00.000-00:00,"3.03,3.03,3.04,3.02,295951"
2025-10-15T11:10:00.000-00:00,"3.04,3.03,3.04,3.02,553281"
2025-10-15T11:25:00.000-00:00,"3.03,3.03,3.03,3.03,1075694"
2025-10-16T07:00:00.000-00:00,"3.05,3.05,3.06,3.04,2482834"
2025-10-16T07:05:00.000-00:00,"3.06,3.06,3.07,3.05,302543"
2025-10-16T07:10:00.000-00:00,"3.06,3.06,3.07,3.06,976358"
2025-10-16T07:15:00.000-00:00,"3.06,3.06,3.07,3.06,143905"
2025-10-16T07:20:00.000-00:00,"3.07,3.07,3.07,3.06,1881141"
2025-10-16T07:25:00.000-00:00,"3.07,3.07,3.08,3.07,1529157"
2025-10-16T07:30:00.000-00:00,"3.07,3.07,3.07,3.07,118840"
2025-10-16T07:35:00.000-00:00,"3.07,3.07,3.08,3.07,438589"
2025-10-16T07:40:00.000-00:00,"3.07,3.07,3.07,3.07,223551"
2025-10-16T07:45:00.000-00:00,"3.07,3.07,3.07,3.06,522903"
2025-10-16T07:50:00.000-00:00,"3.07,3.06,3.07,3.06,260547"
2025-10-16T07:55:00.000-00:00,"3.07,3.07,3.07,3.06,867886"
2025-10-16T08:00:00.000-00:00,"3.06,3.07,3.07,3.06,18685"
2025-10-16T08:05:00.000-00:00,"3.06,3.06,3.07,3.06,22915"
2025-10-16T08:10:00.000-00:00,"3.06,3.06,3.07,3.06,141478"
2025-10-16T08:15:00.000-00:00,"3.06,3.05,3.06,3.05,387336"
2025-10-16T08:20:00.000-00:00,"3.06,3.06,3.06,3.05,1153407"
2025-10-16T08:25:00.000-00:00,"3.05,3.06,3.06,3.05,418909"
2025-10-16T08:30:00.000-00:00,"3.05,3.05,3.05,3.05,7"
2025-10-16T08:35:00.000-00:00,"3.06,3.06,3.06,3.06,10006"
2025-10-16T08:40:00.000-00:00,"3.06,3.06,3.06,3.06,20000"
2025-10-16T08:45:00.000-00:00,"3.06,3.06,3.06,3.06,100007"
2025-10-16T08:50:00.000-00:00,"3.06,3.06,3.06,3.05,62729"
2025-10-16T08:55:00.000-00:00,"3.05,3.06,3.06,3.05,15384"
2025-10-16T09:00:00.000-00:00,"3.05,3.05,3.05,3.05,109788"
2025-10-16T09:05:00.000-00:00,"3.05,3.05,3.06,3.05,535341"
2025-10-16T09:10:00.000-00:00,"3.05,3.05,3.05,3.05,3000"
2025-10-16T09:15:00.000-00:00,"3.06,3.06,3.06,3.05,424682"
2025-10-16T09:20:00.000-00:00,"3.05,3.06,3.06,3.05,80125"
2025-10-16T09:25:00.000-00:00,"3.07,3.06,3.07,3.06,1394"
2025-10-16T09:30:00.000-00:00,"3.06,3.07,3.07,3.06,1002133"
2025-10-16T09:35:00.000-00:00,"3.07,3.07,3.07,3.06,676"
2025-10-16T09:40:00.000-00:00,"3.07,3.07,3.07,3.06,10997"
2025-10-16T09:45:00.000-00:00,"3.07,3.06,3.07,3.06,1911394"
2025-10-16T09:50:00.000-00:00,"3.06,3.06,3.06,3.05,2162"
2025-10-16T09:55:00.000-00:00,"3.06,3.06,3.06,3.05,8319"
2025-10-16T10:00:00.000-00:00,"3.06,3.05,3.06,3.05,46421"
2025-10-16T10:05:00.000-00:00,"3.06,3.05,3.06,3.05,16900"
2025-10-16T10:10:00.000-00:00,"3.06,3.06,3.06,3.05,26078"
2025-10-16T10:15:00.000-00:00,"3.06,3.05,3.06,3.05,3004740"
2025-10-16T10:20:00.000-00:00,"3.06,3.09,3.09,3.05,5955283"
2025-10-16T10:25:00.000-00:00,"3.07,3.09,3.09,3.07,5360296"
2025-10-16T10:30:00.000-00:00,"3.09,3.07,3.09,3.07,2226478"
2025-10-16T10:35:00.000-00:00,"3.07,3.07,3.08,3.06,121236"
2025-10-16T10:40:00.000-00:00,"3.07,3.07,3.08,3.06,2400175"
2025-10-16T10:45:00.000-00:00,"3.07,3.07,3.08,3.07,20678785"
2025-10-16T10:50:00.000-00:00,"3.07,3.08,3.09,3.07,2040005"
2025-10-16T10:55:00.000-00:00,"3.08,3.07,3.08,3.07,8033678"
2025-10-16T11:00:00.000-00:00,"3.07,3.08,3.08,3.07,4357475"
2025-10-16T11:05:00.000-00:00,"3.07,3.08,3.08,3.07,23914"
2025-10-16T11:10:00.000-00:00,"3.07,3.07,3.08,3.07,2462760"
2025-10-16T11:15:00.000-00:00,"3.08,3.08,3.08,3.08,1494"
2025-10-16T11:25:00.000-00:00,"3.07,3.07,3.07,3.07,5512678"
2025-10-19T07:00:00.000-00:00,"3.07,3.07,3.08,3.07,50112"
2025-10-19T07:05:00.000-00:00,"3.08,3.07,3.08,3.07,34049"
2025-10-19T07:10:00.000-00:00,"3.07,3.08,3.08,3.07,66339"
2025-10-19T07:15:00.000-00:00,"3.08,3.1,3.1,3.07,3802035"
2025-10-19T07:20:00.000-00:00,"3.1,3.1,3.1,3.1,4005464"
2025-10-19T07:25:00.000-00:00,"3.1,3.1,3.11,3.1,880535"
2025-10-19T07:30:00.000-00:00,"3.1,3.1,3.11,3.1,454800"
2025-10-19T07:35:00.000-00:00,"3.1,3.1,3.1,3.09,180709"
2025-10-19T07:40:00.000-00:00,"3.09,3.09,3.1,3.09,16502"
2025-10-19T07:45:00.000-00:00,"3.09,3.1,3.1,3.09,165616"
2025-10-19T07:50:00.000-00:00,"3.09,3.08,3.09,3.08,750963"
2025-10-19T07:55:00.000-00:00,"3.09,3.09,3.09,3.09,100444"
2025-10-19T08:00:00.000-00:00,"3.08,3.09,3.1,3.08,217413"
2025-10-19T08:05:00.000-00:00,"3.09,3.09,3.1,3.09,213981"
2025-10-19T08:10:00.000-00:00,"3.09,3.09,3.09,3.08,445524"
2025-10-19T08:15:00.000-00:00,"3.08,3.08,3.09,3.08,43509"
2025-10-19T08:25:00.000-00:00,"3.09,3.09,3.09,3.09,512606"
2025-10-19T08:30:00.000-00:00,"3.09,3.08,3.09,3.08,117529"
2025-10-19T08:35:00.000-00:00,"3.09,3.09,3.09,3.09,35728"
2025-10-19T08:40:00.000-00:00,"3.09,3.09,3.09,3.08,30470"
2025-10-19T08:45:00.000-00:00,"3.09,3.08,3.09,3.08,10378"
2025-10-19T08:50:00.000-00:00,"3.09,3.08,3.09,3.08,2600211"
2025-10-19T08:55:00.000-00:00,"3.08,3.08,3.08,3.08,50000"
2025-10-19T09:00:00.000-00:00,"3.08,3.08,3.09,3.08,123975"
2025-10-19T09:05:00.000-00:00,"3.08,3.08,3.08,3.08,5175"
2025-10-19T09:10:00.000-00:00,"3.08,3.08,3.09,3.08,55493"
2025-10-19T09:15:00.000-00:00,"3.08,3.08,3.08,3.08,100000"
2025-10-19T09:20:00.000-00:00,"3.09,3.09,3.09,3.08,105679"
2025-10-19T09:30:00.000-00:00,"3.08,3.09,3.09,3.08,63"
2025-10-19T09:35:00.000-00:00,"3.08,3.07,3.08,3.07,358644"
2025-10-19T09:40:00.000-00:00,"3.07,3.08,3.08,3.07,289560"
2025-10-19T09:45:00.000-00:00,"3.08,3.08,3.08,3.08,25000"
2025-10-19T09:50:00.000-00:00,"3.08,3.08,3.08,3.07,203110"
2025-10-19T09:55:00.000-00:00,"3.08,3.08,3.08,3.07,54345"
2025-10-19T10:00:00.000-00:00,"3.07,3.08,3.08,3.07,1296"
2025-10-19T10:05:00.000-00:00,"3.08,3.08,3.08,3.08,50000"
2025-10-19T10:10:00.000-00:00,"3.08,3.07,3.08,3.07,29507"
2025-10-19T10:15:00.000-00:00,"3.07,3.07,3.08,3.07,637116"
2025-10-19T10:20:00.000-00:00,"3.07,3.07,3.07,3.07,63001"
2025-10-19T10:25:00.000-00:00,"3.08,3.07,3.08,3.07,29309"
2025-10-19T10:30:00.000-00:00,"3.08,3.07,3.08,3.07,132791"
2025-10-19T10:35:00.000-00:00,"3.08,3.08,3.08,3.07,115778"
2025-10-19T10:40:00.000-00:00,"3.08,3.08,3.08,3.07,74278"
2025-10-19T10:45:00.000-00:00,"3.07,3.07,3.08,3.07,70380"
2025-10-19T10:50:00.000-00:00,"3.07,3.08,3.08,3.07,175832"
2025-10-19T10:55:00.000-00:00,"3.07,3.07,3.08,3.07,635327"
2025-10-19T11:00:00.000-00:00,"3.07,3.07,3.08,3.07,305125"
2025-10-19T11:05:00.000-00:00,"3.08,3.07,3.08,3.06,1530087"
2025-10-19T11:10:00.000-00:00,"3.07,3.08,3.08,3.07,1271662"
2025-10-19T11:15:00.000-00:00,"3.07,3.07,3.07,3.07,500000"
2025-10-19T11:25:00.000-00:00,"3.08,3.08,3.08,3.08,4779549"
2025-10-20T07:00:00.000-00:00,"3.09,3.09,3.09,3.08,1956182"
2025-10-20T07:05:00.000-00:00,"3.09,3.08,3.09,3.08,636848"
2025-10-20T07:10:00.000-00:00,"3.08,3.08,3.08,3.08,151020"
2025-10-20T07:15:00.000-00:00,"3.07,3.07,3.08,3.07,460354"
2025-10-20T07:20:00.000-00:00,"3.07,3.08,3.08,3.07,68853"
2025-10-20T07:25:00.000-00:00,"3.08,3.07,3.08,3.07,104533"
2025-10-20T07:30:00.000-00:00,"3.07,3.08,3.08,3.07,1246075"
2025-10-20T07:35:00.000-00:00,"3.08,3.08,3.08,3.08,311495"
2025-10-20T07:40:00.000-00:00,"3.08,3.08,3.08,3.08,17596"
2025-10-20T07:45:00.000-00:00,"3.08,3.08,3.08,3.07,598724"
2025-10-20T07:50:00.000-00:00,"3.08,3.08,3.08,3.08,14054"
2025-10-20T07:55:00.000-00:00,"3.08,3.08,3.08,3.08,105334"
2025-10-20T08:00:00.000-00:00,"3.08,3.08,3.08,3.08,44000"
2025-10-20T08:05:00.000-00:00,"3.08,3.08,3.08,3.08,117900"
2025-10-20T08:10:00.000-00:00,"3.08,3.09,3.09,3.08,156957"
2025-10-20T08:15:00.000-00:00,"3.09,3.07,3.09,3.07,1153946"
2025-10-20T08:20:00.000-00:00,"3.08,3.08,3.08,3.07,40565"
2025-10-20T08:25:00.000-00:00,"3.08,3.08,3.08,3.08,65"
2025-10-20T08:30:00.000-00:00,"3.07,3.07,3.08,3.07,12427"
2025-10-20T08:35:00.000-00:00,"3.07,3.08,3.08,3.07,15025"
2025-10-20T08:40:00.000-00:00,"3.07,3.07,3.08,3.07,16679"
2025-10-20T08:45:00.000-00:00,"3.07,3.08,3.08,3.07,817990"
2025-10-20T08:50:00.000-00:00,"3.08,3.08,3.09,3.08,99516"
2025-10-20T08:55:00.000-00:00,"3.08,3.08,3.08,3.08,77638"
2025-10-20T09:00:00.000-00:00,"3.08,3.08,3.09,3.08,73920"
2025-10-20T09:05:00.000-00:00,"3.08,3.08,3.08,3.08,29100"
2025-10-20T09:10:00.000-00:00,"3.08,3.08,3.08,3.08,465376"
2025-10-20T09:15:00.000-00:00,"3.08,3.08,3.08,3.08,520817"
2025-10-20T09:20:00.000-00:00,"3.08,3.08,3.08,3.07,318340"
2025-10-20T09:25:00.000-00:00,"3.07,3.08,3.08,3.07,501166"
2025-10-20T09:30:00.000-00:00,"3.07,3.07,3.08,3.07,56161"
2025-10-20T09:35:00.000-00:00,"3.07,3.08,3.08,3.07,40343"
2025-10-20T09:40:00.000-00:00,"3.07,3.07,3.07,3.07,90"
2025-10-20T09:45:00.000-00:00,"3.07,3.07,3.07,3.07,322893"
2025-10-20T09:50:00.000-00:00,"3.08,3.07,3.08,3.07,5450"
2025-10-20T09:55:00.000-00:00,"3.07,3.07,3.08,3.07,41494"
2025-10-20T10:00:00.000-00:00,"3.07,3.08,3.08,3.07,6726"
2025-10-20T10:05:00.000-00:00,"3.07,3.07,3.07,3.07,221129"
2025-10-20T10:10:00.000-00:00,"3.08,3.08,3.08,3.07,34729"
2025-10-20T10:15:00.000-00:00,"3.07,3.07,3.08,3.07,805099"
2025-10-20T10:20:00.000-00:00,"3.07,3.07,3.08,3.07,105493"
2025-10-20T10:25:00.000-00:00,"3.08,3.07,3.08,3.06,100304"
2025-10-20T10:30:00.000-00:00,"3.07,3.07,3.07,3.07,7657"
2025-10-20T10:35:00.000-00:00,"3.06,3.07,3.07,3.06,110878"
2025-10-20T10:40:00.000-00:00,"3.07,3.07,3.07,3.07,42312"
2025-10-20T10:45:00.000-00:00,"3.07,3.06,3.07,3.06,1450"
2025-10-20T10:50:00.000-00:00,"3.07,3.07,3.07,3.07,435143"
2025-10-20T10:55:00.000-00:00,"3.07,3.07,3.07,3.07,175884"
2025-10-20T11:00:00.000-00:00,"3.07,3.07,3.07,3.07,677853"
2025-10-20T11:05:00.000-00:00,"3.07,3.07,3.08,3.06,716970"
2025-10-20T11:10:00.000-00:00,"3.07,3.08,3.08,3.06,772739"
2025-10-20T11:25:00.000-00:00,"3.07,3.07,3.07,3.07,2531994"
2025-10-21T07:00:00.000-00:00,"3.07,3.07,3.08,3.06,48214"
2025-10-21T07:05:00.000-00:00,"3.06,3.07,3.07,3.06,89665"
2025-10-21T07:10:00.000-00:00,"3.07,3.07,3.07,3.06,370476"
2025-10-21T07:15:00.000-00:00,"3.06,3.08,3.08,3.06,322985"
2025-10-21T07:20:00.000-00:00,"3.08,3.08,3.08,3.07,335626"
2025-10-21T07:25:00.000-00:00,"3.08,3.08,3.08,3.07,197812"
2025-10-21T07:30:00.000-00:00,"3.07,3.08,3.08,3.07,32758"
2025-10-21T07:35:00.000-00:00,"3.08,3.07,3.08,3.07,486420"
2025-10-21T07:40:00.000-00:00,"3.07,3.07,3.08,3.06,343286"
2025-10-21T07:45:00.000-00:00,"3.07,3.06,3.07,3.06,67037"
2025-10-21T07:50:00.000-00:00,"3.07,3.07,3.07,3.06,2536"
2025-10-21T07:55:00.000-00:00,"3.06,3.07,3.07,3.06,632938"
2025-10-21T08:00:00.000-00:00,"3.06,3.06,3.07,3.06,603195"
2025-10-21T08:05:00.000-00:00,"3.06,3.05,3.06,3.05,1611256"
2025-10-21T08:10:00.000-00:00,"3.05,3.05,3.05,3.05,367000"
2025-10-21T08:15:00.000-00:00,"3.05,3.05,3.05,3.05,13190"
2025-10-21T08:20:00.000-00:00,"3.05,3.05,3.06,3.05,696868"
2025-10-21T08:25:00.000-00:00,"3.05,3.04,3.05,3.04,1024404"
2025-10-21T08:30:00.000-00:00,"3.04,3.03,3.05,3.03,3455014"
2025-10-21T08:35:00.000-00:00,"3.03,3.04,3.04,3.03,526675"
2025-10-21T08:40:00.000-00:00,"3.04,3.04,3.04,3.03,512189"
2025-10-21T08:45:00.000-00:00,"3.04,3.04,3.04,3.03,211119"
2025-10-21T08:50:00.000-00:00,"3.04,3.05,3.05,3.03,222099"
2025-10-21T08:55:00.000-00:00,"3.04,3.05,3.05,3.04,29000"
2025-10-21T09:00:00.000-00:00,"3.04,3.05,3.05,3.04,20465"
2025-10-21T09:05:00.000-00:00,"3.04,3.04,3.04,3.03,375100"
2025-10-21T09:10:00.000-00:00,"3.04,3.04,3.05,3.04,39490"
2025-10-21T09:15:00.000-00:00,"3.04,3.04,3.04,3.03,140547"
2025-10-21T09:20:00.000-00:00,"3.04,3.03,3.04,3.03,391717"
2025-10-21T09:25:00.000-00:00,"3.04,3.04,3.04,3.03,701535"
2025-10-21T09:30:00.000-00:00,"3.04,3.04,3.04,3.03,205814"
2025-10-21T09:35:00.000-00:00,"3.04,3.04,3.04,3.03,284541"
2025-10-21T09:40:00.000-00:00,"3.04,3.04,3.04,3.03,192326"
2025-10-21T09:45:00.000-00:00,"3.04,3.03,3.04,3.03,1067644"
2025-10-21T09:50:00.000-00:00,"3.03,3.04,3.04,3.03,82409"
2025-10-21T09:55:00.000-00:00,"3.04,3.04,3.04,3.04,10031"
2025-10-21T10:00:00.000-00:00,"3.04,3.04,3.04,3.03,17036"
2025-10-21T10:05:00.000-00:00,"3.04,3.03,3.04,3.03,23663"
2025-10-21T10:10:00.000-00:00,"3.04,3.03,3.04,3.03,113130"
2025-10-21T10:15:00.000-00:00,"3.04,3.03,3.04,3.03,2157806"
2025-10-21T10:20:00.000-00:00,"3.03,3.03,3.03,3.02,441657"
2025-10-21T10:25:00.000-00:00,"3.03,3.03,3.04,3.03,25205"
2025-10-21T10:30:00.000-00:00,"3.03,3.03,3.04,3.03,676530"
2025-10-21T10:35:00.000-00:00,"3.04,3.04,3.04,3.04,1"
2025-10-21T10:40:00.000-00:00,"3.04,3.03,3.04,3.03,163480"
2025-10-21T10:45:00.000-00:00,"3.04,3.03,3.04,3.03,236795"
2025-10-21T10:50:00.000-00:00,"3.03,3.02,3.03,3.02,2671575"
2025-10-21T10:55:00.000-00:00,"3.02,3.02,3.03,3.01,2911867"
2025-10-21T11:00:00.000-00:00,"3.02,3.02,3.02,3.01,112846"
2025-10-21T11:05:00.000-00:00,"3.02,3.02,3.02,3.01,572288"
2025-10-21T11:10:00.000-00:00,"3.02,3.03,3.03,3.01,2303157"
2025-10-21T11:25:00.000-00:00,"3.02,3.02,3.02,3.02,1252000"
2025-10-22T07:00:00.000-00:00,"3.02,3.03,3.03,3.02,267188"
2025-10-22T07:05:00.000-00:00,"3.03,3.02,3.03,3.02,120087"
2025-10-22T07:10:00.000-00:00,"3.02,3.02,3.03,3.02,1168779"
2025-10-22T07:15:00.000-00:00,"3.02,3.03,3.03,3.02,15564"
2025-10-22T07:20:00.000-00:00,"3.03,3.03,3.03,3.02,96870"
2025-10-22T07:25:00.000-00:00,"3.03,3.03,3.03,3.03,796571"
2025-10-22T07:30:00.000-00:00,"3.03,3.02,3.03,3.02,398741"
2025-10-22T07:35:00.000-00:00,"3.03,3.02,3.03,3.02,3646"
2025-10-22T07:40:00.000-00:00,"3.02,3.03,3.03,3.02,67171"
2025-10-22T07:45:00.000-00:00,"3.03,3.02,3.03,3.02,137339"
2025-10-22T07:50:00.000-00:00,"3.02,3.03,3.03,3.02,59026"
2025-10-22T07:55:00.000-00:00,"3.03,3.03,3.03,3.02,847141"
2025-10-22T08:00:00.000-00:00,"3.03,3.03,3.03,3.02,1453891"
2025-10-22T08:05:00.000-00:00,"3.03,3.02,3.03,3.02,86139"
2025-10-22T08:10:00.000-00:00,"3.03,3.02,3.03,3.02,109496"
2025-10-22T08:15:00.000-00:00,"3.02,3.02,3.03,3.02,1601403"
2025-10-22T08:20:00.000-00:00,"3.02,3,3.02,2.99,6708090"
2025-10-22T08:25:00.000-00:00,"3,3.01,3.01,3,263362"
2025-10-22T08:30:00.000-00:00,"3,3.01,3.01,3,499285"
2025-10-22T08:35:00.000-00:00,"3.01,3.01,3.02,3.01,156309"
2025-10-22T08:40:00.000-00:00,"3.01,3.02,3.02,3.01,75996"
2025-10-22T08:45:00.000-00:00,"3.02,3.02,3.02,3.01,10606"
2025-10-22T08:50:00.000-00:00,"3.01,3.01,3.01,3.01,1650"
2025-10-22T08:55:00.000-00:00,"3.01,3.02,3.02,3.01,9378"
2025-10-22T09:00:00.000-00:00,"3.02,3.02,3.02,3.02,30110"
2025-10-22T09:05:00.000-00:00,"3.02,3.01,3.02,3.01,29400"
2025-10-22T09:10:00.000-00:00,"3.01,3.01,3.02,3.01,133545"
2025-10-22T09:15:00.000-00:00,"3.02,3.02,3.02,3.01,165584"
2025-10-22T09:20:00.000-00:00,"3.02,3.01,3.02,3.01,4500"
2025-10-22T09:25:00.000-00:00,"3.02,3.02,3.02,3.01,220751"
2025-10-22T09:30:00.000-00:00,"3.02,3.03,3.03,3.02,494718"
2025-10-22T09:35:00.000-00:00,"3.02,3.02,3.02,3.01,269419"
2025-10-22T09:40:00.000-00:00,"3.01,3.01,3.02,3.01,29425"
2025-10-22T09:45:00.000-00:00,"3.01,3.02,3.02,3.01,4652881"
2025-10-22T09:50:00.000-00:00,"3.01,3.01,3.02,3.01,430850"
2025-10-22T09:55:00.000-00:00,"3.02,3.01,3.02,3.01,784456"
2025-10-22T10:00:00.000-00:00,"3.02,3.02,3.02,3.01,367959"
2025-10-22T10:05:00.000-00:00,"3.01,3.01,3.01,3,661068"
2025-10-22T10:10:00.000-00:00,"3.01,3,3.01,3,642185"
2025-10-22T10:15:00.000-00:00,"3,3.01,3.01,3,483648"
2025-10-22T10:20:00.000-00:00,"3,3,3.01,3,520170"
2025-10-22T10:25:00.000-00:00,"3,3.01,3.01,3,644304"
2025-10-22T10:30:00.000-00:00,"3,3,3.01,3,378416"
2025-10-22T10:35:00.000-00:00,"3,3.01,3.01,3,554784"
2025-10-22T10:40:00.000-00:00,"3.01,3,3.01,3,1247929"
2025-10-22T10:45:00.000-00:00,"3,3,3,2.99,552329"
2025-10-22T10:50:00.000-00:00,"3,3,3.01,3,467759"
2025-10-22T10:55:00.000-00:00,"3,3,3.01,3,390083"
2025-10-22T11:00:00.000-00:00,"3,3,3.01,2.99,292752"
2025-10-22T11:05:00.000-00:00,"3,3,3,3,274662"
2025-10-22T11:10:00.000-00:00,"3,2.99,3,2.99,1650318"
2025-10-22T11:25:00.000-00:00,"2.99,2.99,2.99,2.99,2116892"
2025-10-23T07:00:00.000-00:00,"2.99,3.01,3.02,2.99,350478"
2025-10-23T07:05:00.000-00:00,"3.01,3.01,3.01,3,118144"
2025-10-23T07:10:00.000-00:00,"3.01,3.01,3.01,3,243485"
2025-10-23T07:15:00.000-00:00,"3.01,3.02,3.02,3,189575"
2025-10-23T07:20:00.000-00:00,"3.01,3.02,3.02,3,155013"
2025-10-23T07:25:00.000-00:00,"3.01,3.01,3.01,3,144395"
2025-10-23T07:30:00.000-00:00,"3,3.01,3.01,3,63534"
2025-10-23T07:35:00.000-00:00,"3,3,3.01,3,12820"
2025-10-23T07:40:00.000-00:00,"3.01,3.01,3.01,3.01,163795"
2025-10-23T07:45:00.000-00:00,"3.02,3.01,3.02,3.01,447094"
2025-10-23T07:50:00.000-00:00,"3.01,3.03,3.04,3.01,2611959"
2025-10-23T07:55:00.000-00:00,"3.04,3.05,3.06,3.04,6082298"
2025-10-23T08:00:00.000-00:00,"3.05,3.05,3.05,3.04,1374825"
2025-10-23T08:05:00.000-00:00,"3.06,3.06,3.06,3.05,1583749"
2025-10-23T08:10:00.000-00:00,"3.06,3.06,3.07,3.05,2030066"
2025-10-23T08:15:00.000-00:00,"3.07,3.06,3.07,3.06,1257575"
2025-10-23T08:20:00.000-00:00,"3.06,3.08,3.08,3.06,2559688"
2025-10-23T08:25:00.000-00:00,"3.07,3.07,3.08,3.07,710447"
2025-10-23T08:30:00.000-00:00,"3.07,3.06,3.07,3.06,56305"
2025-10-23T08:35:00.000-00:00,"3.07,3.08,3.09,3.07,7787320"
2025-10-23T08:40:00.000-00:00,"3.08,3.09,3.09,3.08,2205168"
2025-10-23T08:45:00.000-00:00,"3.08,3.09,3.09,3.07,540036"
2025-10-23T08:50:00.000-00:00,"3.08,3.08,3.09,3.07,129269"
2025-10-23T08:55:00.000-00:00,"3.07,3.07,3.08,3.07,6541"
2025-10-23T09:00:00.000-00:00,"3.08,3.05,3.08,3.05,1954208"
2025-10-23T09:05:00.000-00:00,"3.05,3.07,3.07,3.05,611092"
2025-10-23T09:10:00.000-00:00,"3.07,3.06,3.07,3.06,23616"
2025-10-23T09:15:00.000-00:00,"3.07,3.07,3.07,3.06,200393"
2025-10-23T09:20:00.000-00:00,"3.06,3.07,3.07,3.06,336826"
2025-10-23T09:25:00.000-00:00,"3.06,3.06,3.06,3.06,3324"
2025-10-23T09:30:00.000-00:00,"3.06,3.07,3.07,3.06,31130"
2025-10-23T09:35:00.000-00:00,"3.07,3.07,3.07,3.06,93163"
2025-10-23T09:40:00.000-00:00,"3.07,3.06,3.07,3.06,11988"
2025-10-23T09:45:00.000-00:00,"3.07,3.07,3.07,3.06,220390"
2025-10-23T09:50:00.000-00:00,"3.07,3.07,3.07,3.07,10"
2025-10-23T09:55:00.000-00:00,"3.07,3.07,3.07,3.06,117659"
2025-10-23T10:00:00.000-00:00,"3.07,3.06,3.07,3.06,33423"
2025-10-23T10:05:00.000-00:00,"3.07,3.06,3.07,3.06,79488"
2025-10-23T10:10:00.000-00:00,"3.06,3.06,3.06,3.06,417876"
2025-10-23T10:15:00.000-00:00,"3.05,3.06,3.06,3.05,117327"
2025-10-23T10:20:00.000-00:00,"3.06,3.06,3.06,3.05,13585"
2025-10-23T10:25:00.000-00:00,"3.05,3.06,3.06,3.05,88417"
2025-10-23T10:30:00.000-00:00,"3.06,3.06,3.06,3.05,99650"
2025-10-23T10:35:00.000-00:00,"3.05,3.05,3.05,3.05,75180"
2025-10-23T10:40:00.000-00:00,"3.06,3.06,3.06,3.06,443073"
2025-10-23T10:45:00.000-00:00,"3.05,3.05,3.05,3.05,15015"
2025-10-23T10:50:00.000-00:00,"3.05,3.06,3.06,3.05,1006011"
2025-10-23T10:55:00.000-00:00,"3.06,3.06,3.06,3.06,315000"
2025-10-23T11:00:00.000-00:00,"3.06,3.06,3.06,3.05,400393"
2025-10-23T11:05:00.000-00:00,"3.05,3.05,3.06,3.05,210955"
2025-10-23T11:10:00.000-00:00,"3.05,3.05,3.06,3.05,1061263"
2025-10-23T11:25:00.000-00:00,"3.06,3.06,3.06,3.06,2594288"
2025-10-26T07:00:00.000-00:00,"3.06,3.07,3.08,3.06,764759"
2025-10-26T07:05:00.000-00:00,"3.08,3.07,3.08,3.07,294469"
2025-10-26T07:10:00.000-00:00,"3.07,3.07,3.08,3.07,633812"
2025-10-26T07:15:00.000-00:00,"3.07,3.07,3.07,3.07,566751"
2025-10-26T07:20:00.000-00:00,"3.07,3.07,3.07,3.07,76259"
2025-10-26T07:25:00.000-00:00,"3.07,3.07,3.08,3.07,350057"
2025-10-26T07:30:00.000-00:00,"3.07,3.06,3.07,3.06,192868"
2025-10-26T07:35:00.000-00:00,"3.06,3.07,3.07,3.06,19728"
2025-10-26T07:40:00.000-00:00,"3.06,3.07,3.07,3.06,713559"
2025-10-26T07:45:00.000-00:00,"3.06,3.07,3.07,3.06,36389"
2025-10-26T07:50:00.000-00:00,"3.06,3.06,3.07,3.06,1044020"
2025-10-26T07:55:00.000-00:00,"3.07,3.07,3.07,3.06,277178"
2025-10-26T08:00:00.000-00:00,"3.06,3.07,3.07,3.06,53608"
2025-10-26T08:05:00.000-00:00,"3.06,3.07,3.07,3.06,386946"
2025-10-26T08:10:00.000-00:00,"3.07,3.07,3.07,3.06,42101"
2025-10-26T08:15:00.000-00:00,"3.07,3.06,3.07,3.06,182152"
2025-10-26T08:20:00.000-00:00,"3.06,3.07,3.07,3.06,35296"
2025-10-26T08:25:00.000-00:00,"3.07,3.07,3.07,3.06,541415"
2025-10-26T08:30:00.000-00:00,"3.07,3.06,3.07,3.06,116260"
2025-10-26T08:35:00.000-00:00,"3.06,3.06,3.06,3.06,72457"
2025-10-26T08:40:00.000-00:00,"3.06,3.07,3.07,3.06,43836"
2025-10-26T08:45:00.000-00:00,"3.06,3.06,3.06,3.06,34003"
2025-10-26T08:50:00.000-00:00,"3.06,3.06,3.07,3.06,725486"
2025-10-26T08:55:00.000-00:00,"3.07,3.06,3.07,3.06,30457"
2025-10-26T09:00:00.000-00:00,"3.06,3.06,3.07,3.06,431408"
2025-10-26T09:05:00.000-00:00,"3.06,3.07,3.07,3.06,9965"
2025-10-26T09:10:00.000-00:00,"3.07,3.06,3.07,3.06,6764"
2025-10-26T09:15:00.000-00:00,"3.06,3.06,3.07,3.06,265259"
2025-10-26T09:20:00.000-00:00,"3.06,3.06,3.06,3.06,4000"
2025-10-26T09:25:00.000-00:00,"3.06,3.06,3.06,3.06,87692"
2025-10-26T09:30:00.000-00:00,"3.06,3.06,3.07,3.06,123197"
2025-10-26T09:35:00.000-00:00,"3.06,3.07,3.07,3.06,204251"
2025-10-26T09:40:00.000-00:00,"3.06,3.07,3.07,3.06,713166"
2025-10-26T09:45:00.000-00:00,"3.07,3.07,3.07,3.07,305847"
2025-10-26T09:50:00.000-00:00,"3.06,3.06,3.07,3.06,181330"
2025-10-26T09:55:00.000-00:00,"3.07,3.07,3.07,3.06,16374"
2025-10-26T10:00:00.000-00:00,"3.06,3.06,3.07,3.06,169444"
2025-10-26T10:05:00.000-00:00,"3.06,3.07,3.07,3.06,33792"
2025-10-26T10:10:00.000-00:00,"3.06,3.09,3.09,3.06,9840570"
2025-10-26T10:15:00.000-00:00,"3.09,3.08,3.09,3.08,2359696"
2025-10-26T10:20:00.000-00:00,"3.08,3.08,3.09,3.08,71070"
2025-10-26T10:25:00.000-00:00,"3.08,3.08,3.09,3.08,39593"
2025-10-26T10:30:00.000-00:00,"3.09,3.08,3.09,3.08,1313276"
2025-10-26T10:35:00.000-00:00,"3.09,3.09,3.1,3.08,1291313"
2025-10-26T10:40:00.000-00:00,"3.09,3.08,3.09,3.08,883568"
2025-10-26T10:45:00.000-00:00,"3.09,3.08,3.09,3.07,929155"
2025-10-26T10:50:00.000-00:00,"3.08,3.08,3.08,3.07,38841"
2025-10-26T10:55:00.000-00:00,"3.08,3.08,3.08,3.07,899364"
2025-10-26T11:00:00.000-00:00,"3.07,3.08,3.08,3.07,307906"
2025-10-26T11:05:00.000-00:00,"3.08,3.07,3.08,3.07,2255377"
2025-10-26T11:10:00.000-00:00,"3.08,3.07,3.08,3.07,290999"
2025-10-26T11:15:00.000-00:00,"3.07,3.07,3.07,3.07,246427"
2025-10-26T11:25:00.000-00:00,"3.07,3.07,3.07,3.07,5993083"
2025-10-27T07:00:00.000-00:00,"3.08,3.08,3.08,3.07,133910"
2025-10-27T07:05:00.000-00:00,"3.07,3.07,3.08,3.07,237046"
2025-10-27T07:10:00.000-00:00,"3.07,3.08,3.08,3.07,356646"
2025-10-27T07:15:00.000-00:00,"3.07,3.08,3.08,3.07,131551"
2025-10-27T07:20:00.000-00:00,"3.07,3.06,3.08,3.06,642659"
2025-10-27T07:25:00.000-00:00,"3.06,3.06,3.07,3.06,114746"
2025-10-27T07:30:00.000-00:00,"3.06,3.06,3.06,3.06,5000"
2025-10-27T07:35:00.000-00:00,"3.07,3.06,3.07,3.06,107999"
2025-10-27T07:40:00.000-00:00,"3.07,3.07,3.07,3.06,1013815"
2025-10-27T07:45:00.000-00:00,"3.07,3.07,3.07,3.06,20483"
2025-10-27T07:50:00.000-00:00,"3.06,3.07,3.07,3.06,80342"
2025-10-27T07:55:00.000-00:00,"3.07,3.07,3.07,3.07,73631"
2025-10-27T08:00:00.000-00:00,"3.07,3.08,3.08,3.06,293033"
2025-10-27T08:05:00.000-00:00,"3.08,3.07,3.08,3.07,28658"
2025-10-27T08:10:00.000-00:00,"3.07,3.08,3.08,3.07,102042"
2025-10-27T08:15:00.000-00:00,"3.08,3.07,3.08,3.07,179665"
2025-10-27T08:20:00.000-00:00,"3.08,3.08,3.08,3.07,212300"
2025-10-27T08:25:00.000-00:00,"3.08,3.08,3.08,3.07,1532838"
2025-10-27T08:30:00.000-00:00,"3.07,3.06,3.07,3.06,346897"
2025-10-27T08:35:00.000-00:00,"3.07,3.06,3.07,3.06,377351"
2025-10-27T08:40:00.000-00:00,"3.07,3.08,3.08,3.07,1281369"
2025-10-27T08:45:00.000-00:00,"3.08,3.08,3.08,3.07,69691"
2025-10-27T08:50:00.000-00:00,"3.08,3.07,3.08,3.07,38237"
2025-10-27T08:55:00.000-00:00,"3.07,3.08,3.08,3.07,61451"
2025-10-27T09:00:00.000-00:00,"3.07,3.08,3.08,3.07,100473"
2025-10-27T09:05:00.000-00:00,"3.08,3.09,3.1,3.07,2755155"
2025-10-27T09:10:00.000-00:00,"3.09,3.09,3.1,3.09,1212160"
2025-10-27T09:15:00.000-00:00,"3.09,3.09,3.1,3.09,450264"
2025-10-27T09:20:00.000-00:00,"3.09,3.09,3.1,3.09,140109"
2025-10-27T09:25:00.000-00:00,"3.09,3.11,3.11,3.09,5021820"
2025-10-27T09:30:00.000-00:00,"3.11,3.12,3.13,3.11,8065853"
2025-10-27T09:35:00.000-00:00,"3.12,3.14,3.14,3.12,5043407"
2025-10-27T09:40:00.000-00:00,"3.13,3.14,3.15,3.13,2658506"
2025-10-27T09:45:00.000-00:00,"3.13,3.13,3.14,3.13,1650299"
2025-10-27T09:50:00.000-00:00,"3.13,3.13,3.14,3.13,1945174"
2025-10-27T09:55:00.000-00:00,"3.12,3.12,3.13,3.12,60391"
2025-10-27T10:00:00.000-00:00,"3.13,3.12,3.13,3.12,120607"
2025-10-27T10:05:00.000-00:00,"3.12,3.12,3.13,3.12,571844"
2025-10-27T10:10:00.000-00:00,"3.13,3.13,3.14,3.12,1165631"
2025-10-27T10:15:00.000-00:00,"3.14,3.13,3.14,3.12,322602"
2025-10-27T10:20:00.000-00:00,"3.13,3.13,3.14,3.12,762994"
2025-10-27T10:25:00.000-00:00,"3.13,3.13,3.14,3.13,455733"
2025-10-27T10:30:00.000-00:00,"3.14,3.13,3.14,3.13,551571"
2025-10-27T10:35:00.000-00:00,"3.12,3.13,3.13,3.12,72528"
2025-10-27T10:40:00.000-00:00,"3.13,3.13,3.13,3.13,100420"
2025-10-27T10:45:00.000-00:00,"3.12,3.13,3.13,3.12,142826"
2025-10-27T10:50:00.000-00:00,"3.12,3.13,3.14,3.12,1806901"
2025-10-27T10:55:00.000-00:00,"3.13,3.13,3.14,3.13,610743"
2025-10-27T11:00:00.000-00:00,"3.14,3.15,3.15,3.13,6783630"
2025-10-27T11:05:00.000-00:00,"3.15,3.15,3.16,3.14,1485365"
2025-10-27T11:10:00.000-00:00,"3.16,3.15,3.16,3.14,618222"
2025-10-27T11:25:00.000-00:00,"3.15,3.15,3.15,3.15,2654979"
2025-10-28T07:00:00.000-00:00,"3.15,3.16,3.18,3.15,2878863"
2025-10-28T07:05:00.000-00:00,"3.16,3.16,3.17,3.16,815832"
2025-10-28T07:10:00.000-00:00,"3.16,3.16,3.17,3.16,1124506"
2025-10-28T07:15:00.000-00:00,"3.16,3.17,3.18,3.16,2763385"
2025-10-28T07:20:00.000-00:00,"3.18,3.17,3.18,3.16,2431373"
2025-10-28T07:25:00.000-00:00,"3.17,3.16,3.17,3.16,104625"
2025-10-28T07:30:00.000-00:00,"3.16,3.16,3.17,3.16,1574185"
2025-10-28T07:35:00.000-00:00,"3.17,3.17,3.17,3.16,1502688"
2025-10-28T07:40:00.000-00:00,"3.17,3.17,3.18,3.16,1053095"
2025-10-28T07:45:00.000-00:00,"3.17,3.17,3.17,3.16,388726"
2025-10-28T07:50:00.000-00:00,"3.16,3.16,3.16,3.14,4304179"
2025-10-28T07:55:00.000-00:00,"3.16,3.15,3.16,3.14,265256"
2025-10-28T08:00:00.000-00:00,"3.15,3.15,3.15,3.14,784402"
2025-10-28T08:05:00.000-00:00,"3.15,3.14,3.16,3.14,265708"
2025-10-28T08:10:00.000-00:00,"3.14,3.15,3.15,3.14,141011"
2025-10-28T08:15:00.000-00:00,"3.15,3.16,3.16,3.15,566668"
2025-10-28T08:20:00.000-00:00,"3.16,3.15,3.16,3.15,152868"
2025-10-28T08:25:00.000-00:00,"3.15,3.15,3.16,3.15,313787"
2025-10-28T08:30:00.000-00:00,"3.15,3.16,3.16,3.15,35462"
2025-10-28T08:35:00.000-00:00,"3.16,3.15,3.16,3.15,349287"
2025-10-28T08:40:00.000-00:00,"3.15,3.15,3.16,3.15,486135"
2025-10-28T08:45:00.000-00:00,"3.15,3.15,3.15,3.14,29995"
2025-10-28T08:50:00.000-00:00,"3.14,3.15,3.15,3.14,715815"
2025-10-28T08:55:00.000-00:00,"3.15,3.15,3.15,3.14,265010"
2025-10-28T09:00:00.000-00:00,"3.15,3.15,3.15,3.14,267959"
2025-10-28T09:05:00.000-00:00,"3.14,3.14,3.15,3.14,26951"
2025-10-28T09:10:00.000-00:00,"3.15,3.15,3.15,3.15,500667"
2025-10-28T09:15:00.000-00:00,"3.15,3.15,3.15,3.14,672900"
2025-10-28T09:20:00.000-00:00,"3.15,3.14,3.15,3.14,32314"
2025-10-28T09:25:00.000-00:00,"3.14,3.15,3.15,3.14,769534"
2025-10-28T09:30:00.000-00:00,"3.15,3.15,3.15,3.15,458964"
2025-10-28T09:35:00.000-00:00,"3.15,3.14,3.16,3.14,1382192"
2025-10-28T09:40:00.000-00:00,"3.14,3.14,3.15,3.14,113903"
2025-10-28T09:45:00.000-00:00,"3.14,3.14,3.14,3.14,211000"
2025-10-28T09:50:00.000-00:00,"3.14,3.13,3.15,3.13,762465"
2025-10-28T09:55:00.000-00:00,"3.14,3.14,3.14,3.14,539767"
2025-10-28T10:00:00.000-00:00,"3.15,3.14,3.15,3.14,153463"
2025-10-28T10:05:00.000-00:00,"3.14,3.14,3.15,3.14,1846221"
2025-10-28T10:10:00.000-00:00,"3.14,3.13,3.14,3.13,2422736"
2025-10-28T10:15:00.000-00:00,"3.13,3.13,3.14,3.13,820110"
2025-10-28T10:20:00.000-00:00,"3.13,3.13,3.13,3.13,17250"
2025-10-28T10:25:00.000-00:00,"3.13,3.14,3.14,3.13,8536"
2025-10-28T10:30:00.000-00:00,"3.13,3.14,3.14,3.13,39208"
2025-10-28T10:35:00.000-00:00,"3.13,3.14,3.14,3.13,16000"
2025-10-28T10:40:00.000-00:00,"3.13,3.13,3.13,3.13,13000"
2025-10-28T10:45:00.000-00:00,"3.14,3.13,3.14,3.13,52588"
2025-10-28T10:50:00.000-00:00,"3.13,3.13,3.14,3.13,167446"
2025-10-28T10:55:00.000-00:00,"3.14,3.14,3.14,3.13,272840"
2025-10-28T11:00:00.000-00:00,"3.14,3.12,3.14,3.12,808236"
2025-10-28T11:05:00.000-00:00,"3.12,3.13,3.14,3.12,656920"
2025-10-28T11:10:00.000-00:00,"3.14,3.13,3.14,3.13,527460"
2025-10-28T11:25:00.000-00:00,"3.13,3.13,3.13,3.13,3028000"
2025-10-29T07:00:00.000-00:00,"3.06,3.07,3.07,3.06,3089515"
2025-10-29T08:15:00.000-00:00,"3.07,3.05,3.07,3.01,11931578"
2025-10-29T08:20:00.000-00:00,"3.05,3.03,3.06,3.03,4932151"
2025-10-29T08:25:00.000-00:00,"3.03,3,3.03,3,9282192"
2025-10-29T08:30:00.000-00:00,"3,2.99,3,2.99,5454803"
2025-10-29T08:35:00.000-00:00,"2.99,3,3.01,2.97,5067023"
2025-10-29T08:40:00.000-00:00,"3.01,3.01,3.02,3,4966360"
2025-10-29T08:45:00.000-00:00,"3.02,3.03,3.03,3.01,3690658"
2025-10-29T08:50:00.000-00:00,"3.03,3.04,3.04,3.03,3765711"
2025-10-29T08:55:00.000-00:00,"3.04,3.04,3.05,3.03,1698166"
2025-10-29T09:00:00.000-00:00,"3.04,3.04,3.05,3.03,2415196"
2025-10-29T09:05:00.000-00:00,"3.04,3.05,3.05,3.04,2368873"
2025-10-29T09:10:00.000-00:00,"3.05,3.05,3.05,3.03,1948520"
2025-10-29T09:15:00.000-00:00,"3.05,3.05,3.05,3.04,657468"
2025-10-29T09:20:00.000-00:00,"3.05,3.04,3.05,3.04,283230"
2025-10-29T09:25:00.000-00:00,"3.04,3.04,3.05,3.04,841249"
2025-10-29T09:30:00.000-00:00,"3.04,3.05,3.05,3.04,1653904"
2025-10-29T09:35:00.000-00:00,"3.06,3.06,3.06,3.05,676101"
2025-10-29T09:40:00.000-00:00,"3.06,3.07,3.09,3.05,11911465"
2025-10-29T09:45:00.000-00:00,"3.07,3.1,3.12,3.07,15601811"
2025-10-29T09:50:00.000-00:00,"3.1,3.12,3.13,3.1,4403495"
2025-10-29T09:55:00.000-00:00,"3.11,3.11,3.12,3.1,778280"
2025-10-29T10:00:00.000-00:00,"3.11,3.1,3.12,3.1,2185379"
2025-10-29T10:05:00.000-00:00,"3.1,3.09,3.1,3.09,856577"
2025-10-29T10:10:00.000-00:00,"3.09,3.08,3.1,3.08,97620"
2025-10-29T10:15:00.000-00:00,"3.09,3.08,3.09,3.08,1220310"
2025-10-29T10:20:00.000-00:00,"3.09,3.1,3.11,3.08,3167899"
2025-10-29T10:25:00.000-00:00,"3.1,3.11,3.11,3.1,2104326"
2025-10-29T10:30:00.000-00:00,"3.09,3.1,3.1,3.09,54359"
2025-10-29T10:35:00.000-00:00,"3.1,3.1,3.11,3.09,1089209"
2025-10-29T10:40:00.000-00:00,"3.1,3.1,3.1,3.09,4138576"
2025-10-29T10:45:00.000-00:00,"3.09,3.1,3.1,3.08,2526029"
2025-10-29T10:50:00.000-00:00,"3.1,3.09,3.1,3.09,216451"
2025-10-29T10:55:00.000-00:00,"3.1,3.09,3.1,3.09,532302"
2025-10-29T11:00:00.000-00:00,"3.1,3.09,3.1,3.09,4763676"
2025-10-29T11:05:00.000-00:00,"3.08,3.08,3.09,3.08,408010"
2025-10-29T11:10:00.000-00:00,"3.09,3.1,3.1,3.08,1844049"
2025-10-29T11:25:00.000-00:00,"3.09,3.09,3.09,3.09,1947134"
2025-10-30T07:00:00.000-00:00,"3.08,3.09,3.1,3.07,632268"
2025-10-30T07:05:00.000-00:00,"3.09,3.07,3.09,3.07,758195"
2025-10-30T07:10:00.000-00:00,"3.07,3.08,3.08,3.07,306479"
2025-10-30T07:15:00.000-00:00,"3.08,3.08,3.09,3.08,118216"
2025-10-30T07:20:00.000-00:00,"3.08,3.09,3.09,3.08,38813"
2025-10-30T07:25:00.000-00:00,"3.09,3.1,3.1,3.08,324753"
2025-10-30T07:30:00.000-00:00,"3.09,3.09,3.09,3.08,107172"
2025-10-30T07:35:00.000-00:00,"3.08,3.08,3.09,3.07,619946"
2025-10-30T07:40:00.000-00:00,"3.07,3.07,3.07,3.07,122728"
2025-10-30T07:45:00.000-00:00,"3.06,3.07,3.08,3.06,304443"
2025-10-30T07:50:00.000-00:00,"3.07,3.06,3.07,3.06,1025271"
2025-10-30T07:55:00.000-00:00,"3.06,3.05,3.06,3.05,587984"
2025-10-30T08:00:00.000-00:00,"3.05,3.06,3.06,3.05,100488"
2025-10-30T08:05:00.000-00:00,"3.06,3.06,3.06,3.06,5011"
2025-10-30T08:10:00.000-00:00,"3.05,3.05,3.06,3.05,84419"
2025-10-30T08:15:00.000-00:00,"3.06,3.06,3.06,3.06,20300"
2025-10-30T08:20:00.000-00:00,"3.06,3.05,3.06,3.05,147007"
2025-10-30T08:25:00.000-00:00,"3.05,3.07,3.07,3.05,109241"
2025-10-30T08:30:00.000-00:00,"3.06,3.05,3.06,3.05,5289"
2025-10-30T08:35:00.000-00:00,"3.06,3.06,3.06,3.05,172475"
2025-10-30T08:40:00.000-00:00,"3.07,3.05,3.07,3.05,196369"
2025-10-30T08:45:00.000-00:00,"3.05,3.06,3.06,3.05,172745"
2025-10-30T08:50:00.000-00:00,"3.06,3.05,3.06,3.05,1556923"
2025-10-30T08:55:00.000-00:00,"3.05,3.04,3.05,3.04,210060"
2025-10-30T09:00:00.000-00:00,"3.04,3.05,3.05,3.04,576734"
2025-10-30T09:05:00.000-00:00,"3.05,3.04,3.05,3.04,24076"
2025-10-30T09:10:00.000-00:00,"3.04,3.04,3.05,3.04,1297693"
2025-10-30T09:15:00.000-00:00,"3.05,3.04,3.05,3.04,150304"
2025-10-30T09:20:00.000-00:00,"3.03,3.05,3.05,3.03,199642"
2025-10-30T09:25:00.000-00:00,"3.05,3.04,3.05,3.04,114398"
2025-10-30T09:30:00.000-00:00,"3.04,3.03,3.04,3.03,229223"
2025-10-30T09:35:00.000-00:00,"3.04,3.05,3.05,3.04,187734"
2025-10-30T09:40:00.000-00:00,"3.05,3.05,3.05,3.04,26109"
2025-10-30T09:45:00.000-00:00,"3.05,3.05,3.05,3.04,47930"
2025-10-30T09:50:00.000-00:00,"3.05,3.04,3.05,3.04,191068"
2025-10-30T09:55:00.000-00:00,"3.04,3.04,3.04,3.04,227755"
2025-10-30T10:00:00.000-00:00,"3.04,3.04,3.04,3.04,116800"
2025-10-30T10:05:00.000-00:00,"3.04,3.04,3.04,3.04,68744"
2025-10-30T10:10:00.000-00:00,"3.04,3.02,3.04,3.02,2157573"
2025-10-30T10:15:00.000-00:00,"3.03,3.02,3.03,3.01,3075108"
2025-10-30T10:20:00.000-00:00,"3.02,3.01,3.02,3,6689402"
2025-10-30T10:25:00.000-00:00,"3.01,3.01,3.02,2.98,7520048"
2025-10-30T10:30:00.000-00:00,"3.01,3.01,3.01,3,1783982"
2025-10-30T10:35:00.000-00:00,"3.01,3.01,3.01,3,452777"
2025-10-30T10:40:00.000-00:00,"3.01,3,3.01,3,567803"
2025-10-30T10:45:00.000-00:00,"3.01,3,3.01,3,97161"
2025-10-30T10:50:00.000-00:00,"3.01,3,3.01,3,2435484"
2025-10-30T10:55:00.000-00:00,"3,3,3.01,2.99,1853780"
2025-10-30T11:00:00.000-00:00,"3,2.99,3,2.98,1571221"
2025-10-30T11:05:00.000-00:00,"2.99,2.99,3,2.98,777845"
2025-10-30T11:10:00.000-00:00,"2.99,2.98,3,2.98,4146313"
2025-10-30T11:25:00.000-00:00,"2.98,2.98,2.98,2.98,3774738"
2025-11-02T08:00:00.000-00:00,"3,3,3,2.99,790504"
2025-11-02T08:05:00.000-00:00,"3,2.99,3,2.98,923717"
2025-11-02T08:10:00.000-00:00,"2.99,2.99,3,2.98,799970"
2025-11-02T08:15:00.000-00:00,"2.98,2.98,2.99,2.97,639719"
2025-11-02T08:20:00.000-00:00,"2.98,2.98,2.99,2.97,786228"
2025-11-02T08:25:00.000-00:00,"2.99,2.98,2.99,2.98,772391"
2025-11-02T08:30:00.000-00:00,"2.98,2.98,2.99,2.97,287839"
2025-11-02T08:35:00.000-00:00,"2.98,2.98,2.99,2.98,162279"
2025-11-02T08:40:00.000-00:00,"2.99,2.99,2.99,2.98,563600"
2025-11-02T08:45:00.000-00:00,"2.99,2.99,2.99,2.99,195318"
2025-11-02T08:50:00.000-00:00,"2.99,2.98,2.99,2.98,313483"
2025-11-02T08:55:00.000-00:00,"2.98,2.98,2.99,2.98,1452086"
2025-11-02T09:00:00.000-00:00,"2.98,2.98,2.98,2.97,230933"
2025-11-02T09:05:00.000-00:00,"2.98,2.98,2.98,2.97,11483"
2025-11-02T09:10:00.000-00:00,"2.98,2.95,2.98,2.94,3061006"
2025-11-02T09:15:00.000-00:00,"2.94,2.93,2.95,2.93,1813310"
2025-11-02T09:20:00.000-00:00,"2.94,2.92,2.94,2.91,3508972"
2025-11-02T09:25:00.000-00:00,"2.92,2.91,2.92,2.89,3846343"
2025-11-02T09:30:00.000-00:00,"2.91,2.91,2.92,2.9,2794905"
2025-11-02T09:35:00.000-00:00,"2.91,2.9,2.91,2.89,1337357"
2025-11-02T09:40:00.000-00:00,"2.91,2.92,2.93,2.9,990852"
2025-11-02T09:45:00.000-00:00,"2.91,2.9,2.91,2.88,3899941"
2025-11-02T09:50:00.000-00:00,"2.89,2.9,2.9,2.89,1327179"
2025-11-02T09:55:00.000-00:00,"2.9,2.92,2.92,2.9,1587801"
2025-11-02T10:00:00.000-00:00,"2.92,2.92,2.92,2.9,1028562"
2025-11-02T10:05:00.000-00:00,"2.92,2.92,2.92,2.92,34566"
2025-11-02T10:10:00.000-00:00,"2.92,2.91,2.92,2.91,333390"
2025-11-02T10:15:00.000-00:00,"2.92,2.91,2.92,2.9,1878687"
2025-11-02T10:20:00.000-00:00,"2.91,2.91,2.91,2.9,245769"
2025-11-02T10:25:00.000-00:00,"2.91,2.91,2.91,2.9,220296"
2025-11-02T10:30:00.000-00:00,"2.91,2.91,2.91,2.91,43855"
2025-11-02T10:35:00.000-00:00,"2.91,2.91,2.92,2.9,187818"
2025-11-02T10:40:00.000-00:00,"2.92,2.9,2.92,2.9,810512"
2025-11-02T10:45:00.000-00:00,"2.9,2.9,2.9,2.89,226156"
2025-11-02T10:50:00.000-00:00,"2.9,2.9,2.9,2.89,778322"
2025-11-02T10:55:00.000-00:00,"2.9,2.9,2.91,2.89,111432"
2025-11-02T11:00:00.000-00:00,"2.9,2.9,2.9,2.89,972822"
2025-11-02T11:05:00.000-00:00,"2.9,2.9,2.91,2.9,171119"
2025-11-02T11:10:00.000-00:00,"2.91,2.9,2.91,2.89,440028"
2025-11-02T11:15:00.000-00:00,"2.9,2.89,2.9,2.89,2031009"
2025-11-02T11:20:00.000-00:00,"2.9,2.89,2.9,2.89,296512"
2025-11-02T11:25:00.000-00:00,"2.9,2.88,2.9,2.87,1485679"
2025-11-02T11:30:00.000-00:00,"2.88,2.88,2.88,2.87,257575"
2025-11-02T11:35:00.000-00:00,"2.88,2.88,2.88,2.87,132201"
2025-11-02T11:40:00.000-00:00,"2.88,2.87,2.88,2.87,849012"
2025-11-02T11:45:00.000-00:00,"2.87,2.88,2.88,2.87,433105"
2025-11-02T11:50:00.000-00:00,"2.88,2.87,2.88,2.87,1504224"
2025-11-02T11:55:00.000-00:00,"2.88,2.88,2.88,2.87,321763"
2025-11-02T12:00:00.000-00:00,"2.88,2.87,2.88,2.86,549158"
2025-11-02T12:05:00.000-00:00,"2.88,2.88,2.89,2.87,2025989"
2025-11-02T12:10:00.000-00:00,"2.88,2.84,2.88,2.84,2932730"
2025-11-02T12:25:00.000-00:00,"2.8,2.8,2.8,2.8,7352733"
2025-11-03T08:00:00.000-00:00,"2.82,2.81,2.83,2.81,1561183"
2025-11-03T08:05:00.000-00:00,"2.81,2.8,2.83,2.78,3420932"
2025-11-03T08:10:00.000-00:00,"2.8,2.82,2.82,2.8,301078"
2025-11-03T08:15:00.000-00:00,"2.82,2.82,2.82,2.81,375049"
2025-11-03T08:20:00.000-00:00,"2.81,2.82,2.82,2.81,806520"
2025-11-03T08:25:00.000-00:00,"2.82,2.82,2.82,2.81,133179"
2025-11-03T08:30:00.000-00:00,"2.81,2.81,2.82,2.8,668805"
2025-11-03T08:35:00.000-00:00,"2.81,2.81,2.82,2.81,367899"
2025-11-03T08:40:00.000-00:00,"2.81,2.82,2.82,2.81,77592"
2025-11-03T08:45:00.000-00:00,"2.81,2.81,2.82,2.8,599762"
2025-11-03T08:50:00.000-00:00,"2.81,2.78,2.81,2.78,2270215"
2025-11-03T08:55:00.000-00:00,"2.79,2.79,2.8,2.77,776672"
2025-11-03T09:00:00.000-00:00,"2.79,2.79,2.8,2.78,580261"
2025-11-03T09:05:00.000-00:00,"2.79,2.79,2.8,2.79,165722"
2025-11-03T09:10:00.000-00:00,"2.78,2.79,2.79,2.78,27990"
2025-11-03T09:15:00.000-00:00,"2.78,2.79,2.79,2.78,67061"
2025-11-03T09:20:00.000-00:00,"2.79,2.8,2.81,2.78,1258369"
2025-11-03T09:25:00.000-00:00,"2.8,2.8,2.81,2.8,166703"
2025-11-03T09:30:00.000-00:00,"2.81,2.8,2.81,2.8,255030"
2025-11-03T09:35:00.000-00:00,"2.81,2.8,2.81,2.8,99431"
2025-11-03T09:40:00.000-00:00,"2.8,2.81,2.81,2.8,129624"
2025-11-03T09:45:00.000-00:00,"2.81,2.81,2.81,2.8,50592"
2025-11-03T09:50:00.000-00:00,"2.81,2.81,2.81,2.8,516337"
2025-11-03T09:55:00.000-00:00,"2.81,2.81,2.82,2.81,34668"
2025-11-03T10:00:00.000-00:00,"2.82,2.81,2.82,2.81,198170"
2025-11-03T10:05:00.000-00:00,"2.82,2.82,2.82,2.81,13229"
2025-11-03T10:10:00.000-00:00,"2.82,2.82,2.82,2.82,925114"
2025-11-03T10:15:00.000-00:00,"2.82,2.81,2.82,2.81,52581"
2025-11-03T10:20:00.000-00:00,"2.82,2.82,2.82,2.81,7143"
2025-11-03T10:25:00.000-00:00,"2.81,2.81,2.82,2.81,386392"
2025-11-03T10:30:00.000-00:00,"2.81,2.81,2.81,2.81,14990"
2025-11-03T10:35:00.000-00:00,"2.81,2.8,2.81,2.8,544371"
2025-11-03T10:40:00.000-00:00,"2.8,2.81,2.81,2.8,432285"
2025-11-03T10:45:00.000-00:00,"2.8,2.79,2.81,2.79,110302"
2025-11-03T10:50:00.000-00:00,"2.8,2.8,2.81,2.8,357285"
2025-11-03T10:55:00.000-00:00,"2.8,2.8,2.8,2.79,153178"
2025-11-03T11:00:00.000-00:00,"2.8,2.8,2.8,2.8,54486"
2025-11-03T11:05:00.000-00:00,"2.8,2.81,2.81,2.79,92947"
2025-11-03T11:10:00.000-00:00,"2.81,2.81,2.81,2.8,43780"
2025-11-03T11:15:00.000-00:00,"2.8,2.8,2.81,2.8,59094"
2025-11-03T11:20:00.000-00:00,"2.81,2.81,2.81,2.81,40636"
2025-11-03T11:25:00.000-00:00,"2.81,2.8,2.81,2.8,38581"
2025-11-03T11:30:00.000-00:00,"2.81,2.81,2.81,2.8,98268"
2025-11-03T11:35:00.000-00:00,"2.81,2.8,2.81,2.8,364130"
2025-11-03T11:40:00.000-00:00,"2.8,2.79,2.81,2.79,1524055"
2025-11-03T11:45:00.000-00:00,"2.79,2.8,2.8,2.79,47640"
2025-11-03T11:50:00.000-00:00,"2.79,2.8,2.8,2.79,81311"
2025-11-03T11:55:00.000-00:00,"2.8,2.8,2.8,2.8,131541"
2025-11-03T12:00:00.000-00:00,"2.79,2.79,2.8,2.79,193624"
2025-11-03T12:05:00.000-00:00,"2.79,2.79,2.8,2.78,731360"
2025-11-03T12:10:00.000-00:00,"2.79,2.79,2.79,2.78,718014"
2025-11-03T12:25:00.000-00:00,"2.81,2.81,2.81,2.81,2313307"
2025-11-04T08:00:00.000-00:00,"2.82,2.83,2.84,2.82,399413"
2025-11-04T08:05:00.000-00:00,"2.84,2.83,2.84,2.82,89323"
2025-11-04T08:10:00.000-00:00,"2.83,2.82,2.83,2.82,520842"
2025-11-04T08:15:00.000-00:00,"2.82,2.82,2.83,2.82,134452"
2025-11-04T08:20:00.000-00:00,"2.82,2.83,2.83,2.82,178287"
2025-11-04T08:25:00.000-00:00,"2.83,2.83,2.83,2.82,86280"
2025-11-04T08:30:00.000-00:00,"2.83,2.84,2.86,2.83,1570369"
2025-11-04T08:35:00.000-00:00,"2.84,2.85,2.85,2.83,246840"
2025-11-04T08:40:00.000-00:00,"2.84,2.84,2.84,2.83,59569"
2025-11-04T08:45:00.000-00:00,"2.84,2.85,2.85,2.83,317436"
2025-11-04T08:50:00.000-00:00,"2.84,2.84,2.84,2.83,272079"
2025-11-04T08:55:00.000-00:00,"2.84,2.83,2.84,2.83,260614"
2025-11-04T09:00:00.000-00:00,"2.83,2.82,2.84,2.82,389897"
2025-11-04T09:05:00.000-00:00,"2.83,2.82,2.83,2.82,24950"
2025-11-04T09:10:00.000-00:00,"2.83,2.83,2.83,2.82,71763"
2025-11-04T09:15:00.000-00:00,"2.82,2.83,2.83,2.82,106926"
2025-11-04T09:20:00.000-00:00,"2.82,2.83,2.83,2.82,159244"
2025-11-04T09:25:00.000-00:00,"2.83,2.83,2.83,2.82,64347"
2025-11-04T09:30:00.000-00:00,"2.83,2.83,2.83,2.82,121695"
2025-11-04T09:35:00.000-00:00,"2.82,2.82,2.83,2.82,756604"
2025-11-04T09:40:00.000-00:00,"2.82,2.82,2.82,2.81,371699"
2025-11-04T09:45:00.000-00:00,"2.82,2.83,2.83,2.82,1242900"
2025-11-04T09:50:00.000-00:00,"2.83,2.83,2.83,2.82,212730"
2025-11-04T09:55:00.000-00:00,"2.82,2.83,2.83,2.82,66786"
2025-11-04T10:00:00.000-00:00,"2.83,2.83,2.83,2.82,77761"
2025-11-04T10:05:00.000-00:00,"2.83,2.83,2.83,2.82,13919"
2025-11-04T10:10:00.000-00:00,"2.82,2.82,2.83,2.81,287217"
2025-11-04T10:15:00.000-00:00,"2.81,2.82,2.82,2.81,4010001"
2025-11-04T10:20:00.000-00:00,"2.82,2.82,2.83,2.82,88078"
2025-11-04T10:25:00.000-00:00,"2.83,2.82,2.83,2.82,29594"
2025-11-04T10:30:00.000-00:00,"2.82,2.82,2.82,2.81,25549"
2025-11-04T10:35:00.000-00:00,"2.82,2.82,2.82,2.81,39164"
2025-11-04T10:40:00.000-00:00,"2.81,2.82,2.82,2.81,113327"
2025-11-04T10:45:00.000-00:00,"2.82,2.82,2.82,2.81,240698"
2025-11-04T10:50:00.000-00:00,"2.82,2.81,2.82,2.81,381176"
2025-11-04T10:55:00.000-00:00,"2.8,2.81,2.82,2.8,38437"
2025-11-04T11:00:00.000-00:00,"2.82,2.82,2.82,2.81,17069"
2025-11-04T11:05:00.000-00:00,"2.82,2.81,2.82,2.81,89113"
2025-11-04T11:10:00.000-00:00,"2.81,2.82,2.82,2.81,231854"
2025-11-04T11:15:00.000-00:00,"2.81,2.81,2.81,2.81,20000"
2025-11-04T11:20:00.000-00:00,"2.81,2.82,2.82,2.81,149224"
2025-11-04T11:25:00.000-00:00,"2.82,2.81,2.82,2.81,5613"
2025-11-04T11:30:00.000-00:00,"2.81,2.81,2.81,2.81,36383"
2025-11-04T11:35:00.000-00:00,"2.8,2.81,2.82,2.8,177106"
2025-11-04T11:40:00.000-00:00,"2.81,2.8,2.81,2.79,841826"
2025-11-04T11:45:00.000-00:00,"2.8,2.8,2.81,2.79,694654"
2025-11-04T11:50:00.000-00:00,"2.8,2.81,2.81,2.79,263501"
2025-11-04T11:55:00.000-00:00,"2.8,2.79,2.8,2.79,375727"
2025-11-04T12:00:00.000-00:00,"2.79,2.8,2.8,2.79,538871"
2025-11-04T12:05:00.000-00:00,"2.8,2.79,2.8,2.78,897276"
2025-11-04T12:10:00.000-00:00,"2.79,2.78,2.79,2.78,316410"
2025-11-04T12:15:00.000-00:00,"2.79,2.79,2.79,2.79,150000"
2025-11-04T12:25:00.000-00:00,"2.79,2.79,2.79,2.79,2715502"
2025-11-05T08:00:00.000-00:00,"2.8,2.8,2.81,2.79,335477"
2025-11-05T08:05:00.000-00:00,"2.8,2.79,2.8,2.79,517005"
2025-11-05T08:10:00.000-00:00,"2.8,2.79,2.8,2.79,416716"
2025-11-05T08:15:00.000-00:00,"2.8,2.79,2.8,2.79,512189"
2025-11-05T08:20:00.000-00:00,"2.8,2.79,2.8,2.79,30914"
2025-11-05T08:25:00.000-00:00,"2.79,2.8,2.8,2.79,187727"
2025-11-05T08:30:00.000-00:00,"2.79,2.79,2.8,2.78,405927"
2025-11-05T08:35:00.000-00:00,"2.78,2.79,2.79,2.78,1444194"
2025-11-05T08:40:00.000-00:00,"2.78,2.79,2.79,2.77,566217"
2025-11-05T08:45:00.000-00:00,"2.78,2.79,2.79,2.78,545476"
2025-11-05T08:50:00.000-00:00,"2.79,2.79,2.79,2.78,189423"
2025-11-05T08:55:00.000-00:00,"2.79,2.79,2.79,2.78,70018"
2025-11-05T09:00:00.000-00:00,"2.79,2.78,2.79,2.78,148251"
2025-11-05T09:05:00.000-00:00,"2.79,2.79,2.79,2.78,31259"
2025-11-05T09:10:00.000-00:00,"2.79,2.79,2.79,2.78,50623"
2025-11-05T09:15:00.000-00:00,"2.79,2.78,2.79,2.78,89553"
2025-11-05T09:20:00.000-00:00,"2.78,2.78,2.79,2.78,70952"
2025-11-05T09:25:00.000-00:00,"2.79,2.78,2.79,2.78,68481"
2025-11-05T09:30:00.000-00:00,"2.78,2.79,2.79,2.78,44719"
2025-11-05T09:35:00.000-00:00,"2.79,2.78,2.79,2.78,107783"
2025-11-05T09:40:00.000-00:00,"2.77,2.78,2.78,2.77,1059225"
2025-11-05T09:45:00.000-00:00,"2.78,2.78,2.78,2.78,41000"
2025-11-05T09:50:00.000-00:00,"2.78,2.77,2.78,2.77,27195"
2025-11-05T09:55:00.000-00:00,"2.77,2.78,2.78,2.77,118381"
2025-11-05T10:00:00.000-00:00,"2.77,2.77,2.78,2.76,582042"
2025-11-05T10:05:00.000-00:00,"2.77,2.77,2.77,2.76,70850"
2025-11-05T10:10:00.000-00:00,"2.77,2.77,2.77,2.76,346420"
2025-11-05T10:15:00.000-00:00,"2.77,2.77,2.77,2.76,159915"
2025-11-05T10:20:00.000-00:00,"2.76,2.76,2.77,2.75,475686"
2025-11-05T10:25:00.000-00:00,"2.76,2.76,2.77,2.75,204271"
2025-11-05T10:30:00.000-00:00,"2.76,2.76,2.77,2.76,112259"
2025-11-05T10:35:00.000-00:00,"2.76,2.76,2.77,2.76,312659"
2025-11-05T10:40:00.000-00:00,"2.76,2.76,2.76,2.75,336729"
2025-11-05T10:45:00.000-00:00,"2.76,2.75,2.76,2.74,606821"
2025-11-05T10:50:00.000-00:00,"2.75,2.7,2.75,2.7,5546073"
2025-11-05T10:55:00.000-00:00,"2.7,2.7,2.71,2.69,3176878"
2025-11-05T11:00:00.000-00:00,"2.7,2.68,2.7,2.65,3018076"
2025-11-05T11:05:00.000-00:00,"2.67,2.68,2.68,2.65,1600699"
2025-11-05T11:10:00.000-00:00,"2.68,2.68,2.69,2.67,1415273"
2025-11-05T11:15:00.000-00:00,"2.68,2.69,2.69,2.68,531210"
2025-11-05T11:20:00.000-00:00,"2.69,2.69,2.69,2.68,575125"
2025-11-05T11:25:00.000-00:00,"2.69,2.7,2.7,2.69,921992"
2025-11-05T11:30:00.000-00:00,"2.7,2.7,2.7,2.69,298193"
2025-11-05T11:35:00.000-00:00,"2.7,2.7,2.71,2.69,352224"
2025-11-05T11:40:00.000-00:00,"2.7,2.7,2.7,2.69,383428"
2025-11-05T11:45:00.000-00:00,"2.69,2.71,2.71,2.69,1265969"
2025-11-05T11:50:00.000-00:00,"2.71,2.7,2.72,2.7,221408"
2025-11-05T11:55:00.000-00:00,"2.71,2.72,2.72,2.7,506883"
2025-11-05T12:00:00.000-00:00,"2.72,2.72,2.72,2.71,110690"
2025-11-05T12:05:00.000-00:00,"2.72,2.72,2.73,2.71,1730232"
2025-11-05T12:10:00.000-00:00,"2.72,2.71,2.73,2.71,866439"
2025-11-05T12:25:00.000-00:00,"2.71,2.71,2.71,2.71,3542169"
2025-11-06T08:00:00.000-00:00,"2.73,2.74,2.75,2.73,1535522"
2025-11-06T08:05:00.000-00:00,"2.74,2.72,2.74,2.72,177195"
2025-11-06T08:10:00.000-00:00,"2.72,2.72,2.73,2.71,331728"
2025-11-06T08:15:00.000-00:00,"2.72,2.77,2.8,2.71,6392008"
2025-11-06T08:20:00.000-00:00,"2.77,2.77,2.79,2.76,1136970"
2025-11-06T08:25:00.000-00:00,"2.77,2.76,2.78,2.76,94982"
2025-11-06T08:30:00.000-00:00,"2.76,2.79,2.8,2.76,4266889"
2025-11-06T08:35:00.000-00:00,"2.79,2.78,2.8,2.78,655620"
2025-11-06T08:40:00.000-00:00,"2.78,2.79,2.8,2.78,546595"
2025-11-06T08:45:00.000-00:00,"2.79,2.78,2.79,2.77,124180"
2025-11-06T08:50:00.000-00:00,"2.78,2.8,2.8,2.78,2357598"
2025-11-06T08:55:00.000-00:00,"2.8,2.81,2.81,2.79,1144362"
2025-11-06T09:00:00.000-00:00,"2.81,2.79,2.81,2.79,58538"
2025-11-06T09:05:00.000-00:00,"2.8,2.81,2.81,2.8,834640"
2025-11-06T09:10:00.000-00:00,"2.8,2.82,2.83,2.8,3762815"
2025-11-06T09:15:00.000-00:00,"2.82,2.82,2.82,2.81,351300"
2025-11-06T09:20:00.000-00:00,"2.82,2.82,2.82,2.81,639419"
2025-11-06T09:25:00.000-00:00,"2.82,2.83,2.83,2.81,3409610"
2025-11-06T09:30:00.000-00:00,"2.83,2.83,2.83,2.82,173130"
2025-11-06T09:35:00.000-00:00,"2.83,2.83,2.83,2.82,2541173"
2025-11-06T09:40:00.000-00:00,"2.82,2.81,2.82,2.8,1721248"
2025-11-06T09:45:00.000-00:00,"2.81,2.8,2.81,2.8,223559"
2025-11-06T09:50:00.000-00:00,"2.81,2.81,2.81,2.8,1145746"
2025-11-06T09:55:00.000-00:00,"2.81,2.79,2.81,2.79,821247"
2025-11-06T10:00:00.000-00:00,"2.8,2.79,2.8,2.79,546912"
2025-11-06T10:05:00.000-00:00,"2.79,2.8,2.8,2.79,65035"
2025-11-06T10:10:00.000-00:00,"2.8,2.79,2.8,2.79,5803"
2025-11-06T10:15:00.000-00:00,"2.79,2.8,2.8,2.79,262132"
2025-11-06T10:20:00.000-00:00,"2.8,2.79,2.8,2.79,62309"
2025-11-06T10:25:00.000-00:00,"2.79,2.79,2.79,2.79,193406"
2025-11-06T10:30:00.000-00:00,"2.79,2.79,2.79,2.79,62875"
2025-11-06T10:35:00.000-00:00,"2.79,2.79,2.79,2.79,4491"
2025-11-06T10:40:00.000-00:00,"2.79,2.78,2.79,2.78,52870"
2025-11-06T10:45:00.000-00:00,"2.78,2.79,2.79,2.78,195376"
2025-11-06T10:50:00.000-00:00,"2.79,2.79,2.79,2.78,169386"
2025-11-06T10:55:00.000-00:00,"2.8,2.8,2.8,2.79,32892"
2025-11-06T11:00:00.000-00:00,"2.8,2.81,2.81,2.8,798044"
2025-11-06T11:05:00.000-00:00,"2.81,2.82,2.83,2.8,2400481"
2025-11-06T11:10:00.000-00:00,"2.81,2.8,2.81,2.8,724536"
2025-11-06T11:15:00.000-00:00,"2.8,2.81,2.81,2.8,621896"
2025-11-06T11:20:00.000-00:00,"2.8,2.8,2.81,2.8,27522"
2025-11-06T11:25:00.000-00:00,"2.81,2.8,2.81,2.8,186696"
2025-11-06T11:30:00.000-00:00,"2.8,2.82,2.82,2.8,509751"
2025-11-06T11:35:00.000-00:00,"2.82,2.82,2.82,2.82,764079"
2025-11-06T11:40:00.000-00:00,"2.82,2.81,2.82,2.81,85287"
2025-11-06T11:45:00.000-00:00,"2.8,2.8,2.81,2.8,56500"
2025-11-06T11:50:00.000-00:00,"2.8,2.8,2.8,2.79,707371"
2025-11-06T11:55:00.000-00:00,"2.8,2.79,2.8,2.79,55222"
2025-11-06T12:00:00.000-00:00,"2.8,2.8,2.8,2.79,301949"
2025-11-06T12:05:00.000-00:00,"2.8,2.79,2.8,2.79,50033"
2025-11-06T12:10:00.000-00:00,"2.79,2.8,2.8,2.79,690359"
2025-11-06T12:25:00.000-00:00,"2.79,2.79,2.79,2.79,4044403"
2025-11-09T08:00:00.000-00:00,"2.81,2.83,2.84,2.8,2286491"
2025-11-09T08:05:00.000-00:00,"2.83,2.83,2.83,2.82,469824"
2025-11-09T08:10:00.000-00:00,"2.82,2.83,2.83,2.82,78644"
2025-11-09T08:15:00.000-00:00,"2.82,2.82,2.83,2.81,453438"
2025-11-09T08:20:00.000-00:00,"2.82,2.82,2.83,2.82,129796"
2025-11-09T08:25:00.000-00:00,"2.83,2.82,2.83,2.82,157981"
2025-11-09T08:30:00.000-00:00,"2.82,2.82,2.82,2.81,254142"
2025-11-09T08:35:00.000-00:00,"2.82,2.83,2.83,2.81,667573"
2025-11-09T08:40:00.000-00:00,"2.83,2.82,2.83,2.82,20942"
2025-11-09T08:45:00.000-00:00,"2.83,2.82,2.83,2.82,16371"
2025-11-09T08:50:00.000-00:00,"2.83,2.82,2.83,2.82,90002"
2025-11-09T08:55:00.000-00:00,"2.83,2.83,2.84,2.83,1131673"
2025-11-09T09:00:00.000-00:00,"2.84,2.83,2.84,2.83,29659"
2025-11-09T09:05:00.000-00:00,"2.84,2.85,2.85,2.84,1270219"
2025-11-09T09:10:00.000-00:00,"2.85,2.84,2.86,2.84,2502824"
2025-11-09T09:15:00.000-00:00,"2.85,2.85,2.85,2.84,161703"
2025-11-09T09:20:00.000-00:00,"2.85,2.84,2.85,2.84,54737"
2025-11-09T09:25:00.000-00:00,"2.84,2.84,2.84,2.83,260891"
2025-11-09T09:30:00.000-00:00,"2.84,2.84,2.84,2.83,33750"
2025-11-09T09:35:00.000-00:00,"2.84,2.84,2.84,2.84,3600"
2025-11-09T09:40:00.000-00:00,"2.84,2.84,2.84,2.83,437142"
2025-11-09T09:45:00.000-00:00,"2.85,2.84,2.85,2.84,905005"
2025-11-09T09:50:00.000-00:00,"2.85,2.85,2.85,2.84,793491"
2025-11-09T09:55:00.000-00:00,"2.85,2.85,2.86,2.85,43156"
2025-11-09T10:00:00.000-00:00,"2.85,2.87,2.89,2.85,3299695"
2025-11-09T10:05:00.000-00:00,"2.88,2.89,2.9,2.87,4928346"
2025-11-09T10:10:00.000-00:00,"2.89,2.9,2.9,2.89,457165"
2025-11-09T10:15:00.000-00:00,"2.9,2.9,2.9,2.89,300262"
2025-11-09T10:20:00.000-00:00,"2.9,2.89,2.9,2.89,813296"
2025-11-09T10:25:00.000-00:00,"2.89,2.9,2.91,2.89,1591973"
2025-11-09T10:30:00.000-00:00,"2.9,2.91,2.91,2.9,188572"
2025-11-09T10:35:00.000-00:00,"2.9,2.9,2.9,2.89,677503"
2025-11-09T10:40:00.000-00:00,"2.9,2.9,2.91,2.89,982249"
2025-11-09T10:45:00.000-00:00,"2.9,2.91,2.91,2.89,389718"
2025-11-09T10:50:00.000-00:00,"2.91,2.91,2.91,2.9,509241"
2025-11-09T10:55:00.000-00:00,"2.9,2.9,2.91,2.89,1561824"
2025-11-09T11:00:00.000-00:00,"2.9,2.88,2.9,2.88,201481"
2025-11-09T11:05:00.000-00:00,"2.88,2.88,2.88,2.87,717120"
2025-11-09T11:10:00.000-00:00,"2.88,2.89,2.89,2.88,21788"
2025-11-09T11:15:00.000-00:00,"2.89,2.89,2.89,2.88,519321"
2025-11-09T11:20:00.000-00:00,"2.89,2.89,2.89,2.88,4443"
2025-11-09T11:25:00.000-00:00,"2.88,2.89,2.89,2.88,643158"
2025-11-09T11:30:00.000-00:00,"2.89,2.89,2.9,2.88,34550"
2025-11-09T11:35:00.000-00:00,"2.89,2.89,2.89,2.88,52293"
2025-11-09T11:40:00.000-00:00,"2.89,2.88,2.89,2.88,534377"
2025-11-09T11:45:00.000-00:00,"2.88,2.88,2.88,2.87,38831"
2025-11-09T11:50:00.000-00:00,"2.88,2.87,2.88,2.87,2758"
2025-11-09T11:55:00.000-00:00,"2.87,2.88,2.88,2.87,454198"
2025-11-09T12:00:00.000-00:00,"2.88,2.87,2.88,2.87,126318"
2025-11-09T12:05:00.000-00:00,"2.87,2.86,2.87,2.86,937696"
2025-11-09T12:10:00.000-00:00,"2.86,2.86,2.87,2.86,236327"
2025-11-09T12:25:00.000-00:00,"2.87,2.87,2.87,2.87,3554915"
2025-11-10T08:00:00.000-00:00,"2.88,2.88,2.89,2.87,62910"
2025-11-10T08:05:00.000-00:00,"2.88,2.88,2.88,2.87,53358"
2025-11-10T08:10:00.000-00:00,"2.87,2.88,2.88,2.87,255589"
2025-11-10T08:15:00.000-00:00,"2.88,2.87,2.88,2.87,13506"
2025-11-10T08:20:00.000-00:00,"2.87,2.87,2.88,2.87,194331"
2025-11-10T08:25:00.000-00:00,"2.87,2.87,2.88,2.86,204694"
2025-11-10T08:30:00.000-00:00,"2.87,2.85,2.87,2.85,494495"
2025-11-10T08:35:00.000-00:00,"2.85,2.85,2.87,2.85,809566"
2025-11-10T08:40:00.000-00:00,"2.86,2.85,2.86,2.84,259594"
2025-11-10T08:45:00.000-00:00,"2.85,2.85,2.86,2.85,677009"
2025-11-10T08:50:00.000-00:00,"2.85,2.85,2.85,2.84,620570"
2025-11-10T08:55:00.000-00:00,"2.85,2.85,2.85,2.84,259620"
2025-11-10T09:00:00.000-00:00,"2.85,2.86,2.86,2.84,556970"
2025-11-10T09:05:00.000-00:00,"2.86,2.86,2.86,2.85,185050"
2025-11-10T09:10:00.000-00:00,"2.85,2.86,2.86,2.85,644157"
2025-11-10T09:15:00.000-00:00,"2.87,2.86,2.87,2.86,11818"
2025-11-10T09:20:00.000-00:00,"2.86,2.86,2.86,2.86,170996"
2025-11-10T09:25:00.000-00:00,"2.85,2.84,2.86,2.84,155320"
2025-11-10T09:30:00.000-00:00,"2.85,2.84,2.85,2.84,353965"
2025-11-10T09:35:00.000-00:00,"2.85,2.84,2.85,2.84,162174"
2025-11-10T09:40:00.000-00:00,"2.85,2.85,2.85,2.85,28505"
2025-11-10T09:45:00.000-00:00,"2.84,2.85,2.85,2.84,106855"
2025-11-10T09:50:00.000-00:00,"2.85,2.85,2.85,2.84,157761"
2025-11-10T09:55:00.000-00:00,"2.85,2.86,2.86,2.85,13351"
2025-11-10T10:00:00.000-00:00,"2.86,2.85,2.86,2.85,76327"
2025-11-10T10:05:00.000-00:00,"2.84,2.86,2.86,2.84,80955"
2025-11-10T10:10:00.000-00:00,"2.85,2.85,2.85,2.85,27260"
2025-11-10T10:15:00.000-00:00,"2.85,2.86,2.86,2.85,100994"
2025-11-10T10:20:00.000-00:00,"2.86,2.86,2.86,2.85,32130"
2025-11-10T10:25:00.000-00:00,"2.85,2.85,2.85,2.85,105533"
2025-11-10T10:30:00.000-00:00,"2.85,2.84,2.85,2.84,11454"
2025-11-10T10:35:00.000-00:00,"2.85,2.85,2.85,2.84,63654"
2025-11-10T10:40:00.000-00:00,"2.84,2.85,2.85,2.84,337646"
2025-11-10T10:45:00.000-00:00,"2.85,2.85,2.87,2.85,1453143"
2025-11-10T10:50:00.000-00:00,"2.86,2.86,2.86,2.86,510000"
2025-11-10T10:55:00.000-00:00,"2.87,2.87,2.87,2.87,1671"
2025-11-10T11:00:00.000-00:00,"2.87,2.87,2.87,2.86,326007"
2025-11-10T11:05:00.000-00:00,"2.87,2.87,2.88,2.87,372704"
2025-11-10T11:10:00.000-00:00,"2.87,2.87,2.88,2.86,735228"
2025-11-10T11:15:00.000-00:00,"2.87,2.85,2.87,2.85,3829960"
2025-11-10T11:20:00.000-00:00,"2.85,2.85,2.87,2.85,849941"
2025-11-10T11:25:00.000-00:00,"2.86,2.88,2.88,2.86,896390"
2025-11-10T11:30:00.000-00:00,"2.88,2.88,2.88,2.87,144249"
2025-11-10T11:35:00.000-00:00,"2.88,2.88,2.88,2.88,253800"
2025-11-10T11:40:00.000-00:00,"2.88,2.86,2.88,2.86,992616"
2025-11-10T11:45:00.000-00:00,"2.86,2.86,2.86,2.85,459384"
2025-11-10T11:50:00.000-00:00,"2.87,2.9,2.91,2.86,2810385"
2025-11-10T11:55:00.000-00:00,"2.91,2.91,2.92,2.9,1828509"
2025-11-10T12:00:00.000-00:00,"2.9,2.93,2.95,2.9,4987155"
2025-11-10T12:05:00.000-00:00,"2.93,2.92,2.93,2.9,1898868"
2025-11-10T12:10:00.000-00:00,"2.92,2.93,2.95,2.92,3937820"
2025-11-10T12:25:00.000-00:00,"2.94,2.94,2.94,2.94,5079995"
2025-11-11T08:00:00.000-00:00,"2.95,2.94,2.96,2.94,306056"
2025-11-11T08:05:00.000-00:00,"2.95,2.94,2.95,2.93,678591"
2025-11-11T08:10:00.000-00:00,"2.94,2.95,2.95,2.94,208413"
2025-11-11T08:15:00.000-00:00,"2.94,2.99,2.99,2.93,3245647"
2025-11-11T08:20:00.000-00:00,"2.98,2.99,3,2.98,6343489"
2025-11-11T08:25:00.000-00:00,"2.99,2.98,2.99,2.98,1400481"
2025-11-11T08:30:00.000-00:00,"2.98,3,3.01,2.98,4207478"
2025-11-11T08:35:00.000-00:00,"3,3.02,3.04,3,4373339"
2025-11-11T08:40:00.000-00:00,"3.01,3.04,3.04,3.01,4068966"
2025-11-11T08:45:00.000-00:00,"3.03,3.03,3.03,3.01,1107515"
2025-11-11T08:50:00.000-00:00,"3.02,3.05,3.05,3.02,2779128"
2025-11-11T08:55:00.000-00:00,"3.04,3.05,3.06,3.04,5250272"
2025-11-11T09:00:00.000-00:00,"3.04,3.03,3.05,3.03,3406070"
2025-11-11T09:05:00.000-00:00,"3.03,3.03,3.04,3.03,32831"
2025-11-11T09:10:00.000-00:00,"3.03,3.04,3.04,3.03,330060"
2025-11-11T09:15:00.000-00:00,"3.04,3.03,3.04,3.03,509193"
2025-11-11T09:20:00.000-00:00,"3.03,3.04,3.04,3.03,247693"
2025-11-11T09:25:00.000-00:00,"3.04,3.03,3.04,3.03,507988"
2025-11-11T09:30:00.000-00:00,"3.02,3.02,3.03,3.02,72193"
2025-11-11T09:35:00.000-00:00,"3.03,3.02,3.03,3.02,24531"
2025-11-11T09:40:00.000-00:00,"3.02,3.02,3.03,3.02,1078946"
2025-11-11T09:45:00.000-00:00,"3.02,3.03,3.03,3.02,659250"
2025-11-11T09:50:00.000-00:00,"3.02,3.02,3.02,3.02,13277"
2025-11-11T09:55:00.000-00:00,"3.02,3.03,3.03,3.02,95251"
2025-11-11T10:00:00.000-00:00,"3.02,3.03,3.04,3.02,322479"
2025-11-11T10:05:00.000-00:00,"3.03,3.04,3.04,3.03,784294"
2025-11-11T10:10:00.000-00:00,"3.04,3.03,3.04,3.02,69355"
2025-11-11T10:15:00.000-00:00,"3.02,3.03,3.03,3.02,36554"
2025-11-11T10:20:00.000-00:00,"3.02,3.02,3.03,3.02,71538"
2025-11-11T10:25:00.000-00:00,"3.03,3.03,3.04,3.03,405000"
2025-11-11T10:30:00.000-00:00,"3.02,3.03,3.03,3.02,169799"
2025-11-11T10:35:00.000-00:00,"3.03,3.02,3.03,3.02,25590"
2025-11-11T10:40:00.000-00:00,"3.03,3.03,3.03,3.02,17303"
2025-11-11T10:45:00.000-00:00,"3.02,3.03,3.03,3.02,88999"
2025-11-11T10:50:00.000-00:00,"3.02,3.02,3.03,3.02,242655"
2025-11-11T10:55:00.000-00:00,"3.02,3.01,3.02,3.01,231383"
2025-11-11T11:00:00.000-00:00,"3.02,3.01,3.02,3.01,20580"
2025-11-11T11:05:00.000-00:00,"3.01,3.02,3.02,3.01,107817"
2025-11-11T11:10:00.000-00:00,"3.02,3.02,3.02,3.02,47367"
2025-11-11T11:15:00.000-00:00,"3.03,3.02,3.03,3.01,37347"
2025-11-11T11:20:00.000-00:00,"3.01,3.02,3.02,3.01,136486"
2025-11-11T11:25:00.000-00:00,"3.01,3.01,3.02,3.01,226734"
2025-11-11T11:30:00.000-00:00,"3.02,3.02,3.04,3.01,1517536"
2025-11-11T11:35:00.000-00:00,"3.03,3.03,3.03,3.03,12000"
2025-11-11T11:40:00.000-00:00,"3.02,3.01,3.02,3.01,211354"
2025-11-11T11:45:00.000-00:00,"3.02,3.01,3.02,3.01,139053"
2025-11-11T11:50:00.000-00:00,"3.01,3.01,3.03,3.01,1276722"
2025-11-11T11:55:00.000-00:00,"3.01,3.02,3.04,3.01,3021166"
2025-11-11T12:00:00.000-00:00,"3.02,3.02,3.05,3.02,2025198"
2025-11-11T12:05:00.000-00:00,"3.04,3.05,3.05,3.03,1364027"
2025-11-11T12:10:00.000-00:00,"3.03,3.02,3.04,3.02,899036"
2025-11-11T12:25:00.000-00:00,"3.05,3.05,3.05,3.05,2134669"
2025-11-12T08:00:00.000-00:00,"3.05,3.04,3.06,3.04,407240"
2025-11-12T08:05:00.000-00:00,"3.04,3.04,3.04,3.03,90319"
2025-11-12T08:10:00.000-00:00,"3.04,3.05,3.05,3.04,1733"
2025-11-12T08:15:00.000-00:00,"3.04,3.04,3.05,3.03,2967"
2025-11-12T08:20:00.000-00:00,"3.04,3.04,3.06,3.04,1985461"
2025-11-12T08:25:00.000-00:00,"3.05,3.05,3.06,3.05,645058"
2025-11-12T08:30:00.000-00:00,"3.05,3.05,3.05,3.05,286504"
2025-11-12T08:35:00.000-00:00,"3.05,3.06,3.07,3.05,826954"
2025-11-12T08:40:00.000-00:00,"3.06,3.05,3.06,3.05,302939"
2025-11-12T08:45:00.000-00:00,"3.05,3.05,3.05,3.05,72525"
2025-11-12T08:50:00.000-00:00,"3.05,3.06,3.06,3.05,162432"
2025-11-12T08:55:00.000-00:00,"3.05,3.05,3.06,3.05,876658"
2025-11-12T09:00:00.000-00:00,"3.05,3.05,3.06,3.05,265054"
2025-11-12T09:05:00.000-00:00,"3.05,3.05,3.06,3.05,199397"
2025-11-12T09:10:00.000-00:00,"3.05,3.04,3.05,3.04,312141"
2025-11-12T09:15:00.000-00:00,"3.04,3.05,3.05,3.04,6780"
2025-11-12T09:20:00.000-00:00,"3.04,3.04,3.04,3.04,13427"
2025-11-12T09:25:00.000-00:00,"3.04,3.04,3.05,3.04,289141"
2025-11-12T09:30:00.000-00:00,"3.04,3.03,3.05,3.03,296280"
2025-11-12T09:35:00.000-00:00,"3.03,3.03,3.03,3.03,17029"
2025-11-12T09:40:00.000-00:00,"3.04,3.03,3.04,3.03,7152"
2025-11-12T09:45:00.000-00:00,"3.03,3.04,3.04,3.03,20542"
2025-11-12T09:50:00.000-00:00,"3.04,3.04,3.04,3.03,4690"
2025-11-12T09:55:00.000-00:00,"3.03,3.05,3.05,3.03,739482"
2025-11-12T10:00:00.000-00:00,"3.04,3.05,3.05,3.04,23443"
2025-11-12T10:05:00.000-00:00,"3.05,3.05,3.05,3.04,2578"
2025-11-12T10:10:00.000-00:00,"3.04,3.04,3.05,3.04,930795"
2025-11-12T10:15:00.000-00:00,"3.04,3.03,3.05,3.03,261883"
2025-11-12T10:20:00.000-00:00,"3.04,3.04,3.04,3.03,256594"
2025-11-12T10:25:00.000-00:00,"3.03,3.04,3.04,3.03,719"
2025-11-12T10:30:00.000-00:00,"3.03,3.04,3.04,3.03,6301"
2025-11-12T10:35:00.000-00:00,"3.03,3.04,3.04,3.03,312590"
2025-11-12T10:40:00.000-00:00,"3.04,3.04,3.04,3.04,244083"
2025-11-12T10:45:00.000-00:00,"3.04,3.04,3.05,3.04,184241"
2025-11-12T10:50:00.000-00:00,"3.04,3.05,3.05,3.04,1374119"
2025-11-12T10:55:00.000-00:00,"3.04,3.04,3.04,3.04,2000"
2025-11-12T11:00:00.000-00:00,"3.05,3.04,3.06,3.04,190073"
2025-11-12T11:05:00.000-00:00,"3.04,3.05,3.05,3.04,212047"
2025-11-12T11:10:00.000-00:00,"3.05,3.05,3.06,3.05,294650"
2025-11-12T11:15:00.000-00:00,"3.05,3.05,3.06,3.05,77410"
2025-11-12T11:20:00.000-00:00,"3.05,3.04,3.05,3.04,19339"
2025-11-12T11:25:00.000-00:00,"3.05,3.05,3.05,3.04,52862"
2025-11-12T11:30:00.000-00:00,"3.05,3.04,3.05,3.04,13103"
2025-11-12T11:35:00.000-00:00,"3.04,3.04,3.05,3.04,3277120"
2025-11-12T11:40:00.000-00:00,"3.04,3.04,3.04,3.04,25229"
2025-11-12T11:45:00.000-00:00,"3.04,3.04,3.05,3.04,21411"
2025-11-12T11:50:00.000-00:00,"3.05,3.05,3.05,3.05,942528"
2025-11-12T11:55:00.000-00:00,"3.05,3.07,3.07,3.05,1646998"
2025-11-12T12:00:00.000-00:00,"3.07,3.06,3.07,3.06,86614"
2025-11-12T12:05:00.000-00:00,"3.06,3.06,3.07,3.06,242760"
2025-11-12T12:10:00.000-00:00,"3.06,3.06,3.07,3.06,1782492"
2025-11-12T12:25:00.000-00:00,"3.07,3.07,3.07,3.07,1197878"
2025-11-13T08:00:00.000-00:00,"3.06,3.03,3.06,3.03,553346"
2025-11-13T08:05:00.000-00:00,"3.05,3.03,3.05,3.03,1000496"
2025-11-13T08:10:00.000-00:00,"3.03,3.03,3.05,3.03,19312"
2025-11-13T08:15:00.000-00:00,"3.03,3.03,3.03,3.03,47022"
2025-11-13T08:20:00.000-00:00,"3.04,3.03,3.04,3.03,517018"
2025-11-13T08:25:00.000-00:00,"3.04,3.03,3.04,3.03,19982"
2025-11-13T08:30:00.000-00:00,"3.03,3.03,3.03,3.03,2182"
2025-11-13T08:35:00.000-00:00,"3.04,3.03,3.04,3.03,26714"
2025-11-13T08:40:00.000-00:00,"3.03,3.03,3.04,3.03,14487"
2025-11-13T08:45:00.000-00:00,"3.03,3.03,3.03,3.03,126506"
2025-11-13T08:50:00.000-00:00,"3.03,3.03,3.04,3.03,42290"
2025-11-13T08:55:00.000-00:00,"3.03,3.04,3.04,3.03,117187"
2025-11-13T09:00:00.000-00:00,"3.03,3.03,3.03,3.02,850487"
2025-11-13T09:05:00.000-00:00,"3.02,3.01,3.03,3.01,2490293"
2025-11-13T09:10:00.000-00:00,"3.02,3.02,3.02,3.01,752778"
2025-11-13T09:15:00.000-00:00,"3.02,3.02,3.02,3.02,376646"
2025-11-13T09:20:00.000-00:00,"3.03,3.02,3.03,3.02,13576"
2025-11-13T09:25:00.000-00:00,"3.02,3.02,3.02,3.02,501500"
2025-11-13T09:30:00.000-00:00,"3.02,3.01,3.02,3.01,268366"
2025-11-13T09:35:00.000-00:00,"3.02,3.02,3.02,3.01,35645"
2025-11-13T09:40:00.000-00:00,"3.02,3,3.02,2.99,3919762"
2025-11-13T09:45:00.000-00:00,"3,3.01,3.01,2.98,633140"
2025-11-13T09:50:00.000-00:00,"3,3,3,2.98,203380"
2025-11-13T09:55:00.000-00:00,"3,3.01,3.01,3,6856"
2025-11-13T10:00:00.000-00:00,"3.01,3,3.01,3,388571"
2025-11-13T10:05:00.000-00:00,"3,2.99,3,2.99,418750"
2025-11-13T10:10:00.000-00:00,"3,3,3.01,3,193754"
2025-11-13T10:15:00.000-00:00,"3,2.99,3.01,2.99,77023"
2025-11-13T10:20:00.000-00:00,"3,3.01,3.01,3,3353010"
2025-11-13T10:25:00.000-00:00,"3,3,3,2.99,891833"
2025-11-13T10:30:00.000-00:00,"2.99,2.99,3,2.99,147947"
2025-11-13T10:35:00.000-00:00,"3,3,3,3,454"
2025-11-13T10:40:00.000-00:00,"3,2.99,3,2.99,133090"
2025-11-13T10:45:00.000-00:00,"2.99,2.99,3,2.99,31468"
2025-11-13T10:50:00.000-00:00,"2.99,2.99,2.99,2.98,1609722"
2025-11-13T10:55:00.000-00:00,"2.99,2.98,2.99,2.97,1182234"
2025-11-13T11:00:00.000-00:00,"2.97,2.95,2.97,2.94,2005097"
2025-11-13T11:05:00.000-00:00,"2.96,2.98,2.98,2.96,844018"
2025-11-13T11:10:00.000-00:00,"2.97,2.97,2.98,2.97,18558"
2025-11-13T11:15:00.000-00:00,"2.98,2.98,2.98,2.97,107878"
2025-11-13T11:20:00.000-00:00,"2.98,2.98,2.98,2.97,45662"
2025-11-13T11:25:00.000-00:00,"2.98,2.97,2.98,2.97,28290"
2025-11-13T11:30:00.000-00:00,"2.98,2.97,2.98,2.97,244983"
2025-11-13T11:35:00.000-00:00,"2.98,2.98,2.98,2.97,33102"
2025-11-13T11:40:00.000-00:00,"2.97,2.95,2.97,2.95,5006655"
2025-11-13T11:45:00.000-00:00,"2.94,2.96,2.96,2.94,572285"
2025-11-13T11:50:00.000-00:00,"2.96,2.96,2.97,2.95,545347"
2025-11-13T11:55:00.000-00:00,"2.97,2.95,2.97,2.95,1573965"
2025-11-13T12:00:00.000-00:00,"2.95,2.96,2.96,2.95,399753"
2025-11-13T12:05:00.000-00:00,"2.95,2.94,2.96,2.94,1673021"
2025-11-13T12:10:00.000-00:00,"2.94,2.95,2.95,2.94,1894733"
2025-11-13T12:25:00.000-00:00,"2.94,2.94,2.94,2.94,2440715"
2025-11-16T08:00:00.000-00:00,"2.94,2.95,2.96,2.94,469393"
2025-11-16T08:05:00.000-00:00,"2.95,2.95,2.96,2.94,681321"
2025-11-16T08:10:00.000-00:00,"2.95,2.93,2.95,2.93,217189"
2025-11-16T08:15:00.000-00:00,"2.94,2.94,2.94,2.94,1324552"
2025-11-16T08:20:00.000-00:00,"2.94,2.94,2.94,2.93,103123"
2025-11-16T08:25:00.000-00:00,"2.94,2.94,2.94,2.93,109328"
2025-11-16T08:30:00.000-00:00,"2.94,2.94,2.94,2.94,6752"
2025-11-16T08:35:00.000-00:00,"2.93,2.93,2.94,2.92,557350"
2025-11-16T08:40:00.000-00:00,"2.93,2.93,2.93,2.92,234004"
2025-11-16T08:45:00.000-00:00,"2.92,2.93,2.93,2.92,128297"
2025-11-16T08:50:00.000-00:00,"2.93,2.93,2.94,2.93,48399"
2025-11-16T08:55:00.000-00:00,"2.93,2.93,2.93,2.92,186421"
2025-11-16T09:00:00.000-00:00,"2.93,2.93,2.94,2.93,389307"
2025-11-16T09:05:00.000-00:00,"2.93,2.94,2.94,2.93,205539"
2025-11-16T09:10:00.000-00:00,"2.94,2.94,2.94,2.94,30908"
2025-11-16T09:15:00.000-00:00,"2.95,2.95,2.95,2.94,56240"
2025-11-16T09:20:00.000-00:00,"2.95,2.94,2.95,2.94,12441"
2025-11-16T09:25:00.000-00:00,"2.94,2.95,2.95,2.94,89010"
2025-11-16T09:30:00.000-00:00,"2.95,2.95,2.96,2.95,337053"
2025-11-16T09:35:00.000-00:00,"2.95,2.98,2.98,2.94,1239453"
2025-11-16T09:40:00.000-00:00,"2.97,2.99,3,2.96,1851151"
2025-11-16T09:45:00.000-00:00,"2.97,2.98,3,2.97,1122825"
2025-11-16T09:50:00.000-00:00,"2.98,2.99,3,2.98,602680"
2025-11-16T09:55:00.000-00:00,"3,3.01,3.01,2.98,1807144"
2025-11-16T10:00:00.000-00:00,"3.01,3.01,3.02,3,2782423"
2025-11-16T10:05:00.000-00:00,"3.01,3.01,3.02,3,785415"
2025-11-16T10:10:00.000-00:00,"3.01,3.01,3.02,3.01,168701"
2025-11-16T10:15:00.000-00:00,"3.02,3.01,3.02,3.01,523487"
2025-11-16T10:20:00.000-00:00,"3.01,3.01,3.02,3.01,759341"
2025-11-16T10:25:00.000-00:00,"3.01,3.01,3.02,3.01,200575"
2025-11-16T10:30:00.000-00:00,"3.01,3.02,3.02,3.01,728965"
2025-11-16T10:35:00.000-00:00,"3.02,3.03,3.03,3.02,1312628"
2025-11-16T10:40:00.000-00:00,"3.03,3.01,3.03,3.01,895808"
2025-11-16T10:45:00.000-00:00,"3.01,3.01,3.01,3,423893"
2025-11-16T10:50:00.000-00:00,"3,2.99,3,2.99,285419"
2025-11-16T10:55:00.000-00:00,"2.99,3,3,2.99,48965"
2025-11-16T11:00:00.000-00:00,"3,2.98,3,2.98,54877"
2025-11-16T11:05:00.000-00:00,"2.99,3,3,2.99,159224"
2025-11-16T11:10:00.000-00:00,"3,3,3,2.99,10849"
2025-11-16T11:15:00.000-00:00,"3,2.99,3,2.99,6254"
2025-11-16T11:20:00.000-00:00,"3,2.99,3,2.99,11184"
2025-11-16T11:25:00.000-00:00,"2.99,2.99,2.99,2.99,1509"
2025-11-16T11:30:00.000-00:00,"2.99,2.99,2.99,2.98,322347"
2025-11-16T11:35:00.000-00:00,"2.98,2.99,2.99,2.98,201700"
2025-11-16T11:40:00.000-00:00,"2.98,2.98,2.99,2.98,188103"
2025-11-16T11:45:00.000-00:00,"2.99,2.99,2.99,2.99,7000"
2025-11-16T11:50:00.000-00:00,"2.98,2.98,2.98,2.98,22900"
2025-11-16T11:55:00.000-00:00,"2.98,2.98,2.99,2.98,80790"
2025-11-16T12:00:00.000-00:00,"2.98,2.99,2.99,2.98,848623"
2025-11-16T12:05:00.000-00:00,"2.99,2.99,2.99,2.97,1052747"
2025-11-16T12:10:00.000-00:00,"2.97,2.98,2.99,2.97,4840157"
2025-11-16T12:25:00.000-00:00,"2.98,2.98,2.98,2.98,1253688"
2025-11-17T08:00:00.000-00:00,"2.99,2.98,3,2.98,86063"
2025-11-17T08:05:00.000-00:00,"2.99,2.99,3,2.99,228220"
2025-11-17T08:10:00.000-00:00,"2.99,2.98,2.99,2.98,25170"
2025-11-17T08:15:00.000-00:00,"2.98,2.99,2.99,2.98,11252"
2025-11-17T08:20:00.000-00:00,"2.98,3,3,2.98,231550"
2025-11-17T08:25:00.000-00:00,"2.99,3.01,3.01,2.99,986274"
2025-11-17T08:30:00.000-00:00,"3,3.01,3.01,3,502493"
2025-11-17T08:35:00.000-00:00,"3,2.99,3,2.99,835410"
2025-11-17T08:40:00.000-00:00,"2.99,2.99,2.99,2.99,92610"
2025-11-17T08:45:00.000-00:00,"3,3,3,2.98,148201"
2025-11-17T08:50:00.000-00:00,"2.99,3,3,2.99,489471"
2025-11-17T08:55:00.000-00:00,"3,3,3.01,3,271832"
2025-11-17T09:00:00.000-00:00,"3.01,3,3.01,3,470078"
2025-11-17T09:05:00.000-00:00,"2.99,2.98,3,2.98,404825"
2025-11-17T09:10:00.000-00:00,"2.98,2.97,2.98,2.97,727606"
2025-11-17T09:15:00.000-00:00,"2.98,2.96,2.98,2.96,149773"
2025-11-17T09:20:00.000-00:00,"2.96,2.91,2.96,2.9,14540793"
2025-11-17T09:25:00.000-00:00,"2.91,2.92,2.92,2.9,4035491"
2025-11-17T09:30:00.000-00:00,"2.92,2.92,2.92,2.92,728007"
2025-11-17T09:35:00.000-00:00,"2.92,2.92,2.92,2.91,329681"
2025-11-17T09:40:00.000-00:00,"2.92,2.93,2.93,2.92,2147193"
2025-11-17T09:45:00.000-00:00,"2.93,2.91,2.93,2.9,3927451"
2025-11-17T09:50:00.000-00:00,"2.9,2.91,2.91,2.9,59790"
2025-11-17T09:55:00.000-00:00,"2.91,2.91,2.92,2.9,102576"
2025-11-17T10:00:00.000-00:00,"2.92,2.91,2.93,2.91,742613"
2025-11-17T10:05:00.000-00:00,"2.93,2.92,2.93,2.92,500674"
2025-11-17T10:10:00.000-00:00,"2.92,2.93,2.93,2.92,43722"
2025-11-17T10:15:00.000-00:00,"2.92,2.92,2.92,2.92,45000"
2025-11-17T10:20:00.000-00:00,"2.92,2.9,2.92,2.9,3455566"
2025-11-17T10:25:00.000-00:00,"2.9,2.91,2.91,2.9,22550"
2025-11-17T10:30:00.000-00:00,"2.91,2.91,2.91,2.9,474417"
2025-11-17T10:35:00.000-00:00,"2.91,2.92,2.92,2.91,237096"
2025-11-17T10:40:00.000-00:00,"2.92,2.91,2.92,2.91,416268"
2025-11-17T10:45:00.000-00:00,"2.91,2.91,2.92,2.91,666154"
2025-11-17T10:50:00.000-00:00,"2.91,2.93,2.93,2.91,1127505"
2025-11-17T10:55:00.000-00:00,"2.93,2.93,2.93,2.93,1301199"
2025-11-17T11:00:00.000-00:00,"2.93,2.93,2.93,2.92,11062"
2025-11-17T11:05:00.000-00:00,"2.93,2.93,2.93,2.92,64338"
2025-11-17T11:10:00.000-00:00,"2.94,2.93,2.94,2.93,311243"
2025-11-17T11:15:00.000-00:00,"2.92,2.93,2.93,2.92,345572"
2025-11-17T11:20:00.000-00:00,"2.93,2.92,2.93,2.92,255000"
2025-11-17T11:25:00.000-00:00,"2.93,2.92,2.93,2.92,44700"
2025-11-17T11:30:00.000-00:00,"2.92,2.91,2.93,2.9,2647024"
2025-11-17T11:35:00.000-00:00,"2.91,2.92,2.92,2.9,758748"
2025-11-17T11:40:00.000-00:00,"2.92,2.92,2.92,2.92,135005"
2025-11-17T11:45:00.000-00:00,"2.92,2.92,2.92,2.92,15941"
2025-11-17T11:50:00.000-00:00,"2.91,2.92,2.92,2.91,337201"
2025-11-17T11:55:00.000-00:00,"2.92,2.92,2.92,2.91,413184"
2025-11-17T12:00:00.000-00:00,"2.92,2.92,2.92,2.91,26780"
2025-11-17T12:05:00.000-00:00,"2.91,2.92,2.92,2.91,928725"
2025-11-17T12:10:00.000-00:00,"2.92,2.91,2.92,2.91,1055901"
2025-11-17T12:25:00.000-00:00,"2.9,2.9,2.9,2.9,7475379"
2025-11-18T08:00:00.000-00:00,"2.91,2.9,2.91,2.9,112062"
2025-11-18T08:05:00.000-00:00,"2.91,2.9,2.91,2.9,183727"
2025-11-18T08:10:00.000-00:00,"2.9,2.9,2.91,2.88,1581777"
2025-11-18T08:15:00.000-00:00,"2.89,2.88,2.9,2.88,382360"
2025-11-18T08:20:00.000-00:00,"2.89,2.89,2.89,2.89,214660"
2025-11-18T08:25:00.000-00:00,"2.89,2.89,2.9,2.89,67415"
2025-11-18T08:30:00.000-00:00,"2.89,2.89,2.89,2.89,143475"
2025-11-18T08:35:00.000-00:00,"2.89,2.89,2.89,2.89,233382"
2025-11-18T08:40:00.000-00:00,"2.89,2.89,2.9,2.88,567350"
2025-11-18T08:45:00.000-00:00,"2.9,2.91,2.91,2.9,136056"
2025-11-18T08:50:00.000-00:00,"2.91,2.9,2.91,2.9,35201"
2025-11-18T08:55:00.000-00:00,"2.9,2.9,2.91,2.9,309578"
2025-11-18T09:00:00.000-00:00,"2.91,2.9,2.91,2.9,556621"
2025-11-18T09:05:00.000-00:00,"2.9,2.9,2.9,2.9,77145"
2025-11-18T09:10:00.000-00:00,"2.89,2.9,2.9,2.89,37750"
2025-11-18T09:15:00.000-00:00,"2.9,2.89,2.9,2.89,3292955"
2025-11-18T09:20:00.000-00:00,"2.89,2.89,2.89,2.89,161222"
2025-11-18T09:25:00.000-00:00,"2.89,2.89,2.89,2.88,334617"
2025-11-18T09:30:00.000-00:00,"2.89,2.89,2.89,2.88,261416"
2025-11-18T09:35:00.000-00:00,"2.88,2.87,2.88,2.87,373018"
2025-11-18T09:40:00.000-00:00,"2.88,2.87,2.88,2.87,5401"
2025-11-18T09:45:00.000-00:00,"2.88,2.87,2.88,2.87,9027"
2025-11-18T09:50:00.000-00:00,"2.88,2.88,2.88,2.87,11282"
2025-11-18T09:55:00.000-00:00,"2.88,2.89,2.89,2.88,330000"
2025-11-18T10:00:00.000-00:00,"2.89,2.89,2.89,2.89,804"
2025-11-18T10:05:00.000-00:00,"2.89,2.89,2.89,2.89,18901"
2025-11-18T10:10:00.000-00:00,"2.88,2.87,2.89,2.87,71689"
2025-11-18T10:15:00.000-00:00,"2.87,2.88,2.88,2.87,150000"
2025-11-18T10:20:00.000-00:00,"2.88,2.87,2.88,2.87,74288"
2025-11-18T10:25:00.000-00:00,"2.88,2.88,2.88,2.88,18200"
2025-11-18T10:30:00.000-00:00,"2.88,2.87,2.88,2.87,437637"
2025-11-18T10:35:00.000-00:00,"2.87,2.88,2.88,2.87,1215"
2025-11-18T10:40:00.000-00:00,"2.88,2.88,2.88,2.88,1422"
2025-11-18T10:45:00.000-00:00,"2.87,2.87,2.87,2.87,146701"
2025-11-18T10:50:00.000-00:00,"2.87,2.87,2.87,2.87,158685"
2025-11-18T10:55:00.000-00:00,"2.87,2.86,2.87,2.86,72911"
2025-11-18T11:00:00.000-00:00,"2.87,2.87,2.87,2.86,11555"
2025-11-18T11:05:00.000-00:00,"2.87,2.87,2.87,2.87,10497"
2025-11-18T11:10:00.000-00:00,"2.86,2.87,2.87,2.86,388"
2025-11-18T11:15:00.000-00:00,"2.87,2.87,2.87,2.86,16023"
2025-11-18T11:20:00.000-00:00,"2.86,2.87,2.87,2.86,218013"
2025-11-18T11:25:00.000-00:00,"2.88,2.88,2.88,2.87,36122"
2025-11-18T11:30:00.000-00:00,"2.87,2.87,2.88,2.87,305100"
2025-11-18T11:35:00.000-00:00,"2.87,2.87,2.87,2.86,92166"
2025-11-18T11:40:00.000-00:00,"2.86,2.86,2.87,2.86,4162907"
2025-11-18T11:45:00.000-00:00,"2.87,2.85,2.87,2.85,736239"
2025-11-18T11:50:00.000-00:00,"2.85,2.87,2.87,2.85,347941"
2025-11-18T11:55:00.000-00:00,"2.86,2.86,2.86,2.85,160409"
2025-11-18T12:00:00.000-00:00,"2.86,2.86,2.86,2.85,98434"
2025-11-18T12:05:00.000-00:00,"2.86,2.86,2.86,2.85,620898"
2025-11-18T12:10:00.000-00:00,"2.86,2.85,2.87,2.84,2694452"
2025-11-18T12:25:00.000-00:00,"2.86,2.86,2.86,2.86,973979"
2025-11-19T08:00:00.000-00:00,"2.86,2.86,2.87,2.86,23880"
2025-11-19T08:05:00.000-00:00,"2.86,2.86,2.87,2.86,174955"
2025-11-19T08:10:00.000-00:00,"2.86,2.86,2.87,2.85,58625"
2025-11-19T08:15:00.000-00:00,"2.87,2.87,2.87,2.87,1903"
2025-11-19T08:20:00.000-00:00,"2.86,2.86,2.86,2.86,17350"
2025-11-19T08:25:00.000-00:00,"2.87,2.86,2.87,2.86,55510"
2025-11-19T08:35:00.000-00:00,"2.87,2.86,2.87,2.85,48804"
2025-11-19T08:40:00.000-00:00,"2.86,2.86,2.86,2.85,206258"
2025-11-19T08:45:00.000-00:00,"2.86,2.85,2.86,2.85,154"
2025-11-19T08:50:00.000-00:00,"2.86,2.85,2.86,2.85,4033"
2025-11-19T08:55:00.000-00:00,"2.85,2.86,2.86,2.85,90102"
2025-11-19T09:00:00.000-00:00,"2.86,2.86,2.86,2.86,1"
2025-11-19T09:05:00.000-00:00,"2.86,2.86,2.86,2.86,134707"
2025-11-19T09:10:00.000-00:00,"2.86,2.87,2.87,2.85,170193"
2025-11-19T09:15:00.000-00:00,"2.87,2.87,2.87,2.86,1800"
2025-11-19T09:20:00.000-00:00,"2.86,2.86,2.87,2.86,35525"
2025-11-19T09:25:00.000-00:00,"2.86,2.86,2.86,2.86,49702"
2025-11-19T09:30:00.000-00:00,"2.87,2.87,2.87,2.87,7074"
2025-11-19T09:35:00.000-00:00,"2.87,2.86,2.87,2.85,59072"
2025-11-19T09:40:00.000-00:00,"2.86,2.85,2.86,2.85,2152334"
2025-11-19T09:45:00.000-00:00,"2.85,2.86,2.86,2.85,4393"
2025-11-19T09:50:00.000-00:00,"2.85,2.86,2.86,2.85,23410"
2025-11-19T09:55:00.000-00:00,"2.86,2.85,2.86,2.85,332873"
2025-11-19T10:00:00.000-00:00,"2.85,2.85,2.85,2.84,71624"
2025-11-19T10:05:00.000-00:00,"2.85,2.85,2.85,2.84,58778"
2025-11-19T10:10:00.000-00:00,"2.86,2.85,2.86,2.85,21930"
2025-11-19T10:15:00.000-00:00,"2.86,2.86,2.86,2.85,109538"
2025-11-19T10:20:00.000-00:00,"2.86,2.85,2.86,2.85,30612"
2025-11-19T10:25:00.000-00:00,"2.86,2.86,2.86,2.86,10000"
2025-11-19T10:30:00.000-00:00,"2.85,2.85,2.86,2.85,2538"
2025-11-19T10:35:00.000-00:00,"2.85,2.85,2.86,2.85,86628"
2025-11-19T10:40:00.000-00:00,"2.85,2.85,2.85,2.85,28838"
2025-11-19T10:45:00.000-00:00,"2.85,2.85,2.85,2.84,23220"
2025-11-19T10:50:00.000-00:00,"2.85,2.88,2.9,2.84,2677771"
2025-11-19T10:55:00.000-00:00,"2.86,2.89,2.89,2.85,2252416"
2025-11-19T11:00:00.000-00:00,"2.89,2.88,2.89,2.88,268651"
2025-11-19T11:05:00.000-00:00,"2.88,2.91,2.91,2.88,3383203"
2025-11-19T11:10:00.000-00:00,"2.89,2.9,2.91,2.89,2839766"
2025-11-19T11:15:00.000-00:00,"2.9,2.92,2.92,2.89,1180358"
2025-11-19T11:20:00.000-00:00,"2.92,2.94,2.94,2.91,4261508"
2025-11-19T11:25:00.000-00:00,"2.94,2.93,2.95,2.93,1021647"
2025-11-19T11:30:00.000-00:00,"2.94,2.94,2.94,2.93,303915"
2025-11-19T11:35:00.000-00:00,"2.94,2.95,2.95,2.94,2131232"
2025-11-19T11:40:00.000-00:00,"2.94,2.95,2.96,2.94,1114667"
2025-11-19T11:45:00.000-00:00,"2.95,2.96,2.98,2.95,1056159"
2025-11-19T11:50:00.000-00:00,"2.96,2.96,2.97,2.96,233715"
2025-11-19T11:55:00.000-00:00,"2.96,2.96,2.96,2.95,17904"
2025-11-19T12:00:00.000-00:00,"2.95,2.95,2.96,2.95,2060228"
2025-11-19T12:05:00.000-00:00,"2.95,2.95,2.95,2.94,69392"
2025-11-19T12:10:00.000-00:00,"2.95,2.94,2.95,2.94,232181"
2025-11-19T12:25:00.000-00:00,"2.97,2.97,2.97,2.97,1517470"
2025-11-20T08:00:00.000-00:00,"2.97,2.97,2.99,2.96,715784"
2025-11-20T08:05:00.000-00:00,"2.97,2.98,2.99,2.97,280472"
2025-11-20T08:10:00.000-00:00,"2.98,2.97,2.99,2.97,178877"
2025-11-20T08:15:00.000-00:00,"2.97,2.99,3,2.97,1295714"
2025-11-20T08:20:00.000-00:00,"2.99,2.99,2.99,2.98,539667"
2025-11-20T08:25:00.000-00:00,"2.99,3.01,3.01,2.98,4664404"
2025-11-20T08:30:00.000-00:00,"3,3,3.01,3,342659"
2025-11-20T08:35:00.000-00:00,"3,3,3.01,3,3430866"
2025-11-20T08:40:00.000-00:00,"3,2.99,3,2.99,488141"
2025-11-20T08:45:00.000-00:00,"2.99,2.99,2.99,2.99,58289"
2025-11-20T08:50:00.000-00:00,"2.99,3,3,2.99,129453"
2025-11-20T08:55:00.000-00:00,"2.99,2.99,2.99,2.99,47380"
2025-11-20T09:00:00.000-00:00,"2.99,3,3,2.99,67137"
2025-11-20T09:05:00.000-00:00,"2.99,2.99,2.99,2.98,8990"
2025-11-20T09:10:00.000-00:00,"2.99,2.98,2.99,2.98,1055035"
2025-11-20T09:15:00.000-00:00,"2.99,2.96,2.99,2.95,2158844"
2025-11-20T09:20:00.000-00:00,"2.96,2.97,2.97,2.96,47326"
2025-11-20T09:25:00.000-00:00,"2.97,2.96,2.97,2.96,120842"
2025-11-20T09:30:00.000-00:00,"2.96,2.96,2.96,2.96,38865"
2025-11-20T09:35:00.000-00:00,"2.96,2.96,2.96,2.96,29380"
2025-11-20T09:40:00.000-00:00,"2.96,2.96,2.96,2.96,593"
2025-11-20T09:45:00.000-00:00,"2.96,2.96,2.96,2.96,80198"
2025-11-20T09:50:00.000-00:00,"2.97,2.96,2.97,2.95,293671"
2025-11-20T09:55:00.000-00:00,"2.95,2.95,2.96,2.94,450442"
2025-11-20T10:05:00.000-00:00,"2.95,2.95,2.95,2.95,3321"
2025-11-20T10:10:00.000-00:00,"2.95,2.95,2.95,2.94,110719"
2025-11-20T10:15:00.000-00:00,"2.95,2.94,2.95,2.94,62401"
2025-11-20T10:20:00.000-00:00,"2.94,2.94,2.94,2.94,7220"
2025-11-20T10:25:00.000-00:00,"2.94,2.95,2.95,2.94,3834"
2025-11-20T10:30:00.000-00:00,"2.95,2.94,2.95,2.94,231521"
2025-11-20T10:35:00.000-00:00,"2.93,2.93,2.94,2.93,589985"
2025-11-20T10:40:00.000-00:00,"2.93,2.94,2.94,2.93,39525"
2025-11-20T10:45:00.000-00:00,"2.94,2.93,2.94,2.93,5914"
2025-11-20T10:50:00.000-00:00,"2.93,2.94,2.94,2.93,7814"
2025-11-20T10:55:00.000-00:00,"2.94,2.94,2.94,2.94,15016"
2025-11-20T11:00:00.000-00:00,"2.93,2.94,2.94,2.93,27341"
2025-11-20T11:05:00.000-00:00,"2.93,2.93,2.94,2.92,289748"
2025-11-20T11:10:00.000-00:00,"2.93,2.93,2.94,2.93,25801"
2025-11-20T11:15:00.000-00:00,"2.93,2.94,2.94,2.93,12793"
2025-11-20T11:20:00.000-00:00,"2.94,2.93,2.94,2.93,3505316"
2025-11-20T11:25:00.000-00:00,"2.93,2.93,2.93,2.93,19907"
2025-11-20T11:30:00.000-00:00,"2.93,2.93,2.93,2.92,41798"
2025-11-20T11:35:00.000-00:00,"2.93,2.93,2.93,2.92,296452"
2025-11-20T11:40:00.000-00:00,"2.92,2.92,2.94,2.92,1024575"
2025-11-20T11:45:00.000-00:00,"2.91,2.92,2.92,2.91,107395"
2025-11-20T11:50:00.000-00:00,"2.92,2.92,2.92,2.91,668748"
2025-11-20T11:55:00.000-00:00,"2.92,2.92,2.92,2.92,36737"
2025-11-20T12:00:00.000-00:00,"2.92,2.93,2.93,2.9,1349643"
2025-11-20T12:05:00.000-00:00,"2.92,2.92,2.92,2.91,32629"
2025-11-20T12:10:00.000-00:00,"2.92,2.9,2.92,2.9,440379"
2025-11-20T12:25:00.000-00:00,"2.9,2.9,2.9,2.9,3163025"
2025-11-23T08:00:00.000-00:00,"2.91,2.92,2.93,2.91,52634"
2025-11-23T08:05:00.000-00:00,"2.93,2.93,2.93,2.92,427810"
2025-11-23T08:10:00.000-00:00,"2.93,2.92,2.94,2.92,206325"
2025-11-23T08:15:00.000-00:00,"2.92,2.93,2.93,2.92,169599"
2025-11-23T08:20:00.000-00:00,"2.93,2.92,2.93,2.92,692410"
2025-11-23T08:25:00.000-00:00,"2.92,2.92,2.92,2.92,6889"
2025-11-23T08:30:00.000-00:00,"2.93,2.93,2.93,2.93,10025"
2025-11-23T08:35:00.000-00:00,"2.93,2.95,2.95,2.93,1288456"
2025-11-23T08:40:00.000-00:00,"2.95,2.95,2.95,2.93,138353"
2025-11-23T08:45:00.000-00:00,"2.95,2.95,2.95,2.94,19926"
2025-11-23T08:50:00.000-00:00,"2.94,2.94,2.94,2.93,300957"
2025-11-23T08:55:00.000-00:00,"2.94,2.94,2.94,2.94,2021"
2025-11-23T09:00:00.000-00:00,"2.94,2.94,2.96,2.94,119839"
2025-11-23T09:05:00.000-00:00,"2.94,2.95,2.96,2.94,112451"
2025-11-23T09:10:00.000-00:00,"2.94,2.95,2.95,2.94,200581"
2025-11-23T09:15:00.000-00:00,"2.96,2.95,2.96,2.94,150151"
2025-11-23T09:20:00.000-00:00,"2.95,2.94,2.96,2.94,105782"
2025-11-23T09:25:00.000-00:00,"2.94,2.94,2.95,2.94,32141"
2025-11-23T09:30:00.000-00:00,"2.95,2.96,2.96,2.94,10158242"
2025-11-23T09:35:00.000-00:00,"2.96,2.96,2.96,2.95,79422"
2025-11-23T09:40:00.000-00:00,"2.96,2.95,2.96,2.95,114576"
2025-11-23T09:45:00.000-00:00,"2.96,2.95,2.96,2.95,329991"
2025-11-23T09:50:00.000-00:00,"2.95,2.94,2.95,2.94,259862"
2025-11-23T09:55:00.000-00:00,"2.95,2.95,2.96,2.95,27258"
2025-11-23T10:00:00.000-00:00,"2.96,2.95,2.96,2.95,35746"
2025-11-23T10:05:00.000-00:00,"2.95,2.94,2.95,2.94,239006"
2025-11-23T10:10:00.000-00:00,"2.94,2.93,2.94,2.93,408285"
2025-11-23T10:15:00.000-00:00,"2.93,2.93,2.94,2.93,108504"
2025-11-23T10:20:00.000-00:00,"2.95,2.94,2.95,2.93,3686"
2025-11-23T10:25:00.000-00:00,"2.93,2.93,2.94,2.93,325405"
2025-11-23T10:30:00.000-00:00,"2.94,2.94,2.94,2.94,13633"
2025-11-23T10:35:00.000-00:00,"2.94,2.93,2.94,2.93,45091"
2025-11-23T10:40:00.000-00:00,"2.94,2.93,2.94,2.93,19818"
2025-11-23T10:45:00.000-00:00,"2.94,2.94,2.94,2.94,1703"
2025-11-23T10:50:00.000-00:00,"2.94,2.94,2.94,2.94,500"
2025-11-23T10:55:00.000-00:00,"2.93,2.93,2.93,2.93,1150"
2025-11-23T11:00:00.000-00:00,"2.93,2.94,2.94,2.93,42509"
2025-11-23T11:05:00.000-00:00,"2.93,2.93,2.93,2.93,67160"
2025-11-23T11:10:00.000-00:00,"2.93,2.93,2.94,2.93,185426"
2025-11-23T11:15:00.000-00:00,"2.94,2.94,2.94,2.94,28573"
2025-11-23T11:20:00.000-00:00,"2.93,2.94,2.94,2.93,12154"
2025-11-23T11:25:00.000-00:00,"2.93,2.92,2.93,2.92,472563"
2025-11-23T11:30:00.000-00:00,"2.93,2.94,2.94,2.93,255957"
2025-11-23T11:35:00.000-00:00,"2.93,2.94,2.94,2.93,6192"
2025-11-23T11:40:00.000-00:00,"2.93,2.92,2.93,2.92,2738023"
2025-11-23T11:45:00.000-00:00,"2.92,2.92,2.92,2.9,1145618"
2025-11-23T11:50:00.000-00:00,"2.9,2.9,2.9,2.88,2702614"
2025-11-23T11:55:00.000-00:00,"2.9,2.9,2.9,2.89,9422800"
2025-11-23T12:00:00.000-00:00,"2.89,2.91,2.91,2.89,1530653"
2025-11-23T12:05:00.000-00:00,"2.9,2.9,2.91,2.9,1307091"
2025-11-23T12:10:00.000-00:00,"2.9,2.88,2.9,2.87,1362984"
2025-11-23T12:25:00.000-00:00,"2.9,2.9,2.9,2.9,839743"
2025-11-24T08:00:00.000-00:00,"2.91,2.91,2.91,2.9,276009"
2025-11-24T08:05:00.000-00:00,"2.91,2.91,2.91,2.91,1661"
2025-11-24T08:10:00.000-00:00,"2.9,2.91,2.91,2.9,154229"
2025-11-24T08:15:00.000-00:00,"2.9,2.91,2.92,2.9,156106"
2025-11-24T08:20:00.000-00:00,"2.9,2.9,2.9,2.9,10"
2025-11-24T08:25:00.000-00:00,"2.91,2.9,2.91,2.9,38944"
2025-11-24T08:30:00.000-00:00,"2.9,2.91,2.91,2.9,59269"
2025-11-24T08:35:00.000-00:00,"2.91,2.9,2.91,2.9,320554"
2025-11-24T08:40:00.000-00:00,"2.91,2.9,2.91,2.9,80791"
2025-11-24T08:45:00.000-00:00,"2.9,2.9,2.9,2.89,103900"
2025-11-24T08:50:00.000-00:00,"2.9,2.9,2.9,2.9,9130"
2025-11-24T08:55:00.000-00:00,"2.9,2.9,2.91,2.9,109471"
2025-11-24T09:00:00.000-00:00,"2.9,2.9,2.91,2.9,6619"
2025-11-24T09:05:00.000-00:00,"2.9,2.9,2.9,2.9,579147"
2025-11-24T09:10:00.000-00:00,"2.9,2.89,2.9,2.89,1613"
2025-11-24T09:15:00.000-00:00,"2.9,2.89,2.9,2.89,291172"
2025-11-24T09:20:00.000-00:00,"2.9,2.89,2.9,2.89,26207"
2025-11-24T09:25:00.000-00:00,"2.9,2.89,2.9,2.89,102"
2025-11-24T09:30:00.000-00:00,"2.9,2.89,2.9,2.89,22300"
2025-11-24T09:40:00.000-00:00,"2.89,2.89,2.9,2.89,10100"
2025-11-24T09:45:00.000-00:00,"2.89,2.89,2.89,2.89,7072"
2025-11-24T09:50:00.000-00:00,"2.89,2.89,2.89,2.89,83492"
2025-11-24T09:55:00.000-00:00,"2.89,2.88,2.89,2.88,34184"
2025-11-24T10:00:00.000-00:00,"2.88,2.88,2.88,2.87,270117"
2025-11-24T10:05:00.000-00:00,"2.87,2.87,2.87,2.87,17500"
2025-11-24T10:10:00.000-00:00,"2.88,2.88,2.88,2.87,260431"
2025-11-24T10:15:00.000-00:00,"2.87,2.88,2.88,2.87,10010"
2025-11-24T10:20:00.000-00:00,"2.88,2.87,2.88,2.87,42484"
2025-11-24T10:25:00.000-00:00,"2.87,2.87,2.88,2.87,98939"
2025-11-24T10:30:00.000-00:00,"2.87,2.88,2.88,2.87,20000"
2025-11-24T10:35:00.000-00:00,"2.88,2.88,2.88,2.88,25000"
2025-11-24T10:40:00.000-00:00,"2.87,2.87,2.87,2.86,173637"
2025-11-24T10:45:00.000-00:00,"2.87,2.85,2.87,2.85,361966"
2025-11-24T10:50:00.000-00:00,"2.86,2.87,2.87,2.85,1171618"
2025-11-24T10:55:00.000-00:00,"2.87,2.87,2.87,2.87,7636"
2025-11-24T11:00:00.000-00:00,"2.86,2.86,2.87,2.86,91014"
2025-11-24T11:05:00.000-00:00,"2.87,2.87,2.87,2.86,256778"
2025-11-24T11:10:00.000-00:00,"2.87,2.87,2.88,2.86,202204"
2025-11-24T11:15:00.000-00:00,"2.86,2.87,2.87,2.86,197506"
2025-11-24T11:20:00.000-00:00,"2.87,2.88,2.88,2.87,387429"
2025-11-24T11:25:00.000-00:00,"2.88,2.88,2.88,2.88,40796"
2025-11-24T11:30:00.000-00:00,"2.88,2.88,2.88,2.87,8818"
2025-11-24T11:35:00.000-00:00,"2.87,2.87,2.88,2.87,150379"
2025-11-24T11:40:00.000-00:00,"2.88,2.89,2.9,2.87,1016805"
2025-11-24T11:45:00.000-00:00,"2.88,2.9,2.9,2.87,517132"
2025-11-24T11:50:00.000-00:00,"2.89,2.94,3,2.88,8595871"
2025-11-24T11:55:00.000-00:00,"2.95,2.93,2.95,2.93,373955"
2025-11-24T12:00:00.000-00:00,"2.93,2.91,2.94,2.91,520102"
2025-11-24T12:05:00.000-00:00,"2.92,2.92,2.93,2.91,706866"
2025-11-24T12:10:00.000-00:00,"2.92,2.93,2.93,2.92,572440"
2025-11-24T12:25:00.000-00:00,"2.92,2.92,2.92,2.92,634006"
2025-11-25T08:00:00.000-00:00,"2.92,2.9,2.93,2.9,2442186"
2025-11-25T08:05:00.000-00:00,"2.9,2.9,2.9,2.89,351984"
2025-11-25T08:10:00.000-00:00,"2.9,2.9,2.92,2.9,937511"
2025-11-25T08:15:00.000-00:00,"2.9,2.9,2.91,2.9,1674833"
2025-11-25T08:20:00.000-00:00,"2.9,2.91,2.91,2.89,708573"
2025-11-25T08:25:00.000-00:00,"2.9,2.91,2.91,2.89,1027504"
2025-11-25T08:30:00.000-00:00,"2.91,2.91,2.92,2.91,514014"
2025-11-25T08:35:00.000-00:00,"2.92,2.96,2.97,2.92,2958302"
2025-11-25T08:40:00.000-00:00,"2.96,2.92,2.96,2.92,1653047"
2025-11-25T08:45:00.000-00:00,"2.93,2.94,2.95,2.93,165131"
2025-11-25T08:50:00.000-00:00,"2.95,2.95,2.95,2.94,100233"
2025-11-25T08:55:00.000-00:00,"2.95,2.95,2.95,2.94,1397780"
2025-11-25T09:00:00.000-00:00,"2.94,2.95,2.95,2.94,1054600"
2025-11-25T09:05:00.000-00:00,"2.95,2.96,3,2.94,10642561"
2025-11-25T09:10:00.000-00:00,"2.96,2.96,2.96,2.95,1227540"
2025-11-25T09:15:00.000-00:00,"2.95,2.95,2.95,2.95,539780"
2025-11-25T09:20:00.000-00:00,"2.95,2.95,2.95,2.95,150921"
2025-11-25T09:25:00.000-00:00,"2.95,2.95,2.95,2.94,128775"
2025-11-25T09:30:00.000-00:00,"2.95,2.95,2.95,2.93,850875"
2025-11-25T09:35:00.000-00:00,"2.94,2.93,2.94,2.93,353835"
2025-11-25T09:40:00.000-00:00,"2.94,2.95,2.95,2.94,34842"
2025-11-25T09:45:00.000-00:00,"2.94,2.94,2.95,2.94,769923"
2025-11-25T09:50:00.000-00:00,"2.95,2.94,2.95,2.94,930230"
2025-11-25T09:55:00.000-00:00,"2.94,2.93,2.94,2.93,101059"
2025-11-25T10:00:00.000-00:00,"2.94,2.94,2.95,2.94,502117"
2025-11-25T10:05:00.000-00:00,"2.94,2.94,2.95,2.94,7191"
2025-11-25T10:10:00.000-00:00,"2.94,2.95,2.95,2.94,17910"
2025-11-25T10:15:00.000-00:00,"2.95,2.95,2.95,2.95,100000"
2025-11-25T10:20:00.000-00:00,"2.94,2.94,2.94,2.94,3204757"
2025-11-25T10:25:00.000-00:00,"2.94,2.95,2.95,2.94,502103"
2025-11-25T10:30:00.000-00:00,"2.95,2.94,2.95,2.93,1048271"
2025-11-25T10:35:00.000-00:00,"2.94,2.94,2.94,2.94,17000"
2025-11-25T10:40:00.000-00:00,"2.94,2.95,2.95,2.92,404311"
2025-11-25T10:45:00.000-00:00,"2.92,2.94,2.94,2.92,2498"
2025-11-25T10:50:00.000-00:00,"2.93,2.94,2.94,2.93,24585"
2025-11-25T10:55:00.000-00:00,"2.93,2.94,2.94,2.93,8849"
2025-11-25T11:00:00.000-00:00,"2.94,2.94,2.94,2.94,3000"
2025-11-25T11:05:00.000-00:00,"2.93,2.94,2.94,2.93,3132"
2025-11-25T11:10:00.000-00:00,"2.94,2.94,2.94,2.93,426805"
2025-11-25T11:15:00.000-00:00,"2.94,2.94,2.95,2.93,547125"
2025-11-25T11:20:00.000-00:00,"2.93,2.94,2.94,2.93,63925"
2025-11-25T11:25:00.000-00:00,"2.93,2.94,2.94,2.93,180083"
2025-11-25T11:30:00.000-00:00,"2.94,2.94,2.95,2.94,100314"
2025-11-25T11:35:00.000-00:00,"2.94,2.94,2.94,2.93,958093"
2025-11-25T11:40:00.000-00:00,"2.94,2.92,2.94,2.92,1396683"
2025-11-25T11:45:00.000-00:00,"2.92,2.93,2.93,2.92,200300"
2025-11-25T11:50:00.000-00:00,"2.92,2.92,2.93,2.92,283334"
2025-11-25T11:55:00.000-00:00,"2.92,2.91,2.93,2.91,972981"
2025-11-25T12:00:00.000-00:00,"2.91,2.91,2.92,2.9,3431604"
2025-11-25T12:05:00.000-00:00,"2.91,2.91,2.91,2.9,370907"
2025-11-25T12:10:00.000-00:00,"2.9,2.91,2.92,2.9,989678"
2025-11-25T12:25:00.000-00:00,"2.91,2.91,2.91,2.91,1813211"
2025-11-26T08:00:00.000-00:00,"2.92,2.92,2.93,2.92,36518"
2025-11-26T08:05:00.000-00:00,"2.91,2.9,2.92,2.9,426086"
2025-11-26T08:10:00.000-00:00,"2.9,2.91,2.91,2.9,335000"
2025-11-26T08:15:00.000-00:00,"2.92,2.92,2.92,2.91,18960"
2025-11-26T08:20:00.000-00:00,"2.92,2.92,2.93,2.91,225458"
2025-11-26T08:25:00.000-00:00,"2.92,2.91,2.93,2.91,307274"
2025-11-26T08:30:00.000-00:00,"2.9,2.92,2.92,2.9,234507"
2025-11-26T08:35:00.000-00:00,"2.92,2.92,2.93,2.92,26122"
2025-11-26T08:40:00.000-00:00,"2.92,2.93,2.93,2.91,143447"
2025-11-26T08:45:00.000-00:00,"2.93,2.97,3.01,2.93,25597769"
2025-11-26T08:50:00.000-00:00,"2.96,2.96,2.97,2.95,1811200"
2025-11-26T08:55:00.000-00:00,"2.96,2.97,2.97,2.95,706252"
2025-11-26T09:00:00.000-00:00,"2.96,2.96,2.97,2.96,594510"
2025-11-26T09:05:00.000-00:00,"2.96,2.96,2.96,2.95,192325"
2025-11-26T09:10:00.000-00:00,"2.96,2.97,2.98,2.96,698750"
2025-11-26T09:15:00.000-00:00,"2.97,2.97,2.97,2.96,143162"
2025-11-26T09:20:00.000-00:00,"2.97,2.97,2.97,2.96,116318"
2025-11-26T09:25:00.000-00:00,"2.97,2.96,2.97,2.96,195844"
2025-11-26T09:30:00.000-00:00,"2.96,2.97,2.97,2.96,19456"
2025-11-26T09:35:00.000-00:00,"2.96,2.97,2.97,2.96,12192"
2025-11-26T09:40:00.000-00:00,"2.97,2.97,2.97,2.97,550611"
2025-11-26T09:45:00.000-00:00,"2.97,2.97,2.97,2.96,981764"
2025-11-26T09:50:00.000-00:00,"2.97,2.98,2.98,2.97,1471952"
2025-11-26T09:55:00.000-00:00,"2.97,2.97,2.97,2.97,76176"
2025-11-26T10:00:00.000-00:00,"2.97,2.97,2.98,2.96,205914"
2025-11-26T10:05:00.000-00:00,"2.97,2.96,2.97,2.96,26107"
2025-11-26T10:10:00.000-00:00,"2.97,2.96,2.98,2.96,5029672"
2025-11-26T10:15:00.000-00:00,"2.96,2.96,2.96,2.96,75783"
2025-11-26T10:20:00.000-00:00,"2.97,2.96,2.97,2.96,135145"
2025-11-26T10:25:00.000-00:00,"2.96,2.97,2.97,2.96,63472"
2025-11-26T10:30:00.000-00:00,"2.96,2.96,2.97,2.96,529444"
2025-11-26T10:35:00.000-00:00,"2.97,2.96,2.97,2.95,1071185"
2025-11-26T10:40:00.000-00:00,"2.96,2.96,2.96,2.96,3633"
2025-11-26T10:45:00.000-00:00,"2.96,2.96,2.96,2.96,2049"
2025-11-26T10:50:00.000-00:00,"2.96,2.95,2.96,2.95,149276"
2025-11-26T10:55:00.000-00:00,"2.95,2.95,2.95,2.95,1342147"
2025-11-26T11:00:00.000-00:00,"2.95,2.94,2.95,2.94,58084"
2025-11-26T11:05:00.000-00:00,"2.94,2.93,2.94,2.93,733562"
2025-11-26T11:10:00.000-00:00,"2.93,2.93,2.93,2.93,93711"
2025-11-26T11:15:00.000-00:00,"2.93,2.93,2.94,2.93,10092"
2025-11-26T11:20:00.000-00:00,"2.93,2.94,2.94,2.93,49357"
2025-11-26T11:25:00.000-00:00,"2.94,2.93,2.94,2.93,437101"
2025-11-26T11:30:00.000-00:00,"2.93,2.94,2.94,2.93,1998"
2025-11-26T11:35:00.000-00:00,"2.94,2.94,2.94,2.94,520875"
2025-11-26T11:40:00.000-00:00,"2.94,2.94,2.94,2.94,39672"
2025-11-26T11:45:00.000-00:00,"2.94,2.94,2.94,2.93,120060"
2025-11-26T11:50:00.000-00:00,"2.93,2.93,2.94,2.93,591951"
2025-11-26T11:55:00.000-00:00,"2.94,2.94,2.94,2.93,226607"
2025-11-26T12:00:00.000-00:00,"2.94,2.94,2.94,2.93,1005750"
2025-11-26T12:05:00.000-00:00,"2.94,2.94,2.94,2.93,137969"
2025-11-26T12:10:00.000-00:00,"2.94,2.93,2.94,2.92,1208164"
2025-11-26T12:25:00.000-00:00,"2.92,2.92,2.92,2.92,3001200"
2025-11-27T08:00:00.000-00:00,"2.94,2.93,2.94,2.93,525866"
2025-11-27T08:05:00.000-00:00,"2.94,2.93,2.94,2.93,701079"
2025-11-27T08:10:00.000-00:00,"2.94,2.94,2.94,2.94,24808"
2025-11-27T08:15:00.000-00:00,"2.93,2.94,2.94,2.93,37768"
2025-11-27T08:20:00.000-00:00,"2.93,2.93,2.93,2.93,52"
2025-11-27T08:25:00.000-00:00,"2.93,2.93,2.93,2.92,385408"
2025-11-27T08:30:00.000-00:00,"2.93,2.95,2.95,2.93,27937748"
2025-11-27T08:35:00.000-00:00,"2.95,2.96,2.96,2.95,302173"
2025-11-27T08:40:00.000-00:00,"2.96,2.96,2.96,2.96,291138"
2025-11-27T08:45:00.000-00:00,"2.96,2.95,2.96,2.95,72304"
2025-11-27T08:50:00.000-00:00,"2.95,2.95,2.96,2.95,37002"
2025-11-27T08:55:00.000-00:00,"2.96,2.98,2.98,2.96,3103795"
2025-11-27T09:00:00.000-00:00,"2.98,2.97,2.98,2.96,1253123"
2025-11-27T09:05:00.000-00:00,"2.97,2.97,2.97,2.96,510341"
2025-11-27T09:10:00.000-00:00,"2.98,2.97,2.98,2.97,174478"
2025-11-27T09:15:00.000-00:00,"2.98,2.97,2.98,2.96,488572"
2025-11-27T09:20:00.000-00:00,"2.97,2.98,2.98,2.97,1941541"
2025-11-27T09:25:00.000-00:00,"2.98,2.98,2.98,2.97,650081"
2025-11-27T09:30:00.000-00:00,"2.98,2.98,2.98,2.97,75189"
2025-11-27T09:35:00.000-00:00,"2.97,2.98,2.98,2.97,80870"
2025-11-27T09:40:00.000-00:00,"2.98,2.96,2.98,2.96,2189467"
2025-11-27T09:45:00.000-00:00,"2.97,2.96,2.98,2.96,104162"
2025-11-27T09:50:00.000-00:00,"2.97,2.98,2.98,2.97,368414"
2025-11-27T09:55:00.000-00:00,"2.97,2.98,2.98,2.97,359113"
2025-11-27T10:00:00.000-00:00,"2.97,2.98,2.98,2.97,1434117"
2025-11-27T10:05:00.000-00:00,"2.97,2.97,2.98,2.97,234313"
2025-11-27T10:10:00.000-00:00,"2.96,2.96,2.97,2.96,147396"
2025-11-27T10:15:00.000-00:00,"2.96,2.97,2.97,2.96,374167"
2025-11-27T10:20:00.000-00:00,"2.96,2.98,2.99,2.96,5981093"
2025-11-27T10:25:00.000-00:00,"2.98,3,3.01,2.98,9965531"
2025-11-27T10:30:00.000-00:00,"3.01,3,3.01,3,2734894"
2025-11-27T10:35:00.000-00:00,"3.01,3.02,3.02,3,6459846"
2025-11-27T10:40:00.000-00:00,"3.01,3.01,3.02,3.01,2894766"
2025-11-27T10:45:00.000-00:00,"3.01,3.01,3.01,3,1589124"
2025-11-27T10:50:00.000-00:00,"3.01,3.01,3.01,3,1115606"
2025-11-27T10:55:00.000-00:00,"3.01,3.02,3.04,3.01,10840072"
2025-11-27T11:00:00.000-00:00,"3.03,3.03,3.04,3.02,1637107"
2025-11-27T11:05:00.000-00:00,"3.03,3.05,3.05,3.03,2175222"
2025-11-27T11:10:00.000-00:00,"3.05,3.07,3.07,3.04,5746148"
2025-11-27T11:15:00.000-00:00,"3.07,3.06,3.07,3.05,4148808"
2025-11-27T11:20:00.000-00:00,"3.06,3.08,3.08,3.05,9640334"
2025-11-27T11:25:00.000-00:00,"3.07,3.07,3.09,3.06,2408003"
2025-11-27T11:30:00.000-00:00,"3.07,3.06,3.07,3.06,1881460"
2025-11-27T11:35:00.000-00:00,"3.06,3.06,3.06,3.05,1239040"
2025-11-27T11:40:00.000-00:00,"3.06,3.05,3.06,3.05,5207223"
2025-11-27T11:45:00.000-00:00,"3.05,3.05,3.06,3.04,3008185"
2025-11-27T11:50:00.000-00:00,"3.05,3.06,3.06,3.04,553822"
2025-11-27T11:55:00.000-00:00,"3.05,3.05,3.06,3.05,273140"
2025-11-27T12:00:00.000-00:00,"3.04,3.04,3.05,3.04,1294113"
2025-11-27T12:05:00.000-00:00,"3.04,3.03,3.05,3.03,1316599"
2025-11-27T12:10:00.000-00:00,"3.04,3.03,3.04,3.03,2105460"
2025-11-27T12:25:00.000-00:00,"3.04,3.04,3.04,3.04,3457513"
2025-11-30T08:00:00.000-00:00,"3.08,3.11,3.11,3.07,41778960"
2025-11-30T08:05:00.000-00:00,"3.11,3.11,3.12,3.11,5956508"
2025-11-30T08:10:00.000-00:00,"3.11,3.12,3.12,3.1,5973230"
2025-11-30T08:15:00.000-00:00,"3.12,3.1,3.12,3.09,2937040"
2025-11-30T08:20:00.000-00:00,"3.1,3.09,3.11,3.09,1160789"
2025-11-30T08:25:00.000-00:00,"3.1,3.09,3.1,3.08,4720362"
2025-11-30T08:30:00.000-00:00,"3.09,3.1,3.1,3.09,732323"
2025-11-30T08:35:00.000-00:00,"3.1,3.1,3.1,3.09,1060225"
2025-11-30T08:40:00.000-00:00,"3.09,3.1,3.11,3.09,2209887"
2025-11-30T08:45:00.000-00:00,"3.1,3.1,3.11,3.1,74152"
2025-11-30T08:50:00.000-00:00,"3.1,3.11,3.11,3.1,2630244"
2025-11-30T08:55:00.000-00:00,"3.1,3.12,3.12,3.1,2180496"
2025-11-30T09:00:00.000-00:00,"3.12,3.11,3.12,3.11,1545718"
2025-11-30T09:05:00.000-00:00,"3.11,3.12,3.13,3.11,5325127"
2025-11-30T09:10:00.000-00:00,"3.12,3.12,3.13,3.11,5690454"
2025-11-30T09:15:00.000-00:00,"3.12,3.14,3.15,3.11,13411183"
2025-11-30T09:20:00.000-00:00,"3.13,3.14,3.14,3.13,6508500"
2025-11-30T09:25:00.000-00:00,"3.14,3.13,3.14,3.12,6308962"
2025-11-30T09:30:00.000-00:00,"3.13,3.12,3.13,3.12,3807345"
2025-11-30T09:35:00.000-00:00,"3.12,3.12,3.12,3.11,563572"
2025-11-30T09:40:00.000-00:00,"3.12,3.12,3.12,3.11,1116736"
2025-11-30T09:45:00.000-00:00,"3.12,3.14,3.14,3.12,2381392"
2025-11-30T09:50:00.000-00:00,"3.14,3.13,3.14,3.12,2735468"
2025-11-30T09:55:00.000-00:00,"3.13,3.12,3.13,3.12,1206244"
2025-11-30T10:00:00.000-00:00,"3.13,3.13,3.14,3.12,2248331"
2025-11-30T10:05:00.000-00:00,"3.13,3.13,3.14,3.12,2017810"
2025-11-30T10:10:00.000-00:00,"3.13,3.14,3.14,3.13,4217107"
2025-11-30T10:15:00.000-00:00,"3.14,3.14,3.15,3.13,2800226"
2025-11-30T10:20:00.000-00:00,"3.13,3.12,3.14,3.12,2855699"
2025-11-30T10:25:00.000-00:00,"3.12,3.11,3.13,3.11,3581937"
2025-11-30T10:30:00.000-00:00,"3.11,3.12,3.12,3.11,2615763"
2025-11-30T10:35:00.000-00:00,"3.13,3.12,3.13,3.12,398807"
2025-11-30T10:40:00.000-00:00,"3.12,3.14,3.14,3.12,1983168"
2025-11-30T10:45:00.000-00:00,"3.13,3.14,3.14,3.13,900093"
2025-11-30T10:50:00.000-00:00,"3.13,3.14,3.14,3.12,3761113"
2025-11-30T10:55:00.000-00:00,"3.14,3.15,3.16,3.13,5487467"
2025-11-30T11:00:00.000-00:00,"3.15,3.15,3.16,3.15,792127"
2025-11-30T11:05:00.000-00:00,"3.15,3.18,3.18,3.15,12896034"
2025-11-30T11:10:00.000-00:00,"3.17,3.16,3.18,3.16,3841669"
2025-11-30T11:15:00.000-00:00,"3.16,3.16,3.17,3.16,1566038"
2025-11-30T11:20:00.000-00:00,"3.16,3.17,3.17,3.16,1244361"
2025-11-30T11:25:00.000-00:00,"3.17,3.16,3.17,3.16,1704852"
2025-11-30T11:30:00.000-00:00,"3.16,3.16,3.16,3.15,303975"
2025-11-30T11:35:00.000-00:00,"3.15,3.15,3.16,3.15,239003"
2025-11-30T11:40:00.000-00:00,"3.15,3.16,3.17,3.15,1601367"
2025-11-30T11:45:00.000-00:00,"3.17,3.17,3.18,3.17,3154547"
2025-11-30T11:50:00.000-00:00,"3.17,3.17,3.18,3.17,1282215"
2025-11-30T11:55:00.000-00:00,"3.17,3.17,3.18,3.17,574019"
2025-11-30T12:00:00.000-00:00,"3.18,3.18,3.19,3.17,5240937"
2025-11-30T12:05:00.000-00:00,"3.18,3.18,3.18,3.17,2536746"
2025-11-30T12:10:00.000-00:00,"3.18,3.18,3.18,3.16,2807612"
2025-11-30T12:25:00.000-00:00,"3.18,3.18,3.18,3.18,7444066"
2025-12-01T08:00:00.000-00:00,"3.2,3.22,3.22,3.19,41746085"
2025-12-01T08:05:00.000-00:00,"3.22,3.21,3.22,3.19,4902277"
2025-12-01T08:10:00.000-00:00,"3.22,3.22,3.22,3.19,4781597"
2025-12-01T08:15:00.000-00:00,"3.21,3.23,3.25,3.21,13487378"
2025-12-01T08:20:00.000-00:00,"3.22,3.22,3.23,3.21,2883742"
2025-12-01T08:25:00.000-00:00,"3.21,3.23,3.24,3.21,4288042"
2025-12-01T08:30:00.000-00:00,"3.23,3.24,3.24,3.22,2158198"
2025-12-01T08:35:00.000-00:00,"3.22,3.23,3.24,3.22,1324693"
2025-12-01T08:40:00.000-00:00,"3.23,3.24,3.25,3.23,3723618"
2025-12-01T08:45:00.000-00:00,"3.24,3.25,3.26,3.24,8559635"
2025-12-01T08:50:00.000-00:00,"3.25,3.25,3.25,3.24,860725"
2025-12-01T08:55:00.000-00:00,"3.24,3.24,3.25,3.23,1528320"
2025-12-01T09:00:00.000-00:00,"3.24,3.24,3.24,3.23,1415317"
2025-12-01T09:05:00.000-00:00,"3.23,3.23,3.24,3.23,1359702"
2025-12-01T09:10:00.000-00:00,"3.23,3.23,3.24,3.22,759583"
2025-12-01T09:15:00.000-00:00,"3.23,3.24,3.24,3.23,624933"
2025-12-01T09:20:00.000-00:00,"3.23,3.22,3.24,3.22,467103"
2025-12-01T09:25:00.000-00:00,"3.22,3.22,3.23,3.22,683019"
2025-12-01T09:30:00.000-00:00,"3.22,3.22,3.23,3.21,1394748"
2025-12-01T09:35:00.000-00:00,"3.22,3.22,3.22,3.21,1845734"
2025-12-01T09:40:00.000-00:00,"3.21,3.22,3.22,3.21,2255593"
2025-12-01T09:45:00.000-00:00,"3.22,3.21,3.22,3.21,976205"
2025-12-01T09:50:00.000-00:00,"3.22,3.21,3.22,3.21,106055"
2025-12-01T09:55:00.000-00:00,"3.21,3.21,3.22,3.2,2693099"
2025-12-01T10:00:00.000-00:00,"3.2,3.2,3.21,3.19,8341530"
2025-12-01T10:05:00.000-00:00,"3.2,3.2,3.2,3.19,2852420"
2025-12-01T10:10:00.000-00:00,"3.2,3.18,3.2,3.18,5847539"
2025-12-01T10:15:00.000-00:00,"3.18,3.17,3.19,3.16,5257594"
2025-12-01T10:20:00.000-00:00,"3.17,3.18,3.19,3.17,1696178"
2025-12-01T10:25:00.000-00:00,"3.18,3.19,3.19,3.18,20305"
2025-12-01T10:30:00.000-00:00,"3.19,3.17,3.19,3.17,1260060"
2025-12-01T10:35:00.000-00:00,"3.17,3.18,3.18,3.17,908288"
2025-12-01T10:40:00.000-00:00,"3.18,3.18,3.18,3.17,303025"
2025-12-01T10:45:00.000-00:00,"3.17,3.19,3.19,3.17,1086328"
2025-12-01T10:50:00.000-00:00,"3.19,3.2,3.2,3.19,780686"
2025-12-01T10:55:00.000-00:00,"3.19,3.19,3.2,3.18,1479582"
2025-12-01T11:00:00.000-00:00,"3.2,3.19,3.2,3.19,703238"
2025-12-01T11:05:00.000-00:00,"3.19,3.19,3.19,3.18,141719"
2025-12-01T11:10:00.000-00:00,"3.19,3.17,3.19,3.17,2130677"
2025-12-01T11:15:00.000-00:00,"3.17,3.17,3.18,3.16,1997575"
2025-12-01T11:20:00.000-00:00,"3.16,3.17,3.18,3.16,5594592"
2025-12-01T11:25:00.000-00:00,"3.16,3.17,3.17,3.16,1416545"
2025-12-01T11:30:00.000-00:00,"3.17,3.16,3.17,3.15,618718"
2025-12-01T11:35:00.000-00:00,"3.17,3.16,3.17,3.16,729626"
2025-12-01T11:40:00.000-00:00,"3.16,3.18,3.18,3.16,1437764"
2025-12-01T11:45:00.000-00:00,"3.18,3.18,3.18,3.17,4169098"
2025-12-01T11:50:00.000-00:00,"3.18,3.18,3.19,3.18,442508"
2025-12-01T11:55:00.000-00:00,"3.18,3.18,3.19,3.18,2831097"
2025-12-01T12:00:00.000-00:00,"3.18,3.19,3.2,3.18,1090788"
2025-12-01T12:05:00.000-00:00,"3.19,3.22,3.26,3.18,27707432"
2025-12-01T12:10:00.000-00:00,"3.22,3.25,3.26,3.22,17143534"
2025-12-01T12:25:00.000-00:00,"3.27,3.27,3.27,3.27,16174999"
2025-12-02T08:00:00.000-00:00,"3.32,3.3,3.32,3.29,11492004"
2025-12-02T08:05:00.000-00:00,"3.3,3.28,3.31,3.27,7203765"
2025-12-02T08:10:00.000-00:00,"3.29,3.31,3.32,3.28,6947634"
2025-12-02T08:15:00.000-00:00,"3.32,3.3,3.33,3.3,5811196"
2025-12-02T08:20:00.000-00:00,"3.3,3.29,3.31,3.29,4192028"
2025-12-02T08:25:00.000-00:00,"3.29,3.3,3.3,3.29,2529348"
2025-12-02T08:30:00.000-00:00,"3.3,3.29,3.3,3.29,1300186"
2025-12-02T08:35:00.000-00:00,"3.3,3.3,3.3,3.29,887376"
2025-12-02T08:40:00.000-00:00,"3.3,3.29,3.3,3.29,793436"
2025-12-02T08:45:00.000-00:00,"3.28,3.3,3.3,3.28,335747"
2025-12-02T08:50:00.000-00:00,"3.29,3.3,3.3,3.29,209065"
2025-12-02T08:55:00.000-00:00,"3.3,3.29,3.3,3.29,666839"
2025-12-02T09:00:00.000-00:00,"3.29,3.29,3.3,3.28,1801067"
2025-12-02T09:05:00.000-00:00,"3.28,3.29,3.29,3.28,58043"
2025-12-02T09:10:00.000-00:00,"3.28,3.3,3.3,3.28,293937"
2025-12-02T09:15:00.000-00:00,"3.3,3.33,3.33,3.3,12481354"
2025-12-02T09:20:00.000-00:00,"3.33,3.33,3.34,3.32,3447115"
2025-12-02T09:25:00.000-00:00,"3.34,3.34,3.34,3.32,4079078"
2025-12-02T09:30:00.000-00:00,"3.34,3.34,3.35,3.33,3867005"
2025-12-02T09:35:00.000-00:00,"3.34,3.34,3.34,3.33,1164270"
2025-12-02T09:40:00.000-00:00,"3.33,3.35,3.35,3.33,6196750"
2025-12-02T09:45:00.000-00:00,"3.35,3.33,3.35,3.33,3110137"
2025-12-02T09:50:00.000-00:00,"3.33,3.33,3.34,3.32,929675"
2025-12-02T09:55:00.000-00:00,"3.33,3.33,3.33,3.32,563720"
2025-12-02T10:00:00.000-00:00,"3.32,3.32,3.33,3.32,4875747"
2025-12-02T10:05:00.000-00:00,"3.32,3.31,3.33,3.31,1330430"
2025-12-02T10:10:00.000-00:00,"3.3,3.31,3.31,3.3,1761449"
2025-12-02T10:15:00.000-00:00,"3.32,3.3,3.32,3.3,807184"
2025-12-02T10:20:00.000-00:00,"3.3,3.3,3.31,3.29,1630135"
2025-12-02T10:25:00.000-00:00,"3.31,3.3,3.31,3.29,435953"
2025-12-02T10:30:00.000-00:00,"3.3,3.3,3.32,3.29,740964"
2025-12-02T10:35:00.000-00:00,"3.3,3.31,3.32,3.3,26205"
2025-12-02T10:40:00.000-00:00,"3.3,3.3,3.31,3.3,50576"
2025-12-02T10:45:00.000-00:00,"3.3,3.29,3.3,3.29,417691"
2025-12-02T10:50:00.000-00:00,"3.29,3.3,3.3,3.29,215501"
2025-12-02T10:55:00.000-00:00,"3.3,3.3,3.3,3.29,331888"
2025-12-02T11:00:00.000-00:00,"3.3,3.29,3.3,3.29,389177"
2025-12-02T11:05:00.000-00:00,"3.29,3.28,3.29,3.28,1520047"
2025-12-02T11:10:00.000-00:00,"3.27,3.28,3.29,3.27,668787"
2025-12-02T11:15:00.000-00:00,"3.28,3.28,3.29,3.28,1063739"
2025-12-02T11:20:00.000-00:00,"3.28,3.28,3.29,3.28,437538"
2025-12-02T11:25:00.000-00:00,"3.29,3.29,3.29,3.28,457595"
2025-12-02T11:30:00.000-00:00,"3.28,3.28,3.28,3.28,357067"
2025-12-02T11:35:00.000-00:00,"3.28,3.28,3.29,3.28,209853"
2025-12-02T11:40:00.000-00:00,"3.29,3.29,3.29,3.28,135999"
2025-12-02T11:45:00.000-00:00,"3.28,3.28,3.29,3.28,92481"
2025-12-02T11:50:00.000-00:00,"3.29,3.32,3.32,3.28,3743132"
2025-12-02T11:55:00.000-00:00,"3.32,3.31,3.33,3.31,2394158"
2025-12-02T12:00:00.000-00:00,"3.31,3.32,3.33,3.31,1080793"
2025-12-02T12:05:00.000-00:00,"3.32,3.31,3.32,3.3,3684464"
2025-12-02T12:10:00.000-00:00,"3.3,3.27,3.3,3.27,3469019"
2025-12-02T12:25:00.000-00:00,"3.26,3.26,3.26,3.26,7652952"
2025-12-03T08:00:00.000-00:00,"3.28,3.28,3.28,3.27,2745181"
2025-12-03T08:05:00.000-00:00,"3.27,3.28,3.28,3.27,397203"
2025-12-03T08:10:00.000-00:00,"3.27,3.27,3.28,3.27,312545"
2025-12-03T08:15:00.000-00:00,"3.27,3.26,3.28,3.26,6427044"
2025-12-03T08:20:00.000-00:00,"3.26,3.26,3.27,3.26,814585"
2025-12-03T08:25:00.000-00:00,"3.26,3.24,3.27,3.22,7178114"
2025-12-03T08:30:00.000-00:00,"3.24,3.24,3.25,3.21,4294614"
2025-12-03T08:35:00.000-00:00,"3.24,3.24,3.24,3.22,2247638"
2025-12-03T08:40:00.000-00:00,"3.23,3.23,3.24,3.22,2265751"
2025-12-03T08:45:00.000-00:00,"3.23,3.25,3.25,3.23,4634961"
2025-12-03T08:50:00.000-00:00,"3.25,3.25,3.25,3.24,5903891"
2025-12-03T08:55:00.000-00:00,"3.25,3.25,3.25,3.23,847611"
2025-12-03T09:00:00.000-00:00,"3.25,3.24,3.25,3.24,105750"
2025-12-03T09:05:00.000-00:00,"3.25,3.24,3.25,3.24,1151034"
2025-12-03T09:10:00.000-00:00,"3.24,3.25,3.25,3.24,1706300"
2025-12-03T09:15:00.000-00:00,"3.24,3.25,3.25,3.24,1225736"
2025-12-03T09:20:00.000-00:00,"3.26,3.25,3.26,3.25,1733320"
2025-12-03T09:25:00.000-00:00,"3.25,3.25,3.25,3.25,852363"
2025-12-03T09:30:00.000-00:00,"3.25,3.26,3.26,3.24,1322594"
2025-12-03T09:35:00.000-00:00,"3.26,3.25,3.26,3.25,673160"
2025-12-03T09:40:00.000-00:00,"3.26,3.24,3.26,3.24,351438"
2025-12-03T09:45:00.000-00:00,"3.24,3.24,3.24,3.23,2678451"
2025-12-03T09:50:00.000-00:00,"3.24,3.23,3.25,3.23,926317"
2025-12-03T09:55:00.000-00:00,"3.23,3.24,3.24,3.23,439145"
2025-12-03T10:00:00.000-00:00,"3.23,3.25,3.25,3.23,1778793"
2025-12-03T10:05:00.000-00:00,"3.25,3.24,3.25,3.24,2056314"
2025-12-03T10:10:00.000-00:00,"3.24,3.24,3.24,3.24,22800"
2025-12-03T10:15:00.000-00:00,"3.25,3.24,3.25,3.24,110306"
2025-12-03T10:20:00.000-00:00,"3.24,3.24,3.25,3.24,99521"
2025-12-03T10:25:00.000-00:00,"3.24,3.24,3.25,3.24,1091663"
2025-12-03T10:30:00.000-00:00,"3.24,3.24,3.24,3.23,1257601"
2025-12-03T10:35:00.000-00:00,"3.24,3.24,3.24,3.23,487113"
2025-12-03T10:40:00.000-00:00,"3.23,3.23,3.24,3.23,1138541"
2025-12-03T10:45:00.000-00:00,"3.23,3.24,3.24,3.23,103000"
2025-12-03T10:50:00.000-00:00,"3.23,3.24,3.24,3.23,20857"
2025-12-03T10:55:00.000-00:00,"3.24,3.24,3.24,3.23,123904"
2025-12-03T11:00:00.000-00:00,"3.23,3.24,3.24,3.23,27907"
2025-12-03T11:05:00.000-00:00,"3.23,3.23,3.24,3.23,110277"
2025-12-03T11:10:00.000-00:00,"3.24,3.23,3.24,3.23,1238034"
2025-12-03T11:15:00.000-00:00,"3.23,3.23,3.23,3.23,210000"
2025-12-03T11:20:00.000-00:00,"3.23,3.24,3.24,3.23,425356"
2025-12-03T11:25:00.000-00:00,"3.24,3.23,3.24,3.23,80000"
2025-12-03T11:30:00.000-00:00,"3.23,3.23,3.23,3.23,1261005"
2025-12-03T11:35:00.000-00:00,"3.23,3.23,3.24,3.23,430517"
2025-12-03T11:40:00.000-00:00,"3.23,3.23,3.24,3.22,213767"
2025-12-03T11:45:00.000-00:00,"3.23,3.22,3.23,3.22,240361"
2025-12-03T11:50:00.000-00:00,"3.23,3.22,3.23,3.22,550489"
2025-12-03T11:55:00.000-00:00,"3.22,3.23,3.23,3.22,687987"
2025-12-03T12:00:00.000-00:00,"3.22,3.23,3.23,3.22,920805"
2025-12-03T12:05:00.000-00:00,"3.23,3.21,3.23,3.21,2411341"
2025-12-03T12:10:00.000-00:00,"3.21,3.2,3.22,3.2,2278978"
2025-12-03T12:25:00.000-00:00,"3.21,3.21,3.21,3.21,5734107"
2025-12-04T08:00:00.000-00:00,"3.23,3.23,3.25,3.23,6318440"
2025-12-04T08:05:00.000-00:00,"3.24,3.23,3.24,3.23,933287"
2025-12-04T08:10:00.000-00:00,"3.23,3.23,3.23,3.22,1070518"
2025-12-04T08:15:00.000-00:00,"3.23,3.24,3.24,3.23,484418"
2025-12-04T08:20:00.000-00:00,"3.23,3.23,3.24,3.23,1431347"
2025-12-04T08:25:00.000-00:00,"3.24,3.23,3.24,3.22,884342"
2025-12-04T08:30:00.000-00:00,"3.23,3.23,3.24,3.22,17236912"
2025-12-04T08:35:00.000-00:00,"3.23,3.23,3.23,3.22,1131526"
2025-12-04T08:40:00.000-00:00,"3.23,3.23,3.23,3.23,1365632"
2025-12-04T08:45:00.000-00:00,"3.23,3.24,3.24,3.23,693244"
2025-12-04T08:50:00.000-00:00,"3.24,3.26,3.26,3.24,3637624"
2025-12-04T08:55:00.000-00:00,"3.26,3.26,3.27,3.25,1035790"
2025-12-04T09:00:00.000-00:00,"3.26,3.26,3.27,3.25,1985422"
2025-12-04T09:05:00.000-00:00,"3.26,3.25,3.26,3.25,422068"
2025-12-04T09:10:00.000-00:00,"3.25,3.26,3.26,3.25,1027876"
2025-12-04T09:15:00.000-00:00,"3.25,3.25,3.26,3.24,1629921"
2025-12-04T09:20:00.000-00:00,"3.25,3.25,3.25,3.24,104025"
2025-12-04T09:25:00.000-00:00,"3.24,3.24,3.25,3.24,53497"
2025-12-04T09:30:00.000-00:00,"3.25,3.25,3.25,3.25,52100"
2025-12-04T09:35:00.000-00:00,"3.24,3.25,3.25,3.24,406130"
2025-12-04T09:40:00.000-00:00,"3.25,3.24,3.25,3.24,600307"
2025-12-04T09:45:00.000-00:00,"3.25,3.26,3.26,3.25,288328"
2025-12-04T09:50:00.000-00:00,"3.26,3.26,3.26,3.25,33379"
2025-12-04T09:55:00.000-00:00,"3.26,3.25,3.26,3.25,327969"
2025-12-04T10:00:00.000-00:00,"3.25,3.24,3.25,3.24,1077102"
2025-12-04T10:05:00.000-00:00,"3.24,3.24,3.25,3.24,110499"
2025-12-04T10:10:00.000-00:00,"3.24,3.24,3.25,3.24,104008"
2025-12-04T10:15:00.000-00:00,"3.25,3.24,3.25,3.24,946802"
2025-12-04T10:20:00.000-00:00,"3.24,3.24,3.25,3.24,348630"
2025-12-04T10:25:00.000-00:00,"3.24,3.24,3.25,3.24,491200"
2025-12-04T10:30:00.000-00:00,"3.24,3.23,3.25,3.23,356711"
2025-12-04T10:35:00.000-00:00,"3.23,3.23,3.23,3.22,1552703"
2025-12-04T10:40:00.000-00:00,"3.23,3.24,3.24,3.22,78346"
2025-12-04T10:45:00.000-00:00,"3.23,3.24,3.24,3.23,23989"
2025-12-04T10:50:00.000-00:00,"3.23,3.23,3.24,3.23,263000"
2025-12-04T10:55:00.000-00:00,"3.24,3.24,3.24,3.23,10066"
2025-12-04T11:00:00.000-00:00,"3.24,3.25,3.26,3.24,10190594"
2025-12-04T11:05:00.000-00:00,"3.25,3.24,3.26,3.24,365165"
2025-12-04T11:10:00.000-00:00,"3.25,3.25,3.25,3.25,5730414"
2025-12-04T11:15:00.000-00:00,"3.24,3.24,3.24,3.24,55613"
2025-12-04T11:20:00.000-00:00,"3.25,3.24,3.25,3.24,1730"
2025-12-04T11:25:00.000-00:00,"3.24,3.24,3.25,3.24,99166"
2025-12-04T11:30:00.000-00:00,"3.24,3.24,3.24,3.24,157459"
2025-12-04T11:35:00.000-00:00,"3.24,3.22,3.24,3.22,1070000"
2025-12-04T11:40:00.000-00:00,"3.24,3.24,3.24,3.23,71842"
2025-12-04T11:45:00.000-00:00,"3.23,3.25,3.25,3.23,1133017"
2025-12-04T11:50:00.000-00:00,"3.24,3.24,3.24,3.24,548794"
2025-12-04T11:55:00.000-00:00,"3.24,3.24,3.24,3.23,566342"
2025-12-04T12:00:00.000-00:00,"3.24,3.23,3.24,3.23,139578"
2025-12-04T12:05:00.000-00:00,"3.23,3.23,3.24,3.23,1416659"
2025-12-04T12:10:00.000-00:00,"3.23,3.21,3.23,3.21,850628"
2025-12-04T12:25:00.000-00:00,"3.2,3.2,3.2,3.2,3568544"
2025-12-07T08:00:00.000-00:00,"3.24,3.29,3.29,3.23,6455200"
2025-12-07T08:05:00.000-00:00,"3.29,3.36,3.38,3.28,18092413"
2025-12-07T08:10:00.000-00:00,"3.36,3.36,3.37,3.32,5882103"
2025-12-07T08:15:00.000-00:00,"3.36,3.36,3.37,3.35,4884311"
2025-12-07T08:20:00.000-00:00,"3.37,3.35,3.37,3.34,3093313"
2025-12-07T08:25:00.000-00:00,"3.35,3.32,3.35,3.32,687513"
2025-12-07T08:30:00.000-00:00,"3.32,3.33,3.34,3.32,1015375"
2025-12-07T08:35:00.000-00:00,"3.33,3.38,3.4,3.33,11582046"
2025-12-07T08:40:00.000-00:00,"3.37,3.39,3.41,3.37,6707880"
2025-12-07T08:45:00.000-00:00,"3.39,3.4,3.41,3.38,3691235"
2025-12-07T08:50:00.000-00:00,"3.4,3.39,3.4,3.39,20378717"
2025-12-07T08:55:00.000-00:00,"3.39,3.37,3.4,3.37,1629177"
2025-12-07T09:00:00.000-00:00,"3.38,3.36,3.39,3.36,532580"
2025-12-07T09:05:00.000-00:00,"3.36,3.39,3.39,3.36,122591"
2025-12-07T09:10:00.000-00:00,"3.38,3.38,3.39,3.37,145603"
2025-12-07T09:15:00.000-00:00,"3.38,3.36,3.38,3.36,190429"
2025-12-07T09:20:00.000-00:00,"3.36,3.36,3.37,3.36,986017"
2025-12-07T09:25:00.000-00:00,"3.36,3.36,3.36,3.35,461093"
2025-12-07T09:30:00.000-00:00,"3.36,3.35,3.36,3.35,4908068"
2025-12-07T09:35:00.000-00:00,"3.35,3.35,3.36,3.34,1609065"
2025-12-07T09:40:00.000-00:00,"3.36,3.34,3.36,3.34,15380101"
2025-12-07T09:45:00.000-00:00,"3.34,3.35,3.36,3.34,466474"
2025-12-07T09:50:00.000-00:00,"3.35,3.34,3.36,3.34,725635"
2025-12-07T09:55:00.000-00:00,"3.34,3.33,3.35,3.33,800536"
2025-12-07T10:00:00.000-00:00,"3.35,3.35,3.35,3.34,17614"
2025-12-07T10:05:00.000-00:00,"3.34,3.34,3.35,3.34,397023"
2025-12-07T10:10:00.000-00:00,"3.35,3.34,3.35,3.34,5098931"
2025-12-07T10:15:00.000-00:00,"3.34,3.37,3.37,3.34,3291669"
2025-12-07T10:20:00.000-00:00,"3.37,3.38,3.39,3.37,5241669"
2025-12-07T10:25:00.000-00:00,"3.38,3.38,3.4,3.37,5542412"
2025-12-07T10:30:00.000-00:00,"3.38,3.4,3.42,3.38,8078744"
2025-12-07T10:35:00.000-00:00,"3.4,3.41,3.42,3.39,3968032"
2025-12-07T10:40:00.000-00:00,"3.41,3.42,3.43,3.4,6962207"
2025-12-07T10:45:00.000-00:00,"3.42,3.41,3.42,3.41,2293789"
2025-12-07T10:50:00.000-00:00,"3.41,3.4,3.41,3.4,1246228"
2025-12-07T10:55:00.000-00:00,"3.41,3.4,3.41,3.4,497001"
2025-12-07T11:00:00.000-00:00,"3.4,3.4,3.41,3.4,1648657"
2025-12-07T11:05:00.000-00:00,"3.4,3.39,3.4,3.39,550038"
2025-12-07T11:10:00.000-00:00,"3.38,3.38,3.39,3.38,603167"
2025-12-07T11:15:00.000-00:00,"3.39,3.4,3.4,3.37,1547951"
2025-12-07T11:20:00.000-00:00,"3.38,3.38,3.4,3.38,1024638"
2025-12-07T11:25:00.000-00:00,"3.39,3.38,3.39,3.38,1753570"
2025-12-07T11:30:00.000-00:00,"3.39,3.39,3.39,3.39,205911"
2025-12-07T11:35:00.000-00:00,"3.39,3.39,3.39,3.39,513881"
2025-12-07T11:40:00.000-00:00,"3.39,3.4,3.4,3.39,41544"
2025-12-07T11:45:00.000-00:00,"3.4,3.4,3.4,3.39,913296"
2025-12-07T11:50:00.000-00:00,"3.4,3.39,3.4,3.39,2854823"
2025-12-07T11:55:00.000-00:00,"3.4,3.4,3.4,3.39,574056"
2025-12-07T12:00:00.000-00:00,"3.4,3.4,3.4,3.39,2130011"
2025-12-07T12:05:00.000-00:00,"3.39,3.4,3.4,3.39,3714302"
2025-12-07T12:10:00.000-00:00,"3.4,3.42,3.42,3.4,9106861"
2025-12-07T12:25:00.000-00:00,"3.42,3.42,3.42,3.42,6827139"
2025-12-08T08:00:00.000-00:00,"3.44,3.42,3.45,3.41,24613546"
2025-12-08T08:05:00.000-00:00,"3.42,3.39,3.42,3.39,1509447"
2025-12-08T08:10:00.000-00:00,"3.39,3.42,3.42,3.39,1681951"
2025-12-08T08:15:00.000-00:00,"3.41,3.41,3.42,3.41,499222"
2025-12-08T08:20:00.000-00:00,"3.41,3.41,3.42,3.4,564607"
2025-12-08T08:25:00.000-00:00,"3.41,3.42,3.43,3.41,1367936"
2025-12-08T08:30:00.000-00:00,"3.42,3.42,3.43,3.42,1098841"
2025-12-08T08:35:00.000-00:00,"3.41,3.42,3.42,3.39,1568072"
2025-12-08T08:40:00.000-00:00,"3.4,3.4,3.41,3.4,132589"
2025-12-08T08:45:00.000-00:00,"3.4,3.41,3.41,3.4,453608"
2025-12-08T08:50:00.000-00:00,"3.41,3.41,3.41,3.4,533721"
2025-12-08T08:55:00.000-00:00,"3.4,3.4,3.41,3.4,1053281"
2025-12-08T09:00:00.000-00:00,"3.4,3.4,3.4,3.39,351781"
2025-12-08T09:05:00.000-00:00,"3.4,3.4,3.4,3.39,45660"
2025-12-08T09:10:00.000-00:00,"3.4,3.38,3.4,3.38,948075"
2025-12-08T09:15:00.000-00:00,"3.37,3.39,3.39,3.37,396714"
2025-12-08T09:20:00.000-00:00,"3.38,3.38,3.39,3.38,400320"
2025-12-08T09:25:00.000-00:00,"3.38,3.39,3.39,3.37,634715"
2025-12-08T09:30:00.000-00:00,"3.39,3.39,3.4,3.38,1314879"
2025-12-08T09:35:00.000-00:00,"3.39,3.41,3.42,3.38,2645095"
2025-12-08T09:40:00.000-00:00,"3.42,3.44,3.45,3.42,6277670"
2025-12-08T09:45:00.000-00:00,"3.44,3.4,3.44,3.4,8593130"
2025-12-08T09:50:00.000-00:00,"3.4,3.4,3.41,3.4,962667"
2025-12-08T09:55:00.000-00:00,"3.4,3.38,3.41,3.38,1258176"
2025-12-08T10:00:00.000-00:00,"3.38,3.4,3.4,3.38,849532"
2025-12-08T10:05:00.000-00:00,"3.4,3.38,3.4,3.38,1128019"
2025-12-08T10:10:00.000-00:00,"3.39,3.38,3.4,3.38,46490"
2025-12-08T10:15:00.000-00:00,"3.38,3.38,3.38,3.37,1096269"
2025-12-08T10:20:00.000-00:00,"3.38,3.39,3.4,3.37,1656646"
2025-12-08T10:25:00.000-00:00,"3.39,3.39,3.39,3.39,313728"
2025-12-08T10:30:00.000-00:00,"3.39,3.39,3.39,3.38,732530"
2025-12-08T10:35:00.000-00:00,"3.39,3.41,3.42,3.39,3314869"
2025-12-08T10:40:00.000-00:00,"3.41,3.42,3.42,3.4,1200481"
2025-12-08T10:45:00.000-00:00,"3.41,3.43,3.44,3.41,3968738"
2025-12-08T10:50:00.000-00:00,"3.42,3.44,3.44,3.42,8653533"
2025-12-08T10:55:00.000-00:00,"3.44,3.43,3.44,3.42,2297829"
2025-12-08T11:00:00.000-00:00,"3.43,3.44,3.46,3.43,6957303"
2025-12-08T11:05:00.000-00:00,"3.45,3.43,3.45,3.43,7235606"
2025-12-08T11:10:00.000-00:00,"3.42,3.42,3.43,3.42,1601670"
2025-12-08T11:15:00.000-00:00,"3.42,3.41,3.43,3.41,1458527"
2025-12-08T11:20:00.000-00:00,"3.41,3.4,3.41,3.4,7829816"
2025-12-08T11:25:00.000-00:00,"3.4,3.4,3.41,3.4,1310428"
2025-12-08T11:30:00.000-00:00,"3.4,3.41,3.41,3.4,1385254"
2025-12-08T11:35:00.000-00:00,"3.41,3.41,3.42,3.41,1181265"
2025-12-08T11:40:00.000-00:00,"3.41,3.42,3.42,3.41,455505"
2025-12-08T11:45:00.000-00:00,"3.41,3.41,3.42,3.41,742160"
2025-12-08T11:50:00.000-00:00,"3.41,3.4,3.41,3.4,422156"
2025-12-08T11:55:00.000-00:00,"3.4,3.39,3.41,3.39,1320747"
2025-12-08T12:00:00.000-00:00,"3.4,3.4,3.4,3.39,245137"
2025-12-08T12:05:00.000-00:00,"3.4,3.39,3.4,3.39,1268710"
2025-12-08T12:10:00.000-00:00,"3.4,3.39,3.4,3.37,4000294"
2025-12-08T12:25:00.000-00:00,"3.38,3.38,3.38,3.38,10096493"
2025-12-09T08:00:00.000-00:00,"3.38,3.39,3.39,3.37,336749"
2025-12-09T08:05:00.000-00:00,"3.39,3.39,3.4,3.39,322037"
2025-12-09T08:10:00.000-00:00,"3.39,3.38,3.4,3.38,817110"
2025-12-09T08:15:00.000-00:00,"3.38,3.37,3.38,3.37,217425"
2025-12-09T08:20:00.000-00:00,"3.37,3.37,3.4,3.37,1147663"
2025-12-09T08:25:00.000-00:00,"3.37,3.37,3.38,3.37,65036"
2025-12-09T08:30:00.000-00:00,"3.37,3.39,3.39,3.37,110610"
2025-12-09T08:35:00.000-00:00,"3.38,3.39,3.4,3.38,656633"
2025-12-09T08:40:00.000-00:00,"3.39,3.39,3.39,3.38,297322"
2025-12-09T08:45:00.000-00:00,"3.4,3.39,3.4,3.39,70918"
2025-12-09T08:50:00.000-00:00,"3.39,3.39,3.39,3.38,154582"
2025-12-09T08:55:00.000-00:00,"3.39,3.38,3.39,3.38,383560"
2025-12-09T09:00:00.000-00:00,"3.38,3.38,3.38,3.37,564040"
2025-12-09T09:05:00.000-00:00,"3.38,3.4,3.4,3.38,1138951"
2025-12-09T09:10:00.000-00:00,"3.39,3.42,3.44,3.39,8187811"
2025-12-09T09:15:00.000-00:00,"3.43,3.47,3.48,3.42,16764908"
2025-12-09T09:20:00.000-00:00,"3.45,3.5,3.51,3.45,12190473"
2025-12-09T09:25:00.000-00:00,"3.5,3.48,3.5,3.48,5672896"
2025-12-09T09:30:00.000-00:00,"3.48,3.48,3.49,3.46,415326"
2025-12-09T09:35:00.000-00:00,"3.48,3.49,3.49,3.47,253031"
2025-12-09T09:40:00.000-00:00,"3.48,3.47,3.49,3.47,1107313"
2025-12-09T09:45:00.000-00:00,"3.47,3.47,3.49,3.47,5739566"
2025-12-09T09:50:00.000-00:00,"3.47,3.47,3.47,3.47,1002761"
2025-12-09T09:55:00.000-00:00,"3.47,3.47,3.48,3.47,69890"
2025-12-09T10:00:00.000-00:00,"3.47,3.47,3.48,3.47,743585"
2025-12-09T10:05:00.000-00:00,"3.47,3.47,3.48,3.47,488411"
2025-12-09T10:10:00.000-00:00,"3.47,3.48,3.49,3.47,913040"
2025-12-09T10:15:00.000-00:00,"3.48,3.47,3.48,3.47,2247848"
2025-12-09T10:20:00.000-00:00,"3.48,3.46,3.48,3.46,1457595"
2025-12-09T10:25:00.000-00:00,"3.45,3.45,3.46,3.45,544005"
2025-12-09T10:30:00.000-00:00,"3.45,3.45,3.45,3.44,2498000"
2025-12-09T10:35:00.000-00:00,"3.45,3.45,3.45,3.44,95047"
2025-12-09T10:40:00.000-00:00,"3.45,3.44,3.46,3.44,827388"
2025-12-09T10:45:00.000-00:00,"3.45,3.45,3.46,3.44,2667623"
2025-12-09T10:50:00.000-00:00,"3.45,3.46,3.46,3.44,981660"
2025-12-09T10:55:00.000-00:00,"3.46,3.46,3.46,3.45,903110"
2025-12-09T11:00:00.000-00:00,"3.45,3.47,3.47,3.45,669801"
2025-12-09T11:05:00.000-00:00,"3.46,3.48,3.48,3.46,1716028"
2025-12-09T11:10:00.000-00:00,"3.49,3.49,3.5,3.48,5467934"
2025-12-09T11:15:00.000-00:00,"3.49,3.49,3.5,3.49,1075431"
2025-12-09T11:20:00.000-00:00,"3.5,3.5,3.51,3.49,4048337"
2025-12-09T11:25:00.000-00:00,"3.5,3.5,3.5,3.49,4785612"
2025-12-09T11:30:00.000-00:00,"3.49,3.5,3.51,3.49,2797551"
2025-12-09T11:35:00.000-00:00,"3.5,3.5,3.51,3.49,681713"
2025-12-09T11:40:00.000-00:00,"3.5,3.5,3.51,3.49,1817157"
2025-12-09T11:45:00.000-00:00,"3.49,3.51,3.51,3.49,1114330"
2025-12-09T11:50:00.000-00:00,"3.51,3.51,3.51,3.5,247372"
2025-12-09T11:55:00.000-00:00,"3.51,3.5,3.51,3.5,240041"
2025-12-09T12:00:00.000-00:00,"3.5,3.5,3.52,3.5,2322360"
2025-12-09T12:05:00.000-00:00,"3.5,3.51,3.52,3.5,695471"
2025-12-09T12:10:00.000-00:00,"3.51,3.51,3.52,3.5,2366154"
2025-12-09T12:15:00.000-00:00,"3.51,3.51,3.51,3.51,1500"
2025-12-09T12:25:00.000-00:00,"3.52,3.52,3.52,3.52,5297986"
2025-12-10T08:00:00.000-00:00,"3.52,3.54,3.55,3.51,3283909"
2025-12-10T08:05:00.000-00:00,"3.54,3.53,3.54,3.52,446716"
2025-12-10T08:10:00.000-00:00,"3.54,3.56,3.56,3.53,3372157"
2025-12-10T08:15:00.000-00:00,"3.55,3.53,3.56,3.53,1994164"
2025-12-10T08:20:00.000-00:00,"3.54,3.52,3.54,3.52,407102"
2025-12-10T08:25:00.000-00:00,"3.53,3.52,3.53,3.52,486052"
2025-12-10T08:30:00.000-00:00,"3.53,3.52,3.53,3.52,163360"
2025-12-10T08:35:00.000-00:00,"3.53,3.53,3.54,3.52,995123"
2025-12-10T08:40:00.000-00:00,"3.53,3.53,3.53,3.52,316889"
2025-12-10T08:45:00.000-00:00,"3.53,3.53,3.54,3.52,204948"
2025-12-10T08:50:00.000-00:00,"3.53,3.54,3.54,3.53,505815"
2025-12-10T08:55:00.000-00:00,"3.54,3.53,3.54,3.53,276277"
2025-12-10T09:00:00.000-00:00,"3.54,3.54,3.54,3.53,853314"
2025-12-10T09:05:00.000-00:00,"3.54,3.54,3.55,3.54,1246258"
2025-12-10T09:10:00.000-00:00,"3.54,3.56,3.56,3.54,2168506"
2025-12-10T09:15:00.000-00:00,"3.56,3.56,3.56,3.55,178378"
2025-12-10T09:20:00.000-00:00,"3.55,3.55,3.55,3.54,470901"
2025-12-10T09:25:00.000-00:00,"3.55,3.53,3.55,3.53,675109"
2025-12-10T09:30:00.000-00:00,"3.55,3.54,3.55,3.53,69152"
2025-12-10T09:35:00.000-00:00,"3.54,3.53,3.54,3.53,57141"
2025-12-10T09:40:00.000-00:00,"3.54,3.54,3.54,3.53,56236"
2025-12-10T09:45:00.000-00:00,"3.53,3.53,3.54,3.53,132778"
2025-12-10T09:50:00.000-00:00,"3.53,3.53,3.54,3.52,116578"
2025-12-10T09:55:00.000-00:00,"3.52,3.53,3.53,3.52,36116"
2025-12-10T10:00:00.000-00:00,"3.52,3.51,3.53,3.51,1211471"
2025-12-10T10:05:00.000-00:00,"3.51,3.54,3.54,3.51,471210"
2025-12-10T10:10:00.000-00:00,"3.53,3.54,3.54,3.53,5180"
2025-12-10T10:15:00.000-00:00,"3.53,3.53,3.53,3.53,3660888"
2025-12-10T10:20:00.000-00:00,"3.53,3.53,3.53,3.53,292437"
2025-12-10T10:25:00.000-00:00,"3.53,3.53,3.53,3.52,41818"
2025-12-10T10:30:00.000-00:00,"3.53,3.52,3.53,3.52,196336"
2025-12-10T10:35:00.000-00:00,"3.53,3.53,3.53,3.53,118469"
2025-12-10T10:40:00.000-00:00,"3.53,3.52,3.53,3.52,78261"
2025-12-10T10:45:00.000-00:00,"3.53,3.53,3.53,3.52,58084"
2025-12-10T10:50:00.000-00:00,"3.52,3.53,3.53,3.52,2445"
2025-12-10T10:55:00.000-00:00,"3.52,3.52,3.53,3.52,581076"
2025-12-10T11:00:00.000-00:00,"3.51,3.49,3.51,3.49,4620620"
2025-12-10T11:05:00.000-00:00,"3.49,3.49,3.5,3.48,1183270"
2025-12-10T11:10:00.000-00:00,"3.49,3.49,3.49,3.49,77575"
2025-12-10T11:15:00.000-00:00,"3.49,3.49,3.5,3.49,331837"
2025-12-10T11:20:00.000-00:00,"3.49,3.5,3.5,3.49,591800"
2025-12-10T11:25:00.000-00:00,"3.51,3.5,3.51,3.5,382471"
2025-12-10T11:30:00.000-00:00,"3.51,3.5,3.51,3.5,710914"
2025-12-10T11:35:00.000-00:00,"3.51,3.5,3.51,3.5,283231"
2025-12-10T11:40:00.000-00:00,"3.5,3.5,3.52,3.5,521546"
2025-12-10T11:45:00.000-00:00,"3.5,3.51,3.52,3.5,541093"
2025-12-10T11:50:00.000-00:00,"3.51,3.5,3.51,3.5,586485"
2025-12-10T11:55:00.000-00:00,"3.5,3.5,3.51,3.49,277440"
2025-12-10T12:00:00.000-00:00,"3.49,3.49,3.5,3.48,1830091"
2025-12-10T12:05:00.000-00:00,"3.48,3.48,3.49,3.48,1270074"
2025-12-10T12:10:00.000-00:00,"3.49,3.48,3.49,3.47,1420214"
2025-12-10T12:25:00.000-00:00,"3.49,3.49,3.49,3.49,2227718"
2025-12-11T08:00:00.000-00:00,"3.5,3.51,3.52,3.5,690931"
2025-12-11T08:05:00.000-00:00,"3.51,3.51,3.51,3.5,244109"
2025-12-11T08:10:00.000-00:00,"3.51,3.51,3.52,3.5,170774"
2025-12-11T08:15:00.000-00:00,"3.51,3.5,3.52,3.5,166559"
2025-12-11T08:20:00.000-00:00,"3.51,3.52,3.52,3.5,1422192"
2025-12-11T08:25:00.000-00:00,"3.52,3.52,3.52,3.51,575183"
2025-12-11T08:30:00.000-00:00,"3.52,3.51,3.52,3.51,404802"
2025-12-11T08:35:00.000-00:00,"3.51,3.51,3.52,3.51,178852"
2025-12-11T08:40:00.000-00:00,"3.51,3.5,3.52,3.5,96849"
2025-12-11T08:45:00.000-00:00,"3.51,3.51,3.52,3.51,36062"
2025-12-11T08:50:00.000-00:00,"3.51,3.52,3.52,3.51,1113941"
2025-12-11T08:55:00.000-00:00,"3.52,3.51,3.52,3.5,975203"
2025-12-11T09:00:00.000-00:00,"3.51,3.51,3.52,3.51,253034"
2025-12-11T09:05:00.000-00:00,"3.51,3.51,3.52,3.51,276651"
2025-12-11T09:10:00.000-00:00,"3.51,3.51,3.52,3.51,25657"
2025-12-11T09:15:00.000-00:00,"3.52,3.5,3.52,3.5,592629"
2025-12-11T09:20:00.000-00:00,"3.51,3.5,3.51,3.49,106775"
2025-12-11T09:25:00.000-00:00,"3.5,3.51,3.51,3.5,16738"
2025-12-11T09:30:00.000-00:00,"3.51,3.5,3.51,3.5,305580"
2025-12-11T09:35:00.000-00:00,"3.51,3.53,3.54,3.51,4370113"
2025-12-11T09:40:00.000-00:00,"3.53,3.55,3.55,3.53,8282736"
2025-12-11T09:45:00.000-00:00,"3.55,3.55,3.55,3.54,1548897"
2025-12-11T09:50:00.000-00:00,"3.55,3.55,3.55,3.54,489268"
2025-12-11T09:55:00.000-00:00,"3.55,3.55,3.55,3.54,1429735"
2025-12-11T10:00:00.000-00:00,"3.55,3.54,3.55,3.53,1407625"
2025-12-11T10:05:00.000-00:00,"3.54,3.54,3.54,3.53,456884"
2025-12-11T10:10:00.000-00:00,"3.53,3.54,3.55,3.53,532097"
2025-12-11T10:15:00.000-00:00,"3.54,3.54,3.55,3.54,63534"
2025-12-11T10:20:00.000-00:00,"3.54,3.54,3.54,3.54,74446"
2025-12-11T10:25:00.000-00:00,"3.53,3.54,3.54,3.53,271139"
2025-12-11T10:30:00.000-00:00,"3.54,3.5,3.54,3.5,4667071"
2025-12-11T10:35:00.000-00:00,"3.52,3.51,3.53,3.5,118002"
2025-12-11T10:40:00.000-00:00,"3.52,3.52,3.52,3.52,39214"
2025-12-11T10:45:00.000-00:00,"3.52,3.5,3.52,3.5,713164"
2025-12-11T10:50:00.000-00:00,"3.52,3.52,3.52,3.5,16058"
2025-12-11T10:55:00.000-00:00,"3.5,3.51,3.51,3.5,652945"
2025-12-11T11:00:00.000-00:00,"3.51,3.51,3.51,3.51,65990"
2025-12-11T11:05:00.000-00:00,"3.51,3.51,3.51,3.5,200153"
2025-12-11T11:10:00.000-00:00,"3.5,3.51,3.51,3.5,4064"
2025-12-11T11:15:00.000-00:00,"3.5,3.5,3.51,3.5,347832"
2025-12-11T11:20:00.000-00:00,"3.49,3.5,3.5,3.49,508444"
2025-12-11T11:25:00.000-00:00,"3.49,3.5,3.5,3.49,5067163"
2025-12-11T11:30:00.000-00:00,"3.49,3.49,3.49,3.49,328502"
2025-12-11T11:35:00.000-00:00,"3.49,3.49,3.5,3.48,596586"
2025-12-11T11:40:00.000-00:00,"3.49,3.5,3.5,3.49,35840"
2025-12-11T11:45:00.000-00:00,"3.49,3.5,3.5,3.49,5188123"
2025-12-11T11:50:00.000-00:00,"3.49,3.5,3.5,3.49,673891"
2025-12-11T11:55:00.000-00:00,"3.49,3.5,3.5,3.48,197979"
2025-12-11T12:00:00.000-00:00,"3.5,3.49,3.5,3.48,6167813"
2025-12-11T12:05:00.000-00:00,"3.49,3.49,3.49,3.48,436835"
2025-12-11T12:10:00.000-00:00,"3.49,3.49,3.49,3.48,1756492"
2025-12-11T12:25:00.000-00:00,"3.48,3.48,3.48,3.48,5631222"
2025-12-14T08:00:00.000-00:00,"3.5,3.52,3.53,3.49,499242"
2025-12-14T08:05:00.000-00:00,"3.52,3.52,3.52,3.51,940773"
2025-12-14T08:10:00.000-00:00,"3.51,3.53,3.54,3.51,1832992"
2025-12-14T08:15:00.000-00:00,"3.53,3.54,3.59,3.52,6427621"
2025-12-14T08:20:00.000-00:00,"3.55,3.55,3.56,3.54,2487248"
2025-12-14T08:25:00.000-00:00,"3.56,3.55,3.56,3.55,1793683"
2025-12-14T08:30:00.000-00:00,"3.55,3.56,3.56,3.54,1466669"
2025-12-14T08:35:00.000-00:00,"3.56,3.56,3.56,3.55,3574197"
2025-12-14T08:40:00.000-00:00,"3.56,3.56,3.56,3.55,1664487"
2025-12-14T08:45:00.000-00:00,"3.55,3.55,3.56,3.55,685517"
2025-12-14T08:50:00.000-00:00,"3.55,3.56,3.57,3.55,1729399"
2025-12-14T08:55:00.000-00:00,"3.56,3.56,3.57,3.56,169547"
2025-12-14T09:00:00.000-00:00,"3.56,3.56,3.56,3.55,355510"
2025-12-14T09:05:00.000-00:00,"3.55,3.55,3.56,3.55,363114"
2025-12-14T09:10:00.000-00:00,"3.55,3.56,3.56,3.54,324046"
2025-12-14T09:15:00.000-00:00,"3.56,3.56,3.56,3.55,5293920"
2025-12-14T09:20:00.000-00:00,"3.55,3.55,3.56,3.55,342214"
2025-12-14T09:25:00.000-00:00,"3.56,3.56,3.56,3.55,287060"
2025-12-14T09:30:00.000-00:00,"3.56,3.57,3.57,3.55,1868343"
2025-12-14T09:35:00.000-00:00,"3.57,3.56,3.58,3.56,3644303"
2025-12-14T09:40:00.000-00:00,"3.57,3.59,3.59,3.57,4331640"
2025-12-14T09:45:00.000-00:00,"3.58,3.58,3.59,3.58,1929085"
2025-12-14T09:50:00.000-00:00,"3.58,3.58,3.59,3.58,1559271"
2025-12-14T09:55:00.000-00:00,"3.58,3.58,3.58,3.57,621638"
2025-12-14T10:00:00.000-00:00,"3.57,3.58,3.58,3.57,5013"
2025-12-14T10:05:00.000-00:00,"3.58,3.58,3.58,3.57,2979770"
2025-12-14T10:10:00.000-00:00,"3.58,3.58,3.58,3.57,5156785"
2025-12-14T10:15:00.000-00:00,"3.58,3.58,3.58,3.57,4901696"
2025-12-14T10:20:00.000-00:00,"3.58,3.57,3.58,3.57,189332"
2025-12-14T10:25:00.000-00:00,"3.57,3.57,3.58,3.57,3373289"
2025-12-14T10:30:00.000-00:00,"3.58,3.6,3.6,3.57,9441580"
2025-12-14T10:35:00.000-00:00,"3.59,3.58,3.59,3.57,854761"
2025-12-14T10:40:00.000-00:00,"3.58,3.59,3.59,3.57,3012013"
2025-12-14T10:45:00.000-00:00,"3.59,3.59,3.59,3.58,718926"
2025-12-14T10:50:00.000-00:00,"3.59,3.59,3.59,3.58,4402709"
2025-12-14T10:55:00.000-00:00,"3.59,3.58,3.59,3.58,207484"
2025-12-14T11:00:00.000-00:00,"3.58,3.58,3.58,3.58,1320093"
2025-12-14T11:05:00.000-00:00,"3.58,3.58,3.59,3.58,1007259"
2025-12-14T11:10:00.000-00:00,"3.59,3.58,3.59,3.58,142138"
2025-12-14T11:15:00.000-00:00,"3.58,3.59,3.59,3.58,8205481"
2025-12-14T11:20:00.000-00:00,"3.59,3.59,3.59,3.59,10351"
2025-12-14T11:25:00.000-00:00,"3.59,3.59,3.59,3.58,1191211"
2025-12-14T11:30:00.000-00:00,"3.58,3.6,3.6,3.58,1318698"
2025-12-14T11:35:00.000-00:00,"3.6,3.6,3.6,3.59,2006800"
2025-12-14T11:40:00.000-00:00,"3.6,3.61,3.61,3.6,1969947"
2025-12-14T11:45:00.000-00:00,"3.61,3.6,3.61,3.6,1577024"
2025-12-14T11:50:00.000-00:00,"3.59,3.59,3.61,3.59,1660521"
2025-12-14T11:55:00.000-00:00,"3.59,3.58,3.59,3.58,392405"
2025-12-14T12:00:00.000-00:00,"3.58,3.58,3.59,3.58,232749"
2025-12-14T12:05:00.000-00:00,"3.59,3.59,3.59,3.58,752815"
2025-12-14T12:10:00.000-00:00,"3.58,3.59,3.59,3.58,2847165"
2025-12-14T12:25:00.000-00:00,"3.6,3.6,3.6,3.6,1899020"
2025-12-15T08:00:00.000-00:00,"3.59,3.59,3.6,3.59,410465"
2025-12-15T08:05:00.000-00:00,"3.59,3.58,3.6,3.58,430740"
2025-12-15T08:10:00.000-00:00,"3.59,3.56,3.59,3.56,896351"
2025-12-15T08:15:00.000-00:00,"3.56,3.57,3.59,3.56,1406701"
2025-12-15T08:20:00.000-00:00,"3.57,3.57,3.58,3.57,132725"
2025-12-15T08:25:00.000-00:00,"3.57,3.56,3.57,3.56,303505"
2025-12-15T08:30:00.000-00:00,"3.56,3.55,3.56,3.55,1545714"
2025-12-15T08:35:00.000-00:00,"3.55,3.55,3.56,3.55,1107397"
2025-12-15T08:40:00.000-00:00,"3.55,3.56,3.56,3.55,1980702"
2025-12-15T08:45:00.000-00:00,"3.55,3.56,3.56,3.55,978692"
2025-12-15T08:50:00.000-00:00,"3.55,3.55,3.56,3.55,1651711"
2025-12-15T08:55:00.000-00:00,"3.55,3.55,3.55,3.54,806974"
2025-12-15T09:00:00.000-00:00,"3.55,3.55,3.55,3.54,967913"
2025-12-15T09:05:00.000-00:00,"3.55,3.55,3.55,3.54,903672"
2025-12-15T09:10:00.000-00:00,"3.55,3.53,3.55,3.53,730594"
2025-12-15T09:15:00.000-00:00,"3.53,3.53,3.54,3.52,746119"
2025-12-15T09:20:00.000-00:00,"3.54,3.54,3.54,3.53,29234"
2025-12-15T09:25:00.000-00:00,"3.53,3.54,3.54,3.53,301825"
2025-12-15T09:30:00.000-00:00,"3.54,3.55,3.55,3.54,100197"
2025-12-15T09:35:00.000-00:00,"3.55,3.53,3.55,3.53,17554"
2025-12-15T09:40:00.000-00:00,"3.54,3.54,3.54,3.54,100"
2025-12-15T09:45:00.000-00:00,"3.53,3.54,3.54,3.53,68556"
2025-12-15T09:50:00.000-00:00,"3.54,3.53,3.54,3.53,653848"
2025-12-15T09:55:00.000-00:00,"3.53,3.52,3.53,3.52,525248"
2025-12-15T10:00:00.000-00:00,"3.53,3.53,3.53,3.52,192842"
2025-12-15T10:05:00.000-00:00,"3.53,3.54,3.54,3.52,760703"
2025-12-15T10:10:00.000-00:00,"3.53,3.53,3.54,3.53,166141"
2025-12-15T10:15:00.000-00:00,"3.53,3.53,3.53,3.52,550511"
2025-12-15T10:20:00.000-00:00,"3.53,3.53,3.54,3.52,141415"
2025-12-15T10:25:00.000-00:00,"3.53,3.53,3.54,3.52,588060"
2025-12-15T10:30:00.000-00:00,"3.53,3.53,3.54,3.53,5056855"
2025-12-15T10:35:00.000-00:00,"3.53,3.53,3.54,3.53,368343"
2025-12-15T10:40:00.000-00:00,"3.54,3.53,3.54,3.53,300975"
2025-12-15T10:45:00.000-00:00,"3.54,3.55,3.55,3.53,696798"
2025-12-15T10:50:00.000-00:00,"3.54,3.55,3.55,3.53,4285120"
2025-12-15T10:55:00.000-00:00,"3.55,3.54,3.55,3.54,374703"
2025-12-15T11:00:00.000-00:00,"3.53,3.53,3.54,3.53,4335715"
2025-12-15T11:05:00.000-00:00,"3.53,3.53,3.54,3.53,90777"
2025-12-15T11:10:00.000-00:00,"3.54,3.53,3.54,3.53,22815"
2025-12-15T11:15:00.000-00:00,"3.54,3.53,3.54,3.53,414187"
2025-12-15T11:20:00.000-00:00,"3.54,3.55,3.56,3.54,1621295"
2025-12-15T11:25:00.000-00:00,"3.55,3.55,3.55,3.54,265754"
2025-12-15T11:30:00.000-00:00,"3.55,3.55,3.55,3.54,51236"
2025-12-15T11:35:00.000-00:00,"3.55,3.55,3.55,3.55,100"
2025-12-15T11:40:00.000-00:00,"3.54,3.55,3.55,3.54,845875"
2025-12-15T11:45:00.000-00:00,"3.55,3.55,3.55,3.55,932671"
2025-12-15T11:50:00.000-00:00,"3.55,3.54,3.55,3.54,834078"
2025-12-15T11:55:00.000-00:00,"3.54,3.54,3.54,3.53,639600"
2025-12-15T12:00:00.000-00:00,"3.54,3.54,3.54,3.53,764950"
2025-12-15T12:05:00.000-00:00,"3.54,3.53,3.55,3.53,834084"
2025-12-15T12:10:00.000-00:00,"3.53,3.55,3.57,3.53,2837190"
2025-12-15T12:25:00.000-00:00,"3.55,3.55,3.55,3.55,4361828"
2025-12-16T08:00:00.000-00:00,"3.57,3.56,3.58,3.56,1249539"
2025-12-16T08:05:00.000-00:00,"3.56,3.56,3.56,3.55,309491"
2025-12-16T08:10:00.000-00:00,"3.56,3.56,3.57,3.56,876600"
2025-12-16T08:15:00.000-00:00,"3.55,3.56,3.56,3.55,304943"
2025-12-16T08:20:00.000-00:00,"3.55,3.55,3.57,3.55,912047"
2025-12-16T08:25:00.000-00:00,"3.55,3.56,3.56,3.55,305962"
2025-12-16T08:30:00.000-00:00,"3.55,3.55,3.56,3.55,192599"
2025-12-16T08:35:00.000-00:00,"3.55,3.54,3.56,3.54,976539"
2025-12-16T08:40:00.000-00:00,"3.54,3.53,3.54,3.53,3890866"
2025-12-16T08:45:00.000-00:00,"3.52,3.52,3.52,3.51,1014726"
2025-12-16T08:50:00.000-00:00,"3.52,3.51,3.53,3.5,4357089"
2025-12-16T08:55:00.000-00:00,"3.51,3.5,3.51,3.49,2729951"
2025-12-16T09:00:00.000-00:00,"3.5,3.5,3.5,3.49,893189"
2025-12-16T09:05:00.000-00:00,"3.5,3.51,3.51,3.5,261701"
2025-12-16T09:10:00.000-00:00,"3.51,3.52,3.52,3.51,368289"
2025-12-16T09:15:00.000-00:00,"3.52,3.51,3.52,3.51,713524"
2025-12-16T09:20:00.000-00:00,"3.51,3.51,3.51,3.51,732092"
2025-12-16T09:25:00.000-00:00,"3.5,3.51,3.51,3.5,574061"
2025-12-16T09:30:00.000-00:00,"3.51,3.51,3.51,3.51,80343"
2025-12-16T09:35:00.000-00:00,"3.51,3.5,3.51,3.5,230699"
2025-12-16T09:40:00.000-00:00,"3.5,3.51,3.51,3.5,250699"
2025-12-16T09:45:00.000-00:00,"3.51,3.51,3.51,3.51,242500"
2025-12-16T09:50:00.000-00:00,"3.51,3.51,3.51,3.5,2522104"
2025-12-16T09:55:00.000-00:00,"3.5,3.48,3.5,3.48,982468"
2025-12-16T10:00:00.000-00:00,"3.49,3.49,3.49,3.48,323173"
2025-12-16T10:05:00.000-00:00,"3.49,3.5,3.5,3.49,29500"
2025-12-16T10:10:00.000-00:00,"3.49,3.5,3.5,3.49,264451"
2025-12-16T10:15:00.000-00:00,"3.5,3.49,3.5,3.49,147122"
2025-12-16T10:20:00.000-00:00,"3.49,3.49,3.49,3.48,199932"
2025-12-16T10:25:00.000-00:00,"3.48,3.48,3.48,3.47,1099903"
2025-12-16T10:30:00.000-00:00,"3.47,3.49,3.49,3.47,600869"
2025-12-16T10:35:00.000-00:00,"3.49,3.49,3.49,3.48,165183"
2025-12-16T10:40:00.000-00:00,"3.49,3.48,3.49,3.48,24727"
2025-12-16T10:45:00.000-00:00,"3.48,3.48,3.48,3.48,95662"
2025-12-16T10:50:00.000-00:00,"3.49,3.49,3.49,3.48,89822"
2025-12-16T10:55:00.000-00:00,"3.49,3.48,3.49,3.48,63100"
2025-12-16T11:00:00.000-00:00,"3.49,3.48,3.49,3.48,225893"
2025-12-16T11:05:00.000-00:00,"3.49,3.48,3.49,3.48,2501"
2025-12-16T11:10:00.000-00:00,"3.49,3.48,3.49,3.48,183905"
2025-12-16T11:15:00.000-00:00,"3.48,3.48,3.48,3.47,24765"
2025-12-16T11:20:00.000-00:00,"3.48,3.47,3.48,3.47,163596"
2025-12-16T11:25:00.000-00:00,"3.48,3.48,3.48,3.47,391796"
2025-12-16T11:30:00.000-00:00,"3.48,3.48,3.49,3.48,215542"
2025-12-16T11:35:00.000-00:00,"3.48,3.48,3.48,3.47,333924"
2025-12-16T11:40:00.000-00:00,"3.47,3.46,3.47,3.44,2380866"
2025-12-16T11:45:00.000-00:00,"3.46,3.46,3.47,3.45,1248361"
2025-12-16T11:50:00.000-00:00,"3.46,3.46,3.47,3.45,1154058"
2025-12-16T11:55:00.000-00:00,"3.46,3.47,3.47,3.45,792919"
2025-12-16T12:00:00.000-00:00,"3.47,3.47,3.47,3.46,238918"
2025-12-16T12:05:00.000-00:00,"3.47,3.45,3.47,3.45,906393"
2025-12-16T12:10:00.000-00:00,"3.45,3.46,3.48,3.45,4884525"
2025-12-16T12:15:00.000-00:00,"3.46,3.46,3.46,3.46,5000"
2025-12-16T12:25:00.000-00:00,"3.46,3.46,3.46,3.46,1315585"
2025-12-17T08:00:00.000-00:00,"3.47,3.47,3.48,3.47,430044"
2025-12-17T08:05:00.000-00:00,"3.47,3.47,3.48,3.47,191908"
2025-12-17T08:10:00.000-00:00,"3.47,3.46,3.47,3.46,969963"
2025-12-17T08:15:00.000-00:00,"3.46,3.46,3.47,3.46,611937"
2025-12-17T08:20:00.000-00:00,"3.46,3.46,3.46,3.45,602412"
2025-12-17T08:25:00.000-00:00,"3.45,3.47,3.47,3.45,1607195"
2025-12-17T08:30:00.000-00:00,"3.47,3.49,3.49,3.47,1525375"
2025-12-17T08:35:00.000-00:00,"3.49,3.5,3.5,3.49,485054"
2025-12-17T08:40:00.000-00:00,"3.49,3.49,3.5,3.49,20130970"
2025-12-17T08:45:00.000-00:00,"3.49,3.48,3.5,3.48,845231"
2025-12-17T08:50:00.000-00:00,"3.48,3.5,3.5,3.48,234660"
2025-12-17T08:55:00.000-00:00,"3.5,3.5,3.5,3.5,3709"
2025-12-17T09:00:00.000-00:00,"3.49,3.49,3.5,3.49,292769"
2025-12-17T09:05:00.000-00:00,"3.49,3.49,3.49,3.49,1000176"
2025-12-17T09:10:00.000-00:00,"3.49,3.49,3.5,3.49,164778"
2025-12-17T09:15:00.000-00:00,"3.49,3.5,3.5,3.49,199933"
2025-12-17T09:20:00.000-00:00,"3.5,3.49,3.5,3.49,1080"
2025-12-17T09:25:00.000-00:00,"3.49,3.48,3.5,3.48,150768"
2025-12-17T09:30:00.000-00:00,"3.49,3.49,3.49,3.49,5723"
2025-12-17T09:35:00.000-00:00,"3.49,3.48,3.49,3.48,265614"
2025-12-17T09:40:00.000-00:00,"3.48,3.48,3.49,3.48,358209"
2025-12-17T09:45:00.000-00:00,"3.48,3.48,3.49,3.48,60000"
2025-12-17T09:50:00.000-00:00,"3.49,3.49,3.49,3.48,116250"
2025-12-17T09:55:00.000-00:00,"3.49,3.49,3.49,3.48,1123"
2025-12-17T10:00:00.000-00:00,"3.49,3.5,3.5,3.48,272452"
2025-12-17T10:05:00.000-00:00,"3.5,3.5,3.5,3.49,2264"
2025-12-17T10:10:00.000-00:00,"3.5,3.55,3.6,3.5,8358525"
2025-12-17T10:15:00.000-00:00,"3.55,3.53,3.55,3.53,2009233"
2025-12-17T10:20:00.000-00:00,"3.53,3.53,3.54,3.53,998396"
2025-12-17T10:25:00.000-00:00,"3.53,3.53,3.53,3.52,508582"
2025-12-17T10:30:00.000-00:00,"3.53,3.53,3.53,3.52,28001"
2025-12-17T10:35:00.000-00:00,"3.52,3.53,3.53,3.52,2037824"
2025-12-17T10:40:00.000-00:00,"3.52,3.52,3.52,3.5,6653551"
2025-12-17T10:45:00.000-00:00,"3.52,3.53,3.53,3.5,405260"
2025-12-17T10:50:00.000-00:00,"3.52,3.52,3.53,3.51,204215"
2025-12-17T10:55:00.000-00:00,"3.53,3.53,3.53,3.52,97591"
2025-12-17T11:00:00.000-00:00,"3.53,3.53,3.54,3.53,438568"
2025-12-17T11:05:00.000-00:00,"3.53,3.56,3.59,3.53,6098218"
2025-12-17T11:10:00.000-00:00,"3.56,3.55,3.57,3.55,636016"
2025-12-17T11:15:00.000-00:00,"3.56,3.56,3.57,3.55,191407"
2025-12-17T11:20:00.000-00:00,"3.55,3.54,3.55,3.54,523062"
2025-12-17T11:25:00.000-00:00,"3.55,3.54,3.56,3.54,164866"
2025-12-17T11:30:00.000-00:00,"3.55,3.55,3.55,3.55,114644"
2025-12-17T11:35:00.000-00:00,"3.56,3.54,3.56,3.53,639029"
2025-12-17T11:40:00.000-00:00,"3.54,3.55,3.55,3.54,159827"
2025-12-17T11:45:00.000-00:00,"3.55,3.55,3.56,3.55,1821728"
2025-12-17T11:50:00.000-00:00,"3.55,3.55,3.56,3.55,1870080"
2025-12-17T11:55:00.000-00:00,"3.55,3.56,3.56,3.55,2197948"
2025-12-17T12:00:00.000-00:00,"3.56,3.57,3.59,3.55,5836222"
2025-12-17T12:05:00.000-00:00,"3.57,3.58,3.59,3.55,4107858"
2025-12-17T12:10:00.000-00:00,"3.58,3.59,3.6,3.58,9030573"
2025-12-17T12:25:00.000-00:00,"3.58,3.58,3.58,3.58,3591248"
2025-12-18T08:00:00.000-00:00,"3.61,3.63,3.64,3.6,3978677"
2025-12-18T08:05:00.000-00:00,"3.63,3.62,3.64,3.61,8911703"
2025-12-18T08:10:00.000-00:00,"3.63,3.62,3.63,3.61,4864979"
2025-12-18T08:15:00.000-00:00,"3.61,3.6,3.63,3.6,278540"
2025-12-18T08:20:00.000-00:00,"3.6,3.59,3.61,3.59,667348"
2025-12-18T08:25:00.000-00:00,"3.6,3.62,3.62,3.6,14827144"
2025-12-18T08:30:00.000-00:00,"3.62,3.61,3.62,3.6,279658"
2025-12-18T08:35:00.000-00:00,"3.62,3.61,3.62,3.6,82661"
2025-12-18T08:40:00.000-00:00,"3.6,3.6,3.61,3.6,57791"
2025-12-18T08:45:00.000-00:00,"3.61,3.63,3.64,3.61,5792342"
2025-12-18T08:50:00.000-00:00,"3.64,3.64,3.64,3.63,1419240"
2025-12-18T08:55:00.000-00:00,"3.64,3.64,3.65,3.63,139470"
2025-12-18T09:00:00.000-00:00,"3.64,3.65,3.66,3.64,7474842"
2025-12-18T09:05:00.000-00:00,"3.65,3.66,3.66,3.65,2163262"
2025-12-18T09:10:00.000-00:00,"3.66,3.64,3.66,3.64,2579758"
2025-12-18T09:15:00.000-00:00,"3.64,3.61,3.64,3.61,272105"
2025-12-18T09:20:00.000-00:00,"3.62,3.61,3.62,3.61,505578"
2025-12-18T09:25:00.000-00:00,"3.62,3.61,3.62,3.61,5314"
2025-12-18T09:30:00.000-00:00,"3.62,3.62,3.63,3.61,108237"
2025-12-18T09:35:00.000-00:00,"3.63,3.63,3.63,3.63,580000"
2025-12-18T09:40:00.000-00:00,"3.62,3.63,3.63,3.62,86306"
2025-12-18T09:45:00.000-00:00,"3.63,3.63,3.64,3.62,54659"
2025-12-18T09:50:00.000-00:00,"3.63,3.62,3.63,3.62,167416"
2025-12-18T09:55:00.000-00:00,"3.63,3.63,3.63,3.62,89141"
2025-12-18T10:00:00.000-00:00,"3.62,3.62,3.63,3.62,29436"
2025-12-18T10:05:00.000-00:00,"3.62,3.63,3.63,3.62,67106"
2025-12-18T10:10:00.000-00:00,"3.62,3.63,3.63,3.62,32657"
2025-12-18T10:15:00.000-00:00,"3.63,3.62,3.63,3.61,173217"
2025-12-18T10:20:00.000-00:00,"3.62,3.61,3.62,3.61,137089"
2025-12-18T10:25:00.000-00:00,"3.61,3.61,3.61,3.61,72287"
2025-12-18T10:30:00.000-00:00,"3.61,3.62,3.62,3.61,207287"
2025-12-18T10:35:00.000-00:00,"3.62,3.62,3.62,3.61,750755"
2025-12-18T10:40:00.000-00:00,"3.61,3.6,3.61,3.6,877876"
2025-12-18T10:45:00.000-00:00,"3.6,3.58,3.6,3.58,699871"
2025-12-18T10:50:00.000-00:00,"3.59,3.59,3.59,3.58,174554"
2025-12-18T10:55:00.000-00:00,"3.59,3.59,3.59,3.58,192747"
2025-12-18T11:00:00.000-00:00,"3.58,3.59,3.59,3.58,336408"
2025-12-18T11:05:00.000-00:00,"3.6,3.6,3.6,3.59,391516"
2025-12-18T11:10:00.000-00:00,"3.6,3.59,3.6,3.59,178015"
2025-12-18T11:15:00.000-00:00,"3.59,3.6,3.6,3.59,277469"
2025-12-18T11:20:00.000-00:00,"3.59,3.59,3.59,3.59,74609"
2025-12-18T11:25:00.000-00:00,"3.58,3.58,3.59,3.58,172366"
2025-12-18T11:30:00.000-00:00,"3.58,3.57,3.59,3.57,192879"
2025-12-18T11:35:00.000-00:00,"3.57,3.57,3.57,3.56,468009"
2025-12-18T11:40:00.000-00:00,"3.57,3.57,3.58,3.57,221392"
2025-12-18T11:45:00.000-00:00,"3.57,3.57,3.57,3.56,412416"
2025-12-18T11:50:00.000-00:00,"3.56,3.57,3.57,3.56,133243"
2025-12-18T11:55:00.000-00:00,"3.57,3.55,3.57,3.54,2145153"
2025-12-18T12:00:00.000-00:00,"3.55,3.55,3.56,3.55,2548271"
2025-12-18T12:05:00.000-00:00,"3.54,3.55,3.56,3.54,1689427"
2025-12-18T12:10:00.000-00:00,"3.55,3.53,3.55,3.52,3077986"
2025-12-18T12:25:00.000-00:00,"3.55,3.55,3.55,3.55,4218817"
2025-12-21T08:00:00.000-00:00,"3.55,3.55,3.56,3.55,389333"
2025-12-21T08:05:00.000-00:00,"3.56,3.57,3.57,3.55,732535"
2025-12-21T08:10:00.000-00:00,"3.57,3.56,3.58,3.56,844048"
2025-12-21T08:15:00.000-00:00,"3.56,3.55,3.57,3.55,1837214"
2025-12-21T08:20:00.000-00:00,"3.56,3.55,3.56,3.54,48409"
2025-12-21T08:25:00.000-00:00,"3.56,3.57,3.57,3.56,176867"
2025-12-21T08:30:00.000-00:00,"3.56,3.55,3.56,3.55,375094"
2025-12-21T08:35:00.000-00:00,"3.56,3.56,3.56,3.55,5070"
2025-12-21T08:40:00.000-00:00,"3.55,3.55,3.56,3.55,1174913"
2025-12-21T08:45:00.000-00:00,"3.54,3.53,3.55,3.53,149425"
2025-12-21T08:50:00.000-00:00,"3.53,3.52,3.54,3.51,247348"
2025-12-21T08:55:00.000-00:00,"3.53,3.52,3.55,3.52,258585"
2025-12-21T09:00:00.000-00:00,"3.53,3.52,3.53,3.52,1719"
2025-12-21T09:05:00.000-00:00,"3.54,3.54,3.54,3.52,30513"
2025-12-21T09:10:00.000-00:00,"3.53,3.54,3.54,3.53,26291"
2025-12-21T09:15:00.000-00:00,"3.53,3.54,3.54,3.53,137518"
2025-12-21T09:20:00.000-00:00,"3.54,3.54,3.54,3.53,153989"
2025-12-21T09:25:00.000-00:00,"3.54,3.5,3.54,3.49,3877303"
2025-12-21T09:30:00.000-00:00,"3.5,3.51,3.51,3.5,323589"
2025-12-21T09:35:00.000-00:00,"3.51,3.5,3.51,3.49,1123692"
2025-12-21T09:40:00.000-00:00,"3.5,3.5,3.51,3.5,511668"
2025-12-21T09:45:00.000-00:00,"3.51,3.5,3.51,3.5,20414"
2025-12-21T09:50:00.000-00:00,"3.5,3.49,3.5,3.49,382670"
2025-12-21T09:55:00.000-00:00,"3.5,3.49,3.5,3.49,164830"
2025-12-21T10:00:00.000-00:00,"3.49,3.49,3.5,3.49,231661"
2025-12-21T10:05:00.000-00:00,"3.49,3.48,3.5,3.46,6994072"
2025-12-21T10:10:00.000-00:00,"3.48,3.47,3.5,3.47,214367"
2025-12-21T10:15:00.000-00:00,"3.48,3.49,3.5,3.47,30422"
2025-12-21T10:20:00.000-00:00,"3.5,3.49,3.5,3.48,129140"
2025-12-21T10:25:00.000-00:00,"3.49,3.49,3.49,3.48,13096"
2025-12-21T10:30:00.000-00:00,"3.48,3.49,3.49,3.48,153796"
2025-12-21T10:35:00.000-00:00,"3.5,3.49,3.5,3.49,39831"
2025-12-21T10:40:00.000-00:00,"3.49,3.49,3.49,3.48,3066786"
2025-12-21T10:45:00.000-00:00,"3.48,3.5,3.5,3.48,1254752"
2025-12-21T10:50:00.000-00:00,"3.49,3.5,3.5,3.48,10040837"
2025-12-21T10:55:00.000-00:00,"3.49,3.48,3.49,3.48,232857"
2025-12-21T11:00:00.000-00:00,"3.48,3.49,3.49,3.48,834752"
2025-12-21T11:05:00.000-00:00,"3.5,3.48,3.5,3.48,6516187"
2025-12-21T11:10:00.000-00:00,"3.48,3.48,3.49,3.48,1258955"
2025-12-21T11:15:00.000-00:00,"3.48,3.46,3.48,3.46,258563"
2025-12-21T11:20:00.000-00:00,"3.47,3.48,3.48,3.47,375404"
2025-12-21T11:25:00.000-00:00,"3.47,3.47,3.48,3.47,80365"
2025-12-21T11:30:00.000-00:00,"3.46,3.46,3.47,3.46,960471"
2025-12-21T11:35:00.000-00:00,"3.46,3.46,3.46,3.45,644858"
2025-12-21T11:40:00.000-00:00,"3.46,3.46,3.47,3.45,307348"
2025-12-21T11:45:00.000-00:00,"3.46,3.46,3.46,3.45,97583"
2025-12-21T11:50:00.000-00:00,"3.46,3.46,3.46,3.46,187351"
2025-12-21T11:55:00.000-00:00,"3.46,3.48,3.48,3.46,780296"
2025-12-21T12:00:00.000-00:00,"3.48,3.47,3.48,3.46,231527"
2025-12-21T12:05:00.000-00:00,"3.48,3.47,3.48,3.46,710035"
2025-12-21T12:10:00.000-00:00,"3.48,3.48,3.48,3.46,606982"
2025-12-21T12:25:00.000-00:00,"3.46,3.46,3.46,3.46,1884781"
2025-12-22T08:00:00.000-00:00,"3.49,3.49,3.5,3.48,501219"
2025-12-22T08:05:00.000-00:00,"3.5,3.5,3.5,3.49,405979"
2025-12-22T08:10:00.000-00:00,"3.5,3.49,3.5,3.48,115650"
2025-12-22T08:15:00.000-00:00,"3.49,3.5,3.5,3.48,143884"
2025-12-22T08:20:00.000-00:00,"3.49,3.49,3.5,3.49,84700"
2025-12-22T08:25:00.000-00:00,"3.48,3.48,3.48,3.48,20153"
2025-12-22T08:30:00.000-00:00,"3.49,3.49,3.49,3.48,84389"
2025-12-22T08:35:00.000-00:00,"3.49,3.48,3.49,3.48,174818"
2025-12-22T08:40:00.000-00:00,"3.48,3.49,3.5,3.48,135837"
2025-12-22T08:45:00.000-00:00,"3.49,3.49,3.49,3.49,69038"
2025-12-22T08:50:00.000-00:00,"3.5,3.5,3.5,3.5,6456"
2025-12-22T08:55:00.000-00:00,"3.5,3.51,3.51,3.49,1491372"
2025-12-22T09:00:00.000-00:00,"3.51,3.5,3.51,3.5,566437"
2025-12-22T09:05:00.000-00:00,"3.5,3.5,3.5,3.5,217641"
2025-12-22T09:10:00.000-00:00,"3.5,3.5,3.5,3.5,208000"
2025-12-22T09:15:00.000-00:00,"3.5,3.5,3.51,3.49,232632"
2025-12-22T09:20:00.000-00:00,"3.5,3.49,3.5,3.49,193127"
2025-12-22T09:25:00.000-00:00,"3.5,3.5,3.5,3.5,1"
2025-12-22T09:30:00.000-00:00,"3.49,3.5,3.5,3.49,62305"
2025-12-22T09:35:00.000-00:00,"3.5,3.5,3.5,3.49,261920"
2025-12-22T09:40:00.000-00:00,"3.49,3.5,3.5,3.49,302610"
2025-12-22T09:45:00.000-00:00,"3.5,3.5,3.51,3.5,193408"
2025-12-22T09:50:00.000-00:00,"3.5,3.51,3.51,3.5,138614"
2025-12-22T09:55:00.000-00:00,"3.51,3.51,3.51,3.51,128572"
2025-12-22T10:00:00.000-00:00,"3.51,3.51,3.51,3.5,197958"
2025-12-22T10:05:00.000-00:00,"3.51,3.52,3.52,3.51,178839"
2025-12-22T10:10:00.000-00:00,"3.51,3.54,3.55,3.51,2148659"
2025-12-22T10:15:00.000-00:00,"3.54,3.52,3.54,3.52,549718"
2025-12-22T10:20:00.000-00:00,"3.52,3.52,3.52,3.51,263499"
2025-12-22T10:25:00.000-00:00,"3.51,3.52,3.52,3.51,15157"
2025-12-22T10:30:00.000-00:00,"3.52,3.52,3.53,3.52,801886"
2025-12-22T10:35:00.000-00:00,"3.52,3.52,3.52,3.52,23409"
2025-12-22T10:40:00.000-00:00,"3.51,3.52,3.52,3.51,38750"
2025-12-22T10:45:00.000-00:00,"3.52,3.52,3.52,3.52,63266"
2025-12-22T10:50:00.000-00:00,"3.51,3.52,3.52,3.5,438532"
2025-12-22T10:55:00.000-00:00,"3.53,3.53,3.53,3.52,720447"
2025-12-22T11:00:00.000-00:00,"3.53,3.53,3.53,3.52,485944"
2025-12-22T11:05:00.000-00:00,"3.53,3.52,3.53,3.52,49225"
2025-12-22T11:10:00.000-00:00,"3.53,3.54,3.54,3.52,347120"
2025-12-22T11:15:00.000-00:00,"3.53,3.52,3.54,3.52,264233"
2025-12-22T11:20:00.000-00:00,"3.53,3.53,3.53,3.52,450990"
2025-12-22T11:25:00.000-00:00,"3.53,3.54,3.55,3.53,2590100"
2025-12-22T11:30:00.000-00:00,"3.53,3.54,3.55,3.53,981269"
2025-12-22T11:35:00.000-00:00,"3.53,3.53,3.54,3.53,211679"
2025-12-22T11:40:00.000-00:00,"3.53,3.54,3.54,3.53,115254"
2025-12-22T11:45:00.000-00:00,"3.54,3.53,3.54,3.53,84429"
2025-12-22T11:50:00.000-00:00,"3.53,3.53,3.53,3.53,29256"
2025-12-22T11:55:00.000-00:00,"3.53,3.53,3.54,3.53,1076208"
2025-12-22T12:00:00.000-00:00,"3.53,3.46,3.53,3.46,16857060"
2025-12-22T12:05:00.000-00:00,"3.47,3.44,3.47,3.43,3214968"
2025-12-22T12:10:00.000-00:00,"3.44,3.47,3.47,3.44,646674"
2025-12-22T12:15:00.000-00:00,"3.46,3.46,3.46,3.46,25910"
2025-12-22T12:25:00.000-00:00,"3.46,3.46,3.46,3.46,2930156"
2025-12-23T08:00:00.000-00:00,"3.47,3.47,3.48,3.46,481421"
2025-12-23T08:05:00.000-00:00,"3.46,3.48,3.48,3.46,165705"
2025-12-23T08:10:00.000-00:00,"3.47,3.47,3.48,3.47,751153"
2025-12-23T08:15:00.000-00:00,"3.47,3.47,3.47,3.47,33950"
2025-12-23T08:20:00.000-00:00,"3.47,3.47,3.48,3.47,40554"
2025-12-23T08:25:00.000-00:00,"3.47,3.48,3.48,3.47,61814"
2025-12-23T08:30:00.000-00:00,"3.48,3.48,3.48,3.48,20276"
2025-12-23T08:35:00.000-00:00,"3.47,3.47,3.48,3.47,36185"
2025-12-23T08:40:00.000-00:00,"3.47,3.49,3.49,3.46,768454"
2025-12-23T08:45:00.000-00:00,"3.48,3.47,3.48,3.47,184464"
2025-12-23T08:50:00.000-00:00,"3.48,3.47,3.48,3.47,588641"
2025-12-23T08:55:00.000-00:00,"3.48,3.48,3.49,3.48,630028"
2025-12-23T09:00:00.000-00:00,"3.47,3.46,3.47,3.46,61910"
2025-12-23T09:05:00.000-00:00,"3.47,3.46,3.47,3.46,411000"
2025-12-23T09:10:00.000-00:00,"3.48,3.48,3.48,3.47,52186"
2025-12-23T09:15:00.000-00:00,"3.47,3.47,3.47,3.47,6270"
2025-12-23T09:20:00.000-00:00,"3.47,3.46,3.47,3.46,13579"
2025-12-23T09:25:00.000-00:00,"3.47,3.47,3.47,3.47,140470"
2025-12-23T09:30:00.000-00:00,"3.47,3.48,3.48,3.47,8002"
2025-12-23T09:35:00.000-00:00,"3.48,3.47,3.48,3.47,18216"
2025-12-23T09:40:00.000-00:00,"3.47,3.47,3.48,3.47,416926"
2025-12-23T09:45:00.000-00:00,"3.48,3.47,3.48,3.47,184827"
2025-12-23T09:50:00.000-00:00,"3.46,3.46,3.46,3.46,190300"
2025-12-23T09:55:00.000-00:00,"3.46,3.46,3.47,3.46,24996"
2025-12-23T10:00:00.000-00:00,"3.46,3.45,3.46,3.45,290689"
2025-12-23T10:05:00.000-00:00,"3.46,3.4,3.46,3.4,2251312"
2025-12-23T10:10:00.000-00:00,"3.4,3.4,3.41,3.4,727556"
2025-12-23T10:15:00.000-00:00,"3.41,3.43,3.43,3.4,1345203"
2025-12-23T10:20:00.000-00:00,"3.43,3.42,3.43,3.42,268473"
2025-12-23T10:25:00.000-00:00,"3.41,3.42,3.42,3.41,762863"
2025-12-23T10:30:00.000-00:00,"3.41,3.41,3.42,3.4,672063"
2025-12-23T10:35:00.000-00:00,"3.4,3.39,3.42,3.39,392746"
2025-12-23T10:40:00.000-00:00,"3.39,3.4,3.41,3.39,1001692"
2025-12-23T10:45:00.000-00:00,"3.4,3.37,3.4,3.37,418495"
2025-12-23T10:50:00.000-00:00,"3.4,3.4,3.4,3.38,243476"
2025-12-23T10:55:00.000-00:00,"3.39,3.39,3.4,3.38,452856"
2025-12-23T11:00:00.000-00:00,"3.39,3.4,3.4,3.39,205008"
2025-12-23T11:05:00.000-00:00,"3.4,3.39,3.4,3.38,912451"
2025-12-23T11:10:00.000-00:00,"3.38,3.38,3.39,3.38,94336"
2025-12-23T11:15:00.000-00:00,"3.39,3.39,3.4,3.38,4138262"
2025-12-23T11:20:00.000-00:00,"3.39,3.4,3.4,3.39,392000"
2025-12-23T11:25:00.000-00:00,"3.4,3.41,3.41,3.4,1025225"
2025-12-23T11:30:00.000-00:00,"3.41,3.42,3.42,3.4,1573026"
2025-12-23T11:35:00.000-00:00,"3.41,3.4,3.41,3.4,427868"
2025-12-23T11:40:00.000-00:00,"3.41,3.43,3.45,3.41,7806946"
2025-12-23T11:45:00.000-00:00,"3.43,3.43,3.44,3.42,1965276"
2025-12-23T11:50:00.000-00:00,"3.43,3.5,3.5,3.43,5657555"
2025-12-23T11:55:00.000-00:00,"3.5,3.48,3.5,3.48,1045003"
2025-12-23T12:00:00.000-00:00,"3.48,3.48,3.48,3.47,4781738"
2025-12-23T12:05:00.000-00:00,"3.48,3.5,3.5,3.48,1664685"
2025-12-23T12:10:00.000-00:00,"3.49,3.47,3.49,3.47,1689399"
2025-12-23T12:25:00.000-00:00,"3.48,3.48,3.48,3.48,2157980"
2025-12-24T08:00:00.000-00:00,"3.55,3.49,3.55,3.48,1681004"
2025-12-24T08:05:00.000-00:00,"3.49,3.5,3.52,3.49,79008"
2025-12-24T08:10:00.000-00:00,"3.51,3.53,3.53,3.5,103534"
2025-12-24T08:15:00.000-00:00,"3.53,3.51,3.53,3.5,23440"
2025-12-24T08:20:00.000-00:00,"3.53,3.53,3.53,3.51,731653"
2025-12-24T08:25:00.000-00:00,"3.53,3.52,3.54,3.52,808820"
2025-12-24T08:30:00.000-00:00,"3.52,3.52,3.53,3.51,62097"
2025-12-24T08:35:00.000-00:00,"3.52,3.49,3.52,3.49,2436598"
2025-12-24T08:40:00.000-00:00,"3.49,3.49,3.49,3.48,282719"
2025-12-24T08:45:00.000-00:00,"3.5,3.5,3.5,3.49,76844"
2025-12-24T08:50:00.000-00:00,"3.49,3.49,3.5,3.49,873455"
2025-12-24T08:55:00.000-00:00,"3.49,3.49,3.5,3.49,79215"
2025-12-24T09:00:00.000-00:00,"3.49,3.49,3.5,3.49,54335"
2025-12-24T09:05:00.000-00:00,"3.48,3.49,3.49,3.48,27747"
2025-12-24T09:10:00.000-00:00,"3.49,3.49,3.49,3.49,629"
2025-12-24T09:15:00.000-00:00,"3.49,3.49,3.49,3.48,12294"
2025-12-24T09:20:00.000-00:00,"3.49,3.48,3.49,3.48,703712"
2025-12-24T09:25:00.000-00:00,"3.48,3.48,3.48,3.48,263178"
2025-12-24T09:30:00.000-00:00,"3.48,3.47,3.48,3.47,83633"
2025-12-24T09:35:00.000-00:00,"3.48,3.48,3.48,3.48,10337"
2025-12-24T09:40:00.000-00:00,"3.48,3.47,3.48,3.47,76011"
2025-12-24T09:45:00.000-00:00,"3.48,3.48,3.49,3.48,301517"
2025-12-24T09:50:00.000-00:00,"3.48,3.47,3.48,3.47,260153"
2025-12-24T09:55:00.000-00:00,"3.48,3.47,3.48,3.47,77580"
2025-12-24T10:00:00.000-00:00,"3.47,3.48,3.48,3.47,137986"
2025-12-24T10:05:00.000-00:00,"3.48,3.48,3.48,3.47,141232"
2025-12-24T10:10:00.000-00:00,"3.48,3.48,3.48,3.47,101464"
2025-12-24T10:15:00.000-00:00,"3.48,3.49,3.49,3.48,3857666"
2025-12-24T10:20:00.000-00:00,"3.5,3.5,3.5,3.49,1995332"
2025-12-24T10:25:00.000-00:00,"3.5,3.5,3.5,3.5,190755"
2025-12-24T10:30:00.000-00:00,"3.49,3.5,3.5,3.49,14014"
2025-12-24T10:35:00.000-00:00,"3.5,3.49,3.5,3.49,570218"
2025-12-24T10:40:00.000-00:00,"3.49,3.49,3.49,3.49,99000"
2025-12-24T10:45:00.000-00:00,"3.5,3.49,3.5,3.49,619533"
2025-12-24T10:50:00.000-00:00,"3.49,3.5,3.5,3.49,222085"
2025-12-24T10:55:00.000-00:00,"3.5,3.53,3.54,3.49,6271725"
2025-12-24T11:00:00.000-00:00,"3.53,3.52,3.53,3.51,128560"
2025-12-24T11:05:00.000-00:00,"3.52,3.52,3.53,3.51,518028"
2025-12-24T11:10:00.000-00:00,"3.52,3.52,3.53,3.52,850695"
2025-12-24T11:15:00.000-00:00,"3.52,3.53,3.55,3.52,4054543"
2025-12-24T11:20:00.000-00:00,"3.52,3.53,3.53,3.52,27773"
2025-12-24T11:25:00.000-00:00,"3.53,3.55,3.55,3.52,3689616"
2025-12-24T11:30:00.000-00:00,"3.55,3.55,3.56,3.53,6254851"
2025-12-24T11:35:00.000-00:00,"3.55,3.55,3.55,3.54,1157785"
2025-12-24T11:40:00.000-00:00,"3.54,3.52,3.55,3.52,4265663"
2025-12-24T11:45:00.000-00:00,"3.52,3.5,3.52,3.5,2975240"
2025-12-24T11:50:00.000-00:00,"3.51,3.51,3.51,3.5,603513"
2025-12-24T11:55:00.000-00:00,"3.5,3.5,3.5,3.49,620012"
2025-12-24T12:00:00.000-00:00,"3.51,3.51,3.51,3.5,277502"
2025-12-24T12:05:00.000-00:00,"3.51,3.51,3.51,3.5,77720"
2025-12-24T12:10:00.000-00:00,"3.51,3.5,3.51,3.5,377229"
2025-12-24T12:25:00.000-00:00,"3.51,3.51,3.51,3.51,4982929"
2025-12-25T08:00:00.000-00:00,"3.52,3.53,3.54,3.52,871100"
2025-12-25T08:05:00.000-00:00,"3.53,3.51,3.53,3.51,613734"
2025-12-25T08:10:00.000-00:00,"3.52,3.54,3.54,3.52,946352"
2025-12-25T08:15:00.000-00:00,"3.54,3.54,3.55,3.53,910997"
2025-12-25T08:20:00.000-00:00,"3.54,3.55,3.55,3.54,1317546"
2025-12-25T08:25:00.000-00:00,"3.55,3.54,3.55,3.54,975594"
2025-12-25T08:30:00.000-00:00,"3.55,3.55,3.56,3.55,669033"
2025-12-25T08:35:00.000-00:00,"3.55,3.55,3.55,3.54,427283"
2025-12-25T08:40:00.000-00:00,"3.54,3.55,3.55,3.54,14442"
2025-12-25T08:45:00.000-00:00,"3.54,3.54,3.55,3.54,133713"
2025-12-25T08:50:00.000-00:00,"3.55,3.53,3.55,3.53,641604"
2025-12-25T08:55:00.000-00:00,"3.53,3.53,3.54,3.53,51029"
2025-12-25T09:00:00.000-00:00,"3.53,3.54,3.54,3.52,50665"
2025-12-25T09:05:00.000-00:00,"3.53,3.53,3.53,3.53,11282"
2025-12-25T09:10:00.000-00:00,"3.53,3.54,3.54,3.53,31874"
2025-12-25T09:15:00.000-00:00,"3.53,3.52,3.54,3.52,252122"
2025-12-25T09:20:00.000-00:00,"3.52,3.52,3.52,3.52,3796"
2025-12-25T09:25:00.000-00:00,"3.53,3.52,3.53,3.52,914722"
2025-12-25T09:30:00.000-00:00,"3.52,3.51,3.52,3.51,700525"
2025-12-25T09:35:00.000-00:00,"3.51,3.5,3.51,3.5,635776"
2025-12-25T09:40:00.000-00:00,"3.52,3.52,3.52,3.51,12556"
2025-12-25T09:45:00.000-00:00,"3.51,3.5,3.52,3.5,229425"
2025-12-25T09:50:00.000-00:00,"3.51,3.51,3.51,3.51,6342"
2025-12-25T09:55:00.000-00:00,"3.51,3.51,3.51,3.51,97658"
2025-12-25T10:00:00.000-00:00,"3.5,3.5,3.51,3.5,23001"
2025-12-25T10:05:00.000-00:00,"3.51,3.51,3.51,3.5,824760"
2025-12-25T10:10:00.000-00:00,"3.51,3.51,3.51,3.51,2515"
2025-12-25T10:15:00.000-00:00,"3.51,3.51,3.52,3.51,9415"
2025-12-25T10:25:00.000-00:00,"3.52,3.51,3.52,3.51,816815"
2025-12-25T10:30:00.000-00:00,"3.51,3.5,3.51,3.5,172152"
2025-12-25T10:35:00.000-00:00,"3.5,3.51,3.51,3.5,27736"
2025-12-25T10:40:00.000-00:00,"3.5,3.5,3.52,3.5,1101508"
2025-12-25T10:45:00.000-00:00,"3.5,3.51,3.51,3.5,1039984"
2025-12-25T10:50:00.000-00:00,"3.51,3.5,3.51,3.5,836214"
2025-12-25T10:55:00.000-00:00,"3.51,3.5,3.51,3.5,1628440"
2025-12-25T11:00:00.000-00:00,"3.51,3.5,3.51,3.5,127800"
2025-12-25T11:05:00.000-00:00,"3.51,3.5,3.51,3.5,33579"
2025-12-25T11:10:00.000-00:00,"3.51,3.51,3.51,3.51,47575"
2025-12-25T11:15:00.000-00:00,"3.5,3.5,3.5,3.5,620975"
2025-12-25T11:20:00.000-00:00,"3.5,3.49,3.5,3.49,808029"
2025-12-25T11:25:00.000-00:00,"3.49,3.5,3.51,3.49,678425"
2025-12-25T11:30:00.000-00:00,"3.51,3.52,3.53,3.5,16050919"
2025-12-25T11:35:00.000-00:00,"3.53,3.51,3.53,3.51,42709"
2025-12-25T11:40:00.000-00:00,"3.51,3.52,3.52,3.51,17586"
2025-12-25T11:45:00.000-00:00,"3.52,3.51,3.53,3.51,554577"
2025-12-25T11:50:00.000-00:00,"3.51,3.5,3.51,3.5,1111795"
2025-12-25T11:55:00.000-00:00,"3.5,3.51,3.52,3.5,410242"
2025-12-25T12:00:00.000-00:00,"3.51,3.5,3.51,3.5,1067107"
2025-12-25T12:05:00.000-00:00,"3.5,3.51,3.51,3.5,1237809"
2025-12-25T12:10:00.000-00:00,"3.5,3.5,3.51,3.5,2073201"
2025-12-25T12:25:00.000-00:00,"3.52,3.52,3.52,3.52,1583202"
2025-12-28T08:00:00.000-00:00,"3.52,3.53,3.54,3.52,203745"
2025-12-28T08:05:00.000-00:00,"3.53,3.54,3.54,3.53,12918"
2025-12-28T08:10:00.000-00:00,"3.53,3.53,3.54,3.53,610892"
2025-12-28T08:15:00.000-00:00,"3.52,3.51,3.53,3.51,316095"
2025-12-28T08:20:00.000-00:00,"3.53,3.52,3.53,3.51,28356"
2025-12-28T08:25:00.000-00:00,"3.52,3.5,3.52,3.49,1117582"
2025-12-28T08:30:00.000-00:00,"3.52,3.5,3.52,3.5,1925480"
2025-12-28T08:35:00.000-00:00,"3.5,3.5,3.51,3.5,2135844"
2025-12-28T08:40:00.000-00:00,"3.5,3.5,3.51,3.49,1781850"
2025-12-28T08:45:00.000-00:00,"3.49,3.5,3.5,3.49,311942"
2025-12-28T08:50:00.000-00:00,"3.5,3.5,3.5,3.49,289698"
2025-12-28T08:55:00.000-00:00,"3.5,3.5,3.5,3.5,200198"
2025-12-28T09:00:00.000-00:00,"3.5,3.5,3.5,3.49,670502"
2025-12-28T09:05:00.000-00:00,"3.5,3.5,3.5,3.5,46970"
2025-12-28T09:10:00.000-00:00,"3.5,3.49,3.5,3.49,575438"
2025-12-28T09:15:00.000-00:00,"3.49,3.49,3.51,3.49,1749346"
2025-12-28T09:20:00.000-00:00,"3.49,3.49,3.5,3.49,1152016"
2025-12-28T09:25:00.000-00:00,"3.5,3.5,3.5,3.5,487319"
2025-12-28T09:30:00.000-00:00,"3.5,3.5,3.51,3.5,162790"
2025-12-28T09:35:00.000-00:00,"3.5,3.5,3.51,3.5,569311"
2025-12-28T09:40:00.000-00:00,"3.5,3.5,3.5,3.5,490000"
2025-12-28T09:45:00.000-00:00,"3.49,3.5,3.5,3.49,146507"
2025-12-28T09:50:00.000-00:00,"3.49,3.49,3.5,3.49,167093"
2025-12-28T09:55:00.000-00:00,"3.49,3.48,3.49,3.48,1137439"
2025-12-28T10:00:00.000-00:00,"3.48,3.48,3.48,3.47,262234"
2025-12-28T10:05:00.000-00:00,"3.48,3.47,3.48,3.47,3034"
2025-12-28T10:10:00.000-00:00,"3.48,3.49,3.49,3.48,2012"
2025-12-28T10:15:00.000-00:00,"3.49,3.49,3.49,3.48,23020"
2025-12-28T10:20:00.000-00:00,"3.5,3.48,3.5,3.48,32521"
2025-12-28T10:25:00.000-00:00,"3.5,3.48,3.5,3.48,24120"
2025-12-28T10:30:00.000-00:00,"3.48,3.49,3.5,3.48,6254"
2025-12-28T10:35:00.000-00:00,"3.5,3.49,3.5,3.49,15672"
2025-12-28T10:40:00.000-00:00,"3.49,3.49,3.49,3.49,8002"
2025-12-28T10:45:00.000-00:00,"3.49,3.49,3.49,3.49,49539"
2025-12-28T10:50:00.000-00:00,"3.5,3.5,3.5,3.5,716"
2025-12-28T10:55:00.000-00:00,"3.49,3.49,3.5,3.49,4509"
2025-12-28T11:00:00.000-00:00,"3.49,3.48,3.5,3.48,100284"
2025-12-28T11:05:00.000-00:00,"3.49,3.49,3.49,3.48,201840"
2025-12-28T11:10:00.000-00:00,"3.48,3.49,3.5,3.48,32674"
2025-12-28T11:15:00.000-00:00,"3.49,3.49,3.49,3.48,42371"
2025-12-28T11:20:00.000-00:00,"3.5,3.49,3.5,3.49,13617"
2025-12-28T11:25:00.000-00:00,"3.5,3.49,3.5,3.49,49086"
2025-12-28T11:30:00.000-00:00,"3.49,3.49,3.49,3.49,19951"
2025-12-28T11:35:00.000-00:00,"3.49,3.48,3.49,3.48,23516"
2025-12-28T11:40:00.000-00:00,"3.48,3.49,3.49,3.47,1813122"
2025-12-28T11:45:00.000-00:00,"3.47,3.47,3.47,3.46,1273068"
2025-12-28T11:50:00.000-00:00,"3.48,3.48,3.48,3.47,54535"
2025-12-28T11:55:00.000-00:00,"3.47,3.47,3.47,3.46,83319"
2025-12-28T12:00:00.000-00:00,"3.47,3.47,3.47,3.46,1163495"
2025-12-28T12:05:00.000-00:00,"3.48,3.46,3.48,3.45,1195111"
2025-12-28T12:10:00.000-00:00,"3.46,3.46,3.47,3.46,526714"
2025-12-28T12:25:00.000-00:00,"3.47,3.47,3.47,3.47,4517511"
2025-12-29T08:00:00.000-00:00,"3.48,3.49,3.5,3.48,1814785"
2025-12-29T08:05:00.000-00:00,"3.49,3.49,3.49,3.49,1235381"
2025-12-29T08:10:00.000-00:00,"3.49,3.51,3.51,3.49,1367101"
2025-12-29T08:15:00.000-00:00,"3.51,3.51,3.51,3.5,1565100"
2025-12-29T08:20:00.000-00:00,"3.51,3.49,3.51,3.49,1104833"
2025-12-29T08:25:00.000-00:00,"3.49,3.48,3.49,3.48,62961"
2025-12-29T08:30:00.000-00:00,"3.49,3.48,3.49,3.48,287952"
2025-12-29T08:35:00.000-00:00,"3.49,3.49,3.49,3.48,133570"
2025-12-29T08:40:00.000-00:00,"3.49,3.49,3.49,3.48,49770"
2025-12-29T08:45:00.000-00:00,"3.49,3.49,3.5,3.49,143568"
2025-12-29T08:50:00.000-00:00,"3.49,3.49,3.5,3.49,338713"
2025-12-29T08:55:00.000-00:00,"3.49,3.48,3.49,3.48,53835"
2025-12-29T09:00:00.000-00:00,"3.48,3.49,3.49,3.48,22220"
2025-12-29T09:05:00.000-00:00,"3.48,3.49,3.49,3.48,1006331"
2025-12-29T09:10:00.000-00:00,"3.48,3.48,3.48,3.48,50486"
2025-12-29T09:15:00.000-00:00,"3.48,3.46,3.48,3.46,1946452"
2025-12-29T09:20:00.000-00:00,"3.46,3.46,3.46,3.45,560581"
2025-12-29T09:25:00.000-00:00,"3.47,3.47,3.47,3.47,68900"
2025-12-29T09:30:00.000-00:00,"3.46,3.46,3.47,3.46,57287"
2025-12-29T09:35:00.000-00:00,"3.46,3.45,3.46,3.45,149435"
2025-12-29T09:40:00.000-00:00,"3.46,3.47,3.47,3.46,374508"
2025-12-29T09:45:00.000-00:00,"3.46,3.46,3.46,3.46,703050"
2025-12-29T09:50:00.000-00:00,"3.47,3.46,3.47,3.45,226320"
2025-12-29T09:55:00.000-00:00,"3.46,3.47,3.47,3.46,41458"
2025-12-29T10:00:00.000-00:00,"3.47,3.48,3.48,3.46,103446"
2025-12-29T10:05:00.000-00:00,"3.47,3.48,3.48,3.47,501000"
2025-12-29T10:10:00.000-00:00,"3.47,3.47,3.47,3.47,201656"
2025-12-29T10:15:00.000-00:00,"3.47,3.47,3.48,3.46,3415935"
2025-12-29T10:20:00.000-00:00,"3.47,3.47,3.47,3.47,8410"
2025-12-29T10:25:00.000-00:00,"3.47,3.46,3.47,3.46,758585"
2025-12-29T10:30:00.000-00:00,"3.46,3.47,3.47,3.46,48881"
2025-12-29T10:35:00.000-00:00,"3.47,3.47,3.47,3.47,350517"
2025-12-29T10:40:00.000-00:00,"3.47,3.49,3.49,3.47,428059"
2025-12-29T10:45:00.000-00:00,"3.48,3.48,3.49,3.48,527514"
2025-12-29T10:50:00.000-00:00,"3.47,3.48,3.48,3.47,702392"
2025-12-29T10:55:00.000-00:00,"3.48,3.48,3.48,3.47,340105"
2025-12-29T11:00:00.000-00:00,"3.48,3.48,3.49,3.48,260782"
2025-12-29T11:05:00.000-00:00,"3.48,3.48,3.48,3.48,337841"
2025-12-29T11:10:00.000-00:00,"3.48,3.48,3.48,3.48,500114"
2025-12-29T11:15:00.000-00:00,"3.48,3.46,3.48,3.46,6276077"
2025-12-29T11:20:00.000-00:00,"3.46,3.45,3.47,3.44,2467503"
2025-12-29T11:25:00.000-00:00,"3.44,3.45,3.45,3.44,930600"
2025-12-29T11:30:00.000-00:00,"3.45,3.45,3.45,3.45,243585"
2025-12-29T11:35:00.000-00:00,"3.45,3.45,3.46,3.45,3056336"
2025-12-29T11:40:00.000-00:00,"3.45,3.46,3.46,3.45,409628"
2025-12-29T11:45:00.000-00:00,"3.47,3.46,3.47,3.46,262062"
2025-12-29T11:50:00.000-00:00,"3.46,3.46,3.46,3.45,59654"
2025-12-29T11:55:00.000-00:00,"3.46,3.46,3.46,3.45,421392"
2025-12-29T12:00:00.000-00:00,"3.47,3.47,3.47,3.46,427310"
2025-12-29T12:05:00.000-00:00,"3.46,3.46,3.47,3.46,23676"
2025-12-29T12:10:00.000-00:00,"3.45,3.47,3.47,3.45,3941522"
2025-12-29T12:25:00.000-00:00,"3.45,3.45,3.45,3.45,7833514"
2025-12-30T08:00:00.000-00:00,"3.46,3.47,3.47,3.46,133894"
2025-12-30T08:05:00.000-00:00,"3.46,3.45,3.47,3.45,486084"
2025-12-30T08:10:00.000-00:00,"3.46,3.46,3.46,3.46,109190"
2025-12-30T08:15:00.000-00:00,"3.46,3.47,3.47,3.46,1077629"
2025-12-30T08:20:00.000-00:00,"3.47,3.47,3.48,3.47,804300"
2025-12-30T08:25:00.000-00:00,"3.46,3.47,3.47,3.46,174644"
2025-12-30T08:30:00.000-00:00,"3.47,3.5,3.5,3.47,5647705"
2025-12-30T08:35:00.000-00:00,"3.51,3.51,3.51,3.5,3594674"
2025-12-30T08:40:00.000-00:00,"3.5,3.52,3.54,3.5,3142505"
2025-12-30T08:45:00.000-00:00,"3.52,3.53,3.55,3.52,3760433"
2025-12-30T08:50:00.000-00:00,"3.52,3.52,3.53,3.51,1050854"
2025-12-30T08:55:00.000-00:00,"3.5,3.51,3.52,3.5,1534353"
2025-12-30T09:00:00.000-00:00,"3.51,3.51,3.51,3.51,14693"
2025-12-30T09:05:00.000-00:00,"3.52,3.55,3.55,3.52,5995412"
2025-12-30T09:10:00.000-00:00,"3.52,3.54,3.55,3.52,2674186"
2025-12-30T09:15:00.000-00:00,"3.53,3.56,3.56,3.53,7129355"
2025-12-30T09:20:00.000-00:00,"3.56,3.56,3.58,3.55,6498851"
2025-12-30T09:25:00.000-00:00,"3.56,3.57,3.6,3.56,13778197"
2025-12-30T09:30:00.000-00:00,"3.57,3.57,3.57,3.56,1462856"
2025-12-30T09:35:00.000-00:00,"3.57,3.57,3.58,3.57,1851603"
2025-12-30T09:40:00.000-00:00,"3.57,3.55,3.57,3.55,752751"
2025-12-30T09:45:00.000-00:00,"3.55,3.57,3.57,3.55,271398"
2025-12-30T09:50:00.000-00:00,"3.56,3.56,3.57,3.55,199573"
2025-12-30T09:55:00.000-00:00,"3.56,3.55,3.56,3.55,506377"
2025-12-30T10:00:00.000-00:00,"3.55,3.55,3.55,3.54,533854"
2025-12-30T10:05:00.000-00:00,"3.55,3.55,3.56,3.55,140324"
2025-12-30T10:10:00.000-00:00,"3.56,3.55,3.56,3.55,217025"
2025-12-30T10:15:00.000-00:00,"3.55,3.55,3.55,3.54,419420"
2025-12-30T10:20:00.000-00:00,"3.55,3.56,3.56,3.55,107145"
2025-12-30T10:25:00.000-00:00,"3.55,3.55,3.55,3.55,96003"
2025-12-30T10:30:00.000-00:00,"3.55,3.56,3.56,3.55,983387"
2025-12-30T10:35:00.000-00:00,"3.56,3.55,3.56,3.55,67168"
2025-12-30T10:40:00.000-00:00,"3.56,3.55,3.56,3.55,176574"
2025-12-30T10:45:00.000-00:00,"3.56,3.55,3.56,3.55,413052"
2025-12-30T10:50:00.000-00:00,"3.56,3.54,3.56,3.54,5589705"
2025-12-30T10:55:00.000-00:00,"3.54,3.54,3.55,3.53,1770777"
2025-12-30T11:00:00.000-00:00,"3.54,3.54,3.54,3.53,3438077"
2025-12-30T11:05:00.000-00:00,"3.54,3.55,3.55,3.54,1356312"
2025-12-30T11:10:00.000-00:00,"3.54,3.55,3.55,3.54,475907"
2025-12-30T11:15:00.000-00:00,"3.54,3.54,3.55,3.54,5096419"
2025-12-30T11:20:00.000-00:00,"3.54,3.55,3.55,3.53,1879172"
2025-12-30T11:25:00.000-00:00,"3.55,3.56,3.56,3.55,491175"
2025-12-30T11:30:00.000-00:00,"3.55,3.55,3.56,3.54,922925"
2025-12-30T11:35:00.000-00:00,"3.56,3.56,3.57,3.55,749758"
2025-12-30T11:40:00.000-00:00,"3.56,3.56,3.56,3.55,1273346"
2025-12-30T11:45:00.000-00:00,"3.56,3.55,3.56,3.55,1035527"
2025-12-30T11:50:00.000-00:00,"3.55,3.55,3.56,3.54,2682351"
2025-12-30T11:55:00.000-00:00,"3.55,3.55,3.55,3.54,2312641"
2025-12-30T12:00:00.000-00:00,"3.54,3.53,3.55,3.53,2082400"
2025-12-30T12:05:00.000-00:00,"3.54,3.54,3.54,3.53,417950"
2025-12-30T12:10:00.000-00:00,"3.53,3.53,3.54,3.52,4723601"
2025-12-30T12:25:00.000-00:00,"3.53,3.53,3.53,3.53,4561533"
2025-12-31T08:00:00.000-00:00,"3.54,3.56,3.58,3.53,1816895"
2025-12-31T08:05:00.000-00:00,"3.56,3.59,3.59,3.56,1577727"
2025-12-31T08:10:00.000-00:00,"3.59,3.6,3.61,3.58,11805487"
2025-12-31T08:15:00.000-00:00,"3.6,3.6,3.6,3.59,1081184"
2025-12-31T08:20:00.000-00:00,"3.59,3.59,3.6,3.59,1858285"
2025-12-31T08:25:00.000-00:00,"3.59,3.6,3.61,3.59,2563367"
2025-12-31T08:30:00.000-00:00,"3.6,3.59,3.61,3.58,3687807"
2025-12-31T08:35:00.000-00:00,"3.58,3.59,3.59,3.58,542333"
2025-12-31T08:40:00.000-00:00,"3.59,3.58,3.59,3.58,224617"
2025-12-31T08:45:00.000-00:00,"3.58,3.57,3.58,3.57,426474"
2025-12-31T08:50:00.000-00:00,"3.57,3.57,3.58,3.56,1745863"
2025-12-31T08:55:00.000-00:00,"3.58,3.56,3.58,3.56,592445"
2025-12-31T09:00:00.000-00:00,"3.57,3.56,3.57,3.56,610307"
2025-12-31T09:05:00.000-00:00,"3.56,3.56,3.57,3.56,2109696"
2025-12-31T09:10:00.000-00:00,"3.55,3.54,3.56,3.54,1808025"
2025-12-31T09:15:00.000-00:00,"3.55,3.55,3.56,3.55,755153"
2025-12-31T09:20:00.000-00:00,"3.55,3.56,3.57,3.55,639400"
2025-12-31T09:25:00.000-00:00,"3.55,3.55,3.56,3.54,568237"
2025-12-31T09:30:00.000-00:00,"3.55,3.55,3.55,3.54,387759"
2025-12-31T09:35:00.000-00:00,"3.55,3.55,3.56,3.54,524134"
2025-12-31T09:40:00.000-00:00,"3.54,3.55,3.55,3.54,698970"
2025-12-31T09:45:00.000-00:00,"3.55,3.56,3.56,3.55,655878"
2025-12-31T09:50:00.000-00:00,"3.56,3.54,3.56,3.54,335333"
2025-12-31T09:55:00.000-00:00,"3.55,3.55,3.55,3.54,5666060"
2025-12-31T10:00:00.000-00:00,"3.55,3.56,3.56,3.55,831700"
2025-12-31T10:05:00.000-00:00,"3.56,3.55,3.56,3.55,504600"
2025-12-31T10:10:00.000-00:00,"3.55,3.55,3.57,3.55,25497"
2025-12-31T10:15:00.000-00:00,"3.56,3.56,3.57,3.55,976404"
2025-12-31T10:20:00.000-00:00,"3.55,3.53,3.55,3.53,4377025"
2025-12-31T10:25:00.000-00:00,"3.54,3.53,3.54,3.53,60895"
2025-12-31T10:30:00.000-00:00,"3.53,3.53,3.53,3.53,59600"
2025-12-31T10:35:00.000-00:00,"3.54,3.54,3.55,3.54,5938523"
2025-12-31T10:40:00.000-00:00,"3.54,3.54,3.54,3.53,946072"
2025-12-31T10:45:00.000-00:00,"3.53,3.54,3.54,3.53,19903"
2025-12-31T10:50:00.000-00:00,"3.53,3.54,3.55,3.53,313825"
2025-12-31T10:55:00.000-00:00,"3.54,3.54,3.54,3.54,29716"
2025-12-31T11:00:00.000-00:00,"3.54,3.54,3.55,3.53,422716"
2025-12-31T11:05:00.000-00:00,"3.54,3.54,3.54,3.54,597662"
2025-12-31T11:10:00.000-00:00,"3.54,3.55,3.55,3.54,825351"
2025-12-31T11:15:00.000-00:00,"3.55,3.55,3.55,3.54,785939"
2025-12-31T11:20:00.000-00:00,"3.54,3.54,3.54,3.54,183700"
2025-12-31T11:25:00.000-00:00,"3.54,3.53,3.54,3.53,177631"
2025-12-31T11:30:00.000-00:00,"3.54,3.53,3.54,3.53,60000"
2025-12-31T11:35:00.000-00:00,"3.54,3.53,3.54,3.53,137140"
2025-12-31T11:40:00.000-00:00,"3.53,3.53,3.53,3.52,3810379"
2025-12-31T11:45:00.000-00:00,"3.52,3.51,3.53,3.5,11619167"
2025-12-31T11:50:00.000-00:00,"3.5,3.51,3.52,3.5,291385"
2025-12-31T11:55:00.000-00:00,"3.51,3.52,3.52,3.5,1573567"
2025-12-31T12:00:00.000-00:00,"3.5,3.48,3.5,3.48,6586830"
2025-12-31T12:05:00.000-00:00,"3.48,3.49,3.49,3.48,1950944"
2025-12-31T12:10:00.000-00:00,"3.48,3.48,3.49,3.48,2305701"
2025-12-31T12:25:00.000-00:00,"3.42,3.42,3.42,3.42,33298093"
2026-01-04T08:00:00.000-00:00,"3.44,3.44,3.45,3.42,1019769"
2026-01-04T08:05:00.000-00:00,"3.44,3.44,3.45,3.43,457535"
2026-01-04T08:10:00.000-00:00,"3.44,3.45,3.45,3.43,284687"
2026-01-04T08:15:00.000-00:00,"3.44,3.44,3.45,3.44,50053"
2026-01-04T08:20:00.000-00:00,"3.45,3.45,3.45,3.44,1122992"
2026-01-04T08:25:00.000-00:00,"3.44,3.44,3.45,3.44,813700"
2026-01-04T08:30:00.000-00:00,"3.44,3.43,3.45,3.43,2505454"
2026-01-04T08:35:00.000-00:00,"3.43,3.43,3.44,3.42,999015"
2026-01-04T08:40:00.000-00:00,"3.43,3.44,3.44,3.43,47279"
2026-01-04T08:45:00.000-00:00,"3.44,3.44,3.44,3.43,161030"
2026-01-04T08:50:00.000-00:00,"3.44,3.44,3.45,3.43,605326"
2026-01-04T08:55:00.000-00:00,"3.44,3.46,3.46,3.43,867492"
2026-01-04T09:00:00.000-00:00,"3.45,3.45,3.46,3.44,756739"
2026-01-04T09:05:00.000-00:00,"3.45,3.44,3.45,3.44,133900"
2026-01-04T09:10:00.000-00:00,"3.45,3.45,3.45,3.44,310719"
2026-01-04T09:15:00.000-00:00,"3.45,3.44,3.45,3.44,51278"
2026-01-04T09:20:00.000-00:00,"3.44,3.44,3.44,3.44,27010"
2026-01-04T09:25:00.000-00:00,"3.44,3.45,3.45,3.44,43720"
2026-01-04T09:30:00.000-00:00,"3.45,3.45,3.45,3.44,34341"
2026-01-04T09:35:00.000-00:00,"3.44,3.44,3.45,3.44,84122"
2026-01-04T09:40:00.000-00:00,"3.44,3.44,3.45,3.43,1947687"
2026-01-04T09:45:00.000-00:00,"3.44,3.45,3.45,3.44,728179"
2026-01-04T09:50:00.000-00:00,"3.44,3.44,3.44,3.44,138927"
2026-01-04T09:55:00.000-00:00,"3.44,3.44,3.44,3.43,459939"
2026-01-04T10:00:00.000-00:00,"3.43,3.43,3.44,3.42,1883477"
2026-01-04T10:05:00.000-00:00,"3.42,3.41,3.42,3.41,1620259"
2026-01-04T10:10:00.000-00:00,"3.41,3.41,3.42,3.41,74635"
2026-01-04T10:15:00.000-00:00,"3.41,3.42,3.42,3.41,96475"
2026-01-04T10:20:00.000-00:00,"3.41,3.42,3.42,3.41,61194"
2026-01-04T10:25:00.000-00:00,"3.41,3.43,3.43,3.41,492720"
2026-01-04T10:30:00.000-00:00,"3.42,3.42,3.42,3.42,171201"
2026-01-04T10:35:00.000-00:00,"3.42,3.4,3.42,3.4,613897"
2026-01-04T10:40:00.000-00:00,"3.4,3.39,3.4,3.38,1114480"
2026-01-04T10:45:00.000-00:00,"3.4,3.41,3.41,3.4,464295"
2026-01-04T10:50:00.000-00:00,"3.4,3.4,3.41,3.4,75545"
2026-01-04T10:55:00.000-00:00,"3.41,3.41,3.41,3.4,665448"
2026-01-04T11:00:00.000-00:00,"3.41,3.41,3.42,3.41,182065"
2026-01-04T11:05:00.000-00:00,"3.41,3.42,3.42,3.41,12448"
2026-01-04T11:10:00.000-00:00,"3.41,3.41,3.41,3.41,70414"
2026-01-04T11:15:00.000-00:00,"3.41,3.39,3.41,3.39,2419228"
2026-01-04T11:20:00.000-00:00,"3.39,3.4,3.41,3.39,493104"
2026-01-04T11:25:00.000-00:00,"3.4,3.39,3.4,3.39,309908"
2026-01-04T11:30:00.000-00:00,"3.39,3.39,3.39,3.38,820955"
2026-01-04T11:35:00.000-00:00,"3.39,3.39,3.39,3.39,623195"
2026-01-04T11:40:00.000-00:00,"3.39,3.39,3.39,3.39,130037"
2026-01-04T11:45:00.000-00:00,"3.4,3.4,3.4,3.39,65315"
2026-01-04T11:50:00.000-00:00,"3.4,3.39,3.4,3.39,71212"
2026-01-04T11:55:00.000-00:00,"3.39,3.39,3.4,3.39,190878"
2026-01-04T12:00:00.000-00:00,"3.39,3.38,3.4,3.38,1299267"
2026-01-04T12:05:00.000-00:00,"3.38,3.37,3.39,3.37,756269"
2026-01-04T12:10:00.000-00:00,"3.37,3.38,3.39,3.37,538970"
2026-01-04T12:25:00.000-00:00,"3.39,3.39,3.39,3.39,5574420"
2026-01-05T08:00:00.000-00:00,"3.4,3.39,3.4,3.38,523980"
2026-01-05T08:05:00.000-00:00,"3.39,3.4,3.4,3.39,200426"
2026-01-05T08:10:00.000-00:00,"3.4,3.38,3.4,3.38,571652"
2026-01-05T08:15:00.000-00:00,"3.38,3.36,3.39,3.36,567478"
2026-01-05T08:20:00.000-00:00,"3.36,3.36,3.37,3.35,720472"
2026-01-05T08:25:00.000-00:00,"3.36,3.34,3.36,3.34,1093285"
2026-01-05T08:30:00.000-00:00,"3.34,3.32,3.34,3.32,740630"
2026-01-05T08:35:00.000-00:00,"3.32,3.32,3.33,3.31,1449226"
2026-01-05T08:40:00.000-00:00,"3.32,3.32,3.32,3.31,459866"
2026-01-05T08:45:00.000-00:00,"3.32,3.33,3.33,3.31,757969"
2026-01-05T08:50:00.000-00:00,"3.32,3.32,3.33,3.31,454756"
2026-01-05T08:55:00.000-00:00,"3.32,3.32,3.33,3.32,466494"
2026-01-05T09:00:00.000-00:00,"3.32,3.33,3.33,3.31,8227340"
2026-01-05T09:05:00.000-00:00,"3.33,3.33,3.33,3.32,277200"
2026-01-05T09:10:00.000-00:00,"3.33,3.32,3.34,3.32,469418"
2026-01-05T09:15:00.000-00:00,"3.32,3.32,3.33,3.32,118940"
2026-01-05T09:20:00.000-00:00,"3.32,3.32,3.33,3.31,350827"
2026-01-05T09:25:00.000-00:00,"3.32,3.32,3.32,3.31,150431"
2026-01-05T09:30:00.000-00:00,"3.32,3.32,3.32,3.31,271218"
2026-01-05T09:35:00.000-00:00,"3.32,3.33,3.33,3.32,103707"
2026-01-05T09:40:00.000-00:00,"3.33,3.33,3.33,3.32,450941"
2026-01-05T09:45:00.000-00:00,"3.33,3.33,3.34,3.32,641558"
2026-01-05T09:50:00.000-00:00,"3.34,3.33,3.34,3.32,261435"
2026-01-05T09:55:00.000-00:00,"3.34,3.34,3.34,3.34,517530"
2026-01-05T10:00:00.000-00:00,"3.34,3.34,3.34,3.34,876041"
2026-01-05T10:05:00.000-00:00,"3.34,3.32,3.34,3.32,838187"
2026-01-05T10:10:00.000-00:00,"3.32,3.33,3.33,3.32,729311"
2026-01-05T10:15:00.000-00:00,"3.33,3.33,3.33,3.32,204415"
2026-01-05T10:20:00.000-00:00,"3.32,3.33,3.33,3.32,160298"
2026-01-05T10:25:00.000-00:00,"3.32,3.32,3.33,3.32,713638"
2026-01-05T10:30:00.000-00:00,"3.32,3.32,3.32,3.31,220138"
2026-01-05T10:35:00.000-00:00,"3.32,3.33,3.33,3.31,663241"
2026-01-05T10:40:00.000-00:00,"3.32,3.33,3.33,3.32,4900538"
2026-01-05T10:45:00.000-00:00,"3.32,3.32,3.32,3.31,396685"
2026-01-05T10:50:00.000-00:00,"3.32,3.32,3.32,3.31,12731"
2026-01-05T10:55:00.000-00:00,"3.32,3.3,3.32,3.3,994407"
2026-01-05T11:00:00.000-00:00,"3.31,3.31,3.31,3.3,113542"
2026-01-05T11:05:00.000-00:00,"3.31,3.28,3.31,3.27,6250493"
2026-01-05T11:10:00.000-00:00,"3.28,3.27,3.28,3.27,881343"
2026-01-05T11:15:00.000-00:00,"3.27,3.27,3.27,3.26,1175520"
2026-01-05T11:20:00.000-00:00,"3.27,3.25,3.27,3.23,2280162"
2026-01-05T11:25:00.000-00:00,"3.23,3.25,3.25,3.22,6971210"
2026-01-05T11:30:00.000-00:00,"3.25,3.24,3.25,3.24,1089611"
2026-01-05T11:35:00.000-00:00,"3.24,3.23,3.24,3.22,1223539"
2026-01-05T11:40:00.000-00:00,"3.23,3.22,3.23,3.2,3675350"
2026-01-05T11:45:00.000-00:00,"3.22,3.22,3.23,3.21,782976"
2026-01-05T11:50:00.000-00:00,"3.23,3.23,3.23,3.22,602076"
2026-01-05T11:55:00.000-00:00,"3.22,3.22,3.23,3.22,846750"
2026-01-05T12:00:00.000-00:00,"3.22,3.22,3.23,3.21,549287"
2026-01-05T12:05:00.000-00:00,"3.22,3.23,3.23,3.21,740645"
2026-01-05T12:10:00.000-00:00,"3.22,3.23,3.24,3.22,758624"
2026-01-05T12:25:00.000-00:00,"3.21,3.21,3.21,3.21,1456731"
2026-01-06T08:00:00.000-00:00,"3.23,3.25,3.25,3.23,868994"
2026-01-06T08:05:00.000-00:00,"3.25,3.26,3.26,3.25,385539"
2026-01-06T08:10:00.000-00:00,"3.26,3.28,3.28,3.26,733823"
2026-01-06T08:15:00.000-00:00,"3.28,3.25,3.28,3.25,826781"
2026-01-06T08:20:00.000-00:00,"3.25,3.25,3.26,3.25,151610"
2026-01-06T08:25:00.000-00:00,"3.26,3.26,3.26,3.25,91285"
2026-01-06T08:30:00.000-00:00,"3.25,3.25,3.26,3.25,213235"
2026-01-06T08:35:00.000-00:00,"3.26,3.26,3.26,3.26,16246"
2026-01-06T08:40:00.000-00:00,"3.26,3.25,3.26,3.25,105400"
2026-01-06T08:45:00.000-00:00,"3.24,3.25,3.25,3.24,124582"
2026-01-06T08:50:00.000-00:00,"3.24,3.24,3.25,3.24,32341"
2026-01-06T08:55:00.000-00:00,"3.24,3.25,3.25,3.24,230266"
2026-01-06T09:00:00.000-00:00,"3.25,3.26,3.26,3.25,247747"
2026-01-06T09:05:00.000-00:00,"3.26,3.25,3.27,3.25,251635"
2026-01-06T09:10:00.000-00:00,"3.26,3.26,3.27,3.26,105794"
2026-01-06T09:15:00.000-00:00,"3.25,3.25,3.26,3.25,19253"
2026-01-06T09:20:00.000-00:00,"3.26,3.26,3.26,3.25,52680"
2026-01-06T09:25:00.000-00:00,"3.26,3.25,3.26,3.25,543980"
2026-01-06T09:30:00.000-00:00,"3.25,3.24,3.26,3.24,152677"
2026-01-06T09:35:00.000-00:00,"3.24,3.24,3.24,3.23,482014"
2026-01-06T09:40:00.000-00:00,"3.24,3.25,3.25,3.24,170149"
2026-01-06T09:45:00.000-00:00,"3.24,3.25,3.25,3.24,98749"
2026-01-06T09:50:00.000-00:00,"3.25,3.25,3.25,3.24,124661"
2026-01-06T09:55:00.000-00:00,"3.24,3.24,3.24,3.23,409331"
2026-01-06T10:00:00.000-00:00,"3.24,3.24,3.24,3.23,316955"
2026-01-06T10:05:00.000-00:00,"3.24,3.24,3.25,3.23,44641"
2026-01-06T10:10:00.000-00:00,"3.23,3.25,3.25,3.23,267432"
2026-01-06T10:15:00.000-00:00,"3.24,3.24,3.24,3.23,382861"
2026-01-06T10:20:00.000-00:00,"3.24,3.25,3.26,3.24,5820194"
2026-01-06T10:25:00.000-00:00,"3.26,3.25,3.26,3.25,281286"
2026-01-06T10:30:00.000-00:00,"3.25,3.25,3.25,3.25,76000"
2026-01-06T10:35:00.000-00:00,"3.25,3.24,3.25,3.24,55629"
2026-01-06T10:40:00.000-00:00,"3.25,3.24,3.25,3.24,17601"
2026-01-06T10:45:00.000-00:00,"3.25,3.25,3.25,3.25,99823"
2026-01-06T10:50:00.000-00:00,"3.25,3.25,3.25,3.25,207530"
2026-01-06T10:55:00.000-00:00,"3.25,3.24,3.25,3.24,6605334"
2026-01-06T11:00:00.000-00:00,"3.24,3.23,3.24,3.23,110987"
2026-01-06T11:05:00.000-00:00,"3.24,3.25,3.25,3.24,1000451"
2026-01-06T11:10:00.000-00:00,"3.25,3.25,3.25,3.25,5611"
2026-01-06T11:15:00.000-00:00,"3.25,3.24,3.25,3.24,510001"
2026-01-06T11:20:00.000-00:00,"3.24,3.24,3.24,3.24,1052500"
2026-01-06T11:25:00.000-00:00,"3.24,3.24,3.25,3.24,1151956"
2026-01-06T11:30:00.000-00:00,"3.24,3.24,3.24,3.23,401805"
2026-01-06T11:35:00.000-00:00,"3.24,3.24,3.24,3.23,537725"
2026-01-06T11:40:00.000-00:00,"3.24,3.24,3.24,3.23,1034698"
2026-01-06T11:45:00.000-00:00,"3.23,3.24,3.24,3.23,532012"
2026-01-06T11:50:00.000-00:00,"3.24,3.24,3.24,3.22,289738"
2026-01-06T11:55:00.000-00:00,"3.23,3.23,3.24,3.23,204566"
2026-01-06T12:00:00.000-00:00,"3.23,3.23,3.24,3.23,346820"
2026-01-06T12:05:00.000-00:00,"3.23,3.23,3.24,3.23,218637"
2026-01-06T12:10:00.000-00:00,"3.24,3.25,3.25,3.23,1178832"
2026-01-06T12:25:00.000-00:00,"3.26,3.26,3.26,3.26,2483635"
2026-01-08T08:00:00.000-00:00,"3.26,3.25,3.26,3.24,1221705"
2026-01-08T08:05:00.000-00:00,"3.25,3.24,3.25,3.23,598871"
2026-01-08T08:10:00.000-00:00,"3.24,3.24,3.25,3.23,607150"
2026-01-08T08:15:00.000-00:00,"3.24,3.25,3.25,3.24,615793"
2026-01-08T08:20:00.000-00:00,"3.25,3.23,3.25,3.23,1563724"
2026-01-08T08:25:00.000-00:00,"3.23,3.23,3.23,3.22,309638"
2026-01-08T08:30:00.000-00:00,"3.23,3.23,3.24,3.23,539364"
2026-01-08T08:35:00.000-00:00,"3.23,3.22,3.23,3.22,463023"
2026-01-08T08:40:00.000-00:00,"3.23,3.24,3.24,3.22,1254462"
2026-01-08T08:45:00.000-00:00,"3.24,3.23,3.24,3.23,510976"
2026-01-08T08:50:00.000-00:00,"3.24,3.24,3.24,3.23,129721"
2026-01-08T08:55:00.000-00:00,"3.24,3.23,3.24,3.22,1544434"
2026-01-08T09:00:00.000-00:00,"3.23,3.23,3.23,3.22,391269"
2026-01-08T09:05:00.000-00:00,"3.23,3.23,3.23,3.22,517101"
2026-01-08T09:10:00.000-00:00,"3.23,3.24,3.24,3.22,351772"
2026-01-08T09:15:00.000-00:00,"3.23,3.23,3.23,3.23,74000"
2026-01-08T09:20:00.000-00:00,"3.23,3.23,3.23,3.23,350928"
2026-01-08T09:25:00.000-00:00,"3.23,3.24,3.24,3.23,111535"
2026-01-08T09:30:00.000-00:00,"3.23,3.23,3.24,3.22,347993"
2026-01-08T09:35:00.000-00:00,"3.23,3.23,3.23,3.22,12686"
2026-01-08T09:40:00.000-00:00,"3.23,3.23,3.23,3.22,918142"
2026-01-08T09:45:00.000-00:00,"3.24,3.24,3.24,3.23,42003"
2026-01-08T09:50:00.000-00:00,"3.23,3.23,3.23,3.23,70001"
2026-01-08T09:55:00.000-00:00,"3.23,3.22,3.23,3.22,203730"
2026-01-08T10:00:00.000-00:00,"3.23,3.23,3.23,3.22,176482"
2026-01-08T10:05:00.000-00:00,"3.22,3.23,3.23,3.22,1023525"
2026-01-08T10:10:00.000-00:00,"3.23,3.22,3.23,3.22,452850"
2026-01-08T10:15:00.000-00:00,"3.23,3.23,3.23,3.22,517351"
2026-01-08T10:20:00.000-00:00,"3.23,3.23,3.23,3.2,4011163"
2026-01-08T10:25:00.000-00:00,"3.21,3.21,3.22,3.19,774906"
2026-01-08T10:30:00.000-00:00,"3.21,3.2,3.21,3.2,1076125"
2026-01-08T10:35:00.000-00:00,"3.2,3.2,3.2,3.2,2678886"
2026-01-08T10:40:00.000-00:00,"3.2,3.19,3.2,3.19,1553231"
2026-01-08T10:45:00.000-00:00,"3.2,3.2,3.2,3.19,1308613"
2026-01-08T10:50:00.000-00:00,"3.2,3.2,3.2,3.2,179601"
2026-01-08T10:55:00.000-00:00,"3.2,3.2,3.21,3.2,291157"
2026-01-08T11:00:00.000-00:00,"3.19,3.19,3.19,3.18,431230"
2026-01-08T11:05:00.000-00:00,"3.18,3.19,3.19,3.18,186195"
2026-01-08T11:10:00.000-00:00,"3.18,3.19,3.19,3.18,524211"
2026-01-08T11:15:00.000-00:00,"3.19,3.18,3.19,3.18,539607"
2026-01-08T11:20:00.000-00:00,"3.18,3.18,3.18,3.17,930090"
2026-01-08T11:25:00.000-00:00,"3.18,3.2,3.2,3.18,269665"
2026-01-08T11:30:00.000-00:00,"3.19,3.2,3.2,3.18,325130"
2026-01-08T11:35:00.000-00:00,"3.19,3.19,3.2,3.19,56582"
2026-01-08T11:40:00.000-00:00,"3.19,3.2,3.2,3.18,25277"
2026-01-08T11:45:00.000-00:00,"3.2,3.2,3.2,3.19,4582336"
2026-01-08T11:50:00.000-00:00,"3.2,3.19,3.2,3.19,671022"
2026-01-08T11:55:00.000-00:00,"3.2,3.19,3.2,3.19,404220"
2026-01-08T12:00:00.000-00:00,"3.18,3.15,3.19,3.15,4066512"
2026-01-08T12:05:00.000-00:00,"3.15,3.14,3.16,3.13,3256477"
2026-01-08T12:10:00.000-00:00,"3.13,3.14,3.14,3.12,2480959"
2026-01-08T12:25:00.000-00:00,"3.14,3.14,3.14,3.14,4176742"
2026-01-11T08:00:00.000-00:00,"3.17,3.19,3.2,3.16,2395096"
2026-01-11T08:05:00.000-00:00,"3.19,3.18,3.2,3.18,2188677"
2026-01-11T08:10:00.000-00:00,"3.18,3.18,3.19,3.17,177171"
2026-01-11T08:15:00.000-00:00,"3.18,3.19,3.2,3.18,1517499"
2026-01-11T08:20:00.000-00:00,"3.19,3.18,3.19,3.18,236133"
2026-01-11T08:25:00.000-00:00,"3.18,3.19,3.19,3.18,425091"
2026-01-11T08:30:00.000-00:00,"3.19,3.18,3.19,3.18,695577"
2026-01-11T08:35:00.000-00:00,"3.19,3.18,3.2,3.18,798210"
2026-01-11T08:40:00.000-00:00,"3.19,3.2,3.2,3.18,856233"
2026-01-11T08:45:00.000-00:00,"3.19,3.22,3.23,3.19,3404858"
2026-01-11T08:50:00.000-00:00,"3.22,3.2,3.22,3.19,1315090"
2026-01-11T08:55:00.000-00:00,"3.21,3.2,3.21,3.19,506329"
2026-01-11T09:00:00.000-00:00,"3.2,3.2,3.21,3.2,1392987"
2026-01-11T09:05:00.000-00:00,"3.2,3.21,3.21,3.2,319603"
2026-01-11T09:10:00.000-00:00,"3.21,3.2,3.21,3.2,405996"
2026-01-11T09:15:00.000-00:00,"3.2,3.2,3.2,3.19,1421248"
2026-01-11T09:20:00.000-00:00,"3.21,3.2,3.21,3.2,662463"
2026-01-11T09:25:00.000-00:00,"3.19,3.2,3.21,3.19,604875"
2026-01-11T09:30:00.000-00:00,"3.2,3.19,3.2,3.19,2254799"
2026-01-11T09:35:00.000-00:00,"3.19,3.19,3.19,3.19,35992"
2026-01-11T09:40:00.000-00:00,"3.18,3.18,3.19,3.18,139163"
2026-01-11T09:45:00.000-00:00,"3.18,3.18,3.19,3.18,50656"
2026-01-11T09:50:00.000-00:00,"3.18,3.19,3.19,3.18,110997"
2026-01-11T09:55:00.000-00:00,"3.19,3.19,3.19,3.19,116652"
2026-01-11T10:00:00.000-00:00,"3.19,3.18,3.19,3.18,274146"
2026-01-11T10:05:00.000-00:00,"3.18,3.18,3.18,3.17,160884"
2026-01-11T10:10:00.000-00:00,"3.17,3.18,3.19,3.17,375688"
2026-01-11T10:15:00.000-00:00,"3.17,3.18,3.18,3.17,11955"
2026-01-11T10:20:00.000-00:00,"3.18,3.19,3.19,3.18,165279"
2026-01-11T10:25:00.000-00:00,"3.18,3.18,3.18,3.17,218669"
2026-01-11T10:30:00.000-00:00,"3.18,3.18,3.18,3.18,331314"
2026-01-11T10:35:00.000-00:00,"3.17,3.18,3.18,3.17,64743"
2026-01-11T10:40:00.000-00:00,"3.18,3.19,3.19,3.17,270324"
2026-01-11T10:45:00.000-00:00,"3.18,3.18,3.18,3.17,69752"
2026-01-11T10:50:00.000-00:00,"3.18,3.18,3.19,3.18,309245"
2026-01-11T10:55:00.000-00:00,"3.18,3.19,3.19,3.18,70404"
2026-01-11T11:00:00.000-00:00,"3.19,3.18,3.19,3.18,23094"
2026-01-11T11:05:00.000-00:00,"3.18,3.19,3.19,3.18,275151"
2026-01-11T11:10:00.000-00:00,"3.19,3.19,3.19,3.19,129206"
2026-01-11T11:15:00.000-00:00,"3.19,3.2,3.2,3.19,181700"
2026-01-11T11:20:00.000-00:00,"3.2,3.18,3.2,3.18,748529"
2026-01-11T11:25:00.000-00:00,"3.19,3.2,3.2,3.19,262686"
2026-01-11T11:30:00.000-00:00,"3.2,3.19,3.2,3.19,41166"
2026-01-11T11:35:00.000-00:00,"3.2,3.19,3.2,3.19,869203"
2026-01-11T11:40:00.000-00:00,"3.19,3.19,3.2,3.19,4095665"
2026-01-11T11:45:00.000-00:00,"3.2,3.2,3.2,3.19,420438"
2026-01-11T11:50:00.000-00:00,"3.19,3.19,3.19,3.19,544000"
2026-01-11T11:55:00.000-00:00,"3.19,3.2,3.2,3.19,41751"
2026-01-11T12:00:00.000-00:00,"3.2,3.2,3.21,3.2,3481329"
2026-01-11T12:05:00.000-00:00,"3.2,3.2,3.21,3.19,100436"
2026-01-11T12:10:00.000-00:00,"3.2,3.19,3.2,3.19,502140"
2026-01-11T12:15:00.000-00:00,"3.19,3.19,3.19,3.19,150000"
2026-01-11T12:25:00.000-00:00,"3.2,3.2,3.2,3.2,2526252"
2026-01-12T08:00:00.000-00:00,"3.22,3.22,3.23,3.21,806235"
2026-01-12T08:05:00.000-00:00,"3.22,3.21,3.22,3.21,738250"
2026-01-12T08:10:00.000-00:00,"3.21,3.22,3.22,3.21,395961"
2026-01-12T08:15:00.000-00:00,"3.21,3.21,3.21,3.21,338818"
2026-01-12T08:20:00.000-00:00,"3.2,3.2,3.21,3.2,522849"
2026-01-12T08:25:00.000-00:00,"3.19,3.2,3.2,3.19,86676"
2026-01-12T08:30:00.000-00:00,"3.19,3.19,3.2,3.19,57482"
2026-01-12T08:35:00.000-00:00,"3.2,3.19,3.2,3.19,12311"
2026-01-12T08:40:00.000-00:00,"3.19,3.2,3.2,3.19,1292793"
2026-01-12T08:45:00.000-00:00,"3.2,3.21,3.21,3.2,163937"
2026-01-12T08:50:00.000-00:00,"3.22,3.22,3.22,3.22,429221"
2026-01-12T08:55:00.000-00:00,"3.22,3.22,3.22,3.21,467809"
2026-01-12T09:00:00.000-00:00,"3.22,3.21,3.22,3.21,291798"
2026-01-12T09:05:00.000-00:00,"3.21,3.21,3.22,3.21,164975"
2026-01-12T09:10:00.000-00:00,"3.21,3.21,3.22,3.21,17028"
2026-01-12T09:15:00.000-00:00,"3.22,3.21,3.22,3.21,4545"
2026-01-12T09:20:00.000-00:00,"3.21,3.21,3.22,3.21,316620"
2026-01-12T09:25:00.000-00:00,"3.21,3.21,3.21,3.21,348293"
2026-01-12T09:30:00.000-00:00,"3.21,3.2,3.21,3.2,1823447"
2026-01-12T09:35:00.000-00:00,"3.2,3.2,3.2,3.2,517000"
2026-01-12T09:40:00.000-00:00,"3.21,3.2,3.21,3.2,187334"
2026-01-12T09:45:00.000-00:00,"3.2,3.2,3.21,3.2,1573356"
2026-01-12T09:50:00.000-00:00,"3.21,3.2,3.21,3.2,44311"
2026-01-12T09:55:00.000-00:00,"3.19,3.19,3.2,3.19,33441"
2026-01-12T10:00:00.000-00:00,"3.2,3.19,3.2,3.19,411667"
2026-01-12T10:05:00.000-00:00,"3.2,3.2,3.2,3.2,1504000"
2026-01-12T10:10:00.000-00:00,"3.2,3.21,3.21,3.19,29262"
2026-01-12T10:15:00.000-00:00,"3.2,3.19,3.21,3.19,1790918"
2026-01-12T10:20:00.000-00:00,"3.19,3.2,3.2,3.19,14041"
2026-01-12T10:25:00.000-00:00,"3.19,3.2,3.2,3.19,443112"
2026-01-12T10:30:00.000-00:00,"3.2,3.2,3.2,3.2,1188140"
2026-01-12T10:35:00.000-00:00,"3.2,3.21,3.21,3.2,7227239"
2026-01-12T10:40:00.000-00:00,"3.21,3.24,3.24,3.21,2306100"
2026-01-12T10:45:00.000-00:00,"3.21,3.22,3.22,3.21,717655"
2026-01-12T10:50:00.000-00:00,"3.22,3.21,3.22,3.21,95239"
2026-01-12T10:55:00.000-00:00,"3.22,3.22,3.25,3.22,4383929"
2026-01-12T11:00:00.000-00:00,"3.23,3.24,3.24,3.22,2430260"
2026-01-12T11:05:00.000-00:00,"3.24,3.24,3.26,3.24,5129669"
2026-01-12T11:10:00.000-00:00,"3.24,3.24,3.25,3.23,4228141"
2026-01-12T11:15:00.000-00:00,"3.24,3.24,3.25,3.24,173604"
2026-01-12T11:20:00.000-00:00,"3.24,3.24,3.25,3.24,934792"
2026-01-12T11:25:00.000-00:00,"3.24,3.24,3.24,3.23,237070"
2026-01-12T11:30:00.000-00:00,"3.24,3.23,3.24,3.23,239063"
2026-01-12T11:35:00.000-00:00,"3.23,3.24,3.24,3.23,312278"
2026-01-12T11:40:00.000-00:00,"3.23,3.24,3.25,3.23,1327442"
2026-01-12T11:45:00.000-00:00,"3.24,3.23,3.24,3.22,476098"
2026-01-12T11:50:00.000-00:00,"3.23,3.22,3.23,3.22,1099059"
2026-01-12T11:55:00.000-00:00,"3.22,3.22,3.22,3.21,359351"
2026-01-12T12:00:00.000-00:00,"3.22,3.22,3.23,3.21,371815"
2026-01-12T12:05:00.000-00:00,"3.22,3.22,3.23,3.21,855932"
2026-01-12T12:10:00.000-00:00,"3.22,3.22,3.23,3.21,705390"
2026-01-12T12:25:00.000-00:00,"3.21,3.21,3.21,3.21,10755424"
2026-01-13T08:00:00.000-00:00,"3.23,3.26,3.29,3.23,5581044"
2026-01-13T08:05:00.000-00:00,"3.26,3.27,3.29,3.26,6654806"
2026-01-13T08:10:00.000-00:00,"3.27,3.25,3.27,3.25,1028209"
2026-01-13T08:15:00.000-00:00,"3.26,3.26,3.26,3.25,374333"
2026-01-13T08:20:00.000-00:00,"3.26,3.24,3.26,3.24,472092"
2026-01-13T08:25:00.000-00:00,"3.25,3.29,3.3,3.25,6895906"
2026-01-13T08:30:00.000-00:00,"3.29,3.29,3.29,3.28,423087"
2026-01-13T08:35:00.000-00:00,"3.28,3.28,3.29,3.28,1266345"
2026-01-13T08:40:00.000-00:00,"3.28,3.27,3.29,3.27,782194"
2026-01-13T08:45:00.000-00:00,"3.27,3.28,3.28,3.27,172490"
2026-01-13T08:50:00.000-00:00,"3.28,3.26,3.28,3.25,2822379"
2026-01-13T08:55:00.000-00:00,"3.25,3.25,3.26,3.25,844024"
2026-01-13T09:00:00.000-00:00,"3.26,3.26,3.27,3.25,713514"
2026-01-13T09:05:00.000-00:00,"3.25,3.25,3.27,3.25,784625"
2026-01-13T09:10:00.000-00:00,"3.25,3.25,3.25,3.24,473135"
2026-01-13T09:15:00.000-00:00,"3.26,3.26,3.26,3.25,177303"
2026-01-13T09:20:00.000-00:00,"3.26,3.26,3.26,3.25,216060"
2026-01-13T09:25:00.000-00:00,"3.26,3.26,3.26,3.25,10639"
2026-01-13T09:30:00.000-00:00,"3.26,3.27,3.27,3.25,655725"
2026-01-13T09:35:00.000-00:00,"3.26,3.26,3.27,3.26,196032"
2026-01-13T09:40:00.000-00:00,"3.26,3.26,3.26,3.25,84286"
2026-01-13T09:45:00.000-00:00,"3.26,3.25,3.27,3.25,819569"
2026-01-13T09:50:00.000-00:00,"3.25,3.27,3.27,3.24,364509"
2026-01-13T09:55:00.000-00:00,"3.26,3.26,3.26,3.25,8553"
2026-01-13T10:00:00.000-00:00,"3.25,3.25,3.26,3.25,269612"
2026-01-13T10:05:00.000-00:00,"3.24,3.25,3.25,3.24,3972143"
2026-01-13T10:10:00.000-00:00,"3.25,3.25,3.26,3.24,92208"
2026-01-13T10:15:00.000-00:00,"3.25,3.24,3.25,3.24,593506"
2026-01-13T10:20:00.000-00:00,"3.24,3.24,3.25,3.24,171279"
2026-01-13T10:25:00.000-00:00,"3.25,3.24,3.25,3.23,118967"
2026-01-13T10:30:00.000-00:00,"3.25,3.24,3.25,3.23,45994"
2026-01-13T10:35:00.000-00:00,"3.23,3.24,3.24,3.23,9001"
2026-01-13T10:40:00.000-00:00,"3.23,3.23,3.24,3.23,4513"
2026-01-13T10:45:00.000-00:00,"3.23,3.23,3.23,3.23,140001"
2026-01-13T10:50:00.000-00:00,"3.23,3.24,3.24,3.23,271019"
2026-01-13T10:55:00.000-00:00,"3.24,3.23,3.24,3.23,16422"
2026-01-13T11:00:00.000-00:00,"3.24,3.24,3.25,3.24,138777"
2026-01-13T11:05:00.000-00:00,"3.24,3.25,3.25,3.24,68072"
2026-01-13T11:10:00.000-00:00,"3.24,3.24,3.24,3.23,60170"
2026-01-13T11:15:00.000-00:00,"3.23,3.23,3.24,3.23,6570595"
2026-01-13T11:20:00.000-00:00,"3.23,3.23,3.23,3.22,310915"
2026-01-13T11:25:00.000-00:00,"3.23,3.22,3.23,3.21,1260597"
2026-01-13T11:30:00.000-00:00,"3.23,3.23,3.23,3.21,812068"
2026-01-13T11:35:00.000-00:00,"3.22,3.22,3.23,3.21,732411"
2026-01-13T11:40:00.000-00:00,"3.21,3.21,3.23,3.21,1287835"
2026-01-13T11:45:00.000-00:00,"3.21,3.2,3.21,3.2,1839647"
2026-01-13T11:50:00.000-00:00,"3.2,3.21,3.21,3.2,301808"
2026-01-13T11:55:00.000-00:00,"3.21,3.2,3.21,3.19,1694203"
2026-01-13T12:00:00.000-00:00,"3.19,3.19,3.2,3.18,127208"
2026-01-13T12:05:00.000-00:00,"3.18,3.19,3.2,3.18,1274331"
2026-01-13T12:10:00.000-00:00,"3.19,3.19,3.2,3.19,323742"
2026-01-13T12:25:00.000-00:00,"3.2,3.2,3.2,3.2,2169562"
2026-01-14T08:00:00.000-00:00,"3.2,3.19,3.21,3.19,475640"
2026-01-14T08:05:00.000-00:00,"3.19,3.15,3.19,3.15,1360179"
2026-01-14T08:10:00.000-00:00,"3.16,3.15,3.16,3.14,1464941"
2026-01-14T08:15:00.000-00:00,"3.15,3.17,3.17,3.15,246388"
2026-01-14T08:20:00.000-00:00,"3.17,3.18,3.18,3.17,255508"
2026-01-14T08:25:00.000-00:00,"3.18,3.19,3.19,3.17,235594"
2026-01-14T08:30:00.000-00:00,"3.19,3.2,3.2,3.18,974168"
2026-01-14T08:35:00.000-00:00,"3.2,3.2,3.21,3.19,405625"
2026-01-14T08:40:00.000-00:00,"3.19,3.19,3.2,3.19,166914"
2026-01-14T08:45:00.000-00:00,"3.19,3.2,3.2,3.18,263131"
2026-01-14T08:50:00.000-00:00,"3.19,3.18,3.19,3.18,10586"
2026-01-14T08:55:00.000-00:00,"3.18,3.17,3.19,3.17,504593"
2026-01-14T09:00:00.000-00:00,"3.17,3.16,3.17,3.16,866037"
2026-01-14T09:05:00.000-00:00,"3.16,3.14,3.16,3.13,3749377"
2026-01-14T09:10:00.000-00:00,"3.14,3.14,3.14,3.13,1376683"
2026-01-14T09:15:00.000-00:00,"3.13,3.13,3.14,3.12,740118"
2026-01-14T09:20:00.000-00:00,"3.12,3.13,3.13,3.12,238288"
2026-01-14T09:25:00.000-00:00,"3.13,3.14,3.15,3.13,1682237"
2026-01-14T09:30:00.000-00:00,"3.14,3.14,3.14,3.13,389098"
2026-01-14T09:35:00.000-00:00,"3.13,3.13,3.13,3.12,371145"
2026-01-14T09:40:00.000-00:00,"3.13,3.11,3.13,3.11,1464545"
2026-01-14T09:45:00.000-00:00,"3.12,3.11,3.12,3.1,1203100"
2026-01-14T09:50:00.000-00:00,"3.1,3.11,3.12,3.1,803864"
2026-01-14T09:55:00.000-00:00,"3.12,3.11,3.12,3.11,30661"
2026-01-14T10:00:00.000-00:00,"3.12,3.12,3.12,3.12,71926"
2026-01-14T10:05:00.000-00:00,"3.12,3.12,3.12,3.11,719557"
2026-01-14T10:10:00.000-00:00,"3.12,3.11,3.12,3.1,1061702"
2026-01-14T10:15:00.000-00:00,"3.11,3.11,3.11,3.1,514172"
2026-01-14T10:20:00.000-00:00,"3.11,3.1,3.11,3.1,1138700"
2026-01-14T10:25:00.000-00:00,"3.1,3.1,3.11,3.09,1866848"
2026-01-14T10:30:00.000-00:00,"3.1,3.1,3.1,3.09,268072"
2026-01-14T10:35:00.000-00:00,"3.1,3.1,3.1,3.09,184184"
2026-01-14T10:40:00.000-00:00,"3.09,3.1,3.1,3.09,447569"
2026-01-14T10:45:00.000-00:00,"3.1,3.08,3.1,3.08,1474789"
2026-01-14T10:50:00.000-00:00,"3.09,3.07,3.09,3.07,804707"
2026-01-14T10:55:00.000-00:00,"3.08,3.06,3.08,3.06,2596310"
2026-01-14T11:00:00.000-00:00,"3.06,3.07,3.07,3.05,221992"
2026-01-14T11:05:00.000-00:00,"3.07,3.06,3.07,3.06,138802"
2026-01-14T11:10:00.000-00:00,"3.07,3.06,3.07,3.05,1154916"
2026-01-14T11:15:00.000-00:00,"3.06,3.04,3.06,3.04,1448212"
2026-01-14T11:20:00.000-00:00,"3.05,3.04,3.05,3.04,1495859"
2026-01-14T11:25:00.000-00:00,"3.04,3.05,3.05,3.03,318850"
2026-01-14T11:30:00.000-00:00,"3.04,3.04,3.04,3.03,711551"
2026-01-14T11:35:00.000-00:00,"3.04,3.05,3.06,3.04,519845"
2026-01-14T11:40:00.000-00:00,"3.05,3.05,3.05,3.03,643675"
2026-01-14T11:45:00.000-00:00,"3.05,3.06,3.06,3.04,1515273"
2026-01-14T11:50:00.000-00:00,"3.06,3.07,3.07,3.06,602996"
2026-01-14T11:55:00.000-00:00,"3.07,3.08,3.09,3.07,1614460"
2026-01-14T12:00:00.000-00:00,"3.08,3.08,3.08,3.07,145195"
2026-01-14T12:05:00.000-00:00,"3.07,3.07,3.08,3.06,1162037"
2026-01-14T12:10:00.000-00:00,"3.06,3.06,3.08,3.05,712867"
2026-01-14T12:15:00.000-00:00,"3.06,3.06,3.06,3.06,79157"
2026-01-14T12:25:00.000-00:00,"3.07,3.07,3.07,3.07,2357200"
2026-01-15T08:00:00.000-00:00,"3.09,3.08,3.09,3.08,341358"
2026-01-15T08:05:00.000-00:00,"3.09,3.09,3.09,3.07,180018"
2026-01-15T08:10:00.000-00:00,"3.08,3.08,3.08,3.07,26518"
2026-01-15T08:15:00.000-00:00,"3.08,3.08,3.09,3.07,86893"
2026-01-15T08:20:00.000-00:00,"3.07,3.07,3.08,3.06,374617"
2026-01-15T08:25:00.000-00:00,"3.07,3.06,3.07,3.06,34781"
2026-01-15T08:30:00.000-00:00,"3.06,3.07,3.07,3.06,53114"
2026-01-15T08:35:00.000-00:00,"3.07,3.07,3.07,3.06,168300"
2026-01-15T08:40:00.000-00:00,"3.06,3.07,3.07,3.06,110485"
2026-01-15T08:45:00.000-00:00,"3.07,3.08,3.08,3.06,124274"
2026-01-15T08:50:00.000-00:00,"3.08,3.12,3.12,3.08,3511595"
2026-01-15T08:55:00.000-00:00,"3.13,3.12,3.13,3.11,1245298"
2026-01-15T09:00:00.000-00:00,"3.11,3.11,3.12,3.11,56873"
2026-01-15T09:05:00.000-00:00,"3.12,3.12,3.12,3.12,230000"
2026-01-15T09:10:00.000-00:00,"3.12,3.12,3.12,3.12,106080"
2026-01-15T09:15:00.000-00:00,"3.11,3.11,3.12,3.1,726566"
2026-01-15T09:20:00.000-00:00,"3.1,3.1,3.11,3.1,300461"
2026-01-15T09:25:00.000-00:00,"3.11,3.11,3.11,3.1,45861"
2026-01-15T09:30:00.000-00:00,"3.11,3.1,3.11,3.1,16051"
2026-01-15T09:35:00.000-00:00,"3.1,3.09,3.11,3.09,1274078"
2026-01-15T09:40:00.000-00:00,"3.09,3.09,3.09,3.08,165273"
2026-01-15T09:45:00.000-00:00,"3.09,3.09,3.1,3.09,66284"
2026-01-15T09:50:00.000-00:00,"3.1,3.09,3.1,3.08,205200"
2026-01-15T09:55:00.000-00:00,"3.09,3.1,3.1,3.09,406521"
2026-01-15T10:00:00.000-00:00,"3.09,3.1,3.11,3.09,510201"
2026-01-15T10:05:00.000-00:00,"3.11,3.1,3.11,3.09,6102"
2026-01-15T10:10:00.000-00:00,"3.1,3.09,3.1,3.09,4165"
2026-01-15T10:15:00.000-00:00,"3.09,3.09,3.1,3.09,42818"
2026-01-15T10:20:00.000-00:00,"3.09,3.09,3.1,3.09,133233"
2026-01-15T10:25:00.000-00:00,"3.08,3.1,3.1,3.08,4426376"
2026-01-15T10:30:00.000-00:00,"3.09,3.09,3.11,3.09,1848277"
2026-01-15T10:35:00.000-00:00,"3.09,3.09,3.09,3.08,255730"
2026-01-15T10:40:00.000-00:00,"3.08,3.07,3.08,3.07,1326264"
2026-01-15T10:45:00.000-00:00,"3.07,3.08,3.08,3.07,46240"
2026-01-15T10:50:00.000-00:00,"3.07,3.06,3.08,3.05,564275"
2026-01-15T10:55:00.000-00:00,"3.05,3.05,3.06,3.05,720114"
2026-01-15T11:00:00.000-00:00,"3.05,3.03,3.06,3.03,1348255"
2026-01-15T11:05:00.000-00:00,"3.04,3.03,3.05,3.03,543803"
2026-01-15T11:10:00.000-00:00,"3.05,3.04,3.05,3.04,93871"
2026-01-15T11:15:00.000-00:00,"3.05,3.05,3.05,3.04,8722"
2026-01-15T11:20:00.000-00:00,"3.05,3.06,3.06,3.05,227040"
2026-01-15T11:25:00.000-00:00,"3.05,3.05,3.05,3.05,121368"
2026-01-15T11:30:00.000-00:00,"3.06,3.06,3.06,3.05,12482"
2026-01-15T11:35:00.000-00:00,"3.05,3.05,3.06,3.05,92080"
2026-01-15T11:40:00.000-00:00,"3.05,3.05,3.06,3.04,114782"
2026-01-15T11:45:00.000-00:00,"3.05,3.05,3.06,3.05,88526"
2026-01-15T11:50:00.000-00:00,"3.05,3.06,3.06,3.05,157403"
2026-01-15T11:55:00.000-00:00,"3.05,3.06,3.06,3.05,97410"
2026-01-15T12:00:00.000-00:00,"3.05,3.06,3.06,3.05,110107"
2026-01-15T12:05:00.000-00:00,"3.05,3.05,3.06,3.05,333914"
2026-01-15T12:10:00.000-00:00,"3.06,3.04,3.06,3.04,1720574"
2026-01-15T12:25:00.000-00:00,"3.05,3.05,3.05,3.05,2477830"
2026-01-18T08:00:00.000-00:00,"3.06,3.08,3.09,3.06,358089"
2026-01-18T08:05:00.000-00:00,"3.08,3.07,3.09,3.07,804291"
2026-01-18T08:10:00.000-00:00,"3.08,3.08,3.08,3.07,156075"
2026-01-18T08:15:00.000-00:00,"3.08,3.09,3.09,3.07,353365"
2026-01-18T08:20:00.000-00:00,"3.08,3.09,3.09,3.07,89006"
2026-01-18T08:25:00.000-00:00,"3.09,3.07,3.09,3.07,177291"
2026-01-18T08:30:00.000-00:00,"3.08,3.08,3.08,3.08,111700"
2026-01-18T08:35:00.000-00:00,"3.08,3.07,3.08,3.07,147170"
2026-01-18T08:40:00.000-00:00,"3.07,3.07,3.08,3.07,304636"
2026-01-18T08:45:00.000-00:00,"3.06,3.07,3.07,3.06,6907"
2026-01-18T08:50:00.000-00:00,"3.07,3.08,3.08,3.07,106005"
2026-01-18T08:55:00.000-00:00,"3.07,3.08,3.08,3.06,24765"
2026-01-18T09:00:00.000-00:00,"3.07,3.07,3.07,3.07,29620"
2026-01-18T09:05:00.000-00:00,"3.08,3.08,3.08,3.08,1531"
2026-01-18T09:10:00.000-00:00,"3.08,3.08,3.08,3.08,85"
2026-01-18T09:15:00.000-00:00,"3.07,3.07,3.08,3.07,7555"
2026-01-18T09:20:00.000-00:00,"3.08,3.06,3.08,3.06,24642"
2026-01-18T09:25:00.000-00:00,"3.06,3.06,3.06,3.04,1702886"
2026-01-18T09:30:00.000-00:00,"3.06,3.06,3.06,3.06,136421"
2026-01-18T09:35:00.000-00:00,"3.06,3.06,3.06,3.06,26900"
2026-01-18T09:40:00.000-00:00,"3.06,3.06,3.06,3.05,80681"
2026-01-18T09:45:00.000-00:00,"3.06,3.07,3.07,3.06,35452"
2026-01-18T09:50:00.000-00:00,"3.07,3.07,3.07,3.07,1628"
2026-01-18T09:55:00.000-00:00,"3.07,3.06,3.07,3.06,84270"
2026-01-18T10:00:00.000-00:00,"3.06,3.07,3.07,3.06,5373"
2026-01-18T10:05:00.000-00:00,"3.07,3.06,3.07,3.06,4993"
2026-01-18T10:10:00.000-00:00,"3.06,3.06,3.06,3.06,70248"
2026-01-18T10:15:00.000-00:00,"3.06,3.05,3.06,3.05,220515"
2026-01-18T10:20:00.000-00:00,"3.06,3.05,3.06,3.05,70154"
2026-01-18T10:25:00.000-00:00,"3.06,3.06,3.06,3.06,13367"
2026-01-18T10:30:00.000-00:00,"3.05,3.06,3.06,3.05,90286"
2026-01-18T10:35:00.000-00:00,"3.05,3.06,3.06,3.05,18279"
2026-01-18T10:40:00.000-00:00,"3.05,3.05,3.05,3.05,134500"
2026-01-18T10:45:00.000-00:00,"3.05,3.05,3.05,3.05,6557"
2026-01-18T10:50:00.000-00:00,"3.06,3.05,3.06,3.05,1534"
2026-01-18T10:55:00.000-00:00,"3.06,3.05,3.06,3.05,121310"
2026-01-18T11:00:00.000-00:00,"3.05,3.05,3.05,3.04,136766"
2026-01-18T11:05:00.000-00:00,"3.05,3.05,3.06,3.05,206407"
2026-01-18T11:10:00.000-00:00,"3.06,3.06,3.06,3.05,100664"
2026-01-18T11:15:00.000-00:00,"3.06,3.05,3.06,3.05,104942"
2026-01-18T11:20:00.000-00:00,"3.05,3.05,3.05,3.05,205548"
2026-01-18T11:25:00.000-00:00,"3.05,3.04,3.05,3.04,316238"
2026-01-18T11:30:00.000-00:00,"3.04,3.04,3.05,3.04,138752"
2026-01-18T11:35:00.000-00:00,"3.04,3.03,3.04,3.03,413446"
2026-01-18T11:40:00.000-00:00,"3.03,3.04,3.04,3.03,141289"
2026-01-18T11:45:00.000-00:00,"3.04,3.05,3.05,3.04,118161"
2026-01-18T11:50:00.000-00:00,"3.05,3.05,3.05,3.05,29717"
2026-01-18T11:55:00.000-00:00,"3.04,3.04,3.05,3.04,106004"
2026-01-18T12:00:00.000-00:00,"3.04,3.05,3.05,3.04,12532"
2026-01-18T12:05:00.000-00:00,"3.05,3.04,3.05,3.04,80087"
2026-01-18T12:10:00.000-00:00,"3.05,3.05,3.06,3.04,188021"
2026-01-18T12:25:00.000-00:00,"3.07,3.07,3.07,3.07,1976585"
2026-01-19T08:00:00.000-00:00,"3.07,3.08,3.08,3.06,443009"
2026-01-19T08:05:00.000-00:00,"3.09,3.08,3.09,3.07,684830"
2026-01-19T08:10:00.000-00:00,"3.08,3.08,3.09,3.08,181681"
2026-01-19T08:15:00.000-00:00,"3.08,3.09,3.09,3.08,76865"
2026-01-19T08:20:00.000-00:00,"3.08,3.07,3.08,3.07,325701"
2026-01-19T08:25:00.000-00:00,"3.07,3.06,3.07,3.06,322890"
2026-01-19T08:30:00.000-00:00,"3.07,3.06,3.07,3.06,51545"
2026-01-19T08:35:00.000-00:00,"3.06,3.07,3.07,3.06,63602"
2026-01-19T08:40:00.000-00:00,"3.06,3.08,3.08,3.06,2323550"
2026-01-19T08:45:00.000-00:00,"3.08,3.08,3.08,3.07,251399"
2026-01-19T08:50:00.000-00:00,"3.08,3.08,3.09,3.08,316364"
2026-01-19T08:55:00.000-00:00,"3.08,3.08,3.08,3.08,2534671"
2026-01-19T09:00:00.000-00:00,"3.08,3.08,3.08,3.07,535097"
2026-01-19T09:05:00.000-00:00,"3.08,3.07,3.08,3.07,340294"
2026-01-19T09:10:00.000-00:00,"3.08,3.08,3.09,3.08,811564"
2026-01-19T09:15:00.000-00:00,"3.07,3.08,3.09,3.07,206469"
2026-01-19T09:20:00.000-00:00,"3.08,3.08,3.09,3.08,41078"
2026-01-19T09:25:00.000-00:00,"3.08,3.08,3.09,3.08,148013"
2026-01-19T09:30:00.000-00:00,"3.09,3.08,3.09,3.08,11071"
2026-01-19T09:35:00.000-00:00,"3.08,3.07,3.08,3.07,81464"
2026-01-19T09:40:00.000-00:00,"3.08,3.08,3.08,3.08,1194255"
2026-01-19T09:45:00.000-00:00,"3.08,3.08,3.09,3.08,161794"
2026-01-19T09:50:00.000-00:00,"3.08,3.08,3.09,3.08,30132"
2026-01-19T09:55:00.000-00:00,"3.08,3.08,3.09,3.08,497917"
2026-01-19T10:00:00.000-00:00,"3.08,3.09,3.09,3.08,1598887"
2026-01-19T10:05:00.000-00:00,"3.08,3.08,3.08,3.07,100738"
2026-01-19T10:10:00.000-00:00,"3.08,3.08,3.08,3.07,54018"
2026-01-19T10:15:00.000-00:00,"3.09,3.08,3.09,3.08,110212"
2026-01-19T10:20:00.000-00:00,"3.08,3.08,3.09,3.08,320625"
2026-01-19T10:25:00.000-00:00,"3.08,3.09,3.09,3.08,4100"
2026-01-19T10:30:00.000-00:00,"3.08,3.08,3.08,3.08,111987"
2026-01-19T10:35:00.000-00:00,"3.09,3.09,3.09,3.08,22886"
2026-01-19T10:40:00.000-00:00,"3.09,3.09,3.09,3.09,5000"
2026-01-19T10:45:00.000-00:00,"3.08,3.09,3.09,3.08,56419"
2026-01-19T10:50:00.000-00:00,"3.09,3.08,3.09,3.08,106546"
2026-01-19T10:55:00.000-00:00,"3.08,3.09,3.09,3.08,52615"
2026-01-19T11:00:00.000-00:00,"3.09,3.08,3.09,3.08,234232"
2026-01-19T11:05:00.000-00:00,"3.08,3.09,3.1,3.08,1316896"
2026-01-19T11:10:00.000-00:00,"3.09,3.09,3.09,3.09,148745"
2026-01-19T11:15:00.000-00:00,"3.1,3.1,3.11,3.09,844112"
2026-01-19T11:20:00.000-00:00,"3.1,3.1,3.11,3.1,173900"
2026-01-19T11:25:00.000-00:00,"3.1,3.1,3.11,3.1,207155"
2026-01-19T11:30:00.000-00:00,"3.1,3.1,3.1,3.09,396405"
2026-01-19T11:35:00.000-00:00,"3.1,3.09,3.1,3.09,18535"
2026-01-19T11:40:00.000-00:00,"3.1,3.09,3.1,3.09,63408"
2026-01-19T11:45:00.000-00:00,"3.09,3.09,3.1,3.09,232937"
2026-01-19T11:50:00.000-00:00,"3.1,3.1,3.1,3.09,470013"
2026-01-19T11:55:00.000-00:00,"3.1,3.09,3.1,3.08,190047"
2026-01-19T12:00:00.000-00:00,"3.09,3.09,3.09,3.08,68868"
2026-01-19T12:05:00.000-00:00,"3.09,3.1,3.1,3.08,705872"
2026-01-19T12:10:00.000-00:00,"3.1,3.1,3.1,3.09,687859"
2026-01-19T12:25:00.000-00:00,"3.1,3.1,3.1,3.1,3432512"
2026-01-20T08:00:00.000-00:00,"3.11,3.11,3.12,3.1,440022"
2026-01-20T08:05:00.000-00:00,"3.1,3.11,3.11,3.1,358169"
2026-01-20T08:10:00.000-00:00,"3.11,3.1,3.11,3.1,99776"
2026-01-20T08:15:00.000-00:00,"3.1,3.11,3.11,3.1,423450"
2026-01-20T08:20:00.000-00:00,"3.11,3.11,3.11,3.11,477000"
2026-01-20T08:25:00.000-00:00,"3.11,3.11,3.11,3.11,12704"
2026-01-20T08:30:00.000-00:00,"3.11,3.11,3.11,3.1,29752"
2026-01-20T08:35:00.000-00:00,"3.11,3.11,3.11,3.11,146514"
2026-01-20T08:40:00.000-00:00,"3.1,3.11,3.11,3.1,8808"
2026-01-20T08:45:00.000-00:00,"3.11,3.11,3.11,3.1,227208"
2026-01-20T08:50:00.000-00:00,"3.11,3.11,3.11,3.11,62000"
2026-01-20T08:55:00.000-00:00,"3.1,3.11,3.11,3.1,232258"
2026-01-20T09:00:00.000-00:00,"3.11,3.11,3.11,3.11,137350"
2026-01-20T09:05:00.000-00:00,"3.11,3.11,3.12,3.11,215875"
2026-01-20T09:10:00.000-00:00,"3.11,3.11,3.12,3.11,268000"
2026-01-20T09:15:00.000-00:00,"3.11,3.12,3.12,3.11,276290"
2026-01-20T09:20:00.000-00:00,"3.12,3.11,3.12,3.11,4598"
2026-01-20T09:25:00.000-00:00,"3.12,3.12,3.12,3.11,42087"
2026-01-20T09:30:00.000-00:00,"3.11,3.11,3.12,3.1,477476"
2026-01-20T09:35:00.000-00:00,"3.11,3.11,3.12,3.1,1310271"
2026-01-20T09:40:00.000-00:00,"3.12,3.12,3.12,3.12,316856"
2026-01-20T09:45:00.000-00:00,"3.11,3.12,3.12,3.11,1489362"
2026-01-20T09:50:00.000-00:00,"3.12,3.11,3.12,3.11,1002"
2026-01-20T09:55:00.000-00:00,"3.11,3.11,3.12,3.11,9961"
2026-01-20T10:00:00.000-00:00,"3.12,3.14,3.14,3.12,7406143"
2026-01-20T10:05:00.000-00:00,"3.13,3.13,3.14,3.12,1348821"
2026-01-20T10:10:00.000-00:00,"3.13,3.13,3.13,3.12,55160"
2026-01-20T10:15:00.000-00:00,"3.13,3.13,3.13,3.12,5251"
2026-01-20T10:20:00.000-00:00,"3.13,3.12,3.13,3.12,3034719"
2026-01-20T10:25:00.000-00:00,"3.12,3.12,3.12,3.11,1078325"
2026-01-20T10:30:00.000-00:00,"3.12,3.12,3.12,3.11,297951"
2026-01-20T10:35:00.000-00:00,"3.11,3.11,3.11,3.1,709966"
2026-01-20T10:40:00.000-00:00,"3.1,3.11,3.11,3.1,65977"
2026-01-20T10:45:00.000-00:00,"3.11,3.11,3.11,3.1,562166"
2026-01-20T10:50:00.000-00:00,"3.11,3.1,3.11,3.09,1020303"
2026-01-20T10:55:00.000-00:00,"3.1,3.1,3.1,3.1,105671"
2026-01-20T11:00:00.000-00:00,"3.1,3.1,3.11,3.1,286620"
2026-01-20T11:05:00.000-00:00,"3.1,3.09,3.1,3.09,7001516"
2026-01-20T11:10:00.000-00:00,"3.1,3.1,3.1,3.1,200"
2026-01-20T11:15:00.000-00:00,"3.1,3.1,3.1,3.1,416718"
2026-01-20T11:20:00.000-00:00,"3.1,3.09,3.1,3.09,13475"
2026-01-20T11:25:00.000-00:00,"3.1,3.09,3.1,3.09,830325"
2026-01-20T11:30:00.000-00:00,"3.09,3.08,3.09,3.08,529612"
2026-01-20T11:35:00.000-00:00,"3.09,3.09,3.09,3.08,193174"
2026-01-20T11:40:00.000-00:00,"3.09,3.09,3.09,3.08,384195"
2026-01-20T11:45:00.000-00:00,"3.09,3.09,3.09,3.08,223780"
2026-01-20T11:50:00.000-00:00,"3.09,3.08,3.09,3.08,34346"
2026-01-20T11:55:00.000-00:00,"3.09,3.09,3.09,3.08,44465"
2026-01-20T12:00:00.000-00:00,"3.08,3.09,3.09,3.08,237794"
2026-01-20T12:05:00.000-00:00,"3.08,3.08,3.09,3.07,1563983"
2026-01-20T12:10:00.000-00:00,"3.08,3.09,3.09,3.08,1337342"
2026-01-20T12:25:00.000-00:00,"3.09,3.09,3.09,3.09,4760557"
2026-01-21T08:00:00.000-00:00,"3.09,3.08,3.09,3.08,141643"
2026-01-21T08:05:00.000-00:00,"3.08,3.06,3.08,3.06,1439348"
2026-01-21T08:10:00.000-00:00,"3.06,3.06,3.07,3.05,569411"
2026-01-21T08:15:00.000-00:00,"3.07,3.07,3.07,3.06,152919"
2026-01-21T08:20:00.000-00:00,"3.06,3.07,3.08,3.06,65653"
2026-01-21T08:25:00.000-00:00,"3.07,3.08,3.08,3.07,182517"
2026-01-21T08:30:00.000-00:00,"3.07,3.08,3.08,3.07,66666"
2026-01-21T08:35:00.000-00:00,"3.08,3.08,3.08,3.07,294602"
2026-01-21T08:40:00.000-00:00,"3.09,3.09,3.09,3.08,1152740"
2026-01-21T08:45:00.000-00:00,"3.09,3.09,3.1,3.09,275944"
2026-01-21T08:50:00.000-00:00,"3.08,3.08,3.09,3.08,5530"
2026-01-21T08:55:00.000-00:00,"3.08,3.09,3.1,3.08,1426474"
2026-01-21T09:00:00.000-00:00,"3.08,3.08,3.08,3.08,641008"
2026-01-21T09:05:00.000-00:00,"3.08,3.08,3.09,3.08,206506"
2026-01-21T09:10:00.000-00:00,"3.08,3.08,3.08,3.08,9708"
2026-01-21T09:15:00.000-00:00,"3.07,3.08,3.08,3.07,155374"
2026-01-21T09:20:00.000-00:00,"3.07,3.08,3.08,3.07,1316635"
2026-01-21T09:25:00.000-00:00,"3.08,3.07,3.08,3.07,1025133"
2026-01-21T09:30:00.000-00:00,"3.07,3.07,3.07,3.06,285014"
2026-01-21T09:35:00.000-00:00,"3.07,3.07,3.07,3.06,588211"
2026-01-21T09:40:00.000-00:00,"3.07,3.07,3.07,3.07,484764"
2026-01-21T09:45:00.000-00:00,"3.07,3.07,3.07,3.06,2306023"
2026-01-21T09:50:00.000-00:00,"3.07,3.07,3.07,3.06,2605652"
2026-01-21T09:55:00.000-00:00,"3.06,3.05,3.07,3.05,8265820"
2026-01-21T10:00:00.000-00:00,"3.06,3.05,3.06,3.05,83693"
2026-01-21T10:05:00.000-00:00,"3.06,3.04,3.06,3.04,1565387"
2026-01-21T10:10:00.000-00:00,"3.05,3.05,3.05,3.02,3459159"
2026-01-21T10:15:00.000-00:00,"3.05,3.02,3.05,3.02,4028250"
2026-01-21T10:20:00.000-00:00,"3.03,3.04,3.04,3.03,3292588"
2026-01-21T10:25:00.000-00:00,"3.03,3.04,3.05,3.03,3425950"
2026-01-21T10:30:00.000-00:00,"3.04,3.05,3.05,3.04,1206537"
2026-01-21T10:35:00.000-00:00,"3.04,3.05,3.06,3.04,613415"
2026-01-21T10:40:00.000-00:00,"3.05,3.05,3.06,3.05,388398"
2026-01-21T10:45:00.000-00:00,"3.05,3.05,3.06,3.05,755028"
2026-01-21T10:50:00.000-00:00,"3.05,3.04,3.05,3.04,67185"
2026-01-21T10:55:00.000-00:00,"3.05,3.06,3.06,3.04,4294555"
2026-01-21T11:00:00.000-00:00,"3.06,3.06,3.06,3.05,257118"
2026-01-21T11:05:00.000-00:00,"3.06,3.06,3.06,3.05,207355"
2026-01-21T11:10:00.000-00:00,"3.06,3.06,3.06,3.05,265048"
2026-01-21T11:15:00.000-00:00,"3.06,3.05,3.06,3.05,1195675"
2026-01-21T11:20:00.000-00:00,"3.05,3.05,3.05,3.04,5321395"
2026-01-21T11:25:00.000-00:00,"3.05,3.06,3.06,3.05,590931"
2026-01-21T11:30:00.000-00:00,"3.06,3.06,3.06,3.06,277245"
2026-01-21T11:35:00.000-00:00,"3.05,3.05,3.05,3.04,2335539"
2026-01-21T11:40:00.000-00:00,"3.05,3.04,3.05,3.04,568510"
2026-01-21T11:45:00.000-00:00,"3.05,3.05,3.05,3.05,61634"
2026-01-21T11:50:00.000-00:00,"3.05,3.03,3.05,3.03,2352904"
2026-01-21T11:55:00.000-00:00,"3.04,3.04,3.05,3.03,10245285"
2026-01-21T12:00:00.000-00:00,"3.04,3.05,3.05,3.04,16530323"
2026-01-21T12:05:00.000-00:00,"3.05,3.04,3.05,3.04,632995"
2026-01-21T12:10:00.000-00:00,"3.04,3.03,3.04,3.03,1561529"
2026-01-21T12:25:00.000-00:00,"3.04,3.04,3.04,3.04,3605240"
2026-01-22T08:00:00.000-00:00,"3.05,3.06,3.06,3.05,2466134"
2026-01-22T08:05:00.000-00:00,"3.06,3.07,3.07,3.06,2967315"
2026-01-22T08:10:00.000-00:00,"3.07,3.07,3.07,3.07,1331549"
2026-01-22T08:15:00.000-00:00,"3.07,3.05,3.07,3.05,2222302"
2026-01-22T08:20:00.000-00:00,"3.05,3.05,3.06,3.05,477409"
2026-01-22T08:25:00.000-00:00,"3.05,3.05,3.06,3.04,974891"
2026-01-22T08:30:00.000-00:00,"3.05,3.05,3.06,3.04,1286419"
2026-01-22T08:35:00.000-00:00,"3.05,3.05,3.05,3.04,426809"
2026-01-22T08:40:00.000-00:00,"3.05,3.05,3.05,3.04,1125697"
2026-01-22T08:45:00.000-00:00,"3.05,3.06,3.06,3.05,297893"
2026-01-22T08:50:00.000-00:00,"3.05,3.06,3.07,3.05,1022229"
2026-01-22T08:55:00.000-00:00,"3.06,3.07,3.07,3.06,257608"
2026-01-22T09:00:00.000-00:00,"3.07,3.07,3.07,3.06,12012"
2026-01-22T09:05:00.000-00:00,"3.06,3.06,3.06,3.06,250000"
2026-01-22T09:10:00.000-00:00,"3.07,3.07,3.07,3.06,119623"
2026-01-22T09:15:00.000-00:00,"3.06,3.07,3.07,3.06,105201"
2026-01-22T09:20:00.000-00:00,"3.06,3.07,3.07,3.06,60659"
2026-01-22T09:25:00.000-00:00,"3.07,3.07,3.07,3.06,166028"
2026-01-22T09:30:00.000-00:00,"3.07,3.07,3.07,3.06,16345403"
2026-01-22T09:35:00.000-00:00,"3.06,3.08,3.08,3.06,1389098"
2026-01-22T09:40:00.000-00:00,"3.08,3.08,3.09,3.07,1535402"
2026-01-22T09:45:00.000-00:00,"3.08,3.09,3.09,3.08,360489"
2026-01-22T09:50:00.000-00:00,"3.09,3.08,3.09,3.07,2190598"
2026-01-22T09:55:00.000-00:00,"3.07,3.07,3.08,3.07,705941"
2026-01-22T10:00:00.000-00:00,"3.07,3.07,3.07,3.07,1113639"
2026-01-22T10:05:00.000-00:00,"3.07,3.07,3.07,3.06,403131"
2026-01-22T10:10:00.000-00:00,"3.07,3.07,3.07,3.07,234193"
2026-01-22T10:15:00.000-00:00,"3.06,3.07,3.07,3.06,222037"
2026-01-22T10:20:00.000-00:00,"3.07,3.07,3.07,3.07,1803186"
2026-01-22T10:25:00.000-00:00,"3.07,3.08,3.08,3.07,481716"
2026-01-22T10:30:00.000-00:00,"3.08,3.07,3.08,3.07,70644"
2026-01-22T10:35:00.000-00:00,"3.08,3.08,3.08,3.07,280163"
2026-01-22T10:40:00.000-00:00,"3.08,3.07,3.08,3.07,1116871"
2026-01-22T10:45:00.000-00:00,"3.08,3.08,3.08,3.08,7658"
2026-01-22T10:50:00.000-00:00,"3.07,3.08,3.08,3.07,5674"
2026-01-22T10:55:00.000-00:00,"3.08,3.08,3.08,3.07,442595"
2026-01-22T11:00:00.000-00:00,"3.07,3.07,3.08,3.07,1262757"
2026-01-22T11:05:00.000-00:00,"3.07,3.07,3.07,3.07,34116"
2026-01-22T11:10:00.000-00:00,"3.07,3.07,3.07,3.07,20493"
2026-01-22T11:15:00.000-00:00,"3.07,3.07,3.07,3.06,74354"
2026-01-22T11:20:00.000-00:00,"3.06,3.07,3.07,3.06,303100"
2026-01-22T11:25:00.000-00:00,"3.07,3.06,3.07,3.06,1199870"
2026-01-22T11:30:00.000-00:00,"3.06,3.06,3.07,3.06,259780"
2026-01-22T11:35:00.000-00:00,"3.06,3.07,3.07,3.06,97858"
2026-01-22T11:40:00.000-00:00,"3.06,3.07,3.07,3.06,102301"
2026-01-22T11:45:00.000-00:00,"3.07,3.07,3.07,3.06,77892"
2026-01-22T11:50:00.000-00:00,"3.06,3.06,3.06,3.05,934244"
2026-01-22T11:55:00.000-00:00,"3.06,3.05,3.06,3.05,1130808"
2026-01-22T12:00:00.000-00:00,"3.06,3.06,3.07,3.05,985069"
2026-01-22T12:05:00.000-00:00,"3.06,3.06,3.07,3.06,258549"
2026-01-22T12:10:00.000-00:00,"3.06,3.05,3.06,3.05,1846208"
2026-01-22T12:25:00.000-00:00,"3.04,3.04,3.04,3.04,6031141"
2026-01-25T08:00:00.000-00:00,"3.05,3.06,3.06,3.04,359730"
2026-01-25T08:05:00.000-00:00,"3.06,3.06,3.06,3.05,118005"
2026-01-25T08:10:00.000-00:00,"3.06,3.06,3.07,3.06,1038551"
2026-01-25T08:15:00.000-00:00,"3.06,3.06,3.07,3.05,263544"
2026-01-25T08:20:00.000-00:00,"3.06,3.06,3.06,3.05,371676"
2026-01-25T08:25:00.000-00:00,"3.06,3.06,3.06,3.05,592318"
2026-01-25T08:30:00.000-00:00,"3.06,3.06,3.06,3.05,138406"
2026-01-25T08:35:00.000-00:00,"3.06,3.07,3.07,3.05,1757297"
2026-01-25T08:40:00.000-00:00,"3.07,3.06,3.07,3.06,498903"
2026-01-25T08:45:00.000-00:00,"3.06,3.07,3.07,3.05,178472"
2026-01-25T08:50:00.000-00:00,"3.07,3.07,3.07,3.06,632576"
2026-01-25T08:55:00.000-00:00,"3.07,3.07,3.08,3.07,1510647"
2026-01-25T09:00:00.000-00:00,"3.08,3.07,3.08,3.07,1274586"
2026-01-25T09:05:00.000-00:00,"3.07,3.06,3.07,3.06,676964"
2026-01-25T09:10:00.000-00:00,"3.07,3.08,3.08,3.07,251771"
2026-01-25T09:15:00.000-00:00,"3.07,3.07,3.08,3.07,57752"
2026-01-25T09:20:00.000-00:00,"3.07,3.07,3.07,3.07,153823"
2026-01-25T09:25:00.000-00:00,"3.07,3.07,3.07,3.06,502134"
2026-01-25T09:30:00.000-00:00,"3.07,3.07,3.08,3.07,326150"
2026-01-25T09:35:00.000-00:00,"3.07,3.07,3.08,3.07,61906"
2026-01-25T09:40:00.000-00:00,"3.07,3.07,3.07,3.06,30226"
2026-01-25T09:45:00.000-00:00,"3.07,3.07,3.07,3.06,116690"
2026-01-25T09:50:00.000-00:00,"3.06,3.06,3.07,3.06,158866"
2026-01-25T09:55:00.000-00:00,"3.06,3.06,3.07,3.06,144107"
2026-01-25T10:00:00.000-00:00,"3.06,3.06,3.07,3.06,1254469"
2026-01-25T10:05:00.000-00:00,"3.06,3.06,3.07,3.06,695418"
2026-01-25T10:10:00.000-00:00,"3.06,3.07,3.07,3.06,2066"
2026-01-25T10:15:00.000-00:00,"3.06,3.06,3.07,3.06,94317"
2026-01-25T10:20:00.000-00:00,"3.06,3.06,3.07,3.06,517654"
2026-01-25T10:25:00.000-00:00,"3.06,3.06,3.06,3.05,252910"
2026-01-25T10:30:00.000-00:00,"3.06,3.06,3.06,3.05,23014"
2026-01-25T10:35:00.000-00:00,"3.06,3.07,3.07,3.06,276794"
2026-01-25T10:40:00.000-00:00,"3.06,3.06,3.07,3.06,58611"
2026-01-25T10:45:00.000-00:00,"3.06,3.06,3.07,3.06,145993"
2026-01-25T10:50:00.000-00:00,"3.06,3.06,3.06,3.05,223325"
2026-01-25T10:55:00.000-00:00,"3.06,3.06,3.06,3.05,17575"
2026-01-25T11:00:00.000-00:00,"3.05,3.05,3.06,3.05,140959"
2026-01-25T11:05:00.000-00:00,"3.06,3.06,3.06,3.06,1008"
2026-01-25T11:10:00.000-00:00,"3.05,3.06,3.06,3.05,120964"
2026-01-25T11:15:00.000-00:00,"3.06,3.06,3.06,3.05,89840"
2026-01-25T11:20:00.000-00:00,"3.06,3.06,3.06,3.05,10686"
2026-01-25T11:25:00.000-00:00,"3.06,3.06,3.06,3.05,191793"
2026-01-25T11:30:00.000-00:00,"3.06,3.06,3.07,3.06,637629"
2026-01-25T11:35:00.000-00:00,"3.07,3.07,3.07,3.06,143251"
2026-01-25T11:40:00.000-00:00,"3.07,3.06,3.07,3.06,630718"
2026-01-25T11:45:00.000-00:00,"3.06,3.07,3.09,3.06,2716146"
2026-01-25T11:50:00.000-00:00,"3.07,3.07,3.08,3.07,884944"
2026-01-25T11:55:00.000-00:00,"3.08,3.08,3.09,3.07,925174"
2026-01-25T12:00:00.000-00:00,"3.08,3.1,3.1,3.08,2645977"
2026-01-25T12:05:00.000-00:00,"3.1,3.12,3.13,3.09,6317256"
2026-01-25T12:10:00.000-00:00,"3.12,3.12,3.13,3.11,2221279"
2026-01-25T12:25:00.000-00:00,"3.13,3.13,3.13,3.13,5551587"
2026-01-26T08:00:00.000-00:00,"3.15,3.16,3.16,3.14,3952668"
2026-01-26T08:05:00.000-00:00,"3.15,3.15,3.17,3.15,4271556"
2026-01-26T08:10:00.000-00:00,"3.15,3.15,3.15,3.14,996342"
2026-01-26T08:15:00.000-00:00,"3.15,3.15,3.16,3.15,3533474"
2026-01-26T08:20:00.000-00:00,"3.15,3.14,3.15,3.14,1248147"
2026-01-26T08:25:00.000-00:00,"3.15,3.13,3.15,3.13,5251977"
2026-01-26T08:30:00.000-00:00,"3.13,3.13,3.13,3.12,194984"
2026-01-26T08:35:00.000-00:00,"3.13,3.13,3.13,3.1,8971785"
2026-01-26T08:40:00.000-00:00,"3.12,3.12,3.13,3.12,547538"
2026-01-26T08:45:00.000-00:00,"3.12,3.11,3.13,3.11,322759"
2026-01-26T08:50:00.000-00:00,"3.11,3.1,3.12,3.08,8513671"
2026-01-26T08:55:00.000-00:00,"3.11,3.1,3.11,3.09,1932188"
2026-01-26T09:00:00.000-00:00,"3.1,3.11,3.11,3.1,310294"
2026-01-26T09:05:00.000-00:00,"3.11,3.1,3.11,3.1,808667"
2026-01-26T09:10:00.000-00:00,"3.11,3.11,3.11,3.1,127290"
2026-01-26T09:15:00.000-00:00,"3.11,3.12,3.12,3.11,494118"
2026-01-26T09:20:00.000-00:00,"3.12,3.13,3.13,3.12,2329643"
2026-01-26T09:25:00.000-00:00,"3.13,3.13,3.14,3.13,861021"
2026-01-26T09:30:00.000-00:00,"3.13,3.12,3.13,3.12,441501"
2026-01-26T09:35:00.000-00:00,"3.11,3.12,3.12,3.11,409855"
2026-01-26T09:40:00.000-00:00,"3.12,3.11,3.13,3.11,317598"
2026-01-26T09:45:00.000-00:00,"3.12,3.11,3.12,3.11,115937"
2026-01-26T09:50:00.000-00:00,"3.12,3.12,3.12,3.12,37200"
2026-01-26T09:55:00.000-00:00,"3.12,3.11,3.12,3.11,282706"
2026-01-26T10:00:00.000-00:00,"3.11,3.12,3.12,3.11,111600"
2026-01-26T10:05:00.000-00:00,"3.12,3.11,3.12,3.11,75215"
2026-01-26T10:10:00.000-00:00,"3.11,3.11,3.11,3.11,18162"
2026-01-26T10:15:00.000-00:00,"3.11,3.11,3.12,3.11,248284"
2026-01-26T10:20:00.000-00:00,"3.11,3.11,3.12,3.11,153743"
2026-01-26T10:25:00.000-00:00,"3.11,3.12,3.12,3.11,125492"
2026-01-26T10:30:00.000-00:00,"3.12,3.1,3.12,3.1,190110"
2026-01-26T10:35:00.000-00:00,"3.11,3.11,3.11,3.1,314635"
2026-01-26T10:40:00.000-00:00,"3.11,3.11,3.11,3.1,11682"
2026-01-26T10:45:00.000-00:00,"3.11,3.11,3.11,3.1,73775"
2026-01-26T10:50:00.000-00:00,"3.11,3.1,3.12,3.1,142611"
2026-01-26T10:55:00.000-00:00,"3.1,3.11,3.11,3.1,2695"
2026-01-26T11:00:00.000-00:00,"3.11,3.1,3.11,3.1,1071117"
2026-01-26T11:05:00.000-00:00,"3.1,3.1,3.1,3.09,234627"
2026-01-26T11:10:00.000-00:00,"3.09,3.1,3.1,3.09,277303"
2026-01-26T11:15:00.000-00:00,"3.1,3.1,3.1,3.09,221500"
2026-01-26T11:20:00.000-00:00,"3.1,3.1,3.1,3.09,270010"
2026-01-26T11:25:00.000-00:00,"3.1,3.09,3.1,3.09,88633"
2026-01-26T11:30:00.000-00:00,"3.09,3.09,3.1,3.09,383021"
2026-01-26T11:35:00.000-00:00,"3.09,3.09,3.09,3.09,7014545"
2026-01-26T11:40:00.000-00:00,"3.09,3.09,3.1,3.08,142054"
2026-01-26T11:45:00.000-00:00,"3.09,3.09,3.1,3.09,111942"
2026-01-26T11:50:00.000-00:00,"3.1,3.07,3.1,3.06,2325538"
2026-01-26T11:55:00.000-00:00,"3.07,3.09,3.09,3.06,1349672"
2026-01-26T12:00:00.000-00:00,"3.07,3.07,3.09,3.06,6021638"
2026-01-26T12:05:00.000-00:00,"3.08,3.07,3.08,3.06,1718770"
2026-01-26T12:10:00.000-00:00,"3.07,3.06,3.08,3.06,3480131"
2026-01-26T12:15:00.000-00:00,"3.06,3.06,3.06,3.06,3832"
2026-01-26T12:25:00.000-00:00,"3.06,3.06,3.06,3.06,3841425"
2026-01-27T08:00:00.000-00:00,"3.07,3.08,3.08,3.07,199008"
2026-01-27T08:05:00.000-00:00,"3.08,3.07,3.08,3.07,615172"
2026-01-27T08:10:00.000-00:00,"3.07,3.08,3.09,3.07,693992"
2026-01-27T08:15:00.000-00:00,"3.08,3.08,3.09,3.08,450253"
2026-01-27T08:20:00.000-00:00,"3.08,3.09,3.09,3.07,436746"
2026-01-27T08:25:00.000-00:00,"3.08,3.08,3.09,3.08,338925"
2026-01-27T08:30:00.000-00:00,"3.08,3.08,3.08,3.07,85270"
2026-01-27T08:35:00.000-00:00,"3.08,3.08,3.08,3.08,114458"
2026-01-27T08:40:00.000-00:00,"3.08,3.08,3.08,3.07,310248"
2026-01-27T08:45:00.000-00:00,"3.08,3.07,3.08,3.07,20003"
2026-01-27T08:50:00.000-00:00,"3.08,3.08,3.09,3.08,491441"
2026-01-27T08:55:00.000-00:00,"3.09,3.08,3.09,3.07,1090368"
2026-01-27T09:00:00.000-00:00,"3.08,3.08,3.09,3.08,945498"
2026-01-27T09:05:00.000-00:00,"3.08,3.09,3.09,3.08,229932"
2026-01-27T09:10:00.000-00:00,"3.08,3.08,3.09,3.07,76397"
2026-01-27T09:15:00.000-00:00,"3.08,3.09,3.09,3.07,606000"
2026-01-27T09:20:00.000-00:00,"3.08,3.08,3.09,3.08,846737"
2026-01-27T09:25:00.000-00:00,"3.09,3.08,3.09,3.07,228859"
2026-01-27T09:30:00.000-00:00,"3.08,3.08,3.08,3.07,516716"
2026-01-27T09:35:00.000-00:00,"3.08,3.08,3.09,3.08,303580"
2026-01-27T09:40:00.000-00:00,"3.08,3.09,3.09,3.07,264706"
2026-01-27T09:45:00.000-00:00,"3.08,3.08,3.09,3.08,261648"
2026-01-27T09:50:00.000-00:00,"3.08,3.07,3.08,3.07,157806"
2026-01-27T09:55:00.000-00:00,"3.08,3.07,3.08,3.07,606733"
2026-01-27T10:00:00.000-00:00,"3.08,3.08,3.08,3.08,48571"
2026-01-27T10:05:00.000-00:00,"3.08,3.07,3.08,3.07,149506"
2026-01-27T10:10:00.000-00:00,"3.08,3.08,3.08,3.07,100379"
2026-01-27T10:15:00.000-00:00,"3.08,3.07,3.08,3.07,6578"
2026-01-27T10:20:00.000-00:00,"3.08,3.08,3.08,3.08,48573"
2026-01-27T10:25:00.000-00:00,"3.08,3.08,3.08,3.08,258572"
2026-01-27T10:30:00.000-00:00,"3.08,3.08,3.08,3.08,98705"
2026-01-27T10:35:00.000-00:00,"3.08,3.08,3.08,3.07,124675"
2026-01-27T10:40:00.000-00:00,"3.08,3.08,3.08,3.07,230405"
2026-01-27T10:45:00.000-00:00,"3.08,3.08,3.09,3.08,93090"
2026-01-27T10:50:00.000-00:00,"3.08,3.08,3.08,3.07,86813"
2026-01-27T10:55:00.000-00:00,"3.07,3.07,3.07,3.07,5164114"
2026-01-27T11:00:00.000-00:00,"3.08,3.08,3.08,3.08,1308573"
2026-01-27T11:05:00.000-00:00,"3.08,3.07,3.08,3.07,293393"
2026-01-27T11:10:00.000-00:00,"3.08,3.08,3.08,3.07,358980"
2026-01-27T11:15:00.000-00:00,"3.08,3.08,3.08,3.07,155973"
2026-01-27T11:20:00.000-00:00,"3.07,3.07,3.08,3.07,296793"
2026-01-27T11:25:00.000-00:00,"3.07,3.07,3.08,3.07,561823"
2026-01-27T11:30:00.000-00:00,"3.08,3.07,3.08,3.07,897384"
2026-01-27T11:35:00.000-00:00,"3.07,3.06,3.08,3.06,6865890"
2026-01-27T11:40:00.000-00:00,"3.06,3.07,3.08,3.06,471604"
2026-01-27T11:45:00.000-00:00,"3.07,3.07,3.08,3.07,532185"
2026-01-27T11:50:00.000-00:00,"3.08,3.08,3.08,3.06,468925"
2026-01-27T11:55:00.000-00:00,"3.08,3.07,3.08,3.07,404540"
2026-01-27T12:00:00.000-00:00,"3.07,3.08,3.08,3.07,286325"
2026-01-27T12:05:00.000-00:00,"3.07,3.08,3.08,3.07,1200617"
2026-01-27T12:10:00.000-00:00,"3.09,3.07,3.09,3.07,257198"
2026-01-27T12:15:00.000-00:00,"3.08,3.08,3.08,3.08,10000"
2026-01-27T12:25:00.000-00:00,"3.06,3.06,3.06,3.06,1720000"
2026-01-28T08:00:00.000-00:00,"3.07,3.07,3.07,3.06,68170"
2026-01-28T08:05:00.000-00:00,"3.07,3.07,3.08,3.06,193648"
2026-01-28T08:10:00.000-00:00,"3.07,3.08,3.08,3.07,15011"
2026-01-28T08:15:00.000-00:00,"3.08,3.07,3.08,3.07,12559"
2026-01-28T08:20:00.000-00:00,"3.08,3.07,3.08,3.07,130260"
2026-01-28T08:25:00.000-00:00,"3.08,3.06,3.08,3.06,425592"
2026-01-28T08:30:00.000-00:00,"3.07,3.06,3.07,3.06,553995"
2026-01-28T08:35:00.000-00:00,"3.06,3.07,3.07,3.06,24589"
2026-01-28T08:40:00.000-00:00,"3.06,3.06,3.07,3.06,73175"
2026-01-28T08:45:00.000-00:00,"3.06,3.07,3.07,3.06,62322"
2026-01-28T08:50:00.000-00:00,"3.07,3.06,3.07,3.06,23556"
2026-01-28T08:55:00.000-00:00,"3.07,3.07,3.07,3.06,35590"
2026-01-28T09:00:00.000-00:00,"3.06,3.08,3.08,3.06,584856"
2026-01-28T09:05:00.000-00:00,"3.06,3.07,3.07,3.06,1408"
2026-01-28T09:10:00.000-00:00,"3.07,3.08,3.08,3.07,26783"
2026-01-28T09:15:00.000-00:00,"3.07,3.07,3.08,3.07,565022"
2026-01-28T09:20:00.000-00:00,"3.08,3.07,3.08,3.07,29030"
2026-01-28T09:25:00.000-00:00,"3.07,3.07,3.08,3.07,7238609"
2026-01-28T09:30:00.000-00:00,"3.07,3.07,3.07,3.06,201318"
2026-01-28T09:35:00.000-00:00,"3.06,3.07,3.07,3.06,21653"
2026-01-28T09:40:00.000-00:00,"3.07,3.07,3.07,3.06,366739"
2026-01-28T09:45:00.000-00:00,"3.06,3.05,3.07,3.05,1157666"
2026-01-28T09:50:00.000-00:00,"3.06,3.03,3.06,3.03,1533082"
2026-01-28T09:55:00.000-00:00,"3.03,3,3.04,3,3997710"
2026-01-28T10:00:00.000-00:00,"3.01,3.02,3.02,3.01,146476"
2026-01-28T10:05:00.000-00:00,"3.01,3.01,3.02,3,2035310"
2026-01-28T10:10:00.000-00:00,"3.01,3,3.01,2.99,1204257"
2026-01-28T10:15:00.000-00:00,"3,3,3.02,2.99,1168658"
2026-01-28T10:20:00.000-00:00,"3,3,3.01,2.99,1994224"
2026-01-28T10:25:00.000-00:00,"2.99,3,3,2.99,434265"
2026-01-28T10:30:00.000-00:00,"3,3.02,3.02,2.99,762576"
2026-01-28T10:35:00.000-00:00,"3.02,3.01,3.02,3.01,542942"
2026-01-28T10:40:00.000-00:00,"3.02,3.01,3.02,3.01,140511"
2026-01-28T10:45:00.000-00:00,"3.01,3.01,3.02,3.01,135712"
2026-01-28T10:50:00.000-00:00,"3.02,3.02,3.02,3.02,233864"
2026-01-28T10:55:00.000-00:00,"3.02,3.02,3.02,3.01,252180"
2026-01-28T11:00:00.000-00:00,"3.02,3.03,3.03,3.02,123577"
2026-01-28T11:05:00.000-00:00,"3.03,3.03,3.03,3.03,511467"
2026-01-28T11:10:00.000-00:00,"3.02,3.02,3.03,3.01,669493"
2026-01-28T11:15:00.000-00:00,"3.02,3.02,3.02,3.01,10873"
2026-01-28T11:20:00.000-00:00,"3.02,3.01,3.02,3.01,28299"
2026-01-28T11:25:00.000-00:00,"3.02,3.02,3.02,3,1062405"
2026-01-28T11:30:00.000-00:00,"3.02,3.02,3.02,3.01,42141"
2026-01-28T11:35:00.000-00:00,"3.01,3,3.02,3,552857"
2026-01-28T11:40:00.000-00:00,"3,3.01,3.01,3,74373"
2026-01-28T11:45:00.000-00:00,"3.01,3,3.01,2.99,2700491"
2026-01-28T11:50:00.000-00:00,"2.99,3,3.01,2.99,796096"
2026-01-28T11:55:00.000-00:00,"3,3.03,3.03,2.99,4785354"
2026-01-28T12:00:00.000-00:00,"3.02,3,3.02,3,370848"
2026-01-28T12:05:00.000-00:00,"3.01,3.01,3.02,3,145455"
2026-01-28T12:10:00.000-00:00,"3.01,3,3.01,2.99,1915651"
2026-01-28T12:25:00.000-00:00,"3,3,3,3,1570716"
2026-02-01T08:00:00.000-00:00,"3,3.01,3.03,3,524753"
2026-02-01T08:05:00.000-00:00,"3.02,3.01,3.02,3.01,276185"
2026-02-01T08:10:00.000-00:00,"3.01,2.98,3.01,2.98,709088"
2026-02-01T08:15:00.000-00:00,"2.98,2.95,2.99,2.94,3615735"
2026-02-01T08:20:00.000-00:00,"2.94,2.95,2.95,2.92,2962094"
2026-02-01T08:25:00.000-00:00,"2.95,2.97,2.97,2.95,991744"
2026-02-01T08:30:00.000-00:00,"2.97,2.97,2.99,2.97,1959200"
2026-02-01T08:35:00.000-00:00,"2.97,2.98,2.98,2.97,521510"
2026-02-01T08:40:00.000-00:00,"2.98,2.99,2.99,2.98,26792"
2026-02-01T08:45:00.000-00:00,"2.99,2.99,2.99,2.99,49695"
2026-02-01T08:50:00.000-00:00,"2.99,2.99,2.99,2.98,276648"
2026-02-01T08:55:00.000-00:00,"2.99,2.98,2.99,2.98,67794"
2026-02-01T09:00:00.000-00:00,"2.99,2.99,2.99,2.98,226892"
2026-02-01T09:05:00.000-00:00,"2.99,2.99,3,2.98,381729"
2026-02-01T09:10:00.000-00:00,"2.99,2.98,2.99,2.98,56172"
2026-02-01T09:15:00.000-00:00,"2.98,2.99,2.99,2.98,436311"
2026-02-01T09:20:00.000-00:00,"2.99,2.99,2.99,2.98,62452"
2026-02-01T09:25:00.000-00:00,"2.99,3,3.01,2.98,1416936"
2026-02-01T09:30:00.000-00:00,"3,3,3.01,3,422834"
2026-02-01T09:35:00.000-00:00,"3,3,3,2.99,29502"
2026-02-01T09:40:00.000-00:00,"3,3,3,2.99,99051"
2026-02-01T09:45:00.000-00:00,"3,2.99,3,2.99,5523"
2026-02-01T09:50:00.000-00:00,"3,2.99,3,2.99,479909"
2026-02-01T09:55:00.000-00:00,"2.98,2.98,2.98,2.97,563638"
2026-02-01T10:00:00.000-00:00,"2.97,2.97,2.98,2.96,609590"
2026-02-01T10:05:00.000-00:00,"2.98,2.99,2.99,2.98,86295"
2026-02-01T10:10:00.000-00:00,"2.99,2.98,2.99,2.98,10923"
2026-02-01T10:15:00.000-00:00,"2.98,2.98,2.98,2.98,265002"
2026-02-01T10:20:00.000-00:00,"2.99,2.99,2.99,2.99,215113"
2026-02-01T10:25:00.000-00:00,"2.99,2.99,2.99,2.99,9945"
2026-02-01T10:30:00.000-00:00,"2.98,2.99,2.99,2.98,37728"
2026-02-01T10:35:00.000-00:00,"2.98,2.99,2.99,2.98,13847"
2026-02-01T10:40:00.000-00:00,"2.98,2.99,2.99,2.98,228595"
2026-02-01T10:45:00.000-00:00,"2.98,2.99,2.99,2.98,714794"
2026-02-01T10:50:00.000-00:00,"2.98,2.98,2.99,2.98,126043"
2026-02-01T10:55:00.000-00:00,"2.99,2.99,2.99,2.99,828"
2026-02-01T11:00:00.000-00:00,"2.99,2.98,2.99,2.98,41162"
2026-02-01T11:05:00.000-00:00,"2.98,2.99,2.99,2.98,101"
2026-02-01T11:10:00.000-00:00,"2.99,2.98,2.99,2.98,40537"
2026-02-01T11:15:00.000-00:00,"2.98,2.99,2.99,2.98,188386"
2026-02-01T11:20:00.000-00:00,"2.99,2.99,2.99,2.99,26564"
2026-02-01T11:25:00.000-00:00,"2.99,2.98,3,2.98,294292"
2026-02-01T11:30:00.000-00:00,"2.99,2.99,2.99,2.98,53528"
2026-02-01T11:35:00.000-00:00,"2.98,2.99,2.99,2.98,177897"
2026-02-01T11:40:00.000-00:00,"2.99,2.99,2.99,2.98,47338"
2026-02-01T11:45:00.000-00:00,"2.98,2.98,2.98,2.97,105329"
2026-02-01T11:50:00.000-00:00,"2.98,2.99,2.99,2.97,500871"
2026-02-01T11:55:00.000-00:00,"2.98,3.01,3.01,2.98,3247959"
2026-02-01T12:00:00.000-00:00,"3,3,3.01,3,1255596"
2026-02-01T12:05:00.000-00:00,"3.01,3.01,3.02,3,522102"
2026-02-01T12:10:00.000-00:00,"3.02,3.01,3.02,3.01,190851"
2026-02-01T12:25:00.000-00:00,"3.05,3.05,3.05,3.05,1814488"
2026-02-02T08:00:00.000-00:00,"3.05,3.03,3.06,3.03,831450"
2026-02-02T08:05:00.000-00:00,"3.02,3.03,3.03,3.02,19922"
2026-02-02T08:10:00.000-00:00,"3.03,3.02,3.03,3.02,29118"
2026-02-02T08:15:00.000-00:00,"3.02,3.02,3.03,3.02,96844"
2026-02-02T08:20:00.000-00:00,"3.02,3.02,3.03,3.02,71504"
2026-02-02T08:25:00.000-00:00,"3.02,3.04,3.04,3.02,441288"
2026-02-02T08:30:00.000-00:00,"3.03,3.04,3.04,3.03,135000"
2026-02-02T08:35:00.000-00:00,"3.03,3.03,3.03,3.02,294669"
2026-02-02T08:40:00.000-00:00,"3.03,3.04,3.04,3.02,34405"
2026-02-02T08:45:00.000-00:00,"3.04,3.04,3.04,3.02,8399"
2026-02-02T08:50:00.000-00:00,"3.03,3.03,3.03,3.02,83253"
2026-02-02T08:55:00.000-00:00,"3.02,3.02,3.02,3.02,241311"
2026-02-02T09:00:00.000-00:00,"3.02,3.01,3.03,3.01,100125"
2026-02-02T09:05:00.000-00:00,"3.01,3.02,3.03,3.01,28076"
2026-02-02T09:10:00.000-00:00,"3.02,3.02,3.02,3.02,95207"
2026-02-02T09:15:00.000-00:00,"3.03,3.02,3.03,3.02,1170"
2026-02-02T09:20:00.000-00:00,"3.02,3.01,3.02,3.01,41828"
2026-02-02T09:25:00.000-00:00,"3.02,3.02,3.03,3.02,106807"
2026-02-02T09:30:00.000-00:00,"3.03,3.03,3.03,3.01,67951"
2026-02-02T09:35:00.000-00:00,"3.01,3.03,3.03,3.01,93502"
2026-02-02T09:40:00.000-00:00,"3.03,3.03,3.03,3.03,50000"
2026-02-02T09:45:00.000-00:00,"3.02,3.04,3.05,3.02,2529474"
2026-02-02T09:50:00.000-00:00,"3.04,3.03,3.05,3.03,519012"
2026-02-02T09:55:00.000-00:00,"3.03,3.02,3.03,3.02,2690038"
2026-02-02T10:00:00.000-00:00,"3.03,3.02,3.03,3.02,460171"
2026-02-02T10:05:00.000-00:00,"3.02,3.03,3.03,3.02,11229904"
2026-02-02T10:10:00.000-00:00,"3.03,3.04,3.04,3.03,4409235"
2026-02-02T10:15:00.000-00:00,"3.03,3.04,3.04,3.03,264241"
2026-02-02T10:20:00.000-00:00,"3.04,3.03,3.04,3.03,210551"
2026-02-02T10:25:00.000-00:00,"3.04,3.04,3.04,3.04,1086811"
2026-02-02T10:30:00.000-00:00,"3.04,3.04,3.05,3.03,517379"
2026-02-02T10:35:00.000-00:00,"3.04,3.05,3.05,3.03,3034408"
2026-02-02T10:45:00.000-00:00,"3.05,3.04,3.05,3.04,3159000"
2026-02-02T10:50:00.000-00:00,"3.05,3.04,3.05,3.04,316300"
2026-02-02T10:55:00.000-00:00,"3.04,3.05,3.05,3.04,34441"
2026-02-02T11:00:00.000-00:00,"3.05,3.04,3.05,3.04,168001"
2026-02-02T11:05:00.000-00:00,"3.04,3.04,3.05,3.04,144338"
2026-02-02T11:10:00.000-00:00,"3.04,3.04,3.05,3.04,90117"
2026-02-02T11:15:00.000-00:00,"3.04,3.04,3.05,3.04,198130"
2026-02-02T11:20:00.000-00:00,"3.04,3.04,3.05,3.03,1715793"
2026-02-02T11:25:00.000-00:00,"3.04,3.04,3.04,3.03,150647"
2026-02-02T11:30:00.000-00:00,"3.04,3.04,3.04,3.03,552696"
2026-02-02T11:35:00.000-00:00,"3.04,3.04,3.05,3.03,787330"
2026-02-02T11:40:00.000-00:00,"3.04,3.04,3.04,3.03,213350"
2026-02-02T11:45:00.000-00:00,"3.04,3.03,3.04,3.03,5473710"
2026-02-02T11:50:00.000-00:00,"3.03,3.04,3.04,3.03,438713"
2026-02-02T11:55:00.000-00:00,"3.03,3.04,3.04,3.03,53783"
2026-02-02T12:00:00.000-00:00,"3.04,3.03,3.04,3.03,1062181"
2026-02-02T12:05:00.000-00:00,"3.04,3.03,3.04,3.02,1626273"
2026-02-02T12:10:00.000-00:00,"3.03,3.03,3.04,3.03,3530014"
2026-02-02T12:15:00.000-00:00,"3.03,3.03,3.03,3.03,205309"
2026-02-02T12:25:00.000-00:00,"3.03,3.03,3.03,3.03,1509434"
2026-02-03T08:00:00.000-00:00,"3.04,3.04,3.05,3.04,411369"
2026-02-03T08:05:00.000-00:00,"3.04,3.04,3.05,3.04,355149"
2026-02-03T08:10:00.000-00:00,"3.04,3.06,3.06,3.03,2650297"
2026-02-03T08:15:00.000-00:00,"3.06,3.06,3.07,3.05,2479609"
2026-02-03T08:20:00.000-00:00,"3.06,3.06,3.07,3.06,1506036"
2026-02-03T08:25:00.000-00:00,"3.05,3.08,3.08,3.05,1581022"
2026-02-03T08:30:00.000-00:00,"3.07,3.06,3.08,3.06,105854"
2026-02-03T08:35:00.000-00:00,"3.07,3.06,3.07,3.06,49670"
2026-02-03T08:40:00.000-00:00,"3.06,3.07,3.07,3.06,87591"
2026-02-03T08:45:00.000-00:00,"3.07,3.06,3.07,3.06,805162"
2026-02-03T08:50:00.000-00:00,"3.06,3.05,3.07,3.05,938383"
2026-02-03T08:55:00.000-00:00,"3.06,3.06,3.07,3.06,1182232"
2026-02-03T09:00:00.000-00:00,"3.07,3.08,3.08,3.07,3071090"
2026-02-03T09:05:00.000-00:00,"3.08,3.1,3.1,3.07,8210578"
2026-02-03T09:10:00.000-00:00,"3.1,3.11,3.15,3.09,12645262"
2026-02-03T09:15:00.000-00:00,"3.12,3.13,3.13,3.11,4357618"
2026-02-03T09:20:00.000-00:00,"3.12,3.11,3.12,3.11,7763022"
2026-02-03T09:25:00.000-00:00,"3.11,3.17,3.21,3.11,23695117"
2026-02-03T09:30:00.000-00:00,"3.16,3.17,3.18,3.16,1677299"
2026-02-03T09:35:00.000-00:00,"3.17,3.17,3.18,3.16,806791"
2026-02-03T09:40:00.000-00:00,"3.16,3.15,3.17,3.14,1591042"
2026-02-03T09:45:00.000-00:00,"3.16,3.16,3.17,3.15,629172"
2026-02-03T09:50:00.000-00:00,"3.16,3.17,3.18,3.16,4474974"
2026-02-03T09:55:00.000-00:00,"3.17,3.18,3.2,3.17,7116259"
2026-02-03T10:00:00.000-00:00,"3.18,3.17,3.19,3.17,334489"
2026-02-03T10:05:00.000-00:00,"3.17,3.18,3.19,3.17,347010"
2026-02-03T10:10:00.000-00:00,"3.18,3.17,3.18,3.17,287711"
2026-02-03T10:15:00.000-00:00,"3.17,3.18,3.18,3.17,253955"
2026-02-03T10:20:00.000-00:00,"3.18,3.16,3.18,3.16,450498"
2026-02-03T10:25:00.000-00:00,"3.17,3.16,3.17,3.16,38080"
2026-02-03T10:30:00.000-00:00,"3.16,3.16,3.17,3.16,77507"
2026-02-03T10:35:00.000-00:00,"3.17,3.16,3.18,3.16,284458"
2026-02-03T10:40:00.000-00:00,"3.16,3.17,3.18,3.16,997333"
2026-02-03T10:45:00.000-00:00,"3.17,3.17,3.17,3.16,487298"
2026-02-03T10:50:00.000-00:00,"3.17,3.17,3.18,3.16,58711"
2026-02-03T10:55:00.000-00:00,"3.17,3.17,3.18,3.17,252512"
2026-02-03T11:00:00.000-00:00,"3.17,3.17,3.18,3.16,399394"
2026-02-03T11:05:00.000-00:00,"3.16,3.14,3.17,3.14,3421536"
2026-02-03T11:10:00.000-00:00,"3.15,3.13,3.15,3.13,1153626"
2026-02-03T11:15:00.000-00:00,"3.14,3.15,3.15,3.13,5334383"
2026-02-03T11:20:00.000-00:00,"3.14,3.14,3.15,3.14,470947"
2026-02-03T11:25:00.000-00:00,"3.14,3.14,3.15,3.14,309101"
2026-02-03T11:30:00.000-00:00,"3.14,3.15,3.15,3.13,92200"
2026-02-03T11:35:00.000-00:00,"3.14,3.14,3.15,3.13,481225"
2026-02-03T11:40:00.000-00:00,"3.14,3.14,3.14,3.14,5304430"
2026-02-03T11:45:00.000-00:00,"3.14,3.14,3.14,3.14,357435"
2026-02-03T11:50:00.000-00:00,"3.14,3.15,3.15,3.14,858759"
2026-02-03T11:55:00.000-00:00,"3.16,3.15,3.16,3.15,185603"
2026-02-03T12:00:00.000-00:00,"3.15,3.15,3.17,3.14,2480882"
2026-02-03T12:05:00.000-00:00,"3.16,3.16,3.17,3.15,1911424"
2026-02-03T12:10:00.000-00:00,"3.17,3.18,3.18,3.16,1073928"
2026-02-03T12:25:00.000-00:00,"3.18,3.18,3.18,3.18,2371779"
2026-02-04T08:00:00.000-00:00,"3.18,3.18,3.19,3.18,457949"
2026-02-04T08:05:00.000-00:00,"3.18,3.18,3.18,3.17,165626"
2026-02-04T08:10:00.000-00:00,"3.17,3.17,3.17,3.16,273311"
2026-02-04T08:15:00.000-00:00,"3.17,3.16,3.17,3.16,324600"
2026-02-04T08:20:00.000-00:00,"3.16,3.17,3.17,3.15,161763"
2026-02-04T08:25:00.000-00:00,"3.17,3.17,3.17,3.15,193361"
2026-02-04T08:30:00.000-00:00,"3.17,3.16,3.17,3.16,328727"
2026-02-04T08:35:00.000-00:00,"3.16,3.16,3.17,3.16,87055"
2026-02-04T08:40:00.000-00:00,"3.17,3.16,3.17,3.16,106851"
2026-02-04T08:45:00.000-00:00,"3.16,3.16,3.17,3.15,915465"
2026-02-04T08:50:00.000-00:00,"3.16,3.16,3.16,3.16,119428"
2026-02-04T08:55:00.000-00:00,"3.17,3.2,3.2,3.16,4085773"
2026-02-04T09:00:00.000-00:00,"3.19,3.22,3.22,3.18,4377289"
2026-02-04T09:05:00.000-00:00,"3.22,3.22,3.22,3.21,2232475"
2026-02-04T09:10:00.000-00:00,"3.21,3.22,3.23,3.21,1629061"
2026-02-04T09:15:00.000-00:00,"3.22,3.22,3.23,3.21,484249"
2026-02-04T09:20:00.000-00:00,"3.22,3.21,3.23,3.21,395965"
2026-02-04T09:25:00.000-00:00,"3.22,3.24,3.25,3.22,6727114"
2026-02-04T09:30:00.000-00:00,"3.25,3.23,3.25,3.23,1040562"
2026-02-04T09:35:00.000-00:00,"3.22,3.23,3.24,3.22,310958"
2026-02-04T09:40:00.000-00:00,"3.24,3.23,3.24,3.23,217566"
2026-02-04T09:45:00.000-00:00,"3.22,3.22,3.23,3.22,660587"
2026-02-04T09:50:00.000-00:00,"3.22,3.22,3.22,3.21,241608"
2026-02-04T09:55:00.000-00:00,"3.22,3.21,3.22,3.21,1140713"
2026-02-04T10:00:00.000-00:00,"3.21,3.21,3.22,3.21,43247"
2026-02-04T10:05:00.000-00:00,"3.22,3.23,3.25,3.21,3156286"
2026-02-04T10:10:00.000-00:00,"3.23,3.24,3.26,3.23,2050392"
2026-02-04T10:15:00.000-00:00,"3.23,3.24,3.27,3.23,3150510"
2026-02-04T10:20:00.000-00:00,"3.24,3.25,3.25,3.24,67806"
2026-02-04T10:25:00.000-00:00,"3.25,3.25,3.25,3.23,61020"
2026-02-04T10:30:00.000-00:00,"3.23,3.24,3.24,3.23,42211"
2026-02-04T10:35:00.000-00:00,"3.24,3.23,3.24,3.23,33786"
2026-02-04T10:40:00.000-00:00,"3.23,3.24,3.24,3.23,186873"
2026-02-04T10:45:00.000-00:00,"3.24,3.24,3.25,3.24,191215"
2026-02-04T10:50:00.000-00:00,"3.25,3.24,3.25,3.23,1277154"
2026-02-04T10:55:00.000-00:00,"3.24,3.23,3.24,3.23,216217"
2026-02-04T11:00:00.000-00:00,"3.23,3.23,3.24,3.23,43189"
2026-02-04T11:05:00.000-00:00,"3.24,3.23,3.24,3.23,18813"
2026-02-04T11:10:00.000-00:00,"3.23,3.23,3.23,3.23,15000"
2026-02-04T11:15:00.000-00:00,"3.23,3.23,3.24,3.23,303086"
2026-02-04T11:20:00.000-00:00,"3.23,3.24,3.24,3.23,386673"
2026-02-04T11:25:00.000-00:00,"3.24,3.24,3.25,3.24,812717"
2026-02-04T11:30:00.000-00:00,"3.24,3.24,3.24,3.23,229367"
2026-02-04T11:35:00.000-00:00,"3.24,3.24,3.24,3.23,323274"
2026-02-04T11:40:00.000-00:00,"3.24,3.23,3.24,3.23,141468"
2026-02-04T11:45:00.000-00:00,"3.24,3.23,3.24,3.22,555719"
2026-02-04T11:50:00.000-00:00,"3.23,3.23,3.24,3.23,157590"
2026-02-04T11:55:00.000-00:00,"3.23,3.24,3.24,3.22,545225"
2026-02-04T12:00:00.000-00:00,"3.24,3.23,3.24,3.23,572529"
2026-02-04T12:05:00.000-00:00,"3.23,3.22,3.23,3.22,136397"
2026-02-04T12:10:00.000-00:00,"3.22,3.23,3.25,3.22,3396945"
2026-02-04T12:25:00.000-00:00,"3.22,3.22,3.22,3.22,4385723"
2026-02-05T08:00:00.000-00:00,"3.22,3.22,3.23,3.21,705259"
2026-02-05T08:05:00.000-00:00,"3.22,3.2,3.22,3.2,352118"
2026-02-05T08:10:00.000-00:00,"3.21,3.22,3.22,3.21,243506"
2026-02-05T08:15:00.000-00:00,"3.22,3.22,3.22,3.21,79495"
2026-02-05T08:20:00.000-00:00,"3.21,3.21,3.23,3.21,241301"
2026-02-05T08:25:00.000-00:00,"3.22,3.18,3.23,3.16,2515939"
2026-02-05T08:30:00.000-00:00,"3.17,3.16,3.17,3.16,738255"
2026-02-05T08:35:00.000-00:00,"3.17,3.16,3.17,3.16,144776"
2026-02-05T08:40:00.000-00:00,"3.16,3.17,3.17,3.16,419463"
2026-02-05T08:45:00.000-00:00,"3.17,3.15,3.18,3.15,1610168"
2026-02-05T08:50:00.000-00:00,"3.16,3.15,3.18,3.15,2118080"
2026-02-05T08:55:00.000-00:00,"3.15,3.16,3.16,3.15,1043418"
2026-02-05T09:00:00.000-00:00,"3.16,3.15,3.17,3.14,3440640"
2026-02-05T09:05:00.000-00:00,"3.15,3.15,3.16,3.14,1562952"
2026-02-05T09:10:00.000-00:00,"3.15,3.15,3.15,3.14,161057"
2026-02-05T09:15:00.000-00:00,"3.15,3.15,3.16,3.15,966411"
2026-02-05T09:20:00.000-00:00,"3.15,3.14,3.15,3.13,1688530"
2026-02-05T09:25:00.000-00:00,"3.13,3.14,3.14,3.13,377241"
2026-02-05T09:30:00.000-00:00,"3.14,3.13,3.14,3.13,128885"
2026-02-05T09:35:00.000-00:00,"3.14,3.14,3.14,3.13,89946"
2026-02-05T09:40:00.000-00:00,"3.14,3.12,3.14,3.12,1881165"
2026-02-05T09:45:00.000-00:00,"3.12,3.12,3.12,3.11,1407388"
2026-02-05T09:50:00.000-00:00,"3.12,3.12,3.12,3.11,172279"
2026-02-05T09:55:00.000-00:00,"3.12,3.12,3.12,3.11,235857"
2026-02-05T10:00:00.000-00:00,"3.12,3.11,3.12,3.1,2168234"
2026-02-05T10:05:00.000-00:00,"3.11,3.12,3.12,3.11,278575"
2026-02-05T10:10:00.000-00:00,"3.12,3.11,3.12,3.1,467059"
2026-02-05T10:15:00.000-00:00,"3.11,3.11,3.11,3.11,179045"
2026-02-05T10:20:00.000-00:00,"3.11,3.12,3.12,3.1,408744"
2026-02-05T10:25:00.000-00:00,"3.11,3.12,3.12,3.11,79845"
2026-02-05T10:30:00.000-00:00,"3.11,3.12,3.12,3.11,73491"
2026-02-05T10:35:00.000-00:00,"3.12,3.12,3.12,3.12,564403"
2026-02-05T10:40:00.000-00:00,"3.12,3.13,3.13,3.12,41469"
2026-02-05T10:45:00.000-00:00,"3.12,3.12,3.12,3.12,195433"
2026-02-05T10:50:00.000-00:00,"3.12,3.12,3.13,3.12,106779"
2026-02-05T10:55:00.000-00:00,"3.12,3.13,3.13,3.12,457125"
2026-02-05T11:00:00.000-00:00,"3.13,3.13,3.13,3.12,519423"
2026-02-05T11:05:00.000-00:00,"3.12,3.13,3.14,3.12,63140"
2026-02-05T11:10:00.000-00:00,"3.13,3.13,3.14,3.13,150349"
2026-02-05T11:15:00.000-00:00,"3.13,3.14,3.14,3.13,811"
2026-02-05T11:20:00.000-00:00,"3.14,3.14,3.14,3.14,996309"
2026-02-05T11:25:00.000-00:00,"3.14,3.15,3.15,3.13,681639"
2026-02-05T11:30:00.000-00:00,"3.14,3.15,3.15,3.14,98340"
2026-02-05T11:35:00.000-00:00,"3.14,3.15,3.15,3.14,2019036"
2026-02-05T11:40:00.000-00:00,"3.15,3.15,3.15,3.14,647093"
2026-02-05T11:45:00.000-00:00,"3.14,3.13,3.15,3.13,1347643"
2026-02-05T11:50:00.000-00:00,"3.14,3.13,3.14,3.13,309468"
2026-02-05T11:55:00.000-00:00,"3.13,3.14,3.14,3.12,95185"
2026-02-05T12:00:00.000-00:00,"3.14,3.13,3.14,3.12,133557"
2026-02-05T12:05:00.000-00:00,"3.13,3.13,3.14,3.13,1009171"
2026-02-05T12:10:00.000-00:00,"3.13,3.12,3.13,3.11,1677349"
2026-02-05T12:25:00.000-00:00,"3.1,3.1,3.1,3.1,2883390"
2026-02-08T08:00:00.000-00:00,"3.12,3.13,3.15,3.11,483467"
2026-02-08T08:05:00.000-00:00,"3.13,3.15,3.15,3.13,546061"
2026-02-08T08:10:00.000-00:00,"3.15,3.15,3.15,3.14,729447"
2026-02-08T08:15:00.000-00:00,"3.15,3.17,3.17,3.15,1228599"
2026-02-08T08:20:00.000-00:00,"3.17,3.16,3.17,3.16,1280796"
2026-02-08T08:25:00.000-00:00,"3.16,3.15,3.16,3.15,522618"
2026-02-08T08:30:00.000-00:00,"3.16,3.16,3.17,3.15,3110790"
2026-02-08T08:35:00.000-00:00,"3.16,3.15,3.16,3.15,90416"
2026-02-08T08:40:00.000-00:00,"3.16,3.15,3.16,3.15,218537"
2026-02-08T08:45:00.000-00:00,"3.16,3.16,3.16,3.15,80547"
2026-02-08T08:50:00.000-00:00,"3.16,3.15,3.16,3.15,1287507"
2026-02-08T08:55:00.000-00:00,"3.15,3.15,3.15,3.15,263288"
2026-02-08T09:00:00.000-00:00,"3.14,3.14,3.14,3.14,173023"
2026-02-08T09:05:00.000-00:00,"3.14,3.14,3.15,3.13,638345"
2026-02-08T09:10:00.000-00:00,"3.13,3.13,3.14,3.12,555744"
2026-02-08T09:15:00.000-00:00,"3.13,3.14,3.14,3.12,47320"
2026-02-08T09:20:00.000-00:00,"3.14,3.15,3.15,3.13,187736"
2026-02-08T09:25:00.000-00:00,"3.15,3.14,3.15,3.14,52820"
2026-02-08T09:30:00.000-00:00,"3.15,3.15,3.15,3.14,84080"
2026-02-08T09:35:00.000-00:00,"3.15,3.15,3.16,3.14,271957"
2026-02-08T09:40:00.000-00:00,"3.15,3.15,3.15,3.14,63496"
2026-02-08T09:45:00.000-00:00,"3.15,3.15,3.15,3.15,12073"
2026-02-08T09:50:00.000-00:00,"3.15,3.15,3.15,3.14,42971"
2026-02-08T09:55:00.000-00:00,"3.15,3.14,3.15,3.14,61978"
2026-02-08T10:00:00.000-00:00,"3.14,3.14,3.15,3.14,665418"
2026-02-08T10:05:00.000-00:00,"3.14,3.14,3.14,3.13,318269"
2026-02-08T10:10:00.000-00:00,"3.13,3.14,3.14,3.13,181381"
2026-02-08T10:15:00.000-00:00,"3.14,3.14,3.14,3.13,32253"
2026-02-08T10:20:00.000-00:00,"3.14,3.14,3.14,3.13,134242"
2026-02-08T10:25:00.000-00:00,"3.13,3.13,3.14,3.13,104238"
2026-02-08T10:30:00.000-00:00,"3.13,3.14,3.14,3.13,67110"
2026-02-08T10:35:00.000-00:00,"3.14,3.14,3.14,3.14,2200"
2026-02-08T10:40:00.000-00:00,"3.14,3.13,3.14,3.13,73130"
2026-02-08T10:45:00.000-00:00,"3.13,3.14,3.14,3.13,8863"
2026-02-08T10:50:00.000-00:00,"3.14,3.13,3.14,3.13,91675"
2026-02-08T10:55:00.000-00:00,"3.13,3.14,3.14,3.13,7064"
2026-02-08T11:00:00.000-00:00,"3.14,3.13,3.14,3.13,62948"
2026-02-08T11:05:00.000-00:00,"3.13,3.14,3.14,3.13,214066"
2026-02-08T11:10:00.000-00:00,"3.14,3.14,3.14,3.14,5510"
2026-02-08T11:15:00.000-00:00,"3.14,3.14,3.14,3.13,1647706"
2026-02-08T11:20:00.000-00:00,"3.14,3.13,3.14,3.13,3647"
2026-02-08T11:25:00.000-00:00,"3.13,3.12,3.14,3.12,384120"
2026-02-08T11:30:00.000-00:00,"3.13,3.14,3.14,3.13,286039"
2026-02-08T11:35:00.000-00:00,"3.13,3.14,3.14,3.13,1289286"
2026-02-08T11:40:00.000-00:00,"3.14,3.13,3.14,3.13,70738"
2026-02-08T11:45:00.000-00:00,"3.14,3.12,3.14,3.12,283867"
2026-02-08T11:50:00.000-00:00,"3.13,3.12,3.13,3.12,767667"
2026-02-08T11:55:00.000-00:00,"3.12,3.11,3.13,3.1,1618510"
2026-02-08T12:00:00.000-00:00,"3.11,3.11,3.12,3.1,1098636"
2026-02-08T12:05:00.000-00:00,"3.11,3.12,3.12,3.11,583938"
2026-02-08T12:10:00.000-00:00,"3.12,3.12,3.12,3.11,1276033"
2026-02-08T12:25:00.000-00:00,"3.1,3.1,3.1,3.1,7528225"
2026-02-09T08:00:00.000-00:00,"3.12,3.1,3.12,3.1,1464034"
2026-02-09T08:05:00.000-00:00,"3.1,3.11,3.11,3.1,101676"
2026-02-09T08:10:00.000-00:00,"3.11,3.11,3.11,3.1,360147"
2026-02-09T08:15:00.000-00:00,"3.11,3.12,3.12,3.11,359859"
2026-02-09T08:20:00.000-00:00,"3.12,3.11,3.12,3.11,270229"
2026-02-09T08:25:00.000-00:00,"3.11,3.09,3.11,3.07,2336285"
2026-02-09T08:30:00.000-00:00,"3.09,3.09,3.1,3.09,402668"
2026-02-09T08:35:00.000-00:00,"3.1,3.09,3.1,3.09,37917"
2026-02-09T08:40:00.000-00:00,"3.09,3.1,3.1,3.09,107503"
2026-02-09T08:45:00.000-00:00,"3.1,3.1,3.11,3.1,1829196"
2026-02-09T08:50:00.000-00:00,"3.1,3.1,3.1,3.1,312506"
2026-02-09T08:55:00.000-00:00,"3.1,3.1,3.1,3.09,164685"
2026-02-12T08:00:00.000-00:00,"3.12,3.13,3.13,3.11,1785367"
2026-02-12T08:05:00.000-00:00,"3.14,3.14,3.14,3.13,871462"
2026-02-12T08:10:00.000-00:00,"3.14,3.14,3.14,3.13,1073799"
2026-02-12T08:15:00.000-00:00,"3.13,3.14,3.14,3.13,1990245"
2026-02-12T08:20:00.000-00:00,"3.14,3.13,3.15,3.13,780797"
2026-02-12T08:25:00.000-00:00,"3.13,3.14,3.14,3.13,253606"
2026-02-12T08:30:00.000-00:00,"3.14,3.14,3.14,3.13,103576"
2026-02-12T08:35:00.000-00:00,"3.13,3.14,3.14,3.13,153163"
2026-02-12T08:40:00.000-00:00,"3.14,3.13,3.14,3.13,360281"
2026-02-12T08:45:00.000-00:00,"3.14,3.13,3.14,3.13,56942"
2026-02-12T08:50:00.000-00:00,"3.13,3.13,3.14,3.13,348660"
2026-02-12T08:55:00.000-00:00,"3.13,3.13,3.14,3.13,1170922"
2026-02-12T09:00:00.000-00:00,"3.13,3.13,3.13,3.13,135346"
2026-02-12T09:05:00.000-00:00,"3.13,3.13,3.13,3.12,127748"
2026-02-12T09:10:00.000-00:00,"3.13,3.13,3.13,3.12,641576"
2026-02-12T09:15:00.000-00:00,"3.13,3.12,3.13,3.12,207683"
2026-02-12T09:20:00.000-00:00,"3.13,3.14,3.15,3.13,1772472"
2026-02-12T09:25:00.000-00:00,"3.14,3.16,3.16,3.14,7267964"
2026-02-12T09:30:00.000-00:00,"3.17,3.16,3.17,3.15,1967674"
2026-02-12T09:35:00.000-00:00,"3.17,3.16,3.17,3.16,798140"
2026-02-12T09:40:00.000-00:00,"3.16,3.15,3.17,3.15,2185389"
2026-02-12T09:45:00.000-00:00,"3.15,3.16,3.16,3.15,73587"
2026-02-12T09:50:00.000-00:00,"3.15,3.16,3.16,3.15,1233618"
2026-02-12T09:55:00.000-00:00,"3.16,3.16,3.16,3.15,96417"
2026-02-12T10:00:00.000-00:00,"3.15,3.15,3.16,3.15,2251"
2026-02-12T10:05:00.000-00:00,"3.15,3.16,3.16,3.15,472639"
2026-02-12T10:10:00.000-00:00,"3.16,3.14,3.16,3.14,702589"
2026-02-12T10:15:00.000-00:00,"3.14,3.13,3.15,3.13,599392"
2026-02-12T10:20:00.000-00:00,"3.14,3.14,3.14,3.13,56799"
2026-02-12T10:25:00.000-00:00,"3.14,3.15,3.15,3.14,210506"
2026-02-12T10:30:00.000-00:00,"3.15,3.15,3.15,3.15,75860"
2026-02-12T10:35:00.000-00:00,"3.14,3.15,3.15,3.14,207717"
2026-02-12T10:40:00.000-00:00,"3.15,3.14,3.15,3.14,42829"
2026-02-12T10:45:00.000-00:00,"3.14,3.14,3.14,3.14,30000"
2026-02-12T10:50:00.000-00:00,"3.15,3.15,3.15,3.14,258289"
2026-02-12T10:55:00.000-00:00,"3.15,3.14,3.16,3.14,219487"
2026-02-12T11:00:00.000-00:00,"3.14,3.14,3.14,3.14,40"
2026-02-12T11:05:00.000-00:00,"3.15,3.14,3.15,3.13,266462"
2026-02-12T11:10:00.000-00:00,"3.13,3.13,3.14,3.13,235670"
2026-02-12T11:15:00.000-00:00,"3.13,3.14,3.14,3.12,67817"
2026-02-12T11:20:00.000-00:00,"3.14,3.14,3.14,3.14,52010"
2026-02-12T11:25:00.000-00:00,"3.14,3.14,3.14,3.14,4750"
2026-02-12T11:30:00.000-00:00,"3.14,3.13,3.14,3.13,215981"
2026-02-12T11:35:00.000-00:00,"3.13,3.14,3.14,3.13,19053"
2026-02-12T11:40:00.000-00:00,"3.14,3.13,3.14,3.13,747988"
2026-02-12T11:45:00.000-00:00,"3.13,3.13,3.14,3.12,4055918"
2026-02-12T11:50:00.000-00:00,"3.13,3.13,3.13,3.11,3756447"
2026-02-12T11:55:00.000-00:00,"3.12,3.13,3.13,3.12,1054173"
2026-02-12T12:00:00.000-00:00,"3.13,3.12,3.13,3.11,678309"
2026-02-12T12:05:00.000-00:00,"3.12,3.11,3.12,3.1,6154043"
2026-02-12T12:10:00.000-00:00,"3.11,3.11,3.11,3.1,3160143"
2026-02-12T12:25:00.000-00:00,"3.11,3.11,3.11,3.11,4404761"
2026-02-15T08:00:00.000-00:00,"3.12,3.14,3.15,3.12,1882427"
2026-02-15T08:05:00.000-00:00,"3.14,3.15,3.15,3.13,2368885"
2026-02-15T08:10:00.000-00:00,"3.15,3.15,3.16,3.14,2354671"
2026-02-15T08:15:00.000-00:00,"3.15,3.16,3.17,3.15,3408518"
2026-02-15T08:20:00.000-00:00,"3.16,3.15,3.16,3.15,377701"
2026-02-15T08:25:00.000-00:00,"3.16,3.16,3.16,3.15,165355"
2026-02-15T08:30:00.000-00:00,"3.16,3.18,3.19,3.15,7956045"
2026-02-15T08:35:00.000-00:00,"3.18,3.18,3.19,3.18,2068952"
2026-02-15T08:40:00.000-00:00,"3.18,3.18,3.18,3.17,185156"
2026-02-15T08:45:00.000-00:00,"3.18,3.17,3.18,3.17,97688"
2026-02-15T08:50:00.000-00:00,"3.17,3.19,3.19,3.17,2125841"
2026-02-15T08:55:00.000-00:00,"3.19,3.19,3.2,3.19,3535757"
2026-02-15T09:00:00.000-00:00,"3.19,3.18,3.2,3.18,422454"
2026-02-15T09:05:00.000-00:00,"3.19,3.2,3.2,3.17,3821374"
2026-02-15T09:10:00.000-00:00,"3.18,3.19,3.2,3.18,522461"
2026-02-15T09:15:00.000-00:00,"3.19,3.19,3.2,3.18,1971880"
2026-02-15T09:20:00.000-00:00,"3.18,3.18,3.19,3.17,507854"
2026-02-15T09:25:00.000-00:00,"3.18,3.18,3.18,3.17,244402"
2026-02-15T09:30:00.000-00:00,"3.18,3.17,3.18,3.16,1032804"
2026-02-15T09:35:00.000-00:00,"3.17,3.17,3.17,3.16,64290"
2026-02-15T09:40:00.000-00:00,"3.17,3.17,3.17,3.16,387849"
2026-02-15T09:45:00.000-00:00,"3.17,3.17,3.17,3.16,720457"
2026-02-15T09:50:00.000-00:00,"3.16,3.17,3.17,3.16,585"
2026-02-15T09:55:00.000-00:00,"3.17,3.16,3.17,3.16,430096"
2026-02-15T10:00:00.000-00:00,"3.16,3.16,3.17,3.16,14101"
2026-02-15T10:05:00.000-00:00,"3.17,3.17,3.17,3.16,227715"
2026-02-15T10:10:00.000-00:00,"3.16,3.17,3.17,3.16,345487"
2026-02-15T10:15:00.000-00:00,"3.16,3.16,3.17,3.15,114549"
2026-02-15T10:20:00.000-00:00,"3.16,3.16,3.16,3.15,84437"
2026-02-15T10:25:00.000-00:00,"3.16,3.16,3.17,3.16,64688"
2026-02-15T10:30:00.000-00:00,"3.16,3.15,3.16,3.15,89881"
2026-02-15T10:35:00.000-00:00,"3.15,3.16,3.16,3.15,239523"
2026-02-15T10:40:00.000-00:00,"3.15,3.16,3.16,3.15,22764"
2026-02-15T10:45:00.000-00:00,"3.16,3.16,3.17,3.16,241203"
2026-02-15T10:50:00.000-00:00,"3.16,3.17,3.17,3.15,154383"
2026-02-15T10:55:00.000-00:00,"3.17,3.17,3.18,3.16,998931"
2026-02-15T11:00:00.000-00:00,"3.17,3.16,3.17,3.16,12434"
2026-02-15T11:05:00.000-00:00,"3.17,3.17,3.17,3.17,13337"
2026-02-15T11:10:00.000-00:00,"3.16,3.17,3.17,3.16,124216"
2026-02-15T11:15:00.000-00:00,"3.16,3.16,3.16,3.15,2474271"
2026-02-15T11:20:00.000-00:00,"3.16,3.14,3.16,3.14,924306"
2026-02-15T11:25:00.000-00:00,"3.14,3.15,3.15,3.14,835787"
2026-02-15T11:30:00.000-00:00,"3.15,3.15,3.15,3.15,399894"
2026-02-15T11:35:00.000-00:00,"3.15,3.15,3.15,3.14,229541"
2026-02-15T11:40:00.000-00:00,"3.14,3.14,3.15,3.14,539775"
2026-02-15T11:45:00.000-00:00,"3.14,3.14,3.15,3.14,339057"
2026-02-15T11:50:00.000-00:00,"3.14,3.15,3.15,3.14,65113"
2026-02-15T11:55:00.000-00:00,"3.15,3.14,3.15,3.13,1248724"
2026-02-15T12:00:00.000-00:00,"3.14,3.13,3.14,3.12,3890474"
2026-02-15T12:05:00.000-00:00,"3.13,3.13,3.14,3.12,928968"
2026-02-15T12:10:00.000-00:00,"3.13,3.13,3.14,3.13,2696158"
2026-02-15T12:25:00.000-00:00,"3.14,3.14,3.14,3.14,3417904"
2026-02-16T08:00:00.000-00:00,"3.15,3.15,3.15,3.14,472850"
2026-02-16T08:05:00.000-00:00,"3.15,3.14,3.15,3.14,116855"
2026-02-16T08:10:00.000-00:00,"3.15,3.15,3.16,3.15,370256"
2026-02-16T08:15:00.000-00:00,"3.15,3.14,3.15,3.14,2487540"
2026-02-16T08:20:00.000-00:00,"3.15,3.14,3.15,3.14,146635"
2026-02-16T08:25:00.000-00:00,"3.14,3.14,3.14,3.13,744037"
2026-02-16T08:30:00.000-00:00,"3.14,3.14,3.15,3.14,434638"
2026-02-16T08:35:00.000-00:00,"3.15,3.15,3.15,3.15,160001"
2026-02-16T08:40:00.000-00:00,"3.15,3.13,3.15,3.13,484234"
2026-02-16T08:45:00.000-00:00,"3.14,3.15,3.15,3.13,317315"
2026-02-16T08:50:00.000-00:00,"3.14,3.14,3.14,3.13,1139854"
2026-02-16T08:55:00.000-00:00,"3.14,3.14,3.15,3.13,1764313"
2026-02-16T09:00:00.000-00:00,"3.15,3.14,3.15,3.14,321660"
2026-02-16T09:05:00.000-00:00,"3.15,3.14,3.15,3.14,328961"
2026-02-16T09:10:00.000-00:00,"3.14,3.14,3.15,3.14,72270"
2026-02-16T09:15:00.000-00:00,"3.15,3.13,3.15,3.13,1066643"
2026-02-16T09:20:00.000-00:00,"3.13,3.14,3.15,3.13,65745"
2026-02-16T09:25:00.000-00:00,"3.14,3.15,3.15,3.14,6849"
2026-02-16T09:30:00.000-00:00,"3.15,3.14,3.15,3.14,163420"
2026-02-16T09:35:00.000-00:00,"3.14,3.15,3.15,3.14,111850"
2026-02-16T09:40:00.000-00:00,"3.14,3.13,3.15,3.13,475226"
2026-02-16T09:45:00.000-00:00,"3.13,3.12,3.13,3.12,1048163"
2026-02-16T09:50:00.000-00:00,"3.12,3.13,3.13,3.12,529030"
2026-02-16T09:55:00.000-00:00,"3.13,3.13,3.14,3.12,339127"
2026-02-16T10:00:00.000-00:00,"3.13,3.14,3.14,3.13,512580"
2026-02-16T10:05:00.000-00:00,"3.14,3.13,3.14,3.13,64172"
2026-02-16T10:10:00.000-00:00,"3.13,3.13,3.13,3.13,80396"
2026-02-16T10:15:00.000-00:00,"3.12,3.13,3.13,3.12,163602"
2026-02-16T10:20:00.000-00:00,"3.13,3.13,3.13,3.12,11935"
2026-02-16T10:25:00.000-00:00,"3.13,3.13,3.14,3.12,260261"
2026-02-16T10:30:00.000-00:00,"3.14,3.14,3.14,3.14,3500"
2026-02-16T10:35:00.000-00:00,"3.14,3.13,3.14,3.13,36687"
2026-02-16T10:40:00.000-00:00,"3.13,3.14,3.14,3.12,30527"
2026-02-16T10:45:00.000-00:00,"3.13,3.13,3.14,3.13,6627"
2026-02-16T10:50:00.000-00:00,"3.13,3.14,3.14,3.13,16349"
2026-02-16T10:55:00.000-00:00,"3.14,3.14,3.14,3.13,309565"
2026-02-16T11:00:00.000-00:00,"3.13,3.13,3.14,3.13,33122"
2026-02-16T11:05:00.000-00:00,"3.13,3.13,3.13,3.13,1106372"
2026-02-16T11:10:00.000-00:00,"3.13,3.12,3.13,3.12,49158"
2026-02-16T11:15:00.000-00:00,"3.13,3.12,3.13,3.12,80972"
2026-02-16T11:20:00.000-00:00,"3.12,3.12,3.12,3.12,23748"
2026-02-16T11:25:00.000-00:00,"3.12,3.12,3.13,3.12,860547"
2026-02-16T11:30:00.000-00:00,"3.12,3.13,3.13,3.12,39138"
2026-02-16T11:35:00.000-00:00,"3.12,3.11,3.12,3.11,370138"
2026-02-16T11:40:00.000-00:00,"3.12,3.12,3.13,3.12,18538867"
2026-02-16T11:45:00.000-00:00,"3.12,3.11,3.13,3.11,523734"
2026-02-16T11:50:00.000-00:00,"3.11,3.12,3.12,3.11,220352"
2026-02-16T11:55:00.000-00:00,"3.12,3.12,3.12,3.11,184024"
2026-02-16T12:00:00.000-00:00,"3.12,3.11,3.12,3.1,1556197"
2026-02-16T12:05:00.000-00:00,"3.11,3.11,3.11,3.1,1364625"
2026-02-16T12:10:00.000-00:00,"3.1,3.1,3.11,3.1,1709308"
2026-02-16T12:25:00.000-00:00,"3.1,3.1,3.1,3.1,2129147"
2026-02-17T08:00:00.000-00:00,"3.1,3.11,3.12,3.1,596153"
2026-02-17T08:05:00.000-00:00,"3.11,3.11,3.12,3.11,316583"
2026-02-17T08:10:00.000-00:00,"3.11,3.12,3.12,3.11,351068"
2026-02-17T08:15:00.000-00:00,"3.12,3.11,3.12,3.11,160841"
2026-02-17T08:20:00.000-00:00,"3.11,3.11,3.11,3.11,459998"
2026-02-17T08:25:00.000-00:00,"3.11,3.11,3.11,3.1,779000"
2026-02-17T08:30:00.000-00:00,"3.11,3.11,3.11,3.1,283447"
2026-02-17T08:35:00.000-00:00,"3.11,3.11,3.11,3.11,29564"
2026-02-17T08:40:00.000-00:00,"3.1,3.1,3.11,3.1,182404"
2026-02-17T08:45:00.000-00:00,"3.11,3.1,3.11,3.09,533861"
2026-02-17T08:50:00.000-00:00,"3.09,3.11,3.11,3.09,258157"
2026-02-17T08:55:00.000-00:00,"3.1,3.11,3.11,3.1,266419"
2026-02-17T09:00:00.000-00:00,"3.1,3.1,3.11,3.1,91133"
2026-02-17T09:05:00.000-00:00,"3.1,3.1,3.1,3.1,228837"
2026-02-17T09:10:00.000-00:00,"3.1,3.1,3.1,3.1,73846"
2026-02-17T09:15:00.000-00:00,"3.11,3.11,3.11,3.11,143879"
2026-02-17T09:20:00.000-00:00,"3.11,3.11,3.12,3.11,320425"
2026-02-17T09:25:00.000-00:00,"3.12,3.12,3.12,3.11,31500"
2026-02-17T09:30:00.000-00:00,"3.11,3.11,3.11,3.11,47800"
2026-02-17T09:35:00.000-00:00,"3.11,3.11,3.12,3.11,102479"
2026-02-17T09:40:00.000-00:00,"3.1,3.12,3.12,3.1,45382"
2026-02-17T09:45:00.000-00:00,"3.11,3.11,3.11,3.1,93100"
2026-02-17T09:50:00.000-00:00,"3.11,3.11,3.11,3.11,283000"
2026-02-17T09:55:00.000-00:00,"3.11,3.11,3.11,3.1,22118"
2026-02-17T10:00:00.000-00:00,"3.11,3.11,3.11,3.1,52032"
2026-02-17T10:05:00.000-00:00,"3.11,3.11,3.11,3.1,212698"
2026-02-17T10:10:00.000-00:00,"3.11,3.11,3.11,3.11,40000"
2026-02-17T10:15:00.000-00:00,"3.1,3.11,3.11,3.1,71745"
2026-02-17T10:20:00.000-00:00,"3.11,3.11,3.11,3.1,171417"
2026-02-17T10:25:00.000-00:00,"3.11,3.11,3.11,3.11,465000"
2026-02-17T10:30:00.000-00:00,"3.11,3.12,3.12,3.11,516755"
2026-02-17T10:35:00.000-00:00,"3.11,3.11,3.12,3.11,4181"
2026-02-17T10:40:00.000-00:00,"3.12,3.12,3.13,3.12,1309798"
2026-02-17T10:45:00.000-00:00,"3.12,3.13,3.13,3.12,569099"
2026-02-17T10:50:00.000-00:00,"3.12,3.12,3.13,3.12,104151"
2026-02-17T10:55:00.000-00:00,"3.12,3.12,3.12,3.11,5592"
2026-02-17T11:00:00.000-00:00,"3.12,3.12,3.12,3.11,10508"
2026-02-17T11:05:00.000-00:00,"3.12,3.11,3.12,3.11,3310"
2026-02-17T11:10:00.000-00:00,"3.12,3.13,3.14,3.12,1241775"
2026-02-17T11:15:00.000-00:00,"3.13,3.13,3.14,3.13,132482"
2026-02-17T11:20:00.000-00:00,"3.14,3.13,3.14,3.13,216784"
2026-02-17T11:25:00.000-00:00,"3.13,3.13,3.13,3.13,1174575"
2026-02-17T11:30:00.000-00:00,"3.12,3.12,3.13,3.12,4962350"
2026-02-17T11:35:00.000-00:00,"3.12,3.12,3.13,3.12,47788"
2026-02-17T11:40:00.000-00:00,"3.12,3.13,3.13,3.12,27802"
2026-02-17T11:45:00.000-00:00,"3.12,3.12,3.12,3.12,84951"
2026-02-17T11:50:00.000-00:00,"3.12,3.12,3.13,3.12,234789"
2026-02-17T11:55:00.000-00:00,"3.13,3.12,3.13,3.12,5063800"
2026-02-17T12:00:00.000-00:00,"3.12,3.11,3.12,3.11,321493"
2026-02-17T12:05:00.000-00:00,"3.11,3.12,3.12,3.11,394563"
2026-02-17T12:10:00.000-00:00,"3.12,3.11,3.12,3.1,2167685"
2026-02-17T12:25:00.000-00:00,"3.11,3.11,3.11,3.11,2237250"
2026-02-18T08:00:00.000-00:00,"3.13,3.12,3.13,3.12,269919"
2026-02-18T08:05:00.000-00:00,"3.13,3.13,3.13,3.11,131603"
2026-02-18T08:10:00.000-00:00,"3.12,3.12,3.13,3.12,135367"
2026-02-18T08:15:00.000-00:00,"3.12,3.13,3.14,3.12,591841"
2026-02-18T08:20:00.000-00:00,"3.14,3.13,3.14,3.12,533722"
2026-02-18T08:25:00.000-00:00,"3.12,3.13,3.13,3.12,58800"
2026-02-18T08:30:00.000-00:00,"3.13,3.14,3.14,3.13,242443"
2026-02-18T08:35:00.000-00:00,"3.13,3.12,3.13,3.12,298685"
2026-02-18T08:40:00.000-00:00,"3.12,3.13,3.13,3.12,39743"
2026-02-18T08:45:00.000-00:00,"3.13,3.13,3.13,3.12,145933"
2026-02-18T08:50:00.000-00:00,"3.13,3.12,3.13,3.12,55870"
2026-02-18T08:55:00.000-00:00,"3.12,3.12,3.12,3.12,487971"
2026-02-18T09:00:00.000-00:00,"3.12,3.12,3.13,3.12,31490"
2026-02-18T09:05:00.000-00:00,"3.13,3.13,3.13,3.12,369780"
2026-02-18T09:10:00.000-00:00,"3.13,3.12,3.13,3.12,10007"
2026-02-18T09:15:00.000-00:00,"3.12,3.16,3.19,3.12,10314918"
2026-02-18T09:20:00.000-00:00,"3.16,3.15,3.17,3.15,2096795"
2026-02-18T09:25:00.000-00:00,"3.15,3.15,3.16,3.15,439195"
2026-02-18T09:30:00.000-00:00,"3.16,3.16,3.16,3.15,1012372"
2026-02-18T09:35:00.000-00:00,"3.16,3.16,3.16,3.15,130005"
2026-02-18T09:40:00.000-00:00,"3.16,3.15,3.16,3.15,305416"
2026-02-18T09:45:00.000-00:00,"3.15,3.15,3.16,3.15,1280067"
2026-02-18T09:50:00.000-00:00,"3.15,3.15,3.16,3.15,26484"
2026-02-18T09:55:00.000-00:00,"3.15,3.16,3.16,3.15,52774"
2026-02-18T10:00:00.000-00:00,"3.16,3.17,3.2,3.15,10361536"
2026-02-18T10:05:00.000-00:00,"3.18,3.2,3.2,3.17,4851843"
2026-02-18T10:10:00.000-00:00,"3.2,3.21,3.23,3.19,6095903"
2026-02-18T10:15:00.000-00:00,"3.21,3.21,3.23,3.21,2681195"
2026-02-18T10:20:00.000-00:00,"3.22,3.22,3.25,3.21,7592989"
2026-02-18T10:25:00.000-00:00,"3.23,3.24,3.24,3.22,2235661"
2026-02-18T10:30:00.000-00:00,"3.24,3.25,3.26,3.23,5329909"
2026-02-18T10:35:00.000-00:00,"3.25,3.28,3.29,3.25,7333218"
2026-02-18T10:40:00.000-00:00,"3.28,3.27,3.29,3.27,4149351"
2026-02-18T10:45:00.000-00:00,"3.27,3.29,3.3,3.26,3414362"
2026-02-18T10:50:00.000-00:00,"3.29,3.28,3.29,3.27,526542"
2026-02-18T10:55:00.000-00:00,"3.28,3.27,3.28,3.26,736123"
2026-02-18T11:00:00.000-00:00,"3.26,3.24,3.27,3.24,1021703"
2026-02-18T11:05:00.000-00:00,"3.25,3.25,3.26,3.24,279733"
2026-02-18T11:10:00.000-00:00,"3.25,3.26,3.27,3.25,822093"
2026-02-18T11:15:00.000-00:00,"3.26,3.27,3.29,3.25,2841996"
2026-02-18T11:20:00.000-00:00,"3.27,3.27,3.28,3.27,496299"
2026-02-18T11:25:00.000-00:00,"3.28,3.28,3.28,3.27,837752"
2026-02-18T11:30:00.000-00:00,"3.27,3.27,3.28,3.27,346524"
2026-02-18T11:35:00.000-00:00,"3.27,3.27,3.28,3.26,170289"
2026-02-18T11:40:00.000-00:00,"3.27,3.25,3.27,3.25,919854"
2026-02-18T11:45:00.000-00:00,"3.25,3.27,3.27,3.25,854560"
2026-02-18T11:50:00.000-00:00,"3.26,3.3,3.3,3.26,10177075"
2026-02-18T11:55:00.000-00:00,"3.3,3.3,3.31,3.29,2546690"
2026-02-18T12:00:00.000-00:00,"3.3,3.3,3.3,3.29,497661"
2026-02-18T12:05:00.000-00:00,"3.29,3.29,3.3,3.29,587987"
2026-02-18T12:10:00.000-00:00,"3.29,3.29,3.3,3.28,2500681"
2026-02-18T12:25:00.000-00:00,"3.31,3.31,3.31,3.31,3268929"
2026-02-19T08:00:00.000-00:00,"3.34,3.36,3.36,3.33,7566436"
2026-02-19T08:05:00.000-00:00,"3.35,3.34,3.37,3.34,3658471"
2026-02-19T08:10:00.000-00:00,"3.34,3.34,3.35,3.33,1675513"
2026-02-19T08:15:00.000-00:00,"3.34,3.3,3.34,3.29,5552159"
2026-02-19T08:20:00.000-00:00,"3.29,3.31,3.31,3.29,4541126"
2026-02-19T08:25:00.000-00:00,"3.31,3.3,3.31,3.3,1562649"
2026-02-19T08:30:00.000-00:00,"3.3,3.29,3.3,3.28,2488206"
2026-02-19T08:35:00.000-00:00,"3.29,3.29,3.29,3.28,785244"
2026-02-19T08:40:00.000-00:00,"3.28,3.28,3.29,3.28,848231"
2026-02-19T08:45:00.000-00:00,"3.28,3.28,3.29,3.27,744830"
2026-02-19T08:50:00.000-00:00,"3.27,3.27,3.29,3.27,1489755"
2026-02-19T08:55:00.000-00:00,"3.27,3.26,3.27,3.24,1591403"
2026-02-19T09:00:00.000-00:00,"3.25,3.26,3.28,3.25,714326"
2026-02-19T09:05:00.000-00:00,"3.27,3.27,3.27,3.26,893958"
2026-02-19T09:10:00.000-00:00,"3.27,3.27,3.28,3.26,567705"
2026-02-19T09:15:00.000-00:00,"3.28,3.27,3.28,3.26,419988"
2026-02-19T09:20:00.000-00:00,"3.27,3.26,3.28,3.26,84633"
2026-02-19T09:25:00.000-00:00,"3.26,3.25,3.26,3.24,2218680"
2026-02-19T09:30:00.000-00:00,"3.25,3.24,3.25,3.22,1720561"
2026-02-19T09:35:00.000-00:00,"3.23,3.2,3.23,3.2,3040754"
2026-02-19T09:40:00.000-00:00,"3.21,3.22,3.23,3.2,997054"
2026-02-19T09:45:00.000-00:00,"3.23,3.22,3.24,3.22,586372"
2026-02-19T09:50:00.000-00:00,"3.23,3.22,3.24,3.22,101525"
2026-02-19T09:55:00.000-00:00,"3.23,3.22,3.23,3.21,789497"
2026-02-19T10:00:00.000-00:00,"3.23,3.22,3.23,3.22,116496"
2026-02-19T10:05:00.000-00:00,"3.22,3.23,3.23,3.22,18496"
2026-02-19T10:10:00.000-00:00,"3.23,3.23,3.23,3.22,141243"
2026-02-19T10:15:00.000-00:00,"3.23,3.23,3.23,3.22,99580"
2026-02-19T10:20:00.000-00:00,"3.22,3.22,3.23,3.22,55293"
2026-02-19T10:25:00.000-00:00,"3.22,3.22,3.23,3.22,36789"
2026-02-19T10:30:00.000-00:00,"3.22,3.23,3.23,3.22,60321"
2026-02-19T10:35:00.000-00:00,"3.22,3.22,3.23,3.21,809939"
2026-02-19T10:40:00.000-00:00,"3.22,3.22,3.22,3.21,93094"
2026-02-19T10:45:00.000-00:00,"3.22,3.2,3.22,3.2,983991"
2026-02-19T10:50:00.000-00:00,"3.2,3.21,3.21,3.19,744576"
2026-02-19T10:55:00.000-00:00,"3.2,3.2,3.2,3.19,134849"
2026-02-19T11:00:00.000-00:00,"3.19,3.19,3.2,3.18,1278811"
2026-02-19T11:05:00.000-00:00,"3.18,3.18,3.19,3.17,758660"
2026-02-19T11:10:00.000-00:00,"3.18,3.17,3.19,3.16,1808991"
2026-02-19T11:25:00.000-00:00,"3.16,3.16,3.16,3.16,3923722"
2026-02-22T08:00:00.000-00:00,"3.21,3.25,3.25,3.19,4685165"
2026-02-22T08:05:00.000-00:00,"3.26,3.23,3.26,3.21,1120208"
2026-02-22T08:10:00.000-00:00,"3.22,3.22,3.23,3.21,1598094"
2026-02-22T08:15:00.000-00:00,"3.22,3.18,3.22,3.18,1426320"
2026-02-22T08:20:00.000-00:00,"3.18,3.17,3.18,3.16,2226204"
2026-02-22T08:25:00.000-00:00,"3.17,3.16,3.18,3.16,590779"
2026-02-22T08:30:00.000-00:00,"3.16,3.15,3.17,3.15,1202164"
2026-02-22T08:35:00.000-00:00,"3.16,3.17,3.17,3.15,1244575"
2026-02-22T08:40:00.000-00:00,"3.16,3.19,3.2,3.16,2551995"
2026-02-22T08:45:00.000-00:00,"3.19,3.21,3.22,3.18,1717589"
2026-02-22T08:50:00.000-00:00,"3.2,3.19,3.2,3.19,447855"
2026-02-22T08:55:00.000-00:00,"3.19,3.19,3.2,3.18,353305"
2026-02-22T09:00:00.000-00:00,"3.18,3.18,3.18,3.17,1247371"
2026-02-22T09:05:00.000-00:00,"3.18,3.16,3.19,3.16,429779"
2026-02-22T09:10:00.000-00:00,"3.17,3.18,3.18,3.16,266342"
2026-02-22T09:15:00.000-00:00,"3.18,3.19,3.19,3.18,248527"
2026-02-22T09:20:00.000-00:00,"3.2,3.2,3.21,3.2,657710"
2026-02-22T09:25:00.000-00:00,"3.21,3.22,3.23,3.21,2318330"
2026-02-22T09:30:00.000-00:00,"3.22,3.21,3.22,3.2,744826"
2026-02-22T09:35:00.000-00:00,"3.2,3.2,3.21,3.2,739122"
2026-02-22T09:40:00.000-00:00,"3.2,3.18,3.2,3.17,2819984"
2026-02-22T09:45:00.000-00:00,"3.17,3.17,3.19,3.17,1099685"
2026-02-22T09:50:00.000-00:00,"3.17,3.15,3.18,3.14,3552206"
2026-02-22T09:55:00.000-00:00,"3.15,3.16,3.16,3.14,2128386"
2026-02-22T10:00:00.000-00:00,"3.16,3.15,3.16,3.15,1511184"
2026-02-22T10:05:00.000-00:00,"3.15,3.15,3.15,3.14,611322"
2026-02-22T10:10:00.000-00:00,"3.14,3.15,3.15,3.14,1076577"
2026-02-22T10:15:00.000-00:00,"3.15,3.16,3.16,3.15,11355"
2026-02-22T10:20:00.000-00:00,"3.16,3.15,3.16,3.15,12200"
2026-02-22T10:25:00.000-00:00,"3.15,3.14,3.15,3.14,380525"
2026-02-22T10:30:00.000-00:00,"3.14,3.15,3.15,3.14,221275"
2026-02-22T10:35:00.000-00:00,"3.14,3.13,3.15,3.13,195290"
2026-02-22T10:40:00.000-00:00,"3.13,3.13,3.14,3.13,534233"
2026-02-22T10:45:00.000-00:00,"3.14,3.14,3.15,3.13,498462"
2026-02-22T10:50:00.000-00:00,"3.14,3.14,3.14,3.13,508914"
2026-02-22T10:55:00.000-00:00,"3.14,3.12,3.14,3.12,2187663"
2026-02-22T11:00:00.000-00:00,"3.12,3.12,3.13,3.11,3225989"
2026-02-22T11:05:00.000-00:00,"3.11,3.12,3.12,3.11,829874"
2026-02-22T11:10:00.000-00:00,"3.12,3.12,3.12,3.11,2173934"
2026-02-22T11:25:00.000-00:00,"3.1,3.1,3.1,3.1,5376589"
2026-02-23T08:00:00.000-00:00,"3.12,3.12,3.12,3.1,860800"
2026-02-23T08:05:00.000-00:00,"3.12,3.13,3.13,3.11,813966"
2026-02-23T08:10:00.000-00:00,"3.13,3.12,3.13,3.12,283493"
2026-02-23T08:15:00.000-00:00,"3.12,3.12,3.13,3.11,1370317"
2026-02-23T08:20:00.000-00:00,"3.12,3.12,3.13,3.12,269304"
2026-02-23T08:25:00.000-00:00,"3.12,3.12,3.13,3.12,1354075"
2026-02-23T08:30:00.000-00:00,"3.12,3.12,3.12,3.12,1630687"
2026-02-23T08:35:00.000-00:00,"3.11,3.11,3.12,3.11,128201"
2026-02-23T08:40:00.000-00:00,"3.11,3.11,3.12,3.11,1555286"
2026-02-23T08:45:00.000-00:00,"3.12,3.13,3.13,3.11,486057"
2026-02-23T08:50:00.000-00:00,"3.13,3.14,3.14,3.13,1582368"
2026-02-23T08:55:00.000-00:00,"3.14,3.13,3.14,3.13,149908"
2026-02-23T09:00:00.000-00:00,"3.14,3.13,3.14,3.13,1633051"
2026-02-23T09:05:00.000-00:00,"3.13,3.12,3.13,3.12,1036584"
2026-02-23T09:10:00.000-00:00,"3.12,3.13,3.13,3.12,54048"
2026-02-23T09:15:00.000-00:00,"3.12,3.12,3.13,3.12,23877"
2026-02-23T09:20:00.000-00:00,"3.12,3.13,3.13,3.12,1012102"
2026-02-23T09:25:00.000-00:00,"3.13,3.13,3.13,3.13,1076155"
2026-02-23T09:30:00.000-00:00,"3.13,3.13,3.13,3.13,1232501"
2026-02-23T09:35:00.000-00:00,"3.13,3.14,3.14,3.12,633846"
2026-02-23T09:40:00.000-00:00,"3.14,3.13,3.14,3.13,531714"
2026-02-23T09:45:00.000-00:00,"3.14,3.13,3.15,3.13,1139567"
2026-02-23T09:50:00.000-00:00,"3.14,3.14,3.14,3.14,105800"
2026-02-23T09:55:00.000-00:00,"3.13,3.14,3.14,3.13,292715"
2026-02-23T10:00:00.000-00:00,"3.14,3.14,3.14,3.13,1274353"
2026-02-23T10:05:00.000-00:00,"3.14,3.14,3.14,3.14,1484791"
2026-02-23T10:10:00.000-00:00,"3.15,3.15,3.15,3.15,9582"
2026-02-23T10:15:00.000-00:00,"3.15,3.15,3.16,3.14,4000157"
2026-02-23T10:20:00.000-00:00,"3.15,3.15,3.16,3.15,1682344"
2026-02-23T10:25:00.000-00:00,"3.15,3.15,3.16,3.15,1216048"
2026-02-23T10:30:00.000-00:00,"3.15,3.15,3.16,3.14,423137"
2026-02-23T10:35:00.000-00:00,"3.16,3.16,3.16,3.15,2415565"
2026-02-23T10:40:00.000-00:00,"3.15,3.15,3.16,3.15,1191115"
2026-02-23T10:45:00.000-00:00,"3.15,3.15,3.15,3.15,12414"
2026-02-23T10:50:00.000-00:00,"3.15,3.15,3.15,3.14,45598"
2026-02-23T10:55:00.000-00:00,"3.15,3.15,3.16,3.15,1304034"
2026-02-23T11:00:00.000-00:00,"3.15,3.15,3.16,3.15,1351221"
2026-02-23T11:05:00.000-00:00,"3.15,3.15,3.16,3.14,2166021"
2026-02-23T11:10:00.000-00:00,"3.15,3.16,3.16,3.14,1683478"
2026-02-23T11:25:00.000-00:00,"3.16,3.16,3.16,3.16,3884824"
2026-02-24T08:00:00.000-00:00,"3.16,3.16,3.18,3.16,1884098"
2026-02-24T08:05:00.000-00:00,"3.16,3.15,3.16,3.14,340988"
2026-02-24T08:10:00.000-00:00,"3.15,3.13,3.15,3.13,716147"
2026-02-24T08:15:00.000-00:00,"3.13,3.14,3.14,3.13,432302"
2026-02-24T08:20:00.000-00:00,"3.13,3.14,3.15,3.13,745320"
2026-02-24T08:25:00.000-00:00,"3.14,3.14,3.15,3.14,187443"
2026-02-24T08:30:00.000-00:00,"3.15,3.14,3.15,3.14,932127"
2026-02-24T08:35:00.000-00:00,"3.15,3.14,3.15,3.14,51173"
2026-02-24T08:40:00.000-00:00,"3.15,3.15,3.15,3.14,310173"
2026-02-24T08:45:00.000-00:00,"3.15,3.15,3.15,3.14,118031"
2026-02-24T08:50:00.000-00:00,"3.14,3.15,3.15,3.14,29367"
2026-02-24T08:55:00.000-00:00,"3.15,3.15,3.15,3.14,37594"
2026-02-24T09:00:00.000-00:00,"3.15,3.15,3.15,3.14,151106"
2026-02-24T09:05:00.000-00:00,"3.15,3.15,3.15,3.14,322461"
2026-02-24T09:10:00.000-00:00,"3.15,3.17,3.17,3.15,2007906"
2026-02-24T09:15:00.000-00:00,"3.17,3.18,3.18,3.17,994212"
2026-02-24T09:20:00.000-00:00,"3.17,3.16,3.17,3.16,67109"
2026-02-24T09:25:00.000-00:00,"3.17,3.17,3.17,3.16,168631"
2026-02-24T09:30:00.000-00:00,"3.17,3.16,3.17,3.16,347858"
2026-02-24T09:35:00.000-00:00,"3.17,3.16,3.17,3.16,106500"
2026-02-24T09:40:00.000-00:00,"3.16,3.16,3.17,3.16,160792"
2026-02-24T09:45:00.000-00:00,"3.16,3.17,3.17,3.15,1612007"
2026-02-24T09:50:00.000-00:00,"3.17,3.17,3.17,3.16,61821"
2026-02-24T09:55:00.000-00:00,"3.16,3.16,3.16,3.16,58475"
2026-02-24T10:00:00.000-00:00,"3.16,3.16,3.17,3.15,768193"
2026-02-24T10:05:00.000-00:00,"3.16,3.15,3.16,3.15,1182"
2026-02-24T10:10:00.000-00:00,"3.15,3.16,3.16,3.15,70170"
2026-02-24T10:15:00.000-00:00,"3.16,3.15,3.16,3.15,86885"
2026-02-24T10:20:00.000-00:00,"3.15,3.15,3.15,3.15,258916"
2026-02-24T10:25:00.000-00:00,"3.15,3.15,3.15,3.15,89201"
2026-02-24T10:30:00.000-00:00,"3.15,3.14,3.15,3.14,124227"
2026-02-24T10:35:00.000-00:00,"3.14,3.15,3.15,3.14,65159"
2026-02-24T10:40:00.000-00:00,"3.14,3.15,3.15,3.14,28656"
2026-02-24T10:45:00.000-00:00,"3.14,3.15,3.15,3.14,287132"
2026-02-24T10:50:00.000-00:00,"3.15,3.14,3.15,3.14,92709"
2026-02-24T10:55:00.000-00:00,"3.14,3.14,3.14,3.13,345172"
2026-02-24T11:00:00.000-00:00,"3.13,3.13,3.14,3.13,1156763"
2026-02-24T11:05:00.000-00:00,"3.13,3.13,3.13,3.12,442759"
2026-02-24T11:10:00.000-00:00,"3.13,3.14,3.14,3.12,1934715"
2026-02-24T11:25:00.000-00:00,"3.14,3.14,3.14,3.14,4008454"
2026-02-25T08:00:00.000-00:00,"3.15,3.13,3.15,3.12,169462"
2026-02-25T08:05:00.000-00:00,"3.14,3.12,3.14,3.12,459719"
2026-02-25T08:10:00.000-00:00,"3.12,3.13,3.13,3.11,371993"
2026-02-25T08:15:00.000-00:00,"3.12,3.11,3.12,3.1,708334"
2026-02-25T08:20:00.000-00:00,"3.1,3.09,3.11,3.09,1718550"
2026-02-25T08:25:00.000-00:00,"3.09,3.05,3.1,3.04,6060392"
2026-02-25T08:30:00.000-00:00,"3.05,3.07,3.07,3.04,434097"
2026-02-25T08:35:00.000-00:00,"3.07,3.07,3.08,3.07,642092"
2026-02-25T08:40:00.000-00:00,"3.07,3.06,3.07,3.06,262754"
2026-02-25T08:45:00.000-00:00,"3.06,3.08,3.08,3.06,916563"
2026-02-25T08:50:00.000-00:00,"3.08,3.08,3.08,3.07,272580"
2026-02-25T08:55:00.000-00:00,"3.08,3.08,3.09,3.07,511018"
2026-02-25T09:00:00.000-00:00,"3.08,3.07,3.09,3.07,852665"
2026-02-25T09:05:00.000-00:00,"3.08,3.07,3.08,3.06,85613"
2026-02-25T09:10:00.000-00:00,"3.07,3.08,3.08,3.07,154219"
2026-02-25T09:15:00.000-00:00,"3.07,3.08,3.08,3.07,72525"
2026-02-25T09:20:00.000-00:00,"3.07,3.08,3.09,3.07,652388"
2026-02-25T09:25:00.000-00:00,"3.09,3.08,3.09,3.08,13795"
2026-02-25T09:30:00.000-00:00,"3.09,3.08,3.09,3.08,597005"
2026-02-25T09:35:00.000-00:00,"3.08,3.09,3.09,3.08,14600"
2026-02-25T09:40:00.000-00:00,"3.09,3.09,3.09,3.09,220247"
2026-02-25T09:45:00.000-00:00,"3.09,3.09,3.09,3.09,8094"
2026-02-25T09:50:00.000-00:00,"3.09,3.09,3.09,3.08,487462"
2026-02-25T09:55:00.000-00:00,"3.09,3.08,3.09,3.08,1032964"
2026-02-25T10:00:00.000-00:00,"3.1,3.08,3.1,3.08,17943"
2026-02-25T10:05:00.000-00:00,"3.08,3.09,3.09,3.08,156957"
2026-02-25T10:10:00.000-00:00,"3.09,3.08,3.09,3.07,396313"
2026-02-25T10:15:00.000-00:00,"3.07,3.04,3.07,3.03,7532079"
2026-02-25T10:20:00.000-00:00,"3.04,3.04,3.06,3.04,1577792"
2026-02-25T10:25:00.000-00:00,"3.04,3.04,3.05,3.03,396984"
2026-02-25T10:30:00.000-00:00,"3.04,3.03,3.04,3.03,1544841"
2026-02-25T10:35:00.000-00:00,"3.03,3.03,3.05,3.02,964911"
2026-02-25T10:40:00.000-00:00,"3.05,3.04,3.05,3.02,552538"
2026-02-25T10:45:00.000-00:00,"3.04,3.03,3.04,3.02,522551"
2026-02-25T10:50:00.000-00:00,"3.02,3,3.03,2.99,5410903"
2026-02-25T10:55:00.000-00:00,"2.99,3,3.03,2.99,1969541"
2026-02-25T11:00:00.000-00:00,"3.02,3.02,3.03,3.01,1153175"
2026-02-25T11:05:00.000-00:00,"3.02,3.03,3.03,3.02,500477"
2026-02-25T11:10:00.000-00:00,"3.03,3.02,3.03,3.02,1328414"
2026-02-25T11:25:00.000-00:00,"3,3,3,3,8922819"
2026-02-26T08:00:00.000-00:00,"3.01,3.01,3.02,3,1950572"
2026-02-26T08:05:00.000-00:00,"3,2.97,3,2.95,9651482"
2026-02-26T08:10:00.000-00:00,"2.99,3,3,2.99,1373644"
2026-02-26T08:15:00.000-00:00,"3,3,3.01,2.99,1198376"
2026-02-26T08:20:00.000-00:00,"3,3,3.01,3,1683123"
2026-02-26T08:25:00.000-00:00,"3,3,3,2.99,265327"
2026-02-26T08:30:00.000-00:00,"3,2.99,3,2.99,346757"
2026-02-26T08:35:00.000-00:00,"2.99,2.99,3,2.98,1272629"
2026-02-26T08:40:00.000-00:00,"2.99,3,3,2.98,1631332"
2026-02-26T08:45:00.000-00:00,"3,3,3.01,2.99,1212727"
2026-02-26T08:50:00.000-00:00,"3.01,3.02,3.02,3,3016177"
2026-02-26T08:55:00.000-00:00,"3.02,3.02,3.03,3.01,2216019"
2026-02-26T09:00:00.000-00:00,"3.03,3.03,3.04,3.03,3020706"
2026-02-26T09:05:00.000-00:00,"3.03,3.03,3.03,3.02,1710538"
2026-02-26T09:10:00.000-00:00,"3.03,3.03,3.03,3.02,622583"
2026-02-26T09:15:00.000-00:00,"3.03,3.03,3.04,3.03,527559"
2026-02-26T09:20:00.000-00:00,"3.03,3.02,3.04,3.02,2197544"
2026-02-26T09:25:00.000-00:00,"3.02,2.99,3.02,2.99,1966771"
2026-02-26T09:30:00.000-00:00,"3,3.01,3.01,2.99,567997"
2026-02-26T09:35:00.000-00:00,"3.01,3,3.01,2.99,3606998"
2026-02-26T09:40:00.000-00:00,"3,3,3,2.99,172479"
2026-02-26T09:45:00.000-00:00,"3,3,3,2.99,901244"
2026-02-26T09:50:00.000-00:00,"3,2.98,3,2.97,3988494"
2026-02-26T09:55:00.000-00:00,"2.98,2.94,2.98,2.94,3981043"
2026-02-26T10:00:00.000-00:00,"2.95,2.96,2.97,2.94,2383695"
2026-02-26T10:05:00.000-00:00,"2.96,2.95,2.96,2.94,1409820"
2026-02-26T10:10:00.000-00:00,"2.94,2.95,2.95,2.94,397862"
2026-02-26T10:15:00.000-00:00,"2.95,2.94,2.95,2.94,1068837"
2026-02-26T10:20:00.000-00:00,"2.94,2.96,2.97,2.94,3591176"
2026-02-26T10:25:00.000-00:00,"2.96,2.95,2.96,2.95,166526"
2026-02-26T10:30:00.000-00:00,"2.96,2.95,2.97,2.95,1897012"
2026-02-26T10:35:00.000-00:00,"2.95,2.95,2.96,2.95,6976170"
2026-02-26T10:40:00.000-00:00,"2.95,2.96,2.96,2.95,1293080"
2026-02-26T10:45:00.000-00:00,"2.97,2.97,2.97,2.96,6751043"
2026-02-26T10:50:00.000-00:00,"2.98,2.97,2.98,2.97,1298893"
2026-02-26T10:55:00.000-00:00,"2.98,2.97,2.98,2.96,4629150"
2026-02-26T11:00:00.000-00:00,"2.96,2.97,2.98,2.96,2627307"
2026-02-26T11:05:00.000-00:00,"2.97,2.97,2.97,2.96,2569023"
2026-02-26T11:10:00.000-00:00,"2.97,2.96,2.97,2.96,3527538"
2026-02-26T11:15:00.000-00:00,"2.97,2.97,2.97,2.97,610405"
2026-02-26T11:25:00.000-00:00,"3,3,3,3,7565293"
2026-03-01T08:00:00.000-00:00,"2.82,2.84,2.87,2.82,1856223"
2026-03-01T08:05:00.000-00:00,"2.85,2.85,2.86,2.83,624565"
2026-03-01T08:10:00.000-00:00,"2.85,2.9,2.91,2.85,1841997"
2026-03-01T08:15:00.000-00:00,"2.91,2.93,3,2.9,5818228"
2026-03-01T08:20:00.000-00:00,"2.94,2.93,2.96,2.91,979790"
2026-03-01T08:25:00.000-00:00,"2.93,2.94,2.94,2.93,355433"
2026-03-01T08:30:00.000-00:00,"2.94,2.95,2.96,2.94,295503"
2026-03-01T08:35:00.000-00:00,"2.95,2.95,2.95,2.94,718549"
2026-03-01T08:40:00.000-00:00,"2.95,2.94,2.95,2.92,2243292"
2026-03-01T08:45:00.000-00:00,"2.94,2.94,2.94,2.92,94367"
2026-03-01T08:50:00.000-00:00,"2.94,2.93,2.94,2.92,103814"
2026-03-01T08:55:00.000-00:00,"2.93,2.95,2.95,2.93,460919"
2026-03-01T09:00:00.000-00:00,"2.95,2.94,2.95,2.94,2176094"
2026-03-01T09:05:00.000-00:00,"2.94,2.95,2.95,2.93,100665"
2026-03-01T09:10:00.000-00:00,"2.95,2.94,2.95,2.93,135203"
2026-03-01T09:15:00.000-00:00,"2.94,2.94,2.94,2.92,648602"
2026-03-01T09:20:00.000-00:00,"2.92,2.92,2.93,2.91,238466"
2026-03-01T09:25:00.000-00:00,"2.92,2.91,2.92,2.9,460929"
2026-03-01T09:30:00.000-00:00,"2.91,2.92,2.92,2.91,164799"
2026-03-01T09:35:00.000-00:00,"2.92,2.92,2.92,2.92,83820"
2026-03-01T09:40:00.000-00:00,"2.91,2.93,2.93,2.91,123909"
2026-03-01T09:45:00.000-00:00,"2.93,2.93,2.93,2.92,156925"
2026-03-01T09:50:00.000-00:00,"2.92,2.93,2.93,2.92,18362"
2026-03-01T09:55:00.000-00:00,"2.93,2.92,2.93,2.92,54010"
2026-03-01T10:00:00.000-00:00,"2.93,2.93,2.93,2.92,24613"
2026-03-01T10:05:00.000-00:00,"2.93,2.93,2.93,2.93,9476"
2026-03-01T10:10:00.000-00:00,"2.93,2.93,2.93,2.92,148613"
2026-03-01T10:15:00.000-00:00,"2.93,2.92,2.93,2.9,3385350"
2026-03-01T10:20:00.000-00:00,"2.92,2.89,2.92,2.89,1687456"
2026-03-01T10:25:00.000-00:00,"2.9,2.91,2.91,2.89,784595"
2026-03-01T10:30:00.000-00:00,"2.92,2.91,2.92,2.91,2285178"
2026-03-01T10:35:00.000-00:00,"2.91,2.93,2.95,2.91,2097771"
2026-03-01T10:40:00.000-00:00,"2.95,2.99,3,2.94,7690090"
2026-03-01T10:45:00.000-00:00,"2.98,2.97,2.98,2.96,639603"
2026-03-01T10:50:00.000-00:00,"2.97,2.99,3,2.96,1545533"
2026-03-01T10:55:00.000-00:00,"2.99,3,3,2.97,1151847"
2026-03-01T11:00:00.000-00:00,"3,3,3.01,2.98,1377955"
2026-03-01T11:05:00.000-00:00,"3,3.02,3.02,2.99,2339573"
2026-03-01T11:10:00.000-00:00,"3.02,3,3.03,2.99,527326"
2026-03-01T11:25:00.000-00:00,"3,3,3,3,910592"
2026-03-02T08:00:00.000-00:00,"2.99,2.95,3,2.94,924454"
2026-03-02T08:05:00.000-00:00,"2.96,2.97,2.98,2.96,292848"
2026-03-02T08:10:00.000-00:00,"2.97,3,3,2.97,1346764"
2026-03-02T08:15:00.000-00:00,"3,3.01,3.01,3,262418"
2026-03-02T08:20:00.000-00:00,"3,2.99,3,2.99,339826"
2026-03-02T08:25:00.000-00:00,"3,3,3,2.99,316120"
2026-03-02T08:30:00.000-00:00,"3,3.02,3.02,3,1304254"
2026-03-02T08:35:00.000-00:00,"3.02,3.01,3.03,3.01,1916027"
2026-03-02T08:40:00.000-00:00,"3.01,3.01,3.01,3,7927395"
2026-03-02T08:45:00.000-00:00,"3.01,3,3.01,3,4866722"
2026-03-02T08:50:00.000-00:00,"3,3.01,3.01,3,2622918"
2026-03-02T08:55:00.000-00:00,"3,3.01,3.01,3,329150"
2026-03-02T09:00:00.000-00:00,"3.01,3.01,3.01,3,1698664"
2026-03-02T09:05:00.000-00:00,"3.01,3.01,3.01,3,58355"
2026-03-02T09:10:00.000-00:00,"3.01,3.01,3.01,3,146165"
2026-03-02T09:15:00.000-00:00,"3.01,3,3.01,2.99,778408"
2026-03-02T09:20:00.000-00:00,"3,3,3,3,64160"
2026-03-02T09:25:00.000-00:00,"3,3,3.01,2.99,2218067"
2026-03-02T09:30:00.000-00:00,"3,3,3,2.99,864098"
2026-03-02T09:35:00.000-00:00,"3.01,2.99,3.01,2.99,56990"
2026-03-02T09:40:00.000-00:00,"2.99,3,3,2.99,133137"
2026-03-02T09:45:00.000-00:00,"3,2.99,3,2.99,206474"
2026-03-02T09:50:00.000-00:00,"2.99,3,3,2.99,262725"
2026-03-02T09:55:00.000-00:00,"3,2.99,3,2.98,176339"
2026-03-02T10:00:00.000-00:00,"2.99,2.98,2.99,2.98,646658"
2026-03-02T10:05:00.000-00:00,"2.98,2.98,2.99,2.98,313586"
2026-03-02T10:10:00.000-00:00,"2.99,2.99,2.99,2.98,210873"
2026-03-02T10:15:00.000-00:00,"2.98,2.98,2.99,2.98,271405"
2026-03-02T10:20:00.000-00:00,"2.98,2.97,2.99,2.97,410636"
2026-03-02T10:25:00.000-00:00,"2.97,2.97,2.98,2.96,456837"
2026-03-02T10:30:00.000-00:00,"2.97,2.96,2.98,2.96,491809"
2026-03-02T10:35:00.000-00:00,"2.97,2.98,2.98,2.97,318829"
2026-03-02T10:40:00.000-00:00,"2.97,2.96,2.97,2.96,190908"
2026-03-02T10:45:00.000-00:00,"2.96,2.96,2.97,2.95,594912"
2026-03-02T10:50:00.000-00:00,"2.96,2.97,2.97,2.96,811597"
2026-03-02T10:55:00.000-00:00,"2.96,2.96,2.97,2.95,1247903"
2026-03-02T11:00:00.000-00:00,"2.96,2.97,2.97,2.96,326575"
2026-03-02T11:05:00.000-00:00,"2.97,2.97,2.97,2.96,39769"
2026-03-02T11:10:00.000-00:00,"2.96,2.96,2.97,2.96,1525109"
2026-03-02T11:15:00.000-00:00,"2.97,2.97,2.97,2.97,51280"
2026-03-02T11:25:00.000-00:00,"2.97,2.97,2.97,2.97,2377970"
2026-03-03T08:00:00.000-00:00,"2.98,2.94,2.98,2.94,2139019"
2026-03-03T08:05:00.000-00:00,"2.94,2.93,2.94,2.92,599467"
2026-03-03T08:10:00.000-00:00,"2.93,2.95,2.95,2.93,993383"
2026-03-03T08:15:00.000-00:00,"2.94,2.93,2.95,2.93,538932"
2026-03-03T08:20:00.000-00:00,"2.93,2.94,2.95,2.93,908484"
2026-03-03T08:25:00.000-00:00,"2.95,2.95,2.96,2.95,599681"
2026-03-03T08:30:00.000-00:00,"2.96,2.94,2.96,2.93,629162"
2026-03-03T08:35:00.000-00:00,"2.94,2.93,2.94,2.92,1146643"
2026-03-03T08:40:00.000-00:00,"2.94,2.93,2.94,2.93,463426"
2026-03-03T08:45:00.000-00:00,"2.94,2.93,2.94,2.93,342770"
2026-03-03T08:50:00.000-00:00,"2.93,2.93,2.94,2.92,823891"
2026-03-03T08:55:00.000-00:00,"2.94,2.94,2.94,2.92,999066"
2026-03-03T09:00:00.000-00:00,"2.93,2.92,2.94,2.92,1580970"
2026-03-03T09:05:00.000-00:00,"2.92,2.92,2.92,2.91,574427"
2026-03-03T09:10:00.000-00:00,"2.92,2.91,2.92,2.89,5659973"
2026-03-03T09:15:00.000-00:00,"2.91,2.92,2.92,2.9,184906"
2026-03-03T09:20:00.000-00:00,"2.92,2.91,2.92,2.91,203603"
2026-03-03T09:25:00.000-00:00,"2.91,2.91,2.91,2.91,170734"
2026-03-03T09:30:00.000-00:00,"2.92,2.92,2.92,2.9,1004643"
2026-03-03T09:35:00.000-00:00,"2.93,2.92,2.93,2.92,77236"
2026-03-03T09:40:00.000-00:00,"2.92,2.91,2.92,2.9,1063975"
2026-03-03T09:45:00.000-00:00,"2.91,2.9,2.91,2.9,52889"
2026-03-03T09:50:00.000-00:00,"2.91,2.9,2.91,2.9,752591"
2026-03-03T09:55:00.000-00:00,"2.91,2.9,2.91,2.9,651199"
2026-03-03T10:00:00.000-00:00,"2.91,2.91,2.91,2.89,499430"
2026-03-03T10:05:00.000-00:00,"2.92,2.9,2.92,2.9,842287"
2026-03-03T10:10:00.000-00:00,"2.92,2.91,2.92,2.9,494716"
2026-03-03T10:15:00.000-00:00,"2.91,2.92,2.93,2.91,1069832"
2026-03-03T10:20:00.000-00:00,"2.92,2.92,2.92,2.91,359822"
2026-03-03T10:25:00.000-00:00,"2.92,2.92,2.92,2.91,703556"
2026-03-03T10:30:00.000-00:00,"2.92,2.92,2.92,2.92,1313135"
2026-03-03T10:35:00.000-00:00,"2.92,2.92,2.92,2.92,675025"
2026-03-03T10:40:00.000-00:00,"2.91,2.92,2.93,2.91,2521389"
2026-03-03T10:45:00.000-00:00,"2.92,2.92,2.93,2.92,1019598"
2026-03-03T10:50:00.000-00:00,"2.93,2.94,2.94,2.92,3637606"
2026-03-03T10:55:00.000-00:00,"2.94,2.94,2.94,2.93,661525"
2026-03-03T11:00:00.000-00:00,"2.94,2.93,2.94,2.93,381593"
2026-03-03T11:05:00.000-00:00,"2.94,2.93,2.94,2.93,2874630"
2026-03-03T11:10:00.000-00:00,"2.93,2.93,2.94,2.92,2418241"
2026-03-03T11:25:00.000-00:00,"2.92,2.92,2.92,2.92,3157112"
2026-03-04T08:00:00.000-00:00,"2.93,2.94,2.94,2.91,1836361"
2026-03-04T08:05:00.000-00:00,"2.94,2.94,2.94,2.93,333907"
2026-03-04T08:10:00.000-00:00,"2.94,2.92,2.94,2.92,668273"
2026-03-04T08:15:00.000-00:00,"2.92,2.93,2.93,2.92,313665"
2026-03-04T08:20:00.000-00:00,"2.92,2.92,2.93,2.92,160936"
2026-03-04T08:25:00.000-00:00,"2.92,2.93,2.93,2.92,431015"
2026-03-04T08:30:00.000-00:00,"2.93,2.92,2.93,2.92,416500"
2026-03-04T08:35:00.000-00:00,"2.92,2.91,2.93,2.91,620984"
2026-03-04T08:40:00.000-00:00,"2.91,2.9,2.92,2.9,1796034"
2026-03-04T08:45:00.000-00:00,"2.89,2.9,2.9,2.89,537754"
2026-03-04T08:50:00.000-00:00,"2.89,2.94,2.94,2.89,884908"
2026-03-04T08:55:00.000-00:00,"2.93,2.92,2.93,2.91,58774"
2026-03-04T09:00:00.000-00:00,"2.92,2.91,2.93,2.91,390976"
2026-03-04T09:05:00.000-00:00,"2.92,2.91,2.92,2.91,281249"
2026-03-04T09:10:00.000-00:00,"2.91,2.91,2.91,2.9,599999"
2026-03-04T09:15:00.000-00:00,"2.9,2.91,2.92,2.9,350085"
2026-03-04T09:20:00.000-00:00,"2.92,2.92,2.92,2.91,364268"
2026-03-04T09:25:00.000-00:00,"2.92,2.92,2.93,2.92,109415"
2026-03-04T09:30:00.000-00:00,"2.92,2.93,2.94,2.92,624893"
2026-03-04T09:35:00.000-00:00,"2.94,2.94,2.94,2.93,262561"
2026-03-04T09:40:00.000-00:00,"2.95,2.95,2.95,2.94,6556690"
2026-03-04T09:45:00.000-00:00,"2.95,2.95,2.95,2.95,1552524"
2026-03-04T09:50:00.000-00:00,"2.95,2.96,2.96,2.95,361118"
2026-03-04T09:55:00.000-00:00,"2.95,2.95,2.96,2.94,762091"
2026-03-04T10:00:00.000-00:00,"2.94,2.94,2.95,2.94,51669"
2026-03-04T10:05:00.000-00:00,"2.94,2.95,2.95,2.94,204175"
2026-03-04T10:10:00.000-00:00,"2.94,2.94,2.94,2.94,70000"
2026-03-04T10:15:00.000-00:00,"2.94,2.95,2.95,2.94,201615"
2026-03-04T10:20:00.000-00:00,"2.95,2.94,2.95,2.94,375966"
2026-03-04T10:25:00.000-00:00,"2.95,2.94,2.95,2.94,2253073"
2026-03-04T10:30:00.000-00:00,"2.95,2.95,2.96,2.95,6310470"
2026-03-04T10:35:00.000-00:00,"2.95,2.95,2.95,2.94,322007"
2026-03-04T10:40:00.000-00:00,"2.95,2.95,2.95,2.95,464226"
2026-03-04T10:45:00.000-00:00,"2.94,2.96,2.96,2.94,1393021"
2026-03-04T10:50:00.000-00:00,"2.96,2.94,2.96,2.94,994082"
2026-03-04T10:55:00.000-00:00,"2.95,2.95,2.95,2.94,629018"
2026-03-04T11:00:00.000-00:00,"2.95,2.94,2.95,2.94,344219"
2026-03-04T11:05:00.000-00:00,"2.95,2.95,2.95,2.94,509727"
2026-03-04T11:10:00.000-00:00,"2.95,2.94,2.95,2.94,2859204"
2026-03-04T11:25:00.000-00:00,"2.94,2.94,2.94,2.94,1417536"
2026-03-05T08:00:00.000-00:00,"2.96,2.97,2.97,2.95,2146913"
2026-03-05T08:05:00.000-00:00,"2.97,2.94,2.97,2.94,2375690"
2026-03-05T08:10:00.000-00:00,"2.95,2.98,3,2.95,7562457"
2026-03-05T08:15:00.000-00:00,"2.98,2.98,2.99,2.97,1738512"
2026-03-05T08:20:00.000-00:00,"2.98,2.98,2.98,2.97,544839"
2026-03-05T08:25:00.000-00:00,"2.98,2.97,2.98,2.97,3145299"
2026-03-05T08:30:00.000-00:00,"2.97,2.96,2.98,2.96,4374160"
2026-03-05T08:35:00.000-00:00,"2.97,2.97,2.97,2.96,878596"
2026-03-05T08:40:00.000-00:00,"2.97,2.99,2.99,2.97,6118743"
2026-03-05T08:45:00.000-00:00,"2.99,2.99,3,2.98,2283127"
2026-03-05T08:50:00.000-00:00,"2.99,2.99,3,2.99,5083692"
2026-03-05T08:55:00.000-00:00,"2.99,2.98,3,2.98,2621564"
2026-03-05T09:00:00.000-00:00,"2.99,3,3.01,2.99,6457284"
2026-03-05T09:05:00.000-00:00,"3,2.99,3,2.99,1537515"
2026-03-05T09:10:00.000-00:00,"2.99,2.99,2.99,2.98,719577"
2026-03-05T09:15:00.000-00:00,"2.99,2.98,2.99,2.98,749192"
2026-03-05T09:20:00.000-00:00,"2.98,2.99,2.99,2.98,1266491"
2026-03-05T09:25:00.000-00:00,"2.99,2.98,2.99,2.98,885557"
2026-03-05T09:30:00.000-00:00,"2.99,2.99,2.99,2.99,114007"
2026-03-05T09:35:00.000-00:00,"2.99,2.99,3,2.99,1041855"
2026-03-05T09:40:00.000-00:00,"3,2.99,3,2.99,636397"
2026-03-05T09:45:00.000-00:00,"2.99,2.99,3,2.99,1222700"
2026-03-05T09:50:00.000-00:00,"2.99,2.98,2.99,2.98,1673733"
2026-03-05T09:55:00.000-00:00,"2.98,2.98,2.99,2.97,1058176"
2026-03-05T10:00:00.000-00:00,"2.99,2.98,2.99,2.98,468290"
2026-03-05T10:05:00.000-00:00,"2.98,2.98,2.98,2.97,355516"
2026-03-05T10:10:00.000-00:00,"2.98,2.98,2.98,2.98,388766"
2026-03-05T10:15:00.000-00:00,"2.97,2.98,2.98,2.97,866291"
2026-03-05T10:20:00.000-00:00,"2.98,2.98,2.98,2.97,138643"
2026-03-05T10:25:00.000-00:00,"2.97,2.96,2.98,2.96,958677"
2026-03-05T10:30:00.000-00:00,"2.96,2.96,2.97,2.96,123304"
2026-03-05T10:35:00.000-00:00,"2.97,2.96,2.97,2.96,702003"
2026-03-05T10:40:00.000-00:00,"2.97,2.96,2.97,2.96,308478"
2026-03-05T10:45:00.000-00:00,"2.96,2.96,2.97,2.96,1022107"
2026-03-05T10:50:00.000-00:00,"2.96,2.96,2.97,2.96,2091764"
2026-03-05T10:55:00.000-00:00,"2.96,2.96,2.97,2.95,1851663"
2026-03-05T11:00:00.000-00:00,"2.96,2.97,2.97,2.95,1643053"
2026-03-05T11:05:00.000-00:00,"2.97,2.97,2.98,2.97,4181683"
2026-03-05T11:10:00.000-00:00,"2.96,2.96,2.97,2.96,2118112"
2026-03-05T11:25:00.000-00:00,"2.96,2.96,2.96,2.96,4590799"
2026-03-08T08:00:00.000-00:00,"2.97,2.96,2.98,2.96,948209"
2026-03-08T08:05:00.000-00:00,"2.96,2.97,2.99,2.95,1485850"
2026-03-08T08:10:00.000-00:00,"2.96,2.96,2.97,2.96,132979"
2026-03-08T08:15:00.000-00:00,"2.96,2.96,2.97,2.95,620513"
2026-03-08T08:20:00.000-00:00,"2.96,2.96,2.96,2.95,182986"
2026-03-08T08:25:00.000-00:00,"2.96,2.96,2.96,2.95,321677"
2026-03-08T08:30:00.000-00:00,"2.96,2.99,2.99,2.96,2015277"
2026-03-08T08:35:00.000-00:00,"2.98,2.97,2.99,2.97,884842"
2026-03-08T08:40:00.000-00:00,"2.97,2.98,2.98,2.97,912862"
2026-03-08T08:45:00.000-00:00,"2.98,2.98,2.98,2.97,188276"
2026-03-08T08:50:00.000-00:00,"2.98,2.98,2.98,2.97,555456"
2026-03-08T08:55:00.000-00:00,"2.97,2.97,2.98,2.97,94799"
2026-03-08T09:00:00.000-00:00,"2.97,2.97,2.98,2.97,78938"
2026-03-08T09:05:00.000-00:00,"2.97,2.98,2.98,2.97,369847"
2026-03-08T09:10:00.000-00:00,"2.98,2.97,2.98,2.96,719090"
2026-03-08T09:15:00.000-00:00,"2.97,2.97,2.97,2.96,594882"
2026-03-08T09:20:00.000-00:00,"2.97,2.97,2.97,2.96,769578"
2026-03-08T09:25:00.000-00:00,"2.97,2.97,2.97,2.96,301267"
2026-03-08T09:30:00.000-00:00,"2.97,2.96,2.97,2.96,209317"
2026-03-08T09:35:00.000-00:00,"2.97,2.98,2.98,2.96,491842"
2026-03-08T09:40:00.000-00:00,"2.97,2.97,2.97,2.97,117840"
2026-03-08T09:45:00.000-00:00,"2.97,2.97,2.98,2.97,419957"
2026-03-08T09:50:00.000-00:00,"2.97,2.97,2.98,2.96,473439"
2026-03-08T09:55:00.000-00:00,"2.97,2.97,2.97,2.96,175140"
2026-03-08T10:00:00.000-00:00,"2.97,2.96,2.97,2.96,84539"
2026-03-08T10:05:00.000-00:00,"2.96,2.97,2.97,2.96,211080"
2026-03-08T10:10:00.000-00:00,"2.97,2.97,2.97,2.96,43814"
2026-03-08T10:15:00.000-00:00,"2.97,2.97,2.97,2.96,580676"
2026-03-08T10:20:00.000-00:00,"2.96,2.95,2.96,2.95,246937"
2026-03-08T10:25:00.000-00:00,"2.96,2.94,2.97,2.94,968504"
2026-03-08T10:30:00.000-00:00,"2.95,2.96,2.96,2.94,273136"
2026-03-08T10:35:00.000-00:00,"2.95,2.95,2.96,2.95,259949"
2026-03-08T10:40:00.000-00:00,"2.95,2.95,2.96,2.94,725828"
2026-03-08T10:45:00.000-00:00,"2.95,2.95,2.95,2.94,254875"
2026-03-08T10:50:00.000-00:00,"2.95,2.95,2.96,2.95,362565"
2026-03-08T10:55:00.000-00:00,"2.95,2.95,2.96,2.95,369677"
2026-03-08T11:00:00.000-00:00,"2.95,2.95,2.96,2.95,952970"
2026-03-08T11:05:00.000-00:00,"2.95,2.94,2.96,2.93,1648933"
2026-03-08T11:10:00.000-00:00,"2.93,2.94,2.95,2.93,2632327"
2026-03-08T11:15:00.000-00:00,"2.94,2.94,2.94,2.94,4682"
2026-03-08T11:25:00.000-00:00,"2.94,2.94,2.94,2.94,1869109"
2026-03-09T08:00:00.000-00:00,"2.94,2.94,2.95,2.92,3321271"
2026-03-09T08:05:00.000-00:00,"2.95,2.96,2.96,2.95,1504708"
2026-03-09T08:10:00.000-00:00,"2.96,2.96,2.96,2.94,1965267"
2026-03-09T08:15:00.000-00:00,"2.95,2.95,2.96,2.95,925189"
2026-03-09T08:20:00.000-00:00,"2.96,2.95,2.96,2.95,756753"
2026-03-09T08:25:00.000-00:00,"2.95,2.96,2.97,2.95,1403213"
2026-03-09T08:30:00.000-00:00,"2.96,2.96,2.97,2.95,571048"
2026-03-09T08:35:00.000-00:00,"2.96,2.97,2.97,2.95,489403"
2026-03-09T08:40:00.000-00:00,"2.97,2.97,2.97,2.96,362273"
2026-03-09T08:45:00.000-00:00,"2.97,2.96,2.97,2.96,306867"
2026-03-09T08:50:00.000-00:00,"2.97,2.97,2.97,2.96,152827"
2026-03-09T08:55:00.000-00:00,"2.96,2.96,2.96,2.95,139901"
2026-03-09T09:00:00.000-00:00,"2.96,2.95,2.96,2.95,1106542"
2026-03-09T09:05:00.000-00:00,"2.96,2.96,2.96,2.95,166197"
2026-03-09T09:10:00.000-00:00,"2.95,2.95,2.96,2.95,12321844"
2026-03-09T09:15:00.000-00:00,"2.95,2.96,2.96,2.95,4060203"
2026-03-09T09:20:00.000-00:00,"2.96,2.96,2.96,2.95,75865"
2026-03-09T09:25:00.000-00:00,"2.95,2.96,2.96,2.95,962867"
2026-03-09T09:30:00.000-00:00,"2.96,2.96,2.96,2.95,3715286"
2026-03-09T09:35:00.000-00:00,"2.96,2.96,2.96,2.95,3233014"
2026-03-09T09:40:00.000-00:00,"2.96,2.96,2.96,2.95,2262896"
2026-03-09T09:45:00.000-00:00,"2.96,2.95,2.96,2.95,5285392"
2026-03-09T09:50:00.000-00:00,"2.96,2.96,2.96,2.95,703007"
2026-03-09T09:55:00.000-00:00,"2.96,2.96,2.96,2.96,407619"
2026-03-09T10:00:00.000-00:00,"2.96,2.96,2.96,2.95,196549"
2026-03-09T10:05:00.000-00:00,"2.96,2.95,2.96,2.95,94734"
2026-03-09T10:10:00.000-00:00,"2.95,2.94,2.95,2.94,1702470"
2026-03-09T10:15:00.000-00:00,"2.95,2.95,2.96,2.94,220574"
2026-03-09T10:20:00.000-00:00,"2.94,2.95,2.95,2.94,59837"
2026-03-09T10:25:00.000-00:00,"2.94,2.95,2.95,2.94,210100"
2026-03-09T10:30:00.000-00:00,"2.95,2.94,2.95,2.94,29466"
2026-03-09T10:35:00.000-00:00,"2.94,2.94,2.95,2.94,62080"
2026-03-09T10:40:00.000-00:00,"2.94,2.95,2.95,2.94,132917"
2026-03-09T10:45:00.000-00:00,"2.95,2.94,2.95,2.94,710294"
2026-03-09T10:50:00.000-00:00,"2.95,2.94,2.95,2.93,1544161"
2026-03-09T10:55:00.000-00:00,"2.94,2.94,2.94,2.93,528684"
2026-03-09T11:00:00.000-00:00,"2.94,2.93,2.94,2.92,2429116"
2026-03-09T11:05:00.000-00:00,"2.92,2.92,2.93,2.91,4573735"
2026-03-09T11:10:00.000-00:00,"2.92,2.92,2.92,2.91,4603660"
2026-03-09T11:25:00.000-00:00,"2.9,2.9,2.9,2.9,12701869"
2026-03-10T08:00:00.000-00:00,"2.93,2.94,3.01,2.92,7361728"
2026-03-10T08:05:00.000-00:00,"2.99,2.99,3,2.97,8510117"
2026-03-10T08:10:00.000-00:00,"2.99,2.98,2.99,2.98,1780919"
2026-03-10T08:15:00.000-00:00,"2.98,2.97,2.99,2.97,237981"
2026-03-10T08:20:00.000-00:00,"2.98,2.98,2.99,2.97,454172"
2026-03-10T08:25:00.000-00:00,"2.98,2.98,2.98,2.97,176840"
2026-03-10T08:30:00.000-00:00,"2.98,2.97,2.98,2.97,144176"
2026-03-10T08:35:00.000-00:00,"2.98,2.97,2.98,2.97,74051"
2026-03-10T08:40:00.000-00:00,"2.97,2.97,2.98,2.97,298355"
2026-03-10T08:45:00.000-00:00,"2.97,2.97,2.97,2.96,553598"
2026-03-10T08:50:00.000-00:00,"2.97,2.97,2.97,2.96,145931"
2026-03-10T08:55:00.000-00:00,"2.96,2.97,2.97,2.96,60856"
2026-03-10T09:00:00.000-00:00,"2.97,2.96,2.97,2.96,89843"
2026-03-10T09:05:00.000-00:00,"2.97,2.96,2.97,2.96,292861"
2026-03-10T09:10:00.000-00:00,"2.96,2.97,2.97,2.96,62150"
2026-03-10T09:15:00.000-00:00,"2.96,2.97,2.97,2.96,1854171"
2026-03-10T09:20:00.000-00:00,"2.96,2.96,2.96,2.95,169632"
2026-03-10T09:25:00.000-00:00,"2.96,2.95,2.97,2.95,386820"
2026-03-10T09:30:00.000-00:00,"2.95,2.96,2.96,2.95,371883"
2026-03-10T09:35:00.000-00:00,"2.96,2.95,2.96,2.95,1500050"
2026-03-10T09:40:00.000-00:00,"2.96,2.96,2.96,2.96,250464"
2026-03-10T09:45:00.000-00:00,"2.96,2.96,2.96,2.95,329150"
2026-03-10T09:50:00.000-00:00,"2.96,2.97,2.97,2.96,346218"
2026-03-10T09:55:00.000-00:00,"2.96,2.96,2.96,2.95,150990"
2026-03-10T10:00:00.000-00:00,"2.96,2.96,2.96,2.96,2571370"
2026-03-10T10:05:00.000-00:00,"2.96,2.96,2.96,2.96,44467"
2026-03-10T10:10:00.000-00:00,"2.96,2.97,2.97,2.96,93791"
2026-03-10T10:15:00.000-00:00,"2.97,2.96,2.97,2.96,70560"
2026-03-10T10:20:00.000-00:00,"2.96,2.96,2.96,2.96,27405"
2026-03-10T10:25:00.000-00:00,"2.96,2.95,2.96,2.95,6238"
2026-03-10T10:30:00.000-00:00,"2.95,2.96,2.96,2.95,3137137"
2026-03-10T10:35:00.000-00:00,"2.95,2.96,2.96,2.95,5234154"
2026-03-10T10:40:00.000-00:00,"2.96,2.96,2.97,2.95,502870"
2026-03-10T10:45:00.000-00:00,"2.96,2.95,2.96,2.95,992362"
2026-03-10T10:50:00.000-00:00,"2.95,2.94,2.95,2.94,300804"
2026-03-10T10:55:00.000-00:00,"2.94,2.95,2.96,2.94,266445"
2026-03-10T11:00:00.000-00:00,"2.95,2.95,2.96,2.95,421961"
2026-03-10T11:05:00.000-00:00,"2.96,2.96,2.96,2.95,79215"
2026-03-10T11:10:00.000-00:00,"2.95,2.96,2.96,2.95,1034643"
2026-03-10T11:25:00.000-00:00,"2.96,2.96,2.96,2.96,5407987"
2026-03-11T08:00:00.000-00:00,"2.97,2.97,2.98,2.96,607873"
2026-03-11T08:05:00.000-00:00,"2.97,2.96,2.97,2.96,1624784"
2026-03-11T08:10:00.000-00:00,"2.96,2.96,2.96,2.96,645789"
2026-03-11T08:15:00.000-00:00,"2.97,2.97,2.97,2.96,571554"
2026-03-11T08:20:00.000-00:00,"2.97,2.97,2.98,2.97,187736"
2026-03-11T08:25:00.000-00:00,"2.97,2.97,2.98,2.97,513104"
2026-03-11T08:30:00.000-00:00,"2.97,2.97,2.97,2.96,95345"
2026-03-11T08:35:00.000-00:00,"2.97,2.98,2.98,2.97,186793"
2026-03-11T08:40:00.000-00:00,"2.98,2.97,2.98,2.97,534276"
2026-03-11T08:45:00.000-00:00,"2.96,2.96,2.97,2.96,23845"
2026-03-11T08:50:00.000-00:00,"2.96,2.97,2.97,2.96,338926"
2026-03-11T08:55:00.000-00:00,"2.97,2.96,2.97,2.96,240733"
2026-03-11T09:00:00.000-00:00,"2.97,2.96,2.97,2.96,740015"
2026-03-11T09:05:00.000-00:00,"2.96,2.96,2.97,2.96,125246"
2026-03-11T09:10:00.000-00:00,"2.97,2.97,2.97,2.96,4236"
2026-03-11T09:15:00.000-00:00,"2.97,2.96,2.97,2.96,60209"
2026-03-11T09:20:00.000-00:00,"2.97,2.95,2.97,2.95,299151"
2026-03-11T09:25:00.000-00:00,"2.95,2.97,2.97,2.95,190036"
2026-03-11T09:30:00.000-00:00,"2.96,2.96,2.97,2.95,258886"
2026-03-11T09:35:00.000-00:00,"2.96,2.95,2.96,2.95,92474"
2026-03-11T09:40:00.000-00:00,"2.96,2.96,2.96,2.95,19345"
2026-03-11T09:45:00.000-00:00,"2.96,2.96,2.96,2.96,1022353"
2026-03-11T09:50:00.000-00:00,"2.96,2.96,2.96,2.95,63094"
2026-03-11T09:55:00.000-00:00,"2.96,2.96,2.96,2.95,114815"
2026-03-11T10:00:00.000-00:00,"2.95,2.95,2.96,2.95,631113"
2026-03-11T10:05:00.000-00:00,"2.95,2.94,2.95,2.94,2623011"
2026-03-11T10:10:00.000-00:00,"2.95,2.94,2.95,2.94,29134"
2026-03-11T10:15:00.000-00:00,"2.95,2.94,2.95,2.93,222235"
2026-03-11T10:20:00.000-00:00,"2.95,2.94,2.95,2.94,146070"
2026-03-11T10:25:00.000-00:00,"2.94,2.94,2.95,2.94,204141"
2026-03-11T10:30:00.000-00:00,"2.94,2.94,2.94,2.93,139608"
2026-03-11T10:35:00.000-00:00,"2.95,2.94,2.95,2.94,123015"
2026-03-11T10:40:00.000-00:00,"2.95,2.94,2.95,2.94,182182"
2026-03-11T10:45:00.000-00:00,"2.94,2.95,2.95,2.94,178554"
2026-03-11T10:50:00.000-00:00,"2.94,2.94,2.95,2.94,21986"
2026-03-11T10:55:00.000-00:00,"2.94,2.94,2.94,2.94,672"
2026-03-11T11:00:00.000-00:00,"2.95,2.94,2.95,2.94,56509"
2026-03-11T11:05:00.000-00:00,"2.95,2.95,2.95,2.94,105074"
2026-03-11T11:10:00.000-00:00,"2.94,2.94,2.94,2.93,1817756"
2026-03-11T11:25:00.000-00:00,"2.96,2.96,2.96,2.96,2674503"
2026-03-12T08:00:00.000-00:00,"2.96,2.94,2.96,2.94,411369"
2026-03-12T08:05:00.000-00:00,"2.95,2.96,2.96,2.94,1700242"
2026-03-12T08:10:00.000-00:00,"2.96,2.95,2.96,2.95,168226"
2026-03-12T08:15:00.000-00:00,"2.95,2.96,2.96,2.95,338643"
2026-03-12T08:20:00.000-00:00,"2.95,2.96,2.96,2.95,82464"
2026-03-12T08:25:00.000-00:00,"2.96,2.94,2.96,2.94,145650"
2026-03-12T08:30:00.000-00:00,"2.95,2.94,2.95,2.94,47408"
2026-03-12T08:35:00.000-00:00,"2.94,2.95,2.95,2.94,41529"
2026-03-12T08:40:00.000-00:00,"2.95,2.95,2.95,2.94,316980"
2026-03-12T08:45:00.000-00:00,"2.95,2.95,2.95,2.95,179914"
2026-03-12T08:50:00.000-00:00,"2.94,2.94,2.95,2.94,120808"
2026-03-12T08:55:00.000-00:00,"2.94,2.94,2.95,2.94,1212252"
2026-03-12T09:00:00.000-00:00,"2.94,2.94,2.95,2.93,208980"
2026-03-12T09:05:00.000-00:00,"2.94,2.95,2.95,2.93,46566"
2026-03-12T09:10:00.000-00:00,"2.94,2.94,2.95,2.94,30151"
2026-03-12T09:15:00.000-00:00,"2.94,2.94,2.95,2.94,127480"
2026-03-12T09:20:00.000-00:00,"2.94,2.95,2.95,2.93,237034"
2026-03-12T09:25:00.000-00:00,"2.94,2.94,2.94,2.94,103512"
2026-03-12T09:30:00.000-00:00,"2.94,2.93,2.94,2.92,3009249"
2026-03-12T09:35:00.000-00:00,"2.94,2.93,2.94,2.93,1629937"
2026-03-12T09:40:00.000-00:00,"2.94,2.93,2.94,2.93,142755"
2026-03-12T09:45:00.000-00:00,"2.94,2.94,2.94,2.93,10207"
2026-03-12T09:50:00.000-00:00,"2.94,2.93,2.94,2.93,403101"
2026-03-12T09:55:00.000-00:00,"2.93,2.93,2.93,2.93,177558"
2026-03-12T10:00:00.000-00:00,"2.94,2.93,2.94,2.93,238362"
2026-03-12T10:05:00.000-00:00,"2.92,2.92,2.94,2.92,100893"
2026-03-12T10:10:00.000-00:00,"2.94,2.94,2.94,2.94,7450"
2026-03-12T10:15:00.000-00:00,"2.93,2.93,2.94,2.93,43710"
2026-03-12T10:20:00.000-00:00,"2.93,2.94,2.94,2.93,33939"
2026-03-12T10:25:00.000-00:00,"2.93,2.92,2.94,2.92,26904"
2026-03-12T10:30:00.000-00:00,"2.92,2.93,2.93,2.92,158949"
2026-03-12T10:35:00.000-00:00,"2.93,2.94,2.94,2.93,90582"
2026-03-12T10:40:00.000-00:00,"2.93,2.93,2.94,2.93,202797"
2026-03-12T10:45:00.000-00:00,"2.93,2.93,2.93,2.92,182459"
2026-03-12T10:50:00.000-00:00,"2.93,2.93,2.93,2.92,66130"
2026-03-12T10:55:00.000-00:00,"2.93,2.93,2.93,2.92,979805"
2026-03-12T11:00:00.000-00:00,"2.92,2.93,2.93,2.92,1065449"
2026-03-12T11:05:00.000-00:00,"2.92,2.93,2.93,2.92,139237"
2026-03-12T11:10:00.000-00:00,"2.93,2.92,2.93,2.9,7668581"
2026-03-12T11:25:00.000-00:00,"2.92,2.92,2.92,2.92,4967217"
2026-03-15T08:00:00.000-00:00,"2.92,2.93,2.94,2.92,205413"
2026-03-15T08:05:00.000-00:00,"2.93,2.91,2.93,2.9,1550445"
2026-03-15T08:10:00.000-00:00,"2.91,2.9,2.91,2.9,1136459"
2026-03-15T08:15:00.000-00:00,"2.91,2.92,2.92,2.9,75133"
2026-03-15T08:20:00.000-00:00,"2.92,2.92,2.92,2.91,229695"
2026-03-15T08:25:00.000-00:00,"2.92,2.92,2.92,2.91,52533"
2026-03-15T08:30:00.000-00:00,"2.92,2.92,2.92,2.91,162137"
2026-03-15T08:35:00.000-00:00,"2.91,2.91,2.92,2.91,15906"
2026-03-15T08:40:00.000-00:00,"2.92,2.92,2.92,2.91,171242"
2026-03-15T08:45:00.000-00:00,"2.92,2.9,2.92,2.9,2053241"
2026-03-15T08:50:00.000-00:00,"2.91,2.91,2.91,2.89,1152470"
2026-03-15T08:55:00.000-00:00,"2.91,2.91,2.91,2.9,110189"
2026-03-15T09:00:00.000-00:00,"2.91,2.91,2.91,2.9,701221"
2026-03-15T09:05:00.000-00:00,"2.92,2.91,2.92,2.9,292344"
2026-03-15T09:10:00.000-00:00,"2.91,2.9,2.91,2.89,1415403"
2026-03-15T09:15:00.000-00:00,"2.89,2.9,2.9,2.89,118768"
2026-03-15T09:20:00.000-00:00,"2.9,2.9,2.9,2.89,209575"
2026-03-15T09:25:00.000-00:00,"2.9,2.89,2.9,2.89,409934"
2026-03-15T09:30:00.000-00:00,"2.89,2.89,2.9,2.89,1836962"
2026-03-15T09:35:00.000-00:00,"2.9,2.89,2.9,2.88,513936"
2026-03-15T09:40:00.000-00:00,"2.89,2.89,2.89,2.88,117937"
2026-03-15T09:45:00.000-00:00,"2.88,2.9,2.9,2.88,631727"
2026-03-15T09:50:00.000-00:00,"2.89,2.9,2.9,2.89,63134"
2026-03-15T09:55:00.000-00:00,"2.9,2.89,2.9,2.89,23649"
2026-03-15T10:00:00.000-00:00,"2.89,2.88,2.89,2.88,1452748"
2026-03-15T10:05:00.000-00:00,"2.87,2.87,2.88,2.86,1887998"
2026-03-15T10:10:00.000-00:00,"2.87,2.87,2.88,2.86,1106855"
2026-03-15T10:15:00.000-00:00,"2.87,2.87,2.88,2.87,192354"
2026-03-15T10:20:00.000-00:00,"2.88,2.87,2.88,2.87,260582"
2026-03-15T10:25:00.000-00:00,"2.87,2.87,2.87,2.86,401231"
2026-03-15T10:30:00.000-00:00,"2.86,2.87,2.87,2.86,255089"
2026-03-15T10:35:00.000-00:00,"2.88,2.88,2.88,2.87,289991"
2026-03-15T10:40:00.000-00:00,"2.87,2.88,2.88,2.87,3472944"
2026-03-15T10:45:00.000-00:00,"2.88,2.88,2.88,2.88,239144"
2026-03-15T10:50:00.000-00:00,"2.88,2.88,2.88,2.87,290695"
2026-03-15T10:55:00.000-00:00,"2.89,2.88,2.89,2.87,278472"
2026-03-15T11:00:00.000-00:00,"2.88,2.87,2.88,2.86,733623"
2026-03-15T11:05:00.000-00:00,"2.87,2.87,2.88,2.86,274382"
2026-03-15T11:10:00.000-00:00,"2.86,2.86,2.88,2.86,731028"
2026-03-15T11:25:00.000-00:00,"2.86,2.86,2.86,2.86,2761019"
2026-03-16T08:00:00.000-00:00,"2.87,2.88,2.88,2.87,308555"
2026-03-16T08:05:00.000-00:00,"2.88,2.88,2.88,2.87,158773"
2026-03-16T08:10:00.000-00:00,"2.87,2.87,2.88,2.86,249968"
2026-03-16T08:15:00.000-00:00,"2.87,2.87,2.87,2.86,488799"
2026-03-16T08:20:00.000-00:00,"2.86,2.86,2.87,2.85,1216851"
2026-03-16T08:25:00.000-00:00,"2.86,2.84,2.86,2.84,553552"
2026-03-16T08:30:00.000-00:00,"2.85,2.84,2.85,2.84,88581"
2026-03-16T08:35:00.000-00:00,"2.85,2.85,2.85,2.84,379600"
2026-03-16T08:40:00.000-00:00,"2.84,2.84,2.85,2.84,99895"
2026-03-16T08:45:00.000-00:00,"2.84,2.84,2.85,2.84,113984"
2026-03-16T08:50:00.000-00:00,"2.85,2.86,2.86,2.83,419056"
2026-03-16T08:55:00.000-00:00,"2.86,2.85,2.86,2.85,88500"
2026-03-16T09:00:00.000-00:00,"2.85,2.85,2.85,2.84,64748"
2026-03-16T09:05:00.000-00:00,"2.84,2.85,2.85,2.84,185887"
2026-03-16T09:10:00.000-00:00,"2.85,2.85,2.86,2.84,32677"
2026-03-16T09:15:00.000-00:00,"2.85,2.85,2.86,2.85,22354"
2026-03-16T09:20:00.000-00:00,"2.84,2.85,2.85,2.84,60958"
2026-03-16T09:25:00.000-00:00,"2.86,2.86,2.86,2.85,11069"
2026-03-16T09:30:00.000-00:00,"2.86,2.85,2.86,2.85,34246"
2026-03-16T09:35:00.000-00:00,"2.86,2.85,2.86,2.85,265122"
2026-03-16T09:40:00.000-00:00,"2.85,2.85,2.85,2.84,575250"
2026-03-16T09:45:00.000-00:00,"2.85,2.84,2.85,2.83,1020236"
2026-03-16T09:50:00.000-00:00,"2.84,2.83,2.84,2.83,60959"
2026-03-16T09:55:00.000-00:00,"2.84,2.84,2.84,2.83,181699"
2026-03-16T10:00:00.000-00:00,"2.83,2.83,2.83,2.83,192054"
2026-03-16T10:05:00.000-00:00,"2.83,2.84,2.84,2.83,17718"
2026-03-16T10:10:00.000-00:00,"2.84,2.84,2.84,2.83,142165"
2026-03-16T10:15:00.000-00:00,"2.84,2.83,2.84,2.83,183347"
2026-03-16T10:20:00.000-00:00,"2.84,2.83,2.84,2.83,4044"
2026-03-16T10:25:00.000-00:00,"2.84,2.83,2.84,2.83,407363"
2026-03-16T10:30:00.000-00:00,"2.84,2.83,2.84,2.82,97626"
2026-03-16T10:35:00.000-00:00,"2.83,2.82,2.83,2.82,3408168"
2026-03-16T10:40:00.000-00:00,"2.83,2.82,2.83,2.82,3075856"
2026-03-16T10:45:00.000-00:00,"2.83,2.82,2.83,2.82,181253"
2026-03-16T10:50:00.000-00:00,"2.83,2.83,2.83,2.82,3055754"
2026-03-16T10:55:00.000-00:00,"2.83,2.83,2.83,2.82,3078813"
2026-03-16T11:00:00.000-00:00,"2.83,2.83,2.84,2.82,793351"
2026-03-16T11:05:00.000-00:00,"2.84,2.84,2.85,2.83,5041935"
2026-03-16T11:10:00.000-00:00,"2.85,2.85,2.85,2.83,815159"
2026-03-16T11:25:00.000-00:00,"2.84,2.84,2.84,2.84,767044"
2026-03-17T08:00:00.000-00:00,"2.85,2.86,2.86,2.84,1260549"
2026-03-17T08:05:00.000-00:00,"2.86,2.87,2.87,2.85,888413"
2026-03-17T08:10:00.000-00:00,"2.87,2.86,2.88,2.86,670397"
2026-03-17T08:15:00.000-00:00,"2.87,2.87,2.87,2.86,161497"
2026-03-17T08:20:00.000-00:00,"2.86,2.87,2.87,2.86,1082536"
2026-03-17T08:25:00.000-00:00,"2.87,2.9,2.9,2.85,4064026"
2026-03-17T08:30:00.000-00:00,"2.89,2.89,2.9,2.88,307125"
2026-03-17T08:35:00.000-00:00,"2.88,2.88,2.88,2.88,412052"
2026-03-17T08:40:00.000-00:00,"2.88,2.88,2.88,2.87,177664"
2026-03-17T08:45:00.000-00:00,"2.88,2.9,2.9,2.88,2485037"
2026-03-17T08:50:00.000-00:00,"2.9,2.89,2.9,2.89,91699"
2026-03-17T08:55:00.000-00:00,"2.89,2.88,2.89,2.88,514767"
2026-03-17T09:00:00.000-00:00,"2.88,2.89,2.9,2.88,610084"
2026-03-17T09:05:00.000-00:00,"2.9,2.88,2.9,2.88,123015"
2026-03-17T09:10:00.000-00:00,"2.89,2.89,2.89,2.88,65640"
2026-03-17T09:15:00.000-00:00,"2.89,2.89,2.89,2.88,43098"
2026-03-17T09:20:00.000-00:00,"2.89,2.88,2.89,2.88,38323"
2026-03-17T09:25:00.000-00:00,"2.89,2.89,2.89,2.88,583204"
2026-03-17T09:30:00.000-00:00,"2.89,2.89,2.89,2.88,90800"
2026-03-17T09:35:00.000-00:00,"2.88,2.89,2.89,2.88,3467"
2026-03-17T09:40:00.000-00:00,"2.89,2.89,2.89,2.89,45750"
2026-03-17T09:45:00.000-00:00,"2.88,2.89,2.89,2.88,163723"
2026-03-17T09:50:00.000-00:00,"2.89,2.89,2.89,2.89,9407"
2026-03-17T09:55:00.000-00:00,"2.89,2.88,2.89,2.88,140868"
2026-03-17T10:00:00.000-00:00,"2.89,2.87,2.89,2.87,276424"
2026-03-17T10:05:00.000-00:00,"2.88,2.88,2.88,2.88,43919"
2026-03-17T10:10:00.000-00:00,"2.88,2.88,2.88,2.88,195257"
2026-03-17T10:15:00.000-00:00,"2.88,2.89,2.89,2.88,55700"
2026-03-17T10:20:00.000-00:00,"2.89,2.88,2.89,2.88,12498"
2026-03-17T10:25:00.000-00:00,"2.89,2.88,2.89,2.88,6903031"
2026-03-17T10:30:00.000-00:00,"2.88,2.89,2.89,2.88,145993"
2026-03-17T10:35:00.000-00:00,"2.89,2.89,2.89,2.89,1029"
2026-03-17T10:40:00.000-00:00,"2.89,2.89,2.89,2.88,361029"
2026-03-17T10:45:00.000-00:00,"2.89,2.88,2.89,2.88,38951"
2026-03-17T10:50:00.000-00:00,"2.88,2.89,2.89,2.88,2830"
2026-03-17T10:55:00.000-00:00,"2.89,2.88,2.89,2.88,170701"
2026-03-17T11:00:00.000-00:00,"2.89,2.89,2.89,2.89,28669"
2026-03-17T11:05:00.000-00:00,"2.89,2.89,2.89,2.89,543653"
2026-03-17T11:10:00.000-00:00,"2.9,2.9,2.9,2.89,4559589"
2026-03-17T11:25:00.000-00:00,"2.9,2.9,2.9,2.9,1034523"
2026-03-18T08:00:00.000-00:00,"2.91,2.92,2.93,2.91,863499"
2026-03-18T08:05:00.000-00:00,"2.92,2.93,2.93,2.91,337465"
2026-03-18T08:10:00.000-00:00,"2.93,2.93,2.93,2.91,1087050"
2026-03-18T08:15:00.000-00:00,"2.93,2.95,2.95,2.93,2484521"
2026-03-18T08:20:00.000-00:00,"2.95,2.93,2.95,2.93,734275"
2026-03-18T08:25:00.000-00:00,"2.94,2.92,2.94,2.91,502129"
2026-03-18T08:30:00.000-00:00,"2.92,2.93,2.94,2.92,154209"
2026-03-18T08:35:00.000-00:00,"2.93,2.94,2.94,2.92,942221"
2026-03-18T08:40:00.000-00:00,"2.94,2.93,2.95,2.93,465878"
2026-03-18T08:45:00.000-00:00,"2.93,2.94,2.94,2.93,540711"
2026-03-18T08:50:00.000-00:00,"2.93,2.94,2.94,2.93,117494"
2026-03-18T08:55:00.000-00:00,"2.94,2.93,2.94,2.93,141765"
2026-03-18T09:00:00.000-00:00,"2.93,2.93,2.93,2.92,1892118"
2026-03-18T09:05:00.000-00:00,"2.93,2.93,2.93,2.92,227495"
2026-03-18T09:10:00.000-00:00,"2.93,2.93,2.93,2.92,96178"
2026-03-18T09:15:00.000-00:00,"2.93,2.92,2.93,2.92,38238"
2026-03-18T09:20:00.000-00:00,"2.92,2.93,2.93,2.92,101695"
2026-03-18T09:25:00.000-00:00,"2.92,2.93,2.93,2.92,10100"
2026-03-18T09:30:00.000-00:00,"2.93,2.92,2.93,2.92,77295"
2026-03-18T09:35:00.000-00:00,"2.93,2.92,2.93,2.92,47310"
2026-03-18T09:40:00.000-00:00,"2.93,2.92,2.93,2.92,315000"
2026-03-18T09:45:00.000-00:00,"2.92,2.93,2.93,2.91,1289079"
2026-03-18T09:50:00.000-00:00,"2.92,2.92,2.93,2.92,1042192"
2026-03-18T09:55:00.000-00:00,"2.92,2.92,2.92,2.91,17001"
2026-03-18T10:00:00.000-00:00,"2.91,2.92,2.92,2.91,391533"
2026-03-18T10:05:00.000-00:00,"2.92,2.93,2.93,2.92,22184"
2026-03-18T10:10:00.000-00:00,"2.92,2.93,2.93,2.92,1500428"
2026-03-18T10:15:00.000-00:00,"2.93,2.92,2.93,2.92,113589"
2026-03-18T10:20:00.000-00:00,"2.92,2.92,2.92,2.92,83755"
2026-03-18T10:25:00.000-00:00,"2.91,2.93,2.93,2.91,3108455"
2026-03-18T10:30:00.000-00:00,"2.93,2.92,2.93,2.92,101222"
2026-03-18T10:35:00.000-00:00,"2.92,2.92,2.92,2.91,227324"
2026-03-18T10:40:00.000-00:00,"2.92,2.93,2.93,2.92,683506"
2026-03-18T10:45:00.000-00:00,"2.92,2.93,2.93,2.92,242906"
2026-03-18T10:50:00.000-00:00,"2.92,2.92,2.92,2.92,105477"
2026-03-18T10:55:00.000-00:00,"2.92,2.92,2.92,2.91,190282"
2026-03-18T11:00:00.000-00:00,"2.93,2.92,2.93,2.92,319961"
2026-03-18T11:05:00.000-00:00,"2.92,2.91,2.92,2.91,786406"
2026-03-18T11:10:00.000-00:00,"2.91,2.92,2.92,2.91,1467181"
2026-03-18T11:25:00.000-00:00,"2.91,2.91,2.91,2.91,1870195"
2026-03-24T08:00:00.000-00:00,"2.92,2.93,2.93,2.91,2096253"
2026-03-24T08:05:00.000-00:00,"2.93,2.92,2.93,2.92,654894"
2026-03-24T08:10:00.000-00:00,"2.92,2.93,2.93,2.92,546146"
2026-03-24T08:15:00.000-00:00,"2.92,2.93,2.93,2.91,573716"
2026-03-24T08:20:00.000-00:00,"2.92,2.92,2.93,2.91,649211"
2026-03-24T08:25:00.000-00:00,"2.92,2.92,2.92,2.91,434250"
2026-03-24T08:30:00.000-00:00,"2.92,2.93,2.93,2.92,631889"
2026-03-24T08:35:00.000-00:00,"2.92,2.93,2.94,2.92,1043669"
2026-03-24T08:40:00.000-00:00,"2.93,2.92,2.93,2.92,19297"
2026-03-24T08:45:00.000-00:00,"2.93,2.93,2.93,2.92,8149"
2026-03-24T08:50:00.000-00:00,"2.93,2.92,2.93,2.92,115031"
2026-03-24T08:55:00.000-00:00,"2.93,2.93,2.93,2.93,82201"
2026-03-24T09:00:00.000-00:00,"2.92,2.92,2.93,2.92,672969"
2026-03-24T09:05:00.000-00:00,"2.93,2.92,2.93,2.92,20766"
2026-03-24T09:10:00.000-00:00,"2.92,2.92,2.92,2.92,29503"
2026-03-24T09:15:00.000-00:00,"2.93,2.92,2.93,2.92,187"
2026-03-24T09:20:00.000-00:00,"2.92,2.92,2.93,2.91,606989"
2026-03-24T09:25:00.000-00:00,"2.92,2.93,2.93,2.92,149055"
2026-03-24T09:30:00.000-00:00,"2.92,2.92,2.92,2.92,457372"
2026-03-24T09:35:00.000-00:00,"2.92,2.92,2.92,2.91,181871"
2026-03-24T09:40:00.000-00:00,"2.92,2.92,2.93,2.92,104783"
2026-03-24T09:45:00.000-00:00,"2.92,2.92,2.92,2.91,7969"
2026-03-24T09:50:00.000-00:00,"2.92,2.92,2.92,2.91,134861"
2026-03-24T09:55:00.000-00:00,"2.91,2.91,2.91,2.91,997465"
2026-03-24T10:00:00.000-00:00,"2.91,2.92,2.92,2.9,239485"
2026-03-24T10:05:00.000-00:00,"2.92,2.92,2.92,2.91,418966"
2026-03-24T10:10:00.000-00:00,"2.91,2.93,2.93,2.91,30163"
2026-03-24T10:15:00.000-00:00,"2.92,2.92,2.92,2.91,86705"
2026-03-24T10:20:00.000-00:00,"2.92,2.92,2.92,2.91,77545"
2026-03-24T10:25:00.000-00:00,"2.92,2.92,2.92,2.91,57679"
2026-03-24T10:30:00.000-00:00,"2.92,2.92,2.92,2.91,220436"
2026-03-24T10:35:00.000-00:00,"2.92,2.92,2.92,2.91,30511"
2026-03-24T10:40:00.000-00:00,"2.92,2.92,2.92,2.91,119888"
2026-03-24T10:45:00.000-00:00,"2.92,2.91,2.92,2.91,75527"
2026-03-24T10:50:00.000-00:00,"2.91,2.92,2.92,2.91,60745"
2026-03-24T10:55:00.000-00:00,"2.91,2.91,2.91,2.91,300001"
2026-03-24T11:00:00.000-00:00,"2.92,2.92,2.92,2.91,79811"
2026-03-24T11:05:00.000-00:00,"2.91,2.91,2.92,2.91,121508"
2026-03-24T11:10:00.000-00:00,"2.91,2.92,2.92,2.91,246024"
2026-03-24T11:15:00.000-00:00,"2.91,2.91,2.91,2.91,10285"
2026-03-24T11:20:00.000-00:00,"2.91,2.91,2.92,2.91,213381"
2026-03-24T11:25:00.000-00:00,"2.92,2.92,2.92,2.91,3493"
2026-03-24T11:30:00.000-00:00,"2.92,2.91,2.92,2.91,43321"
2026-03-24T11:35:00.000-00:00,"2.91,2.91,2.91,2.91,536235"
2026-03-24T11:40:00.000-00:00,"2.91,2.92,2.92,2.91,553966"
2026-03-24T11:45:00.000-00:00,"2.91,2.91,2.92,2.91,26939"
2026-03-24T11:50:00.000-00:00,"2.92,2.92,2.92,2.91,73690"
2026-03-24T11:55:00.000-00:00,"2.92,2.92,2.92,2.92,299312"
2026-03-24T12:00:00.000-00:00,"2.92,2.91,2.92,2.91,69011"
2026-03-24T12:05:00.000-00:00,"2.92,2.91,2.92,2.91,9965"
2026-03-24T12:10:00.000-00:00,"2.91,2.92,2.92,2.91,534415"
2026-03-24T12:25:00.000-00:00,"2.91,2.91,2.91,2.91,3131636"
2026-03-25T08:00:00.000-00:00,"2.92,2.92,2.92,2.9,1073284"
2026-03-25T08:05:00.000-00:00,"2.92,2.93,2.93,2.92,1502738"
2026-03-25T08:10:00.000-00:00,"2.93,2.94,2.94,2.93,1907097"
2026-03-25T08:15:00.000-00:00,"2.94,2.95,2.97,2.94,5740060"
2026-03-25T08:20:00.000-00:00,"2.96,2.94,2.96,2.94,3246179"
2026-03-25T08:25:00.000-00:00,"2.95,2.94,2.96,2.94,1540159"
2026-03-25T08:30:00.000-00:00,"2.94,2.94,2.94,2.93,340951"
2026-03-25T08:35:00.000-00:00,"2.94,2.94,2.95,2.94,545822"
2026-03-25T08:40:00.000-00:00,"2.94,2.94,2.95,2.94,27045"
2026-03-25T08:45:00.000-00:00,"2.94,2.94,2.94,2.93,154821"
2026-03-25T08:50:00.000-00:00,"2.94,2.94,2.94,2.93,103171"
2026-03-25T08:55:00.000-00:00,"2.93,2.94,2.94,2.93,16541740"
2026-03-25T09:00:00.000-00:00,"2.94,2.94,2.95,2.94,505349"
2026-03-25T09:05:00.000-00:00,"2.94,2.94,2.94,2.93,489715"
2026-03-25T09:10:00.000-00:00,"2.94,2.95,2.95,2.94,115043"
2026-03-25T09:15:00.000-00:00,"2.95,2.94,2.95,2.94,95915"
2026-03-25T09:20:00.000-00:00,"2.94,2.95,2.95,2.94,36667"
2026-03-25T09:25:00.000-00:00,"2.95,2.94,2.95,2.94,7276916"
2026-03-25T09:30:00.000-00:00,"2.94,2.93,2.94,2.92,2763413"
2026-03-25T09:35:00.000-00:00,"2.94,2.94,2.94,2.93,12568"
2026-03-25T09:40:00.000-00:00,"2.93,2.93,2.94,2.93,161739"
2026-03-25T09:45:00.000-00:00,"2.93,2.93,2.93,2.92,280857"
2026-03-25T09:50:00.000-00:00,"2.94,2.94,2.94,2.93,3442"
2026-03-25T09:55:00.000-00:00,"2.94,2.94,2.94,2.94,5000"
2026-03-25T10:00:00.000-00:00,"2.93,2.93,2.93,2.93,54857"
2026-03-25T10:05:00.000-00:00,"2.93,2.93,2.93,2.93,116880"
2026-03-25T10:10:00.000-00:00,"2.94,2.94,2.94,2.93,10381"
2026-03-25T10:15:00.000-00:00,"2.93,2.93,2.94,2.93,60063"
2026-03-25T10:20:00.000-00:00,"2.93,2.93,2.94,2.93,270184"
2026-03-25T10:25:00.000-00:00,"2.93,2.93,2.93,2.93,5592"
2026-03-25T10:30:00.000-00:00,"2.93,2.92,2.93,2.92,78886"
2026-03-25T10:35:00.000-00:00,"2.92,2.92,2.93,2.92,81957"
2026-03-25T10:40:00.000-00:00,"2.93,2.93,2.93,2.92,55954"
2026-03-25T10:45:00.000-00:00,"2.93,2.93,2.94,2.93,657102"
2026-03-25T10:50:00.000-00:00,"2.93,2.92,2.93,2.92,342302"
2026-03-25T10:55:00.000-00:00,"2.93,2.93,2.93,2.93,121027"
2026-03-25T11:00:00.000-00:00,"2.93,2.92,2.93,2.92,54883"
2026-03-25T11:05:00.000-00:00,"2.93,2.93,2.93,2.93,117872"
2026-03-25T11:10:00.000-00:00,"2.93,2.93,2.93,2.93,179004"
2026-03-25T11:15:00.000-00:00,"2.93,2.93,2.93,2.92,54934"
2026-03-25T11:20:00.000-00:00,"2.93,2.93,2.93,2.93,16090"
2026-03-25T11:25:00.000-00:00,"2.93,2.94,2.94,2.93,515665"
2026-03-25T11:30:00.000-00:00,"2.93,2.94,2.94,2.93,12982"
2026-03-25T11:35:00.000-00:00,"2.94,2.94,2.94,2.93,271701"
2026-03-25T11:40:00.000-00:00,"2.93,2.93,2.94,2.92,6416646"
2026-03-25T11:45:00.000-00:00,"2.92,2.93,2.93,2.92,787864"
2026-03-25T11:50:00.000-00:00,"2.93,2.93,2.93,2.92,151034"
2026-03-25T11:55:00.000-00:00,"2.93,2.93,2.93,2.92,106703"
2026-03-25T12:00:00.000-00:00,"2.93,2.93,2.93,2.93,51105"
2026-03-25T12:05:00.000-00:00,"2.93,2.93,2.93,2.92,1742765"
2026-03-25T12:10:00.000-00:00,"2.92,2.92,2.92,2.92,1358570"
2026-03-25T12:25:00.000-00:00,"2.91,2.91,2.91,2.91,4119208"
2026-03-26T08:00:00.000-00:00,"2.92,2.92,2.92,2.91,493429"
2026-03-26T08:05:00.000-00:00,"2.92,2.92,2.92,2.91,1116832"
2026-03-26T08:10:00.000-00:00,"2.92,2.91,2.93,2.91,1349505"
2026-03-26T08:15:00.000-00:00,"2.91,2.92,2.92,2.91,84259"
2026-03-26T08:20:00.000-00:00,"2.92,2.91,2.92,2.91,52923"
2026-03-26T08:25:00.000-00:00,"2.92,2.91,2.92,2.91,41125"
2026-03-26T08:30:00.000-00:00,"2.92,2.91,2.92,2.91,951931"
2026-03-26T08:35:00.000-00:00,"2.91,2.91,2.91,2.91,158603"
2026-03-26T08:40:00.000-00:00,"2.91,2.92,2.92,2.91,127872"
2026-03-26T08:45:00.000-00:00,"2.91,2.91,2.92,2.91,83515"
2026-03-26T08:50:00.000-00:00,"2.92,2.91,2.92,2.91,123367"
2026-03-26T08:55:00.000-00:00,"2.91,2.91,2.92,2.91,33075"
2026-03-26T09:00:00.000-00:00,"2.91,2.91,2.91,2.9,5392176"
2026-03-26T09:05:00.000-00:00,"2.91,2.9,2.91,2.9,706336"
2026-03-26T09:10:00.000-00:00,"2.9,2.89,2.91,2.89,1282876"
2026-03-26T09:15:00.000-00:00,"2.9,2.9,2.91,2.89,619584"
2026-03-26T09:20:00.000-00:00,"2.9,2.91,2.91,2.9,228146"
2026-03-26T09:25:00.000-00:00,"2.9,2.92,2.92,2.9,600961"
2026-03-26T09:30:00.000-00:00,"2.91,2.91,2.92,2.91,684591"
2026-03-26T09:35:00.000-00:00,"2.91,2.91,2.92,2.9,826079"
2026-03-26T09:40:00.000-00:00,"2.91,2.92,2.92,2.9,312766"
2026-03-26T09:45:00.000-00:00,"2.91,2.9,2.91,2.9,46059"
2026-03-26T09:50:00.000-00:00,"2.91,2.91,2.92,2.9,187233"
2026-03-26T09:55:00.000-00:00,"2.91,2.91,2.91,2.91,100500"
2026-03-26T10:00:00.000-00:00,"2.91,2.91,2.92,2.9,75567"
2026-03-26T10:05:00.000-00:00,"2.91,2.92,2.92,2.91,108500"
2026-03-26T10:10:00.000-00:00,"2.92,2.91,2.92,2.91,70895"
2026-03-26T10:15:00.000-00:00,"2.92,2.91,2.92,2.91,261945"
2026-03-26T10:20:00.000-00:00,"2.9,2.9,2.9,2.9,10300"
2026-03-26T10:25:00.000-00:00,"2.91,2.91,2.91,2.9,78115"
2026-03-26T10:30:00.000-00:00,"2.9,2.91,2.91,2.9,98315"
2026-03-26T10:35:00.000-00:00,"2.9,2.91,2.91,2.9,41229"
2026-03-26T10:40:00.000-00:00,"2.9,2.9,2.9,2.9,441050"
2026-03-26T10:45:00.000-00:00,"2.9,2.91,2.91,2.89,298778"
2026-03-26T10:50:00.000-00:00,"2.91,2.9,2.91,2.89,259493"
2026-03-26T10:55:00.000-00:00,"2.91,2.89,2.91,2.89,145978"
2026-03-26T11:00:00.000-00:00,"2.9,2.89,2.9,2.89,402591"
2026-03-26T11:05:00.000-00:00,"2.9,2.9,2.9,2.89,527382"
2026-03-26T11:10:00.000-00:00,"2.9,2.89,2.9,2.89,372800"
2026-03-26T11:15:00.000-00:00,"2.89,2.89,2.89,2.89,77378"
2026-03-26T11:20:00.000-00:00,"2.89,2.9,2.9,2.89,203191"
2026-03-26T11:25:00.000-00:00,"2.9,2.89,2.9,2.88,654645"
2026-03-26T11:30:00.000-00:00,"2.89,2.9,2.9,2.89,403718"
2026-03-26T11:35:00.000-00:00,"2.89,2.89,2.89,2.89,7728"
2026-03-26T11:40:00.000-00:00,"2.9,2.9,2.9,2.89,16466"
2026-03-26T11:45:00.000-00:00,"2.9,2.89,2.9,2.89,326331"
2026-03-26T11:50:00.000-00:00,"2.89,2.89,2.9,2.89,422800"
2026-03-26T11:55:00.000-00:00,"2.9,2.89,2.9,2.89,564021"
2026-03-26T12:00:00.000-00:00,"2.89,2.89,2.89,2.88,200552"
2026-03-26T12:05:00.000-00:00,"2.88,2.89,2.89,2.88,155416"
2026-03-26T12:10:00.000-00:00,"2.89,2.88,2.89,2.88,1099593"
2026-03-26T12:25:00.000-00:00,"2.88,2.88,2.88,2.88,2635185"
2026-03-29T08:00:00.000-00:00,"2.88,2.89,2.89,2.87,1011166"
2026-03-29T08:05:00.000-00:00,"2.88,2.87,2.89,2.87,1277749"
2026-03-29T08:10:00.000-00:00,"2.88,2.91,2.91,2.87,1270689"
2026-03-29T08:15:00.000-00:00,"2.9,2.91,2.91,2.9,607109"
2026-03-29T08:20:00.000-00:00,"2.9,2.91,2.91,2.9,303253"
2026-03-29T08:25:00.000-00:00,"2.9,2.9,2.91,2.9,25771"
2026-03-29T08:30:00.000-00:00,"2.9,2.9,2.91,2.9,637740"
2026-03-29T08:35:00.000-00:00,"2.9,2.89,2.9,2.89,197287"
2026-03-29T08:40:00.000-00:00,"2.89,2.89,2.89,2.87,515852"
2026-03-29T08:45:00.000-00:00,"2.88,2.89,2.89,2.87,260068"
2026-03-29T08:50:00.000-00:00,"2.89,2.88,2.89,2.88,48520"
2026-03-29T08:55:00.000-00:00,"2.88,2.89,2.89,2.87,500001"
2026-03-29T09:00:00.000-00:00,"2.87,2.89,2.89,2.87,116322"
2026-03-29T09:05:00.000-00:00,"2.88,2.88,2.88,2.88,86559"
2026-03-29T09:10:00.000-00:00,"2.88,2.88,2.89,2.88,67168"
2026-03-29T09:15:00.000-00:00,"2.88,2.89,2.89,2.88,25123"
2026-03-29T09:20:00.000-00:00,"2.89,2.88,2.89,2.88,45312"
2026-03-29T09:25:00.000-00:00,"2.88,2.88,2.89,2.88,100325"
2026-03-29T09:30:00.000-00:00,"2.89,2.88,2.89,2.87,79154"
2026-03-29T09:35:00.000-00:00,"2.88,2.88,2.89,2.88,41139"
2026-03-29T09:40:00.000-00:00,"2.88,2.87,2.88,2.87,40212"
2026-03-29T09:45:00.000-00:00,"2.88,2.88,2.88,2.87,20588"
2026-03-29T09:50:00.000-00:00,"2.88,2.88,2.88,2.87,27167"
2026-03-29T09:55:00.000-00:00,"2.88,2.87,2.88,2.87,82784"
2026-03-29T10:00:00.000-00:00,"2.88,2.87,2.88,2.87,93986"
2026-03-29T10:05:00.000-00:00,"2.87,2.89,2.89,2.87,176710"
2026-03-29T10:10:00.000-00:00,"2.88,2.88,2.89,2.87,48160"
2026-03-29T10:15:00.000-00:00,"2.88,2.88,2.88,2.87,14722"
2026-03-29T10:20:00.000-00:00,"2.88,2.88,2.88,2.88,182297"
2026-03-29T10:25:00.000-00:00,"2.89,2.89,2.89,2.88,53485"
2026-03-29T10:30:00.000-00:00,"2.89,2.89,2.89,2.89,21"
2026-03-29T10:35:00.000-00:00,"2.88,2.89,2.89,2.88,1525694"
2026-03-29T10:40:00.000-00:00,"2.89,2.88,2.89,2.88,16977"
2026-03-29T10:45:00.000-00:00,"2.88,2.88,2.88,2.88,742"
2026-03-29T10:50:00.000-00:00,"2.89,2.89,2.89,2.88,417298"
2026-03-29T10:55:00.000-00:00,"2.89,2.88,2.9,2.88,562394"
2026-03-29T11:00:00.000-00:00,"2.89,2.88,2.89,2.88,52896"
2026-03-29T11:05:00.000-00:00,"2.89,2.89,2.89,2.88,13295"
2026-03-29T11:10:00.000-00:00,"2.89,2.88,2.89,2.88,41817"
2026-03-29T11:15:00.000-00:00,"2.89,2.88,2.89,2.88,733835"
2026-03-29T11:20:00.000-00:00,"2.89,2.88,2.89,2.88,129460"
2026-03-29T11:25:00.000-00:00,"2.89,2.89,2.89,2.88,107288"
2026-03-29T11:30:00.000-00:00,"2.89,2.88,2.89,2.87,26164"
2026-03-29T11:35:00.000-00:00,"2.87,2.88,2.88,2.87,37107"
2026-03-29T11:40:00.000-00:00,"2.87,2.88,2.88,2.87,41958"
2026-03-29T11:45:00.000-00:00,"2.88,2.88,2.88,2.87,83470"
2026-03-29T11:50:00.000-00:00,"2.87,2.89,2.89,2.87,112021"
2026-03-29T11:55:00.000-00:00,"2.88,2.88,2.88,2.88,56157"
2026-03-29T12:00:00.000-00:00,"2.87,2.87,2.88,2.87,433527"
2026-03-29T12:05:00.000-00:00,"2.87,2.87,2.88,2.87,582761"
2026-03-29T12:10:00.000-00:00,"2.88,2.87,2.88,2.87,580334"
2026-03-29T12:25:00.000-00:00,"2.87,2.87,2.87,2.87,2682152"
2026-03-30T08:00:00.000-00:00,"2.88,2.89,2.89,2.87,1006623"
2026-03-30T08:05:00.000-00:00,"2.9,2.89,2.9,2.88,1526823"
2026-03-30T08:10:00.000-00:00,"2.89,2.88,2.89,2.88,31291"
2026-03-30T08:15:00.000-00:00,"2.88,2.88,2.89,2.88,18851"
2026-03-30T08:20:00.000-00:00,"2.88,2.88,2.89,2.88,75634"
2026-03-30T08:25:00.000-00:00,"2.88,2.88,2.89,2.88,82775"
2026-03-30T08:30:00.000-00:00,"2.88,2.88,2.89,2.87,459721"
2026-03-30T08:35:00.000-00:00,"2.88,2.88,2.88,2.88,100134"
2026-03-30T08:40:00.000-00:00,"2.88,2.87,2.88,2.87,23633"
2026-03-30T08:45:00.000-00:00,"2.87,2.88,2.88,2.87,187262"
2026-03-30T08:50:00.000-00:00,"2.88,2.87,2.88,2.87,10881"
2026-03-30T08:55:00.000-00:00,"2.88,2.88,2.88,2.88,1388"
2026-03-30T09:00:00.000-00:00,"2.87,2.88,2.88,2.87,25360"
2026-03-30T09:05:00.000-00:00,"2.87,2.87,2.87,2.87,40"
2026-03-30T09:10:00.000-00:00,"2.88,2.87,2.88,2.87,53516"
2026-03-30T09:15:00.000-00:00,"2.88,2.88,2.88,2.87,51734"
2026-03-30T09:20:00.000-00:00,"2.88,2.87,2.88,2.87,198836"
2026-03-30T09:25:00.000-00:00,"2.87,2.87,2.87,2.86,679289"
2026-03-30T09:30:00.000-00:00,"2.87,2.86,2.87,2.86,597514"
2026-03-30T09:35:00.000-00:00,"2.86,2.86,2.87,2.86,231080"
2026-03-30T09:40:00.000-00:00,"2.86,2.86,2.87,2.86,91525"
2026-03-30T09:45:00.000-00:00,"2.86,2.86,2.87,2.85,1016773"
2026-03-30T09:50:00.000-00:00,"2.87,2.87,2.87,2.85,77953"
2026-03-30T09:55:00.000-00:00,"2.86,2.86,2.86,2.85,347500"
2026-03-30T10:00:00.000-00:00,"2.86,2.85,2.86,2.85,14000"
2026-03-30T10:05:00.000-00:00,"2.85,2.86,2.86,2.85,2309"
2026-03-30T10:10:00.000-00:00,"2.86,2.86,2.86,2.85,4589"
2026-03-30T10:15:00.000-00:00,"2.86,2.86,2.86,2.86,89250"
2026-03-30T10:20:00.000-00:00,"2.85,2.86,2.87,2.85,76854"
2026-03-30T10:25:00.000-00:00,"2.86,2.85,2.86,2.85,510000"
2026-03-30T10:30:00.000-00:00,"2.86,2.87,2.87,2.86,47655"
2026-03-30T10:35:00.000-00:00,"2.87,2.87,2.87,2.87,175000"
2026-03-30T10:40:00.000-00:00,"2.87,2.86,2.87,2.86,1605740"
2026-03-30T10:45:00.000-00:00,"2.86,2.87,2.87,2.86,7304"
2026-03-30T10:50:00.000-00:00,"2.87,2.85,2.87,2.85,11179"
2026-03-30T10:55:00.000-00:00,"2.86,2.86,2.87,2.86,48360"
2026-03-30T11:00:00.000-00:00,"2.87,2.86,2.87,2.85,54849"
2026-03-30T11:05:00.000-00:00,"2.85,2.85,2.85,2.85,8628"
2026-03-30T11:10:00.000-00:00,"2.85,2.85,2.85,2.84,522848"
2026-03-30T11:15:00.000-00:00,"2.84,2.84,2.85,2.84,940177"
2026-03-30T11:20:00.000-00:00,"2.84,2.84,2.84,2.83,233640"
2026-03-30T11:25:00.000-00:00,"2.84,2.84,2.84,2.83,158491"
2026-03-30T11:30:00.000-00:00,"2.84,2.82,2.84,2.82,1258302"
2026-03-30T11:35:00.000-00:00,"2.83,2.83,2.83,2.82,1017817"
2026-03-30T11:40:00.000-00:00,"2.83,2.83,2.84,2.82,247711"
2026-03-30T11:45:00.000-00:00,"2.82,2.82,2.83,2.81,1981330"
2026-03-30T11:50:00.000-00:00,"2.82,2.83,2.83,2.82,406371"
2026-03-30T11:55:00.000-00:00,"2.83,2.83,2.83,2.82,284062"
2026-03-30T12:00:00.000-00:00,"2.83,2.83,2.84,2.83,1779181"
2026-03-30T12:05:00.000-00:00,"2.83,2.81,2.83,2.81,1225065"
2026-03-30T12:10:00.000-00:00,"2.82,2.82,2.84,2.81,2471448"
2026-03-30T12:25:00.000-00:00,"2.81,2.81,2.81,2.81,2886764"
2026-03-31T08:00:00.000-00:00,"2.82,2.83,2.83,2.82,631916"
2026-03-31T08:05:00.000-00:00,"2.83,2.83,2.83,2.82,74001"
2026-03-31T08:10:00.000-00:00,"2.83,2.83,2.84,2.83,168070"
2026-03-31T08:15:00.000-00:00,"2.84,2.83,2.84,2.82,193014"
2026-03-31T08:20:00.000-00:00,"2.84,2.85,2.85,2.84,478413"
2026-03-31T08:25:00.000-00:00,"2.85,2.85,2.85,2.84,1389167"
2026-03-31T08:30:00.000-00:00,"2.84,2.85,2.85,2.84,376163"
2026-03-31T08:35:00.000-00:00,"2.85,2.84,2.85,2.82,531651"
2026-03-31T08:40:00.000-00:00,"2.84,2.82,2.84,2.82,151183"
2026-03-31T08:45:00.000-00:00,"2.82,2.83,2.83,2.82,323868"
2026-03-31T08:50:00.000-00:00,"2.83,2.84,2.85,2.83,184364"
2026-03-31T08:55:00.000-00:00,"2.83,2.83,2.84,2.82,245610"
2026-03-31T09:00:00.000-00:00,"2.83,2.82,2.83,2.82,261353"
2026-03-31T09:05:00.000-00:00,"2.84,2.84,2.84,2.83,29683"
2026-03-31T09:10:00.000-00:00,"2.84,2.84,2.84,2.83,320861"
2026-03-31T09:15:00.000-00:00,"2.84,2.84,2.84,2.84,23700"
2026-03-31T09:20:00.000-00:00,"2.83,2.83,2.84,2.83,1707"
2026-03-31T09:25:00.000-00:00,"2.83,2.84,2.84,2.83,973036"
2026-03-31T09:30:00.000-00:00,"2.84,2.85,2.85,2.84,84442"
2026-03-31T09:35:00.000-00:00,"2.85,2.85,2.85,2.84,714594"
2026-03-31T09:40:00.000-00:00,"2.85,2.85,2.86,2.84,169618"
2026-03-31T09:45:00.000-00:00,"2.84,2.83,2.84,2.83,522456"
2026-03-31T09:50:00.000-00:00,"2.84,2.85,2.85,2.84,1666675"
2026-03-31T09:55:00.000-00:00,"2.84,2.85,2.85,2.84,292342"
2026-03-31T10:00:00.000-00:00,"2.86,2.85,2.86,2.85,2559119"
2026-03-31T10:05:00.000-00:00,"2.85,2.85,2.85,2.84,21761"
2026-03-31T10:10:00.000-00:00,"2.85,2.84,2.85,2.84,588484"
2026-03-31T10:15:00.000-00:00,"2.85,2.84,2.85,2.84,47404"
2026-03-31T10:20:00.000-00:00,"2.84,2.84,2.85,2.84,2544019"
2026-03-31T10:25:00.000-00:00,"2.84,2.84,2.84,2.84,194672"
2026-03-31T10:30:00.000-00:00,"2.84,2.84,2.84,2.84,1184672"
2026-03-31T10:35:00.000-00:00,"2.84,2.84,2.84,2.84,2252081"
2026-03-31T10:40:00.000-00:00,"2.84,2.84,2.84,2.83,1686600"
2026-03-31T10:45:00.000-00:00,"2.84,2.83,2.84,2.83,103140"
2026-03-31T10:50:00.000-00:00,"2.84,2.84,2.84,2.83,315065"
2026-03-31T10:55:00.000-00:00,"2.83,2.83,2.84,2.83,173769"
2026-03-31T11:00:00.000-00:00,"2.83,2.84,2.84,2.82,3708224"
2026-03-31T11:05:00.000-00:00,"2.83,2.84,2.84,2.83,162473"
2026-03-31T11:10:00.000-00:00,"2.83,2.84,2.84,2.83,133407"
2026-03-31T11:15:00.000-00:00,"2.83,2.83,2.83,2.82,177604"
2026-03-31T11:20:00.000-00:00,"2.83,2.83,2.83,2.83,181070"
2026-03-31T11:25:00.000-00:00,"2.83,2.83,2.84,2.83,2078588"
2026-03-31T11:30:00.000-00:00,"2.83,2.83,2.84,2.83,118123"
2026-03-31T11:35:00.000-00:00,"2.84,2.83,2.84,2.83,2084303"
2026-03-31T11:40:00.000-00:00,"2.83,2.83,2.83,2.83,550000"
2026-03-31T11:45:00.000-00:00,"2.83,2.84,2.84,2.83,1064103"
2026-03-31T11:50:00.000-00:00,"2.83,2.83,2.84,2.83,1333146"
2026-03-31T11:55:00.000-00:00,"2.83,2.82,2.84,2.82,443390"
2026-03-31T12:00:00.000-00:00,"2.82,2.82,2.83,2.82,632770"
2026-03-31T12:05:00.000-00:00,"2.82,2.82,2.83,2.82,398073"
2026-03-31T12:10:00.000-00:00,"2.83,2.82,2.83,2.81,1676146"
2026-03-31T12:25:00.000-00:00,"2.81,2.81,2.81,2.81,4800684"
2026-04-01T08:00:00.000-00:00,"2.83,2.85,2.85,2.83,1285987"
2026-04-01T08:05:00.000-00:00,"2.86,2.85,2.86,2.85,383504"
2026-04-01T08:10:00.000-00:00,"2.85,2.86,2.86,2.85,1810345"
2026-04-01T08:15:00.000-00:00,"2.85,2.86,2.86,2.85,521277"
2026-04-01T08:20:00.000-00:00,"2.86,2.87,2.87,2.86,261699"
2026-04-01T08:25:00.000-00:00,"2.87,2.86,2.87,2.86,545920"
2026-04-01T08:30:00.000-00:00,"2.87,2.87,2.87,2.86,370846"
2026-04-01T08:35:00.000-00:00,"2.87,2.87,2.87,2.86,40233"
2026-04-01T08:40:00.000-00:00,"2.86,2.86,2.87,2.86,375886"
2026-04-01T08:45:00.000-00:00,"2.86,2.86,2.86,2.85,39924"
2026-04-01T08:50:00.000-00:00,"2.86,2.85,2.86,2.85,146513"
2026-04-01T08:55:00.000-00:00,"2.85,2.86,2.86,2.85,198119"
2026-04-01T09:00:00.000-00:00,"2.86,2.86,2.86,2.86,44652"
2026-04-01T09:05:00.000-00:00,"2.85,2.85,2.86,2.84,484083"
2026-04-01T09:10:00.000-00:00,"2.86,2.85,2.86,2.84,1880168"
2026-04-01T09:15:00.000-00:00,"2.85,2.84,2.85,2.84,21750"
2026-04-01T09:20:00.000-00:00,"2.84,2.85,2.85,2.84,711906"
2026-04-01T09:25:00.000-00:00,"2.85,2.86,2.86,2.84,199548"
2026-04-01T09:30:00.000-00:00,"2.85,2.86,2.86,2.85,32400"
2026-04-01T09:35:00.000-00:00,"2.86,2.85,2.86,2.85,117"
2026-04-01T09:40:00.000-00:00,"2.84,2.85,2.85,2.84,5557"
2026-04-01T09:45:00.000-00:00,"2.85,2.85,2.85,2.85,6750"
2026-04-01T09:50:00.000-00:00,"2.84,2.85,2.85,2.84,13218"
2026-04-01T09:55:00.000-00:00,"2.85,2.86,2.86,2.85,548600"
2026-04-01T10:00:00.000-00:00,"2.85,2.86,2.86,2.85,50562"
2026-04-01T10:05:00.000-00:00,"2.86,2.86,2.86,2.86,1660953"
2026-04-01T10:10:00.000-00:00,"2.86,2.85,2.86,2.85,552515"
2026-04-01T10:15:00.000-00:00,"2.85,2.85,2.85,2.85,46801"
2026-04-01T10:20:00.000-00:00,"2.85,2.85,2.85,2.85,20407"
2026-04-01T10:25:00.000-00:00,"2.85,2.84,2.85,2.84,71964"
2026-04-01T10:30:00.000-00:00,"2.85,2.85,2.85,2.85,69059"
2026-04-01T10:35:00.000-00:00,"2.85,2.85,2.85,2.84,112819"
2026-04-01T10:40:00.000-00:00,"2.85,2.85,2.85,2.85,60501"
2026-04-01T10:45:00.000-00:00,"2.85,2.85,2.85,2.84,738044"
2026-04-01T10:50:00.000-00:00,"2.85,2.84,2.85,2.84,151167"
2026-04-01T10:55:00.000-00:00,"2.85,2.85,2.85,2.85,133764"
2026-04-01T11:00:00.000-00:00,"2.85,2.85,2.85,2.85,460309"
2026-04-01T11:05:00.000-00:00,"2.85,2.85,2.86,2.84,434832"
2026-04-01T11:10:00.000-00:00,"2.86,2.85,2.86,2.84,1093611"
2026-04-01T11:15:00.000-00:00,"2.84,2.84,2.85,2.84,9918"
2026-04-01T11:20:00.000-00:00,"2.84,2.84,2.85,2.84,473284"
2026-04-01T11:25:00.000-00:00,"2.85,2.85,2.85,2.84,26869"
2026-04-01T11:30:00.000-00:00,"2.85,2.85,2.85,2.84,297249"
2026-04-01T11:35:00.000-00:00,"2.85,2.85,2.85,2.84,358450"
2026-04-01T11:40:00.000-00:00,"2.86,2.86,2.86,2.86,104120"
2026-04-01T11:45:00.000-00:00,"2.86,2.86,2.86,2.86,2195091"
2026-04-01T11:50:00.000-00:00,"2.85,2.86,2.86,2.85,21350"
2026-04-01T11:55:00.000-00:00,"2.86,2.86,2.86,2.86,427444"
2026-04-01T12:00:00.000-00:00,"2.86,2.85,2.86,2.85,232707"
2026-04-01T12:05:00.000-00:00,"2.85,2.84,2.86,2.84,351980"
2026-04-01T12:10:00.000-00:00,"2.84,2.84,2.85,2.84,1779444"
2026-04-01T12:25:00.000-00:00,"2.85,2.85,2.85,2.85,3898789"
2026-04-02T08:00:00.000-00:00,"2.84,2.83,2.86,2.83,959835"
2026-04-02T08:05:00.000-00:00,"2.84,2.84,2.84,2.83,730472"
2026-04-02T08:10:00.000-00:00,"2.83,2.83,2.84,2.82,2136576"
2026-04-02T08:15:00.000-00:00,"2.83,2.84,2.84,2.83,406920"
2026-04-02T08:20:00.000-00:00,"2.84,2.84,2.84,2.84,639000"
2026-04-02T08:25:00.000-00:00,"2.84,2.83,2.84,2.83,199610"
2026-04-02T08:30:00.000-00:00,"2.83,2.84,2.84,2.83,99400"
2026-04-02T08:35:00.000-00:00,"2.84,2.86,2.86,2.84,2296436"
2026-04-02T08:40:00.000-00:00,"2.86,2.85,2.86,2.85,93700"
2026-04-02T08:45:00.000-00:00,"2.85,2.86,2.87,2.85,2141924"
2026-04-02T08:50:00.000-00:00,"2.86,2.87,2.88,2.86,3018291"
2026-04-02T08:55:00.000-00:00,"2.88,2.87,2.88,2.86,1157601"
2026-04-02T09:00:00.000-00:00,"2.87,2.88,2.88,2.87,280524"
2026-04-02T09:05:00.000-00:00,"2.87,2.88,2.88,2.87,270941"
2026-04-02T09:10:00.000-00:00,"2.87,2.86,2.87,2.86,321096"
2026-04-02T09:15:00.000-00:00,"2.87,2.87,2.87,2.86,112213"
2026-04-02T09:20:00.000-00:00,"2.87,2.86,2.87,2.86,716462"
2026-04-02T09:25:00.000-00:00,"2.87,2.85,2.87,2.85,1111667"
2026-04-02T09:30:00.000-00:00,"2.85,2.85,2.86,2.85,328855"
2026-04-02T09:35:00.000-00:00,"2.85,2.85,2.86,2.85,772964"
2026-04-02T09:40:00.000-00:00,"2.85,2.86,2.86,2.85,7562"
2026-04-02T09:45:00.000-00:00,"2.85,2.85,2.86,2.85,755693"
2026-04-02T09:50:00.000-00:00,"2.86,2.86,2.86,2.85,10438"
2026-04-02T09:55:00.000-00:00,"2.86,2.85,2.86,2.85,3301"
2026-04-02T10:00:00.000-00:00,"2.85,2.87,2.87,2.85,1031819"
2026-04-02T10:05:00.000-00:00,"2.86,2.87,2.87,2.86,331854"
2026-04-02T10:10:00.000-00:00,"2.87,2.86,2.87,2.86,448569"
2026-04-02T10:15:00.000-00:00,"2.86,2.86,2.86,2.85,12"
2026-04-02T10:20:00.000-00:00,"2.86,2.86,2.86,2.86,335210"
2026-04-02T10:25:00.000-00:00,"2.86,2.87,2.87,2.85,41079"
2026-04-02T10:30:00.000-00:00,"2.87,2.86,2.87,2.86,107529"
2026-04-02T10:35:00.000-00:00,"2.85,2.86,2.86,2.85,1841"
2026-04-02T10:40:00.000-00:00,"2.86,2.86,2.86,2.85,4225"
2026-04-02T10:45:00.000-00:00,"2.86,2.86,2.86,2.85,28309"
2026-04-02T10:50:00.000-00:00,"2.86,2.86,2.86,2.86,241793"
2026-04-02T10:55:00.000-00:00,"2.86,2.86,2.86,2.86,48427"
2026-04-02T11:00:00.000-00:00,"2.85,2.86,2.86,2.85,71565"
2026-04-02T11:10:00.000-00:00,"2.85,2.85,2.85,2.85,12476"
2026-04-02T11:15:00.000-00:00,"2.85,2.86,2.86,2.85,321487"
2026-04-02T11:20:00.000-00:00,"2.86,2.86,2.86,2.85,16461"
2026-04-02T11:25:00.000-00:00,"2.86,2.85,2.86,2.85,200000"
2026-04-02T11:30:00.000-00:00,"2.85,2.84,2.86,2.84,729996"
2026-04-02T11:35:00.000-00:00,"2.85,2.85,2.85,2.84,22019"
2026-04-02T11:40:00.000-00:00,"2.85,2.85,2.85,2.84,47370"
2026-04-02T11:45:00.000-00:00,"2.85,2.85,2.85,2.85,219153"
2026-04-02T11:50:00.000-00:00,"2.84,2.85,2.85,2.84,10018"
2026-04-02T11:55:00.000-00:00,"2.85,2.84,2.85,2.84,11852"
2026-04-02T12:00:00.000-00:00,"2.85,2.84,2.85,2.84,52119"
2026-04-02T12:05:00.000-00:00,"2.85,2.85,2.85,2.84,1620685"
2026-04-02T12:10:00.000-00:00,"2.84,2.85,2.85,2.84,662235"
2026-04-02T12:25:00.000-00:00,"2.83,2.83,2.83,2.83,6674031"
2026-04-05T08:00:00.000-00:00,"2.85,2.85,2.86,2.84,1998122"
2026-04-05T08:05:00.000-00:00,"2.85,2.85,2.86,2.84,996675"
2026-04-05T08:10:00.000-00:00,"2.85,2.86,2.86,2.85,283565"
2026-04-05T08:15:00.000-00:00,"2.85,2.84,2.85,2.84,154694"
2026-04-05T08:20:00.000-00:00,"2.85,2.85,2.86,2.84,204305"
2026-04-05T08:25:00.000-00:00,"2.85,2.85,2.86,2.84,209460"
2026-04-05T08:30:00.000-00:00,"2.85,2.84,2.85,2.84,1752495"
2026-04-05T08:35:00.000-00:00,"2.84,2.85,2.85,2.84,66437"
2026-04-05T08:40:00.000-00:00,"2.85,2.85,2.85,2.84,778590"
2026-04-05T08:45:00.000-00:00,"2.85,2.85,2.86,2.85,137375"
2026-04-05T08:50:00.000-00:00,"2.86,2.86,2.86,2.85,173075"
2026-04-05T08:55:00.000-00:00,"2.86,2.87,2.87,2.85,1311198"
2026-04-05T09:00:00.000-00:00,"2.87,2.86,2.87,2.86,140724"
2026-04-05T09:05:00.000-00:00,"2.86,2.87,2.87,2.86,681309"
2026-04-05T09:10:00.000-00:00,"2.87,2.87,2.87,2.86,7630"
2026-04-05T09:15:00.000-00:00,"2.86,2.86,2.87,2.86,135051"
2026-04-05T09:20:00.000-00:00,"2.86,2.86,2.87,2.85,841686"
2026-04-05T09:25:00.000-00:00,"2.85,2.86,2.87,2.85,7231241"
2026-04-05T09:30:00.000-00:00,"2.86,2.86,2.87,2.86,8188"
2026-04-05T09:35:00.000-00:00,"2.86,2.86,2.87,2.86,43511"
2026-04-05T09:40:00.000-00:00,"2.86,2.85,2.87,2.85,310346"
2026-04-05T09:45:00.000-00:00,"2.86,2.86,2.86,2.86,53987"
2026-04-05T09:50:00.000-00:00,"2.86,2.86,2.86,2.86,45701"
2026-04-05T09:55:00.000-00:00,"2.86,2.86,2.86,2.85,8255"
2026-04-05T10:00:00.000-00:00,"2.86,2.86,2.86,2.86,45060"
2026-04-05T10:05:00.000-00:00,"2.85,2.86,2.86,2.85,4499"
2026-04-05T10:10:00.000-00:00,"2.86,2.86,2.86,2.86,39706"
2026-04-05T10:15:00.000-00:00,"2.86,2.88,2.89,2.86,3000984"
2026-04-05T10:20:00.000-00:00,"2.88,2.89,2.89,2.87,2519942"
2026-04-05T10:25:00.000-00:00,"2.9,2.9,2.92,2.9,6936424"
2026-04-05T10:30:00.000-00:00,"2.9,2.91,2.91,2.89,1804173"
2026-04-05T10:35:00.000-00:00,"2.91,2.9,2.92,2.9,659046"
2026-04-05T10:40:00.000-00:00,"2.91,2.9,2.91,2.9,131674"
2026-04-05T10:45:00.000-00:00,"2.91,2.9,2.91,2.9,401807"
2026-04-05T10:50:00.000-00:00,"2.91,2.9,2.91,2.9,489656"
2026-04-05T10:55:00.000-00:00,"2.91,2.91,2.92,2.9,527508"
2026-04-05T11:00:00.000-00:00,"2.91,2.91,2.91,2.9,204117"
2026-04-05T11:05:00.000-00:00,"2.91,2.91,2.91,2.91,97192"
2026-04-05T11:10:00.000-00:00,"2.91,2.91,2.91,2.9,100934"
2026-04-05T11:15:00.000-00:00,"2.9,2.91,2.91,2.9,581290"
2026-04-05T11:20:00.000-00:00,"2.9,2.92,2.92,2.9,1946562"
2026-04-05T11:25:00.000-00:00,"2.92,2.92,2.93,2.91,1835185"
2026-04-05T11:30:00.000-00:00,"2.91,2.92,2.92,2.91,619245"
2026-04-05T11:35:00.000-00:00,"2.92,2.92,2.92,2.91,403472"
2026-04-05T11:40:00.000-00:00,"2.91,2.92,2.92,2.91,107255"
2026-04-05T11:45:00.000-00:00,"2.91,2.92,2.92,2.9,509816"
2026-04-05T11:50:00.000-00:00,"2.91,2.91,2.91,2.91,286840"
2026-04-05T11:55:00.000-00:00,"2.91,2.9,2.92,2.9,379612"
2026-04-05T12:00:00.000-00:00,"2.91,2.91,2.91,2.9,118706"
2026-04-05T12:05:00.000-00:00,"2.91,2.92,2.92,2.9,812266"
2026-04-05T12:10:00.000-00:00,"2.92,2.92,2.93,2.91,2743506"
2026-04-05T12:25:00.000-00:00,"2.92,2.92,2.92,2.92,5178199"
2026-04-06T08:00:00.000-00:00,"2.92,2.93,2.95,2.92,3903290"
2026-04-06T08:05:00.000-00:00,"2.93,2.94,2.94,2.93,1118473"
2026-04-06T08:10:00.000-00:00,"2.94,2.93,2.94,2.93,92934"
2026-04-06T08:15:00.000-00:00,"2.93,2.93,2.94,2.93,1364393"
2026-04-06T08:20:00.000-00:00,"2.93,2.93,2.94,2.93,1370400"
2026-04-06T08:25:00.000-00:00,"2.93,2.93,2.93,2.92,543211"
2026-04-06T08:30:00.000-00:00,"2.93,2.93,2.93,2.92,907917"
2026-04-06T08:35:00.000-00:00,"2.93,2.93,2.94,2.92,238151"
2026-04-06T08:40:00.000-00:00,"2.92,2.93,2.93,2.92,145333"
2026-04-06T08:45:00.000-00:00,"2.92,2.92,2.93,2.92,133518"
2026-04-06T08:50:00.000-00:00,"2.93,2.91,2.93,2.89,7186727"
2026-04-06T08:55:00.000-00:00,"2.91,2.9,2.91,2.89,1524633"
2026-04-06T09:00:00.000-00:00,"2.9,2.91,2.91,2.89,707722"
2026-04-06T09:05:00.000-00:00,"2.91,2.91,2.91,2.9,285588"
2026-04-06T09:10:00.000-00:00,"2.9,2.91,2.91,2.9,44030"
2026-04-06T09:15:00.000-00:00,"2.9,2.91,2.91,2.9,89168"
2026-04-06T09:20:00.000-00:00,"2.9,2.91,2.91,2.9,637930"
2026-04-06T09:25:00.000-00:00,"2.91,2.91,2.91,2.91,275547"
2026-04-06T09:30:00.000-00:00,"2.91,2.91,2.91,2.9,1035574"
2026-04-06T09:35:00.000-00:00,"2.91,2.9,2.91,2.89,444784"
2026-04-06T09:40:00.000-00:00,"2.9,2.9,2.9,2.9,71642"
2026-04-06T09:45:00.000-00:00,"2.9,2.89,2.9,2.88,2578193"
2026-04-06T09:50:00.000-00:00,"2.89,2.9,2.9,2.89,418636"
2026-04-06T09:55:00.000-00:00,"2.9,2.9,2.9,2.89,1581801"
2026-04-06T10:00:00.000-00:00,"2.89,2.9,2.9,2.89,141103"
2026-04-06T10:05:00.000-00:00,"2.9,2.9,2.9,2.89,25282"
2026-04-06T10:10:00.000-00:00,"2.89,2.89,2.9,2.89,208815"
2026-04-06T10:15:00.000-00:00,"2.89,2.9,2.9,2.89,483028"
2026-04-06T10:20:00.000-00:00,"2.9,2.89,2.9,2.88,299042"
2026-04-06T10:25:00.000-00:00,"2.89,2.9,2.9,2.89,109498"
2026-04-06T10:30:00.000-00:00,"2.9,2.9,2.9,2.89,6735"
2026-04-06T10:35:00.000-00:00,"2.9,2.9,2.9,2.89,463109"
2026-04-06T10:40:00.000-00:00,"2.89,2.89,2.9,2.89,1788"
2026-04-06T10:45:00.000-00:00,"2.89,2.9,2.9,2.89,269377"
2026-04-06T10:50:00.000-00:00,"2.9,2.9,2.9,2.89,31054"
2026-04-06T10:55:00.000-00:00,"2.9,2.89,2.9,2.89,22459"
2026-04-06T11:00:00.000-00:00,"2.89,2.89,2.9,2.89,26507"
2026-04-06T11:05:00.000-00:00,"2.89,2.9,2.9,2.89,276907"
2026-04-06T11:10:00.000-00:00,"2.9,2.89,2.9,2.89,117380"
2026-04-06T11:15:00.000-00:00,"2.9,2.89,2.9,2.89,1450205"
2026-04-06T11:20:00.000-00:00,"2.88,2.89,2.89,2.88,322859"
2026-04-06T11:25:00.000-00:00,"2.89,2.89,2.9,2.88,128317"
2026-04-06T11:30:00.000-00:00,"2.89,2.9,2.9,2.89,14077"
2026-04-06T11:35:00.000-00:00,"2.9,2.9,2.9,2.89,46179"
2026-04-06T11:40:00.000-00:00,"2.89,2.89,2.9,2.88,86837"
2026-04-06T11:45:00.000-00:00,"2.89,2.89,2.89,2.88,294006"
2026-04-06T11:50:00.000-00:00,"2.89,2.89,2.89,2.88,716563"
2026-04-06T11:55:00.000-00:00,"2.89,2.88,2.9,2.88,528139"
2026-04-06T12:00:00.000-00:00,"2.89,2.89,2.89,2.88,66597"
2026-04-06T12:05:00.000-00:00,"2.88,2.88,2.89,2.88,164937"
2026-04-06T12:10:00.000-00:00,"2.88,2.87,2.89,2.87,3760970"
2026-04-06T12:25:00.000-00:00,"2.87,2.87,2.87,2.87,5724130"
2026-04-07T08:00:00.000-00:00,"2.87,2.87,2.88,2.87,1714936"
2026-04-07T08:05:00.000-00:00,"2.87,2.88,2.88,2.86,964681"
2026-04-07T08:10:00.000-00:00,"2.88,2.88,2.88,2.88,164156"
2026-04-07T08:15:00.000-00:00,"2.88,2.87,2.89,2.87,1659013"
2026-04-07T08:20:00.000-00:00,"2.88,2.88,2.89,2.88,403509"
2026-04-07T08:25:00.000-00:00,"2.89,2.88,2.89,2.88,62781"
2026-04-07T08:30:00.000-00:00,"2.89,2.88,2.89,2.88,541088"
2026-04-07T08:35:00.000-00:00,"2.88,2.89,2.89,2.88,58210"
2026-04-07T08:40:00.000-00:00,"2.88,2.89,2.89,2.88,5010086"
2026-04-07T08:45:00.000-00:00,"2.88,2.89,2.89,2.88,120593"
2026-04-07T08:50:00.000-00:00,"2.89,2.89,2.89,2.88,3531918"
2026-04-07T08:55:00.000-00:00,"2.89,2.88,2.89,2.88,80893"
2026-04-07T09:00:00.000-00:00,"2.89,2.88,2.89,2.88,21086"
2026-04-07T09:05:00.000-00:00,"2.89,2.89,2.89,2.88,8061907"
2026-04-07T09:10:00.000-00:00,"2.88,2.89,2.89,2.88,419899"
2026-04-07T09:15:00.000-00:00,"2.88,2.88,2.89,2.88,139688"
2026-04-07T09:20:00.000-00:00,"2.88,2.88,2.88,2.88,32485"
2026-04-07T09:25:00.000-00:00,"2.88,2.89,2.89,2.88,64779"
2026-04-07T09:30:00.000-00:00,"2.88,2.88,2.88,2.87,189289"
2026-04-07T09:35:00.000-00:00,"2.87,2.87,2.88,2.87,49051"
2026-04-07T09:40:00.000-00:00,"2.87,2.88,2.88,2.87,254382"
2026-04-07T09:45:00.000-00:00,"2.87,2.88,2.89,2.87,55458"
2026-04-07T09:50:00.000-00:00,"2.88,2.88,2.88,2.87,51786"
2026-04-07T09:55:00.000-00:00,"2.88,2.88,2.88,2.87,702812"
2026-04-07T10:00:00.000-00:00,"2.87,2.88,2.89,2.87,55096"
2026-04-07T10:05:00.000-00:00,"2.89,2.88,2.89,2.88,60646"
2026-04-07T10:10:00.000-00:00,"2.88,2.88,2.89,2.87,146783"
2026-04-07T10:15:00.000-00:00,"2.88,2.88,2.89,2.88,66650"
2026-04-07T10:20:00.000-00:00,"2.87,2.87,2.88,2.87,11312"
2026-04-07T10:25:00.000-00:00,"2.88,2.87,2.88,2.87,786983"
2026-04-07T10:30:00.000-00:00,"2.88,2.87,2.88,2.87,9349"
2026-04-07T10:35:00.000-00:00,"2.87,2.87,2.88,2.87,787317"
2026-04-07T10:40:00.000-00:00,"2.87,2.86,2.87,2.86,106844"
2026-04-07T10:45:00.000-00:00,"2.87,2.85,2.87,2.85,910588"
2026-04-07T10:50:00.000-00:00,"2.86,2.86,2.86,2.85,137199"
2026-04-07T10:55:00.000-00:00,"2.86,2.85,2.86,2.85,23776"
2026-04-07T11:00:00.000-00:00,"2.86,2.86,2.86,2.85,990073"
2026-04-07T11:05:00.000-00:00,"2.85,2.85,2.86,2.85,176755"
2026-04-07T11:10:00.000-00:00,"2.85,2.85,2.85,2.85,256305"
2026-04-07T11:15:00.000-00:00,"2.85,2.86,2.86,2.85,20770"
2026-04-07T11:20:00.000-00:00,"2.85,2.86,2.86,2.85,410000"
2026-04-07T11:25:00.000-00:00,"2.86,2.86,2.86,2.85,171275"
2026-04-07T11:30:00.000-00:00,"2.85,2.86,2.86,2.85,4007427"
2026-04-07T11:35:00.000-00:00,"2.85,2.85,2.86,2.85,513907"
2026-04-07T11:40:00.000-00:00,"2.86,2.85,2.86,2.85,362697"
2026-04-07T11:45:00.000-00:00,"2.85,2.85,2.85,2.84,185580"
2026-04-07T11:50:00.000-00:00,"2.85,2.85,2.85,2.84,340879"
2026-04-07T11:55:00.000-00:00,"2.84,2.84,2.85,2.84,219643"
2026-04-07T12:00:00.000-00:00,"2.85,2.84,2.85,2.84,738657"
2026-04-07T12:05:00.000-00:00,"2.84,2.84,2.85,2.83,1079826"
2026-04-07T12:10:00.000-00:00,"2.84,2.84,2.85,2.83,1461790"
2026-04-07T12:25:00.000-00:00,"2.83,2.83,2.83,2.83,4068970"
2026-04-08T08:00:00.000-00:00,"2.9,2.9,2.92,2.89,5934349"
2026-04-08T08:05:00.000-00:00,"2.89,2.9,2.9,2.89,1819857"
2026-04-08T08:10:00.000-00:00,"2.9,2.9,2.91,2.89,792679"
2026-04-08T08:15:00.000-00:00,"2.9,2.9,2.9,2.89,745567"
2026-04-08T08:20:00.000-00:00,"2.9,2.9,2.9,2.89,955993"
2026-04-08T08:25:00.000-00:00,"2.9,2.9,2.91,2.9,333014"
2026-04-08T08:30:00.000-00:00,"2.9,2.9,2.91,2.89,1024204"
2026-04-08T08:35:00.000-00:00,"2.89,2.9,2.9,2.89,58671"
2026-04-08T08:40:00.000-00:00,"2.9,2.89,2.9,2.88,278492"
2026-04-08T08:45:00.000-00:00,"2.88,2.89,2.89,2.88,42899"
2026-04-08T08:50:00.000-00:00,"2.89,2.89,2.9,2.89,148637"
2026-04-08T08:55:00.000-00:00,"2.89,2.88,2.89,2.88,59272"
2026-04-08T09:00:00.000-00:00,"2.89,2.89,2.89,2.89,81649"
2026-04-08T09:05:00.000-00:00,"2.89,2.89,2.89,2.88,58103"
2026-04-08T09:10:00.000-00:00,"2.88,2.89,2.89,2.88,242648"
2026-04-08T09:15:00.000-00:00,"2.89,2.89,2.89,2.88,59757"
2026-04-08T09:20:00.000-00:00,"2.89,2.88,2.89,2.88,7020"
2026-04-08T09:25:00.000-00:00,"2.88,2.89,2.89,2.88,50321"
2026-04-08T09:30:00.000-00:00,"2.89,2.89,2.89,2.89,229758"
2026-04-08T09:35:00.000-00:00,"2.89,2.88,2.89,2.88,206840"
2026-04-08T09:40:00.000-00:00,"2.88,2.88,2.89,2.88,166850"
2026-04-08T09:45:00.000-00:00,"2.89,2.89,2.89,2.89,1092389"
2026-04-08T09:50:00.000-00:00,"2.89,2.89,2.89,2.88,276866"
2026-04-08T09:55:00.000-00:00,"2.89,2.9,2.9,2.89,333716"
2026-04-08T10:00:00.000-00:00,"2.9,2.9,2.9,2.89,30193"
2026-04-08T10:05:00.000-00:00,"2.89,2.9,2.9,2.89,60891"
2026-04-08T10:10:00.000-00:00,"2.9,2.89,2.9,2.89,156118"
2026-04-08T10:15:00.000-00:00,"2.9,2.89,2.9,2.89,41866"
2026-04-08T10:20:00.000-00:00,"2.89,2.89,2.9,2.89,27043"
2026-04-08T10:25:00.000-00:00,"2.89,2.9,2.9,2.89,82400"
2026-04-08T10:30:00.000-00:00,"2.9,2.89,2.9,2.89,10094"
2026-04-08T10:35:00.000-00:00,"2.9,2.89,2.9,2.89,138413"
2026-04-08T10:40:00.000-00:00,"2.9,2.89,2.9,2.89,214371"
2026-04-08T10:45:00.000-00:00,"2.9,2.89,2.9,2.89,53367"
2026-04-08T10:50:00.000-00:00,"2.89,2.89,2.9,2.89,44432"
2026-04-08T10:55:00.000-00:00,"2.9,2.89,2.9,2.89,2880"
2026-04-08T11:00:00.000-00:00,"2.89,2.89,2.9,2.89,37954"
2026-04-08T11:05:00.000-00:00,"2.9,2.9,2.9,2.89,116259"
2026-04-08T11:10:00.000-00:00,"2.9,2.9,2.9,2.89,59818"
2026-04-08T11:15:00.000-00:00,"2.9,2.89,2.9,2.89,661553"
2026-04-08T11:20:00.000-00:00,"2.89,2.9,2.9,2.89,217016"
2026-04-08T11:25:00.000-00:00,"2.89,2.89,2.89,2.89,334006"
2026-04-08T11:30:00.000-00:00,"2.9,2.89,2.9,2.88,167648"
2026-04-08T11:35:00.000-00:00,"2.89,2.88,2.89,2.88,264248"
2026-04-08T11:40:00.000-00:00,"2.89,2.89,2.89,2.88,348797"
2026-04-08T11:45:00.000-00:00,"2.89,2.89,2.89,2.88,68409"
2026-04-08T11:50:00.000-00:00,"2.89,2.89,2.89,2.88,335471"
2026-04-08T11:55:00.000-00:00,"2.89,2.89,2.9,2.89,128503"
2026-04-08T12:00:00.000-00:00,"2.89,2.89,2.89,2.88,1757123"
2026-04-08T12:05:00.000-00:00,"2.89,2.89,2.89,2.88,343386"
2026-04-08T12:10:00.000-00:00,"2.88,2.88,2.89,2.88,1374680"
2026-04-08T12:25:00.000-00:00,"2.89,2.89,2.89,2.89,501143"
2026-04-09T08:00:00.000-00:00,"2.89,2.88,2.9,2.88,282647"
2026-04-09T08:05:00.000-00:00,"2.88,2.89,2.89,2.88,351501"
2026-04-09T08:10:00.000-00:00,"2.89,2.88,2.89,2.86,678578"
2026-04-09T08:15:00.000-00:00,"2.88,2.88,2.88,2.88,54558"
2026-04-09T08:20:00.000-00:00,"2.88,2.88,2.89,2.87,179762"
2026-04-09T08:25:00.000-00:00,"2.88,2.88,2.88,2.88,182562"
2026-04-09T08:30:00.000-00:00,"2.88,2.89,2.89,2.88,92149"
2026-04-09T08:35:00.000-00:00,"2.89,2.89,2.89,2.88,63828"
2026-04-09T08:40:00.000-00:00,"2.88,2.89,2.89,2.88,113185"
2026-04-09T08:45:00.000-00:00,"2.88,2.89,2.89,2.87,271187"
2026-04-09T08:50:00.000-00:00,"2.89,2.88,2.89,2.88,264711"
2026-04-09T08:55:00.000-00:00,"2.87,2.88,2.88,2.87,130495"
2026-04-09T09:00:00.000-00:00,"2.88,2.88,2.89,2.87,226970"
2026-04-09T09:05:00.000-00:00,"2.89,2.89,2.89,2.88,37422"
2026-04-09T09:10:00.000-00:00,"2.89,2.88,2.89,2.88,162911"
2026-04-09T09:15:00.000-00:00,"2.88,2.88,2.89,2.88,128758"
2026-04-09T09:20:00.000-00:00,"2.88,2.88,2.89,2.88,43028"
2026-04-09T09:25:00.000-00:00,"2.89,2.89,2.89,2.88,33449"
2026-04-09T09:30:00.000-00:00,"2.88,2.88,2.88,2.88,471789"
2026-04-09T09:35:00.000-00:00,"2.88,2.88,2.89,2.87,645363"
2026-04-09T09:40:00.000-00:00,"2.88,2.9,2.9,2.88,1627386"
2026-04-09T09:45:00.000-00:00,"2.89,2.89,2.9,2.89,313957"
2026-04-09T09:50:00.000-00:00,"2.89,2.89,2.89,2.89,101339"
2026-04-09T09:55:00.000-00:00,"2.89,2.89,2.89,2.88,17772"
2026-04-09T10:00:00.000-00:00,"2.88,2.89,2.89,2.88,3958"
2026-04-09T10:05:00.000-00:00,"2.89,2.89,2.89,2.88,144793"
2026-04-09T10:10:00.000-00:00,"2.89,2.89,2.89,2.88,255359"
2026-04-09T10:15:00.000-00:00,"2.89,2.88,2.89,2.88,100708"
2026-04-09T10:20:00.000-00:00,"2.89,2.9,2.9,2.88,225184"
2026-04-09T10:25:00.000-00:00,"2.9,2.89,2.9,2.89,46192"
2026-04-09T10:30:00.000-00:00,"2.89,2.89,2.9,2.89,35828"
2026-04-09T10:35:00.000-00:00,"2.89,2.9,2.9,2.88,324894"
2026-04-09T10:40:00.000-00:00,"2.89,2.9,2.9,2.89,144073"
2026-04-09T10:45:00.000-00:00,"2.89,2.89,2.9,2.89,304288"
2026-04-09T10:50:00.000-00:00,"2.89,2.89,2.89,2.88,380300"
2026-04-09T10:55:00.000-00:00,"2.89,2.89,2.89,2.89,213760"
2026-04-09T11:00:00.000-00:00,"2.89,2.88,2.89,2.88,55846"
2026-04-09T11:05:00.000-00:00,"2.89,2.88,2.89,2.88,71742"
2026-04-09T11:10:00.000-00:00,"2.88,2.88,2.89,2.88,85551"
2026-04-09T11:15:00.000-00:00,"2.88,2.88,2.89,2.88,521407"
2026-04-09T11:20:00.000-00:00,"2.88,2.87,2.89,2.87,1730873"
2026-04-09T11:25:00.000-00:00,"2.87,2.87,2.88,2.87,461180"
2026-04-09T11:30:00.000-00:00,"2.87,2.87,2.88,2.87,725577"
2026-04-09T11:35:00.000-00:00,"2.87,2.87,2.88,2.87,94362"
2026-04-09T11:40:00.000-00:00,"2.88,2.87,2.88,2.87,1710359"
2026-04-09T11:45:00.000-00:00,"2.87,2.88,2.88,2.87,424170"
2026-04-09T11:50:00.000-00:00,"2.88,2.87,2.88,2.86,429192"
2026-04-09T11:55:00.000-00:00,"2.87,2.87,2.87,2.86,1293833"
2026-04-09T12:00:00.000-00:00,"2.86,2.86,2.87,2.85,2579888"
2026-04-09T12:05:00.000-00:00,"2.86,2.87,2.87,2.86,474391"
2026-04-09T12:10:00.000-00:00,"2.87,2.87,2.87,2.86,654289"
2026-04-09T12:25:00.000-00:00,"2.87,2.87,2.87,2.87,1529098"
2026-04-14T08:00:00.000-00:00,"2.87,2.87,2.88,2.87,245610"
2026-04-14T08:05:00.000-00:00,"2.87,2.88,2.89,2.87,646983"
2026-04-14T08:10:00.000-00:00,"2.88,2.89,2.89,2.87,211359"
2026-04-14T08:15:00.000-00:00,"2.88,2.9,2.9,2.88,1684344"
2026-04-14T08:20:00.000-00:00,"2.9,2.91,2.91,2.9,794778"
2026-04-14T08:25:00.000-00:00,"2.91,2.91,2.91,2.9,182075"
2026-04-14T08:30:00.000-00:00,"2.9,2.9,2.91,2.9,64914"
2026-04-14T08:35:00.000-00:00,"2.9,2.9,2.91,2.9,86099"
2026-04-14T08:40:00.000-00:00,"2.9,2.9,2.91,2.9,334118"
2026-04-14T08:45:00.000-00:00,"2.9,2.9,2.9,2.89,950361"
2026-04-14T08:50:00.000-00:00,"2.9,2.9,2.91,2.89,228330"
2026-04-14T08:55:00.000-00:00,"2.89,2.89,2.9,2.89,21297"
2026-04-14T09:00:00.000-00:00,"2.9,2.89,2.9,2.89,6951488"
2026-04-14T09:05:00.000-00:00,"2.89,2.89,2.9,2.89,94927"
2026-04-14T09:10:00.000-00:00,"2.9,2.9,2.9,2.89,233125"
2026-04-14T09:15:00.000-00:00,"2.9,2.9,2.9,2.9,10974"
2026-04-14T09:20:00.000-00:00,"2.9,2.89,2.9,2.89,210200"
2026-04-14T09:25:00.000-00:00,"2.89,2.9,2.9,2.89,47397"
2026-04-14T09:30:00.000-00:00,"2.89,2.89,2.89,2.89,159493"
2026-04-14T09:35:00.000-00:00,"2.89,2.89,2.89,2.88,121349"
2026-04-14T09:40:00.000-00:00,"2.89,2.89,2.89,2.88,89418"
2026-04-14T09:45:00.000-00:00,"2.89,2.88,2.89,2.88,26310"
2026-04-14T09:50:00.000-00:00,"2.89,2.89,2.89,2.88,124116"
2026-04-14T09:55:00.000-00:00,"2.89,2.89,2.89,2.88,35154"
2026-04-14T10:00:00.000-00:00,"2.88,2.89,2.89,2.88,98082"
2026-04-14T10:05:00.000-00:00,"2.89,2.88,2.9,2.88,1178050"
2026-04-14T10:10:00.000-00:00,"2.88,2.88,2.89,2.88,265453"
2026-04-14T10:15:00.000-00:00,"2.88,2.89,2.89,2.87,524358"
2026-04-14T10:20:00.000-00:00,"2.88,2.88,2.89,2.88,390094"
2026-04-14T10:25:00.000-00:00,"2.88,2.89,2.89,2.88,8010"
2026-04-14T10:30:00.000-00:00,"2.88,2.89,2.89,2.88,226777"
2026-04-14T10:35:00.000-00:00,"2.88,2.88,2.89,2.88,33389"
2026-04-14T10:40:00.000-00:00,"2.88,2.88,2.89,2.88,433454"
2026-04-14T10:45:00.000-00:00,"2.88,2.88,2.88,2.87,733262"
2026-04-14T10:50:00.000-00:00,"2.88,2.89,2.89,2.88,329370"
2026-04-14T10:55:00.000-00:00,"2.89,2.88,2.89,2.88,16"
2026-04-14T11:00:00.000-00:00,"2.89,2.88,2.89,2.88,45524"
2026-04-14T11:05:00.000-00:00,"2.88,2.88,2.89,2.88,278185"
2026-04-14T11:10:00.000-00:00,"2.88,2.88,2.89,2.88,203399"
2026-04-14T11:15:00.000-00:00,"2.88,2.88,2.89,2.87,543812"
2026-04-14T11:20:00.000-00:00,"2.89,2.88,2.89,2.88,233845"
2026-04-14T11:25:00.000-00:00,"2.88,2.87,2.88,2.87,181656"
2026-04-14T11:30:00.000-00:00,"2.87,2.88,2.88,2.87,51677"
2026-04-14T11:35:00.000-00:00,"2.87,2.88,2.88,2.87,113036"
2026-04-14T11:40:00.000-00:00,"2.88,2.88,2.89,2.88,460550"
2026-04-14T11:45:00.000-00:00,"2.88,2.87,2.89,2.87,201098"
2026-04-14T11:50:00.000-00:00,"2.87,2.87,2.88,2.87,1118737"
2026-04-14T11:55:00.000-00:00,"2.87,2.87,2.87,2.86,1526298"
2026-04-14T12:00:00.000-00:00,"2.87,2.87,2.88,2.87,916343"
2026-04-14T12:05:00.000-00:00,"2.87,2.87,2.88,2.86,363904"
2026-04-14T12:10:00.000-00:00,"2.87,2.88,2.88,2.86,842863"
2026-04-14T12:25:00.000-00:00,"2.88,2.88,2.88,2.88,854050"
2026-04-15T08:00:00.000-00:00,"2.89,2.89,2.9,2.88,802907"
2026-04-15T08:05:00.000-00:00,"2.89,2.89,2.89,2.88,253208"
2026-04-15T08:10:00.000-00:00,"2.89,2.88,2.9,2.88,463931"
2026-04-15T08:15:00.000-00:00,"2.89,2.89,2.89,2.88,165787"
2026-04-15T08:20:00.000-00:00,"2.88,2.89,2.89,2.88,202861"
2026-04-15T08:25:00.000-00:00,"2.89,2.91,2.91,2.88,7246573"
2026-04-15T08:30:00.000-00:00,"2.91,2.92,2.94,2.91,8184382"
2026-04-15T08:35:00.000-00:00,"2.92,2.93,2.93,2.91,412087"
2026-04-15T08:40:00.000-00:00,"2.93,2.93,2.93,2.92,470869"
2026-04-15T08:45:00.000-00:00,"2.93,2.92,2.93,2.92,246946"
2026-04-15T08:50:00.000-00:00,"2.93,2.92,2.93,2.91,1857304"
2026-04-15T08:55:00.000-00:00,"2.92,2.92,2.92,2.91,168381"
2026-04-15T09:00:00.000-00:00,"2.92,2.93,2.93,2.91,2095545"
2026-04-15T09:05:00.000-00:00,"2.92,2.93,2.93,2.92,1224947"
2026-04-15T09:10:00.000-00:00,"2.92,2.93,2.93,2.92,375400"
2026-04-15T09:15:00.000-00:00,"2.92,2.92,2.93,2.92,550932"
2026-04-15T09:20:00.000-00:00,"2.92,2.91,2.93,2.91,169174"
2026-04-15T09:25:00.000-00:00,"2.92,2.92,2.93,2.92,1786579"
2026-04-15T09:30:00.000-00:00,"2.93,2.92,2.93,2.92,771669"
2026-04-15T09:35:00.000-00:00,"2.92,2.93,2.93,2.91,236933"
2026-04-15T09:40:00.000-00:00,"2.92,2.93,2.93,2.92,4188566"
2026-04-15T09:45:00.000-00:00,"2.93,2.93,2.94,2.93,441509"
2026-04-15T09:50:00.000-00:00,"2.92,2.92,2.93,2.92,186359"
2026-04-15T09:55:00.000-00:00,"2.93,2.93,2.94,2.92,627037"
2026-04-15T10:00:00.000-00:00,"2.92,2.92,2.93,2.92,109456"
2026-04-15T10:05:00.000-00:00,"2.93,2.93,2.93,2.92,90918"
2026-04-15T10:10:00.000-00:00,"2.93,2.93,2.93,2.92,28399"
2026-04-15T10:15:00.000-00:00,"2.93,2.93,2.93,2.93,48210"
2026-04-15T10:20:00.000-00:00,"2.93,2.94,2.94,2.92,987557"
2026-04-15T10:25:00.000-00:00,"2.93,2.93,2.93,2.92,308267"
2026-04-15T10:30:00.000-00:00,"2.93,2.93,2.93,2.92,49793"
2026-04-15T10:35:00.000-00:00,"2.93,2.92,2.93,2.92,829440"
2026-04-15T10:40:00.000-00:00,"2.93,2.92,2.93,2.91,925583"
2026-04-15T10:45:00.000-00:00,"2.92,2.91,2.92,2.91,31161"
2026-04-15T10:50:00.000-00:00,"2.92,2.92,2.92,2.91,235976"
2026-04-15T10:55:00.000-00:00,"2.93,2.92,2.93,2.92,541922"
2026-04-15T11:00:00.000-00:00,"2.92,2.92,2.92,2.92,75401"
2026-04-15T11:05:00.000-00:00,"2.92,2.92,2.93,2.92,10602"
2026-04-15T11:10:00.000-00:00,"2.92,2.92,2.93,2.92,123225"
2026-04-15T11:15:00.000-00:00,"2.93,2.93,2.93,2.91,4712498"
2026-04-15T11:20:00.000-00:00,"2.92,2.92,2.92,2.92,197800"
2026-04-15T11:25:00.000-00:00,"2.92,2.92,2.93,2.92,384119"
2026-04-15T11:30:00.000-00:00,"2.91,2.92,2.92,2.91,560496"
2026-04-15T11:35:00.000-00:00,"2.92,2.92,2.92,2.91,252113"
2026-04-15T11:40:00.000-00:00,"2.91,2.92,2.92,2.91,22446"
2026-04-15T11:45:00.000-00:00,"2.91,2.92,2.92,2.91,183639"
2026-04-15T11:50:00.000-00:00,"2.91,2.92,2.92,2.91,267200"
2026-04-15T11:55:00.000-00:00,"2.91,2.92,2.93,2.91,1357117"
2026-04-15T12:00:00.000-00:00,"2.92,2.91,2.92,2.91,757618"
2026-04-15T12:05:00.000-00:00,"2.92,2.91,2.92,2.91,1411393"
2026-04-15T12:10:00.000-00:00,"2.92,2.92,2.92,2.91,1538322"
2026-04-15T12:25:00.000-00:00,"2.91,2.91,2.91,2.91,5064356"
2026-04-16T08:00:00.000-00:00,"2.92,2.92,2.93,2.91,1410092"
2026-04-16T08:05:00.000-00:00,"2.92,2.94,2.94,2.92,3090554"
2026-04-16T08:10:00.000-00:00,"2.94,2.95,2.95,2.94,990856"
2026-04-16T08:15:00.000-00:00,"2.95,2.95,2.95,2.94,2126547"
2026-04-16T08:20:00.000-00:00,"2.94,2.94,2.95,2.93,961257"
2026-04-16T08:25:00.000-00:00,"2.94,2.94,2.94,2.93,211035"
2026-04-16T08:30:00.000-00:00,"2.93,2.93,2.94,2.93,57333"
2026-04-16T08:35:00.000-00:00,"2.94,2.95,2.95,2.93,2445449"
2026-04-16T08:40:00.000-00:00,"2.95,2.96,2.97,2.94,6304655"
2026-04-16T08:45:00.000-00:00,"2.97,2.97,2.98,2.96,3852402"
2026-04-16T08:50:00.000-00:00,"2.96,2.97,2.98,2.96,1480533"
2026-04-16T08:55:00.000-00:00,"2.98,2.99,2.99,2.97,3436951"
2026-04-16T09:00:00.000-00:00,"2.98,2.98,2.99,2.98,1263644"
2026-04-16T09:05:00.000-00:00,"2.99,2.98,2.99,2.97,1625964"
2026-04-16T09:10:00.000-00:00,"2.98,2.98,2.98,2.97,52995"
2026-04-16T09:15:00.000-00:00,"2.98,2.98,2.98,2.97,685110"
2026-04-16T09:20:00.000-00:00,"2.98,2.97,2.99,2.97,16624781"
2026-04-16T09:25:00.000-00:00,"2.97,2.98,2.98,2.97,858750"
2026-04-16T09:30:00.000-00:00,"2.98,2.97,2.98,2.97,95698"
2026-04-16T09:35:00.000-00:00,"2.97,2.98,2.98,2.97,1434044"
2026-04-16T09:40:00.000-00:00,"2.98,2.97,2.98,2.97,74345"
2026-04-16T09:45:00.000-00:00,"2.97,2.97,2.98,2.97,379991"
2026-04-16T09:50:00.000-00:00,"2.97,2.96,2.98,2.96,1824015"
2026-04-16T09:55:00.000-00:00,"2.96,2.96,2.97,2.96,964320"
2026-04-16T10:00:00.000-00:00,"2.97,2.95,2.97,2.95,5765042"
2026-04-16T10:05:00.000-00:00,"2.95,2.95,2.96,2.95,351713"
2026-04-16T10:10:00.000-00:00,"2.95,2.95,2.96,2.94,494696"
2026-04-16T10:15:00.000-00:00,"2.94,2.95,2.95,2.94,9553"
2026-04-16T10:20:00.000-00:00,"2.95,2.95,2.95,2.94,856825"
2026-04-16T10:25:00.000-00:00,"2.94,2.95,2.95,2.94,17080"
2026-04-16T10:30:00.000-00:00,"2.94,2.94,2.94,2.94,887401"
2026-04-16T10:35:00.000-00:00,"2.94,2.95,2.95,2.94,1022270"
2026-04-16T10:40:00.000-00:00,"2.95,2.95,2.95,2.94,724666"
2026-04-16T10:45:00.000-00:00,"2.95,2.95,2.95,2.94,666327"
2026-04-16T10:50:00.000-00:00,"2.95,2.95,2.96,2.95,921030"
2026-04-16T10:55:00.000-00:00,"2.95,2.95,2.95,2.94,120552"
2026-04-16T11:00:00.000-00:00,"2.95,2.95,2.95,2.94,97422"
2026-04-16T11:05:00.000-00:00,"2.94,2.95,2.95,2.94,443391"
2026-04-16T11:10:00.000-00:00,"2.95,2.94,2.95,2.94,375183"
2026-04-16T11:15:00.000-00:00,"2.95,2.95,2.95,2.95,1218135"
2026-04-16T11:20:00.000-00:00,"2.95,2.95,2.95,2.94,125472"
2026-04-16T11:25:00.000-00:00,"2.95,2.95,2.95,2.95,78328"
2026-04-16T11:30:00.000-00:00,"2.95,2.95,2.95,2.95,61531"
2026-04-16T11:35:00.000-00:00,"2.95,2.95,2.96,2.94,1018701"
2026-04-16T11:40:00.000-00:00,"2.95,2.95,2.95,2.94,52955"
2026-04-16T11:45:00.000-00:00,"2.94,2.94,2.95,2.93,1148578"
2026-04-16T11:50:00.000-00:00,"2.94,2.94,2.95,2.94,411292"
2026-04-16T11:55:00.000-00:00,"2.95,2.95,2.95,2.94,323538"
2026-04-16T12:00:00.000-00:00,"2.94,2.94,2.95,2.94,428077"
2026-04-16T12:05:00.000-00:00,"2.94,2.93,2.95,2.93,552118"
2026-04-16T12:10:00.000-00:00,"2.94,2.93,2.94,2.93,4656529"
2026-04-16T12:25:00.000-00:00,"2.94,2.94,2.94,2.94,7233028"
2026-04-19T08:00:00.000-00:00,"2.96,2.95,2.97,2.95,2366027"
2026-04-19T08:05:00.000-00:00,"2.96,2.96,2.96,2.95,381491"
2026-04-19T08:10:00.000-00:00,"2.96,2.95,2.96,2.95,561281"
2026-04-19T08:15:00.000-00:00,"2.95,2.96,2.96,2.94,962910"
2026-04-19T08:20:00.000-00:00,"2.95,2.96,2.96,2.95,55315"
2026-04-19T08:25:00.000-00:00,"2.96,2.97,2.97,2.95,1249906"
2026-04-19T08:30:00.000-00:00,"2.97,2.97,2.97,2.96,559388"
2026-04-19T08:35:00.000-00:00,"2.97,2.96,2.97,2.96,168854"
2026-04-19T08:40:00.000-00:00,"2.97,2.96,2.97,2.96,861398"
2026-04-19T08:45:00.000-00:00,"2.96,2.96,2.96,2.95,115193"
2026-04-19T08:50:00.000-00:00,"2.96,2.95,2.96,2.95,67057"
2026-04-19T08:55:00.000-00:00,"2.95,2.95,2.96,2.95,8920"
2026-04-19T09:00:00.000-00:00,"2.95,2.95,2.96,2.95,400906"
2026-04-19T09:05:00.000-00:00,"2.96,2.95,2.96,2.95,939934"
2026-04-19T09:10:00.000-00:00,"2.95,2.94,2.95,2.94,118824"
2026-04-19T09:15:00.000-00:00,"2.95,2.95,2.95,2.94,146837"
2026-04-19T09:20:00.000-00:00,"2.95,2.94,2.95,2.94,41429"
2026-04-19T09:25:00.000-00:00,"2.94,2.94,2.95,2.94,137685"
2026-04-19T09:30:00.000-00:00,"2.95,2.95,2.95,2.95,161487"
2026-04-19T09:35:00.000-00:00,"2.95,2.95,2.95,2.94,315157"
2026-04-19T09:40:00.000-00:00,"2.95,2.95,2.95,2.94,27003"
2026-04-19T09:45:00.000-00:00,"2.95,2.94,2.95,2.94,87219"
2026-04-19T09:50:00.000-00:00,"2.94,2.94,2.94,2.94,3552957"
2026-04-19T09:55:00.000-00:00,"2.94,2.95,2.95,2.94,250010"
2026-04-19T10:00:00.000-00:00,"2.95,2.95,2.95,2.94,42469"
2026-04-19T10:05:00.000-00:00,"2.95,2.95,2.95,2.95,180936"
2026-04-19T10:10:00.000-00:00,"2.95,2.95,2.95,2.94,852457"
2026-04-19T10:15:00.000-00:00,"2.95,2.95,2.96,2.94,2829871"
2026-04-19T10:20:00.000-00:00,"2.96,2.96,2.97,2.95,2701432"
2026-04-19T10:25:00.000-00:00,"2.96,2.96,2.96,2.96,317238"
2026-04-19T10:30:00.000-00:00,"2.96,2.96,2.96,2.95,182717"
2026-04-19T10:35:00.000-00:00,"2.96,2.95,2.96,2.95,232540"
2026-04-19T10:40:00.000-00:00,"2.94,2.94,2.95,2.94,1421127"
2026-04-19T10:45:00.000-00:00,"2.94,2.94,2.95,2.94,96220"
2026-04-19T10:50:00.000-00:00,"2.95,2.94,2.95,2.94,96019"
2026-04-19T10:55:00.000-00:00,"2.94,2.94,2.95,2.94,8254"
2026-04-19T11:00:00.000-00:00,"2.94,2.95,2.95,2.94,468508"
2026-04-19T11:05:00.000-00:00,"2.94,2.94,2.95,2.94,210320"
2026-04-19T11:10:00.000-00:00,"2.95,2.94,2.95,2.94,91578"
2026-04-19T11:15:00.000-00:00,"2.94,2.95,2.95,2.94,250524"
2026-04-19T11:20:00.000-00:00,"2.94,2.95,2.95,2.94,33792"
2026-04-19T11:25:00.000-00:00,"2.94,2.95,2.95,2.94,83559"
2026-04-19T11:30:00.000-00:00,"2.95,2.94,2.95,2.94,740"
2026-04-19T11:35:00.000-00:00,"2.94,2.95,2.95,2.94,145355"
2026-04-19T11:40:00.000-00:00,"2.94,2.95,2.95,2.94,22108"
2026-04-19T11:45:00.000-00:00,"2.95,2.94,2.95,2.94,394234"
2026-04-19T11:50:00.000-00:00,"2.95,2.94,2.95,2.93,237223"
2026-04-19T11:55:00.000-00:00,"2.94,2.94,2.94,2.93,78470"
2026-04-19T12:00:00.000-00:00,"2.94,2.94,2.94,2.93,112579"
2026-04-19T12:05:00.000-00:00,"2.94,2.93,2.94,2.93,1714515"
2026-04-19T12:10:00.000-00:00,"2.93,2.93,2.94,2.92,892607"
2026-04-19T12:25:00.000-00:00,"2.94,2.94,2.94,2.94,1518708"
2026-04-20T08:00:00.000-00:00,"2.95,2.93,2.95,2.92,399458"
2026-04-20T08:05:00.000-00:00,"2.93,2.94,2.94,2.92,372967"
2026-04-20T08:10:00.000-00:00,"2.92,2.93,2.94,2.92,145766"
2026-04-20T08:15:00.000-00:00,"2.93,2.93,2.94,2.92,96783"
2026-04-20T08:20:00.000-00:00,"2.92,2.93,2.93,2.92,237976"
2026-04-20T08:25:00.000-00:00,"2.93,2.93,2.93,2.92,231778"
2026-04-20T08:30:00.000-00:00,"2.92,2.92,2.93,2.92,293159"
2026-04-20T08:35:00.000-00:00,"2.92,2.92,2.93,2.92,5818"
2026-04-20T08:40:00.000-00:00,"2.93,2.92,2.93,2.92,358695"
2026-04-20T08:45:00.000-00:00,"2.91,2.92,2.92,2.91,216533"
2026-04-20T08:50:00.000-00:00,"2.91,2.92,2.92,2.91,43424"
2026-04-20T08:55:00.000-00:00,"2.92,2.91,2.92,2.91,1230865"
2026-04-20T09:00:00.000-00:00,"2.91,2.91,2.91,2.9,944693"
2026-04-20T09:05:00.000-00:00,"2.91,2.91,2.91,2.9,611528"
2026-04-20T09:10:00.000-00:00,"2.92,2.91,2.92,2.91,435916"
2026-04-20T09:15:00.000-00:00,"2.92,2.91,2.92,2.91,171341"
2026-04-20T09:20:00.000-00:00,"2.91,2.9,2.92,2.9,359518"
2026-04-20T09:25:00.000-00:00,"2.9,2.91,2.92,2.9,46624"
2026-04-20T09:30:00.000-00:00,"2.92,2.91,2.92,2.91,16571"
2026-04-20T09:35:00.000-00:00,"2.91,2.92,2.92,2.91,526904"
2026-04-20T09:40:00.000-00:00,"2.91,2.91,2.92,2.91,38471"
2026-04-20T09:45:00.000-00:00,"2.91,2.91,2.92,2.91,463704"
2026-04-20T09:50:00.000-00:00,"2.92,2.91,2.92,2.91,613701"
2026-04-20T09:55:00.000-00:00,"2.91,2.91,2.91,2.9,704193"
2026-04-20T10:00:00.000-00:00,"2.91,2.91,2.92,2.9,1086482"
2026-04-20T10:05:00.000-00:00,"2.91,2.91,2.91,2.9,9306"
2026-04-20T10:10:00.000-00:00,"2.91,2.91,2.91,2.9,614170"
2026-04-20T10:15:00.000-00:00,"2.91,2.91,2.91,2.9,564957"
2026-04-20T10:20:00.000-00:00,"2.91,2.91,2.91,2.9,1108241"
2026-04-20T10:25:00.000-00:00,"2.91,2.91,2.91,2.9,694227"
2026-04-20T10:30:00.000-00:00,"2.91,2.91,2.91,2.9,183733"
2026-04-20T10:35:00.000-00:00,"2.91,2.9,2.91,2.9,106096"
2026-04-20T10:40:00.000-00:00,"2.9,2.91,2.91,2.9,32755"
2026-04-20T10:45:00.000-00:00,"2.91,2.91,2.91,2.91,38220"
2026-04-20T10:50:00.000-00:00,"2.9,2.91,2.91,2.9,322447"
2026-04-20T10:55:00.000-00:00,"2.91,2.91,2.91,2.89,1701571"
2026-04-20T11:00:00.000-00:00,"2.91,2.9,2.91,2.9,50918"
2026-04-20T11:05:00.000-00:00,"2.9,2.9,2.91,2.9,204967"
2026-04-20T11:10:00.000-00:00,"2.91,2.91,2.91,2.91,62524"
2026-04-20T11:15:00.000-00:00,"2.91,2.91,2.91,2.9,100582"
2026-04-20T11:20:00.000-00:00,"2.9,2.91,2.91,2.9,516282"
2026-04-20T11:25:00.000-00:00,"2.9,2.91,2.91,2.9,265400"
2026-04-20T11:30:00.000-00:00,"2.91,2.91,2.91,2.91,37471"
2026-04-20T11:35:00.000-00:00,"2.91,2.9,2.91,2.9,63046"
2026-04-20T11:40:00.000-00:00,"2.91,2.91,2.91,2.91,26807"
2026-04-20T11:45:00.000-00:00,"2.91,2.89,2.91,2.89,496398"
2026-04-20T11:50:00.000-00:00,"2.9,2.9,2.91,2.9,700814"
2026-04-20T11:55:00.000-00:00,"2.9,2.9,2.9,2.89,230625"
2026-04-20T12:00:00.000-00:00,"2.9,2.9,2.91,2.89,114366"
2026-04-20T12:05:00.000-00:00,"2.9,2.9,2.91,2.9,1074524"
2026-04-20T12:10:00.000-00:00,"2.91,2.9,2.91,2.9,706153"
2026-04-20T12:25:00.000-00:00,"2.92,2.92,2.92,2.92,1273882"
2026-04-21T08:00:00.000-00:00,"2.93,2.91,2.93,2.91,1069103"
2026-04-21T08:05:00.000-00:00,"2.92,2.93,2.93,2.91,524927"
2026-04-21T08:10:00.000-00:00,"2.92,2.92,2.93,2.92,192771"
2026-04-21T08:15:00.000-00:00,"2.92,2.92,2.92,2.92,152468"
2026-04-21T08:20:00.000-00:00,"2.92,2.92,2.93,2.91,266615"
2026-04-21T08:25:00.000-00:00,"2.92,2.93,2.93,2.92,146166"
2026-04-21T08:30:00.000-00:00,"2.93,2.93,2.93,2.92,49580"
2026-04-21T08:35:00.000-00:00,"2.92,2.93,2.93,2.92,748807"
2026-04-21T08:40:00.000-00:00,"2.93,2.94,2.94,2.93,1032300"
2026-04-21T08:45:00.000-00:00,"2.93,2.94,2.94,2.93,50400"
2026-04-21T08:50:00.000-00:00,"2.93,2.93,2.94,2.93,11352"
2026-04-21T08:55:00.000-00:00,"2.93,2.93,2.94,2.93,209763"
2026-04-21T09:00:00.000-00:00,"2.93,2.93,2.94,2.92,1254277"
2026-04-21T09:05:00.000-00:00,"2.92,2.93,2.93,2.92,28037"
2026-04-21T09:10:00.000-00:00,"2.93,2.93,2.93,2.92,126715"
2026-04-21T09:15:00.000-00:00,"2.93,2.93,2.93,2.92,17697"
2026-04-21T09:20:00.000-00:00,"2.93,2.92,2.93,2.92,46992"
2026-04-21T09:25:00.000-00:00,"2.92,2.92,2.93,2.92,605089"
2026-04-21T09:30:00.000-00:00,"2.92,2.92,2.93,2.91,267660"
2026-04-21T09:35:00.000-00:00,"2.92,2.92,2.93,2.91,663236"
2026-04-21T09:40:00.000-00:00,"2.91,2.92,2.92,2.9,1143053"
2026-04-21T09:45:00.000-00:00,"2.91,2.91,2.92,2.91,305708"
2026-04-21T09:50:00.000-00:00,"2.92,2.92,2.92,2.91,13387"
2026-04-21T09:55:00.000-00:00,"2.91,2.91,2.92,2.91,473395"
2026-04-21T10:00:00.000-00:00,"2.91,2.9,2.92,2.9,694916"
2026-04-21T10:05:00.000-00:00,"2.91,2.91,2.91,2.9,1361363"
2026-04-21T10:10:00.000-00:00,"2.91,2.91,2.91,2.9,168005"
2026-04-21T10:15:00.000-00:00,"2.91,2.9,2.92,2.9,482389"
2026-04-21T10:20:00.000-00:00,"2.9,2.9,2.91,2.9,370130"
2026-04-21T10:25:00.000-00:00,"2.91,2.91,2.91,2.9,52853"
2026-04-21T10:30:00.000-00:00,"2.91,2.91,2.91,2.9,113347"
2026-04-21T10:35:00.000-00:00,"2.91,2.91,2.91,2.9,41041"
2026-04-21T10:40:00.000-00:00,"2.91,2.9,2.91,2.9,53221"
2026-04-21T10:45:00.000-00:00,"2.9,2.9,2.91,2.9,600427"
2026-04-21T10:50:00.000-00:00,"2.91,2.91,2.91,2.9,23261"
2026-04-21T10:55:00.000-00:00,"2.9,2.91,2.91,2.9,434225"
2026-04-21T11:00:00.000-00:00,"2.91,2.9,2.91,2.9,1738405"
2026-04-21T11:05:00.000-00:00,"2.9,2.9,2.9,2.89,2611088"
2026-04-21T11:10:00.000-00:00,"2.89,2.9,2.9,2.89,987029"
2026-04-21T11:15:00.000-00:00,"2.9,2.9,2.9,2.89,322324"
2026-04-21T11:20:00.000-00:00,"2.9,2.9,2.9,2.89,1106108"
2026-04-21T11:25:00.000-00:00,"2.9,2.9,2.9,2.89,1117217"
2026-04-21T11:30:00.000-00:00,"2.9,2.9,2.9,2.89,762817"
2026-04-21T11:35:00.000-00:00,"2.89,2.9,2.9,2.89,709637"
2026-04-21T11:40:00.000-00:00,"2.91,2.9,2.91,2.89,1525218"
2026-04-21T11:45:00.000-00:00,"2.9,2.9,2.9,2.89,120987"
2026-04-21T11:50:00.000-00:00,"2.9,2.9,2.9,2.89,459396"
2026-04-21T11:55:00.000-00:00,"2.9,2.9,2.9,2.89,309478"
2026-04-21T12:00:00.000-00:00,"2.89,2.89,2.9,2.89,1345271"
2026-04-21T12:05:00.000-00:00,"2.89,2.91,2.91,2.89,1417956"
2026-04-21T12:10:00.000-00:00,"2.91,2.9,2.91,2.9,2678483"
2026-04-21T12:25:00.000-00:00,"2.91,2.91,2.91,2.91,5108329"
2026-04-22T08:00:00.000-00:00,"2.91,2.91,2.92,2.9,2277884"
2026-04-22T08:05:00.000-00:00,"2.91,2.91,2.91,2.9,460377"
2026-04-22T08:10:00.000-00:00,"2.91,2.92,2.92,2.91,657626"
2026-04-22T08:15:00.000-00:00,"2.91,2.92,2.92,2.91,220641"
2026-04-22T08:20:00.000-00:00,"2.92,2.92,2.92,2.91,325638"
2026-04-22T08:25:00.000-00:00,"2.92,2.91,2.92,2.91,1392138"
2026-04-22T08:30:00.000-00:00,"2.91,2.91,2.92,2.91,92665"
2026-04-22T08:35:00.000-00:00,"2.91,2.92,2.92,2.91,175273"
2026-04-22T08:40:00.000-00:00,"2.92,2.91,2.92,2.91,196517"
2026-04-22T08:45:00.000-00:00,"2.91,2.92,2.92,2.91,1295684"
2026-04-22T08:50:00.000-00:00,"2.92,2.9,2.92,2.9,1303730"
2026-04-22T08:55:00.000-00:00,"2.91,2.91,2.91,2.91,238085"
2026-04-22T09:00:00.000-00:00,"2.91,2.9,2.91,2.9,727926"
2026-04-22T09:05:00.000-00:00,"2.91,2.91,2.91,2.9,278976"
2026-04-22T09:10:00.000-00:00,"2.91,2.91,2.91,2.91,672221"
2026-04-22T09:15:00.000-00:00,"2.92,2.92,2.92,2.91,141774"
2026-04-22T09:20:00.000-00:00,"2.91,2.91,2.92,2.91,90520"
2026-04-22T09:25:00.000-00:00,"2.91,2.91,2.92,2.91,92554"
2026-04-22T09:30:00.000-00:00,"2.91,2.92,2.92,2.91,164402"
2026-04-22T09:35:00.000-00:00,"2.92,2.92,2.92,2.91,10339"
2026-04-22T09:40:00.000-00:00,"2.92,2.92,2.92,2.91,22070"
2026-04-22T09:45:00.000-00:00,"2.92,2.92,2.93,2.91,1546723"
2026-04-22T09:50:00.000-00:00,"2.93,2.95,2.95,2.92,7282071"
2026-04-22T09:55:00.000-00:00,"2.95,2.94,2.96,2.93,1916719"
2026-04-22T10:00:00.000-00:00,"2.94,2.94,2.95,2.94,139693"
2026-04-22T10:05:00.000-00:00,"2.94,2.94,2.95,2.93,1325113"
2026-04-22T10:10:00.000-00:00,"2.94,2.94,2.95,2.94,711806"
2026-04-22T10:15:00.000-00:00,"2.95,2.94,2.95,2.94,309709"
2026-04-22T10:20:00.000-00:00,"2.94,2.94,2.95,2.94,247398"
2026-04-22T10:25:00.000-00:00,"2.95,2.95,2.95,2.94,21538"
2026-04-22T10:30:00.000-00:00,"2.94,2.95,2.95,2.94,124148"
2026-04-22T10:35:00.000-00:00,"2.94,2.93,2.95,2.93,3653795"
2026-04-22T10:40:00.000-00:00,"2.93,2.94,2.94,2.92,941303"
2026-04-22T10:45:00.000-00:00,"2.94,2.94,2.94,2.93,598874"
2026-04-22T10:50:00.000-00:00,"2.94,2.94,2.94,2.94,38010"
2026-04-22T10:55:00.000-00:00,"2.94,2.93,2.94,2.93,1042"
2026-04-22T11:00:00.000-00:00,"2.94,2.94,2.94,2.93,50583"
2026-04-22T11:05:00.000-00:00,"2.93,2.94,2.94,2.93,64340"
2026-04-22T11:10:00.000-00:00,"2.94,2.94,2.94,2.94,14990"
2026-04-22T11:15:00.000-00:00,"2.93,2.94,2.94,2.93,1217762"
2026-04-22T11:20:00.000-00:00,"2.94,2.95,2.95,2.94,520492"
2026-04-22T11:25:00.000-00:00,"2.95,2.95,2.95,2.94,2125881"
2026-04-22T11:30:00.000-00:00,"2.95,2.95,2.95,2.95,493916"
2026-04-22T11:35:00.000-00:00,"2.95,2.95,2.96,2.94,977816"
2026-04-22T11:40:00.000-00:00,"2.95,2.94,2.95,2.94,697241"
2026-04-22T11:45:00.000-00:00,"2.95,2.95,2.95,2.94,46982"
2026-04-22T11:50:00.000-00:00,"2.95,2.95,2.95,2.94,78585"
2026-04-22T11:55:00.000-00:00,"2.94,2.95,2.95,2.94,440939"
2026-04-22T12:00:00.000-00:00,"2.94,2.94,2.95,2.94,112443"
2026-04-22T12:05:00.000-00:00,"2.95,2.94,2.95,2.94,2984255"
2026-04-22T12:10:00.000-00:00,"2.94,2.94,2.95,2.93,1733298"
2026-04-22T12:25:00.000-00:00,"2.94,2.94,2.94,2.94,2606477"
2026-04-23T08:00:00.000-00:00,"2.97,2.98,2.98,2.96,4924081"
2026-04-23T08:05:00.000-00:00,"2.98,2.99,2.99,2.97,3575908"
2026-04-23T08:10:00.000-00:00,"2.98,2.97,2.99,2.97,1229443"
2026-04-23T08:15:00.000-00:00,"2.98,2.97,2.98,2.97,1256777"
2026-04-23T08:20:00.000-00:00,"2.97,2.97,2.98,2.97,1762218"
2026-04-23T08:25:00.000-00:00,"2.97,2.97,2.98,2.96,16899172"
2026-04-23T08:30:00.000-00:00,"2.97,2.97,2.97,2.96,572898"
2026-04-23T08:35:00.000-00:00,"2.97,2.97,2.97,2.96,341201"
2026-04-23T08:40:00.000-00:00,"2.96,2.97,2.97,2.96,86673"
2026-04-23T08:45:00.000-00:00,"2.96,2.98,2.98,2.96,414035"
2026-04-23T08:50:00.000-00:00,"2.97,2.97,2.98,2.97,354102"
2026-04-23T08:55:00.000-00:00,"2.98,2.98,2.98,2.97,536280"
2026-04-23T09:00:00.000-00:00,"2.98,2.98,2.98,2.97,3225690"
2026-04-23T09:05:00.000-00:00,"2.98,2.98,2.99,2.98,917155"
2026-04-23T09:10:00.000-00:00,"2.98,3.01,3.01,2.98,11559679"
2026-04-23T09:15:00.000-00:00,"3.02,3.03,3.04,3,13330976"
2026-04-23T09:20:00.000-00:00,"3.04,3.03,3.05,3.03,10224825"
2026-04-23T09:25:00.000-00:00,"3.03,3.03,3.04,3.02,2493955"
2026-04-23T09:30:00.000-00:00,"3.04,3.03,3.04,3.03,1568832"
2026-04-23T09:35:00.000-00:00,"3.03,3.04,3.04,3.03,2481616"
2026-04-23T09:40:00.000-00:00,"3.03,3.04,3.04,3.03,372588"
2026-04-23T09:45:00.000-00:00,"3.03,3.03,3.04,3.02,1454284"
2026-04-23T09:50:00.000-00:00,"3.03,3.03,3.04,3.02,956907"
2026-04-23T09:55:00.000-00:00,"3.03,3.05,3.05,3.03,1962031"
2026-04-23T10:00:00.000-00:00,"3.05,3.04,3.05,3.04,1564002"
2026-04-23T10:05:00.000-00:00,"3.04,3.04,3.05,3.04,1686924"
2026-04-23T10:10:00.000-00:00,"3.03,3.04,3.05,3.03,1755890"
2026-04-23T10:15:00.000-00:00,"3.04,3.04,3.05,3.03,1016787"
2026-04-23T10:20:00.000-00:00,"3.04,3.04,3.05,3.04,415738"
2026-04-23T10:25:00.000-00:00,"3.05,3.04,3.05,3.04,617637"
2026-04-23T10:30:00.000-00:00,"3.04,3.05,3.05,3.03,950425"
2026-04-23T10:35:00.000-00:00,"3.04,3.05,3.05,3.04,361424"
2026-04-23T10:40:00.000-00:00,"3.04,3.05,3.05,3.04,2141877"
2026-04-23T10:45:00.000-00:00,"3.05,3.05,3.05,3.03,2326894"
2026-04-23T10:50:00.000-00:00,"3.04,3.05,3.05,3.03,1504220"
2026-04-23T10:55:00.000-00:00,"3.05,3.07,3.07,3.05,10134961"
2026-04-23T11:00:00.000-00:00,"3.06,3.07,3.08,3.06,12281984"
2026-04-23T11:05:00.000-00:00,"3.07,3.07,3.07,3.06,3451167"
2026-04-23T11:10:00.000-00:00,"3.07,3.07,3.07,3.06,554311"
2026-04-23T11:15:00.000-00:00,"3.06,3.06,3.07,3.06,2031488"
2026-04-23T11:20:00.000-00:00,"3.06,3.04,3.07,3.04,3830400"
2026-04-23T11:25:00.000-00:00,"3.04,3.04,3.05,3.03,1529120"
2026-04-23T11:30:00.000-00:00,"3.05,3.05,3.05,3.04,429628"
2026-04-23T11:35:00.000-00:00,"3.04,3.04,3.05,3.04,211109"
2026-04-23T11:40:00.000-00:00,"3.04,3.03,3.04,3.03,1796495"
2026-04-23T11:45:00.000-00:00,"3.03,3.04,3.04,3.03,246230"
2026-04-23T11:50:00.000-00:00,"3.04,3.02,3.04,3.02,1370427"
2026-04-23T11:55:00.000-00:00,"3.03,3.03,3.03,3.02,1374938"
2026-04-23T12:00:00.000-00:00,"3.03,3.03,3.03,3.02,3290954"
2026-04-23T12:05:00.000-00:00,"3.03,3.03,3.04,3.03,1880834"
2026-04-23T12:10:00.000-00:00,"3.03,3.03,3.04,3.03,2020494"
2026-04-23T12:15:00.000-00:00,"3.03,3.03,3.03,3.03,11933"
2026-04-23T12:25:00.000-00:00,"3.02,3.02,3.02,3.02,9619111"
2026-04-26T07:00:00.000-00:00,"3.08,3.07,3.09,3.06,9062912"
2026-04-26T07:05:00.000-00:00,"3.06,3.08,3.08,3.06,1462380"
2026-04-26T07:10:00.000-00:00,"3.08,3.07,3.08,3.07,2328471"
2026-04-26T07:15:00.000-00:00,"3.08,3.07,3.08,3.06,1054043"
2026-04-26T07:20:00.000-00:00,"3.07,3.08,3.09,3.07,1707720"
2026-04-26T07:25:00.000-00:00,"3.09,3.1,3.1,3.08,3627366"
2026-04-26T07:30:00.000-00:00,"3.1,3.07,3.1,3.07,3903229"
2026-04-26T07:35:00.000-00:00,"3.07,3.09,3.09,3.07,785232"
2026-04-26T07:40:00.000-00:00,"3.08,3.11,3.13,3.08,14952111"
2026-04-26T07:45:00.000-00:00,"3.11,3.13,3.13,3.1,7224119"
2026-04-26T07:50:00.000-00:00,"3.13,3.1,3.13,3.1,5808873"
2026-04-26T07:55:00.000-00:00,"3.11,3.1,3.11,3.1,509483"
2026-04-26T08:00:00.000-00:00,"3.11,3.1,3.11,3.09,1106100"
2026-04-26T08:05:00.000-00:00,"3.1,3.1,3.11,3.09,899865"
2026-04-26T08:10:00.000-00:00,"3.1,3.11,3.12,3.1,2305585"
2026-04-26T08:15:00.000-00:00,"3.12,3.12,3.12,3.1,1399443"
2026-04-26T08:20:00.000-00:00,"3.11,3.12,3.12,3.11,186347"
2026-04-26T08:25:00.000-00:00,"3.12,3.11,3.12,3.11,124131"
2026-04-26T08:30:00.000-00:00,"3.11,3.11,3.12,3.11,1465748"
2026-04-26T08:35:00.000-00:00,"3.12,3.12,3.12,3.11,2624283"
2026-04-26T08:40:00.000-00:00,"3.12,3.12,3.13,3.11,1168837"
2026-04-26T08:45:00.000-00:00,"3.12,3.13,3.13,3.11,1682853"
2026-04-26T08:50:00.000-00:00,"3.12,3.13,3.13,3.12,939512"
2026-04-26T08:55:00.000-00:00,"3.13,3.12,3.13,3.11,1289971"
2026-04-26T09:00:00.000-00:00,"3.12,3.11,3.12,3.11,544821"
2026-04-26T09:05:00.000-00:00,"3.11,3.1,3.11,3.1,1604993"
2026-04-26T09:10:00.000-00:00,"3.11,3.11,3.11,3.1,916992"
2026-04-26T09:15:00.000-00:00,"3.1,3.1,3.11,3.1,1092586"
2026-04-26T09:20:00.000-00:00,"3.11,3.1,3.11,3.1,229761"
2026-04-26T09:25:00.000-00:00,"3.11,3.09,3.11,3.09,1814280"
2026-04-26T09:30:00.000-00:00,"3.1,3.1,3.1,3.09,618379"
2026-04-26T09:35:00.000-00:00,"3.1,3.1,3.1,3.09,446251"
2026-04-26T09:40:00.000-00:00,"3.1,3.1,3.1,3.09,109957"
2026-04-26T09:45:00.000-00:00,"3.1,3.1,3.11,3.1,1126818"
2026-04-26T09:50:00.000-00:00,"3.11,3.1,3.11,3.1,328879"
2026-04-26T09:55:00.000-00:00,"3.1,3.1,3.11,3.09,596825"
2026-04-26T10:00:00.000-00:00,"3.1,3.09,3.1,3.09,120464"
2026-04-26T10:05:00.000-00:00,"3.1,3.09,3.1,3.09,1997905"
2026-04-26T10:10:00.000-00:00,"3.09,3.09,3.09,3.08,177009"
2026-04-26T10:15:00.000-00:00,"3.09,3.09,3.09,3.08,520647"
2026-04-26T10:20:00.000-00:00,"3.08,3.09,3.09,3.08,50977"
2026-04-26T10:25:00.000-00:00,"3.09,3.09,3.1,3.08,9543449"
2026-04-26T10:30:00.000-00:00,"3.09,3.09,3.1,3.09,381368"
2026-04-26T10:35:00.000-00:00,"3.09,3.08,3.1,3.08,456690"
2026-04-26T10:40:00.000-00:00,"3.08,3.08,3.09,3.08,1655454"
2026-04-26T10:45:00.000-00:00,"3.08,3.08,3.09,3.07,1321892"
2026-04-26T10:50:00.000-00:00,"3.08,3.07,3.09,3.07,639787"
2026-04-26T10:55:00.000-00:00,"3.08,3.08,3.08,3.07,1254238"
2026-04-26T11:00:00.000-00:00,"3.08,3.08,3.09,3.07,1266251"
2026-04-26T11:05:00.000-00:00,"3.08,3.08,3.09,3.07,1055498"
2026-04-26T11:10:00.000-00:00,"3.08,3.08,3.09,3.07,2095802"
2026-04-26T11:25:00.000-00:00,"3.1,3.1,3.1,3.1,5230423"
2026-04-27T07:00:00.000-00:00,"3.12,3.11,3.12,3.1,3317554"
2026-04-27T07:05:00.000-00:00,"3.11,3.12,3.12,3.11,889522"
2026-04-27T07:10:00.000-00:00,"3.12,3.11,3.13,3.11,3620068"
2026-04-27T07:15:00.000-00:00,"3.12,3.11,3.12,3.11,398877"
2026-04-27T07:20:00.000-00:00,"3.12,3.12,3.12,3.11,400120"
2026-04-27T07:25:00.000-00:00,"3.12,3.12,3.13,3.11,1743373"
2026-04-27T07:30:00.000-00:00,"3.12,3.13,3.13,3.12,2682012"
2026-04-27T07:35:00.000-00:00,"3.13,3.13,3.14,3.12,2243426"
2026-04-27T07:40:00.000-00:00,"3.13,3.12,3.13,3.11,1576361"
2026-04-27T07:45:00.000-00:00,"3.12,3.12,3.12,3.11,501044"
2026-04-27T07:50:00.000-00:00,"3.12,3.13,3.13,3.11,1458915"
2026-04-27T07:55:00.000-00:00,"3.13,3.12,3.13,3.12,502668"
2026-04-27T08:00:00.000-00:00,"3.12,3.12,3.13,3.11,710657"
2026-04-27T08:05:00.000-00:00,"3.12,3.11,3.12,3.11,554217"
2026-04-27T08:10:00.000-00:00,"3.12,3.12,3.12,3.11,30665"
2026-04-27T08:15:00.000-00:00,"3.12,3.13,3.13,3.12,203346"
2026-04-27T08:20:00.000-00:00,"3.12,3.13,3.14,3.12,2098910"
2026-04-27T08:25:00.000-00:00,"3.14,3.13,3.14,3.12,1418708"
2026-04-27T08:30:00.000-00:00,"3.13,3.13,3.14,3.13,1007334"
2026-04-27T08:35:00.000-00:00,"3.14,3.13,3.14,3.13,319617"
2026-04-27T08:40:00.000-00:00,"3.13,3.12,3.14,3.12,1959786"
2026-04-27T08:45:00.000-00:00,"3.13,3.13,3.13,3.12,586152"
2026-04-27T08:50:00.000-00:00,"3.12,3.13,3.14,3.12,1051995"
2026-04-27T08:55:00.000-00:00,"3.13,3.13,3.14,3.12,978565"
2026-04-27T09:00:00.000-00:00,"3.14,3.13,3.14,3.13,1103149"
2026-04-27T09:05:00.000-00:00,"3.13,3.13,3.14,3.13,253963"
2026-04-27T09:10:00.000-00:00,"3.13,3.13,3.13,3.12,165549"
2026-04-27T09:15:00.000-00:00,"3.12,3.13,3.13,3.12,829"
2026-04-27T09:20:00.000-00:00,"3.12,3.12,3.13,3.12,1676577"
2026-04-27T10:25:00.000-00:00,"3.12,3.12,3.12,3.11,66119"
2026-04-27T10:30:00.000-00:00,"3.12,3.12,3.12,3.11,75582"
2026-04-27T10:35:00.000-00:00,"3.12,3.11,3.12,3.11,58098"
2026-04-27T10:40:00.000-00:00,"3.12,3.1,3.12,3.09,2512027"
2026-04-27T10:45:00.000-00:00,"3.1,3.1,3.11,3.09,793967"
2026-04-27T10:50:00.000-00:00,"3.1,3.1,3.1,3.09,1859787"
2026-04-27T10:55:00.000-00:00,"3.1,3.09,3.1,3.09,1984749"
2026-04-27T11:00:00.000-00:00,"3.1,3.1,3.1,3.09,377677"
2026-04-27T11:05:00.000-00:00,"3.1,3.1,3.1,3.09,521609"
2026-04-27T11:10:00.000-00:00,"3.09,3.09,3.1,3.08,1907317"
2026-04-27T11:25:00.000-00:00,"3.1,3.1,3.1,3.1,3398575"
2026-04-28T07:00:00.000-00:00,"3.11,3.1,3.13,3.1,2023413"
2026-04-28T07:05:00.000-00:00,"3.11,3.12,3.12,3.1,539579"
2026-04-28T07:10:00.000-00:00,"3.12,3.1,3.12,3.09,2960451"
2026-04-28T07:15:00.000-00:00,"3.1,3.09,3.1,3.08,247048"
2026-04-28T07:20:00.000-00:00,"3.09,3.1,3.1,3.08,241755"
2026-04-28T07:25:00.000-00:00,"3.1,3.1,3.1,3.09,376502"
2026-04-28T07:30:00.000-00:00,"3.1,3.11,3.11,3.09,423751"
2026-04-28T07:35:00.000-00:00,"3.1,3.1,3.11,3.09,180737"
2026-04-28T07:40:00.000-00:00,"3.1,3.1,3.1,3.09,209112"
2026-04-28T07:45:00.000-00:00,"3.1,3.1,3.1,3.09,288114"
2026-04-28T07:50:00.000-00:00,"3.1,3.1,3.11,3.1,268800"
2026-04-28T07:55:00.000-00:00,"3.11,3.1,3.11,3.1,48821"
2026-04-28T08:00:00.000-00:00,"3.1,3.1,3.11,3.1,454425"
2026-04-28T08:05:00.000-00:00,"3.11,3.1,3.11,3.09,657083"
2026-04-28T08:10:00.000-00:00,"3.1,3.09,3.1,3.09,602348"
2026-04-28T08:15:00.000-00:00,"3.1,3.1,3.1,3.09,77158"
2026-04-28T08:20:00.000-00:00,"3.09,3.09,3.1,3.09,2281"
2026-04-28T08:25:00.000-00:00,"3.1,3.09,3.1,3.09,33601"
2026-04-28T08:30:00.000-00:00,"3.09,3.1,3.1,3.09,78293"
2026-04-28T08:35:00.000-00:00,"3.1,3.09,3.1,3.09,482988"
2026-04-28T08:40:00.000-00:00,"3.09,3.09,3.09,3.09,6200"
2026-04-28T08:45:00.000-00:00,"3.09,3.09,3.1,3.09,227575"
2026-04-28T08:50:00.000-00:00,"3.1,3.09,3.1,3.09,1089741"
2026-04-28T08:55:00.000-00:00,"3.09,3.09,3.1,3.08,480431"
2026-04-28T09:00:00.000-00:00,"3.09,3.1,3.1,3.09,138484"
2026-04-28T09:05:00.000-00:00,"3.09,3.1,3.1,3.09,108975"
2026-04-28T09:10:00.000-00:00,"3.09,3.09,3.09,3.08,151698"
2026-04-28T09:15:00.000-00:00,"3.09,3.09,3.09,3.08,43119"
2026-04-28T09:20:00.000-00:00,"3.08,3.09,3.09,3.08,562912"
2026-04-28T09:25:00.000-00:00,"3.09,3.08,3.09,3.08,182233"
2026-04-28T09:30:00.000-00:00,"3.09,3.09,3.09,3.08,48956"
2026-04-28T09:35:00.000-00:00,"3.09,3.08,3.09,3.07,2027489"
2026-04-28T09:40:00.000-00:00,"3.08,3.07,3.08,3.06,716315"
2026-04-28T09:45:00.000-00:00,"3.07,3.08,3.08,3.07,778428"
2026-04-28T09:50:00.000-00:00,"3.08,3.08,3.08,3.07,67710"
2026-04-28T09:55:00.000-00:00,"3.08,3.08,3.09,3.07,180436"
2026-04-28T10:00:00.000-00:00,"3.08,3.07,3.09,3.07,668445"
2026-04-28T10:05:00.000-00:00,"3.07,3.08,3.08,3.07,17907"
2026-04-28T10:10:00.000-00:00,"3.08,3.07,3.08,3.06,286634"
2026-04-28T10:15:00.000-00:00,"3.08,3.08,3.08,3.07,20895"
2026-04-28T10:20:00.000-00:00,"3.08,3.07,3.08,3.06,401157"
2026-04-28T10:25:00.000-00:00,"3.07,3.07,3.08,3.06,869831"
2026-04-28T10:30:00.000-00:00,"3.07,3.07,3.07,3.06,69377"
2026-04-28T10:35:00.000-00:00,"3.07,3.07,3.08,3.07,10309626"
2026-04-28T10:40:00.000-00:00,"3.07,3.07,3.08,3.06,368460"
2026-04-28T10:45:00.000-00:00,"3.07,3.07,3.07,3.06,417008"
2026-04-28T10:50:00.000-00:00,"3.06,3.05,3.07,3.05,3238571"
2026-04-28T10:55:00.000-00:00,"3.06,3.06,3.06,3.05,2223437"
2026-04-28T11:00:00.000-00:00,"3.06,3.06,3.06,3.05,760565"
2026-04-28T11:05:00.000-00:00,"3.06,3.05,3.06,3.04,2878226"
2026-04-28T11:10:00.000-00:00,"3.05,3.06,3.06,3.04,1549118"
2026-04-28T11:25:00.000-00:00,"3.06,3.06,3.06,3.06,4498710"
2026-04-29T07:00:00.000-00:00,"3.06,3.06,3.08,3.06,1535337"
2026-04-29T07:05:00.000-00:00,"3.07,3.07,3.07,3.06,724328"
2026-04-29T07:10:00.000-00:00,"3.06,3.06,3.07,3.05,1029936"
2026-04-29T07:15:00.000-00:00,"3.06,3.05,3.07,3.05,1116951"
2026-04-29T07:20:00.000-00:00,"3.05,3.07,3.07,3.05,321031"
2026-04-29T07:25:00.000-00:00,"3.07,3.07,3.07,3.06,2067964"
2026-04-29T07:30:00.000-00:00,"3.07,3.07,3.08,3.07,528414"
2026-04-29T07:35:00.000-00:00,"3.06,3.07,3.08,3.06,329082"
2026-04-29T07:40:00.000-00:00,"3.07,3.08,3.08,3.07,2212406"
2026-04-29T07:45:00.000-00:00,"3.08,3.07,3.09,3.07,2926816"
2026-04-29T07:50:00.000-00:00,"3.07,3.07,3.08,3.07,716215"
2026-04-29T07:55:00.000-00:00,"3.07,3.07,3.07,3.06,59732"
2026-04-29T08:00:00.000-00:00,"3.06,3.07,3.07,3.06,677323"
2026-04-29T08:05:00.000-00:00,"3.08,3.07,3.08,3.06,216317"
2026-04-29T08:10:00.000-00:00,"3.07,3.08,3.08,3.06,36500"
2026-04-29T08:15:00.000-00:00,"3.07,3.07,3.08,3.07,50063"
2026-04-29T08:20:00.000-00:00,"3.08,3.07,3.08,3.06,77227"
2026-04-29T08:25:00.000-00:00,"3.07,3.08,3.08,3.06,99098"
2026-04-29T08:30:00.000-00:00,"3.08,3.07,3.08,3.06,188950"
2026-04-29T08:35:00.000-00:00,"3.07,3.08,3.08,3.07,229071"
2026-04-29T08:40:00.000-00:00,"3.07,3.08,3.08,3.07,22736"
2026-04-29T08:45:00.000-00:00,"3.07,3.07,3.08,3.07,20131"
2026-04-29T08:50:00.000-00:00,"3.07,3.08,3.08,3.07,34472"
2026-04-29T08:55:00.000-00:00,"3.08,3.07,3.08,3.07,408003"
2026-04-29T09:00:00.000-00:00,"3.08,3.07,3.08,3.06,635350"
2026-04-29T09:05:00.000-00:00,"3.07,3.07,3.08,3.06,334318"
2026-04-29T09:10:00.000-00:00,"3.07,3.08,3.08,3.07,208168"
2026-04-29T09:15:00.000-00:00,"3.08,3.07,3.08,3.07,317717"
2026-04-29T09:20:00.000-00:00,"3.07,3.07,3.08,3.06,769763"
2026-04-29T09:25:00.000-00:00,"3.07,3.07,3.08,3.06,444966"
2026-04-29T09:30:00.000-00:00,"3.07,3.07,3.08,3.07,6688"
2026-04-29T09:35:00.000-00:00,"3.07,3.07,3.08,3.07,102645"
2026-04-29T09:40:00.000-00:00,"3.07,3.07,3.08,3.07,561878"
2026-04-29T09:45:00.000-00:00,"3.07,3.07,3.07,3.07,255182"
2026-04-29T09:50:00.000-00:00,"3.07,3.07,3.07,3.06,265828"
2026-04-29T09:55:00.000-00:00,"3.07,3.07,3.08,3.07,470368"
2026-04-29T10:00:00.000-00:00,"3.07,3.07,3.07,3.06,37959"
2026-04-29T10:05:00.000-00:00,"3.07,3.07,3.07,3.06,77310"
2026-04-29T10:10:00.000-00:00,"3.07,3.06,3.07,3.06,523485"
2026-04-29T10:15:00.000-00:00,"3.06,3.06,3.07,3.05,2127796"
2026-04-29T10:20:00.000-00:00,"3.06,3.06,3.07,3.05,1436454"
2026-04-29T10:25:00.000-00:00,"3.06,3.06,3.06,3.05,78189"
2026-04-29T10:30:00.000-00:00,"3.05,3.06,3.06,3.05,322752"
2026-04-29T10:35:00.000-00:00,"3.06,3.06,3.06,3.05,266011"
2026-04-29T10:40:00.000-00:00,"3.06,3.05,3.06,3.05,3261556"
2026-04-29T10:45:00.000-00:00,"3.06,3.05,3.06,3.05,324082"
2026-04-29T10:50:00.000-00:00,"3.05,3.05,3.05,3.04,913458"
2026-04-29T10:55:00.000-00:00,"3.04,3.06,3.06,3.04,1388657"
2026-04-29T11:00:00.000-00:00,"3.06,3.06,3.06,3.04,426698"
2026-04-29T11:05:00.000-00:00,"3.06,3.07,3.07,3.05,1347605"
2026-04-29T11:10:00.000-00:00,"3.07,3.07,3.07,3.06,982150"
2026-04-29T11:25:00.000-00:00,"3.05,3.05,3.05,3.05,5587442"
2026-04-30T07:00:00.000-00:00,"3.06,3.07,3.07,3.05,2377112"
2026-04-30T07:05:00.000-00:00,"3.07,3.06,3.07,3.06,421040"
2026-04-30T07:10:00.000-00:00,"3.07,3.06,3.07,3.05,968880"
2026-04-30T07:15:00.000-00:00,"3.06,3.06,3.06,3.05,1088895"
2026-04-30T07:20:00.000-00:00,"3.06,3.06,3.06,3.05,955057"
2026-04-30T07:25:00.000-00:00,"3.05,3.05,3.06,3.05,847558"
2026-04-30T07:30:00.000-00:00,"3.05,3.05,3.06,3.05,44781"
2026-04-30T07:35:00.000-00:00,"3.06,3.06,3.06,3.05,49880"
2026-04-30T07:40:00.000-00:00,"3.06,3.06,3.06,3.05,112698"
2026-04-30T07:45:00.000-00:00,"3.05,3.06,3.06,3.05,121558"
2026-04-30T07:50:00.000-00:00,"3.06,3.06,3.06,3.05,185949"
2026-04-30T07:55:00.000-00:00,"3.06,3.05,3.06,3.05,364123"
2026-04-30T08:00:00.000-00:00,"3.05,3.06,3.06,3.05,17054"
2026-04-30T08:05:00.000-00:00,"3.05,3.06,3.06,3.05,1925624"
2026-04-30T08:10:00.000-00:00,"3.06,3.06,3.06,3.05,156762"
2026-04-30T08:15:00.000-00:00,"3.06,3.06,3.07,3.05,11854413"
2026-04-30T08:20:00.000-00:00,"3.06,3.06,3.07,3.06,9613"
2026-04-30T08:25:00.000-00:00,"3.06,3.06,3.07,3.06,4147425"
2026-04-30T08:30:00.000-00:00,"3.07,3.05,3.07,3.05,4058939"
2026-04-30T08:35:00.000-00:00,"3.06,3.06,3.07,3.06,250485"
2026-04-30T08:40:00.000-00:00,"3.06,3.06,3.07,3.06,109143"
2026-04-30T08:45:00.000-00:00,"3.07,3.06,3.07,3.06,569258"
2026-04-30T08:50:00.000-00:00,"3.06,3.06,3.06,3.05,7985"
2026-04-30T08:55:00.000-00:00,"3.05,3.06,3.06,3.05,32108"
2026-04-30T09:00:00.000-00:00,"3.05,3.05,3.06,3.05,227630"
2026-04-30T09:05:00.000-00:00,"3.05,3.05,3.06,3.05,84712"
2026-04-30T09:10:00.000-00:00,"3.05,3.05,3.06,3.05,51087"
2026-04-30T09:15:00.000-00:00,"3.06,3.06,3.06,3.05,204290"
2026-04-30T09:20:00.000-00:00,"3.06,3.05,3.06,3.05,40683"
2026-04-30T09:25:00.000-00:00,"3.05,3.06,3.06,3.05,49511"
2026-04-30T09:30:00.000-00:00,"3.05,3.05,3.06,3.05,58496"
2026-04-30T09:35:00.000-00:00,"3.06,3.06,3.06,3.05,310300"
2026-04-30T09:40:00.000-00:00,"3.06,3.05,3.06,3.04,1434646"
2026-04-30T09:45:00.000-00:00,"3.05,3.04,3.05,3.04,421475"
2026-04-30T09:50:00.000-00:00,"3.05,3.05,3.05,3.04,574315"
2026-04-30T09:55:00.000-00:00,"3.05,3.05,3.05,3.04,873712"
2026-04-30T10:00:00.000-00:00,"3.05,3.04,3.05,3.04,67924"
2026-04-30T10:05:00.000-00:00,"3.04,3.04,3.04,3.03,459341"
2026-04-30T10:10:00.000-00:00,"3.03,3.04,3.04,3.03,1129158"
2026-04-30T10:15:00.000-00:00,"3.04,3.04,3.04,3.03,338305"
2026-04-30T10:20:00.000-00:00,"3.04,3.04,3.04,3.03,94480"
2026-04-30T10:25:00.000-00:00,"3.04,3.03,3.04,3.03,1023062"
2026-04-30T10:30:00.000-00:00,"3.04,3.04,3.04,3.03,406449"
2026-04-30T10:35:00.000-00:00,"3.04,3.04,3.04,3.03,560410"
2026-04-30T10:40:00.000-00:00,"3.04,3.03,3.04,3.03,721653"
2026-04-30T10:45:00.000-00:00,"3.04,3.04,3.04,3.03,142058"
2026-04-30T10:50:00.000-00:00,"3.04,3.04,3.04,3.03,220405"
2026-04-30T10:55:00.000-00:00,"3.03,3.03,3.04,3.03,1087970"
2026-04-30T11:00:00.000-00:00,"3.03,3.03,3.04,3.02,756224"
2026-04-30T11:05:00.000-00:00,"3.03,3.03,3.04,3.02,691962"
2026-04-30T11:10:00.000-00:00,"3.04,3.03,3.04,3.02,1813484"
2026-04-30T11:25:00.000-00:00,"3.04,3.04,3.04,3.04,3373930"
2026-05-03T07:00:00.000-00:00,"3.05,3.06,3.06,3.04,666278"
2026-05-03T07:05:00.000-00:00,"3.06,3.05,3.06,3.05,188269"
2026-05-03T07:10:00.000-00:00,"3.06,3.05,3.06,3.04,549480"
2026-05-03T07:15:00.000-00:00,"3.05,3.05,3.05,3.04,395283"
2026-05-03T07:20:00.000-00:00,"3.05,3.05,3.06,3.04,722288"
2026-05-03T07:25:00.000-00:00,"3.05,3.05,3.05,3.04,91832"
2026-05-03T07:30:00.000-00:00,"3.05,3.04,3.05,3.04,43845"
2026-05-03T07:35:00.000-00:00,"3.05,3.04,3.05,3.04,255916"
2026-05-03T07:40:00.000-00:00,"3.05,3.04,3.05,3.04,206329"
2026-05-03T07:45:00.000-00:00,"3.04,3.05,3.05,3.04,112099"
2026-05-03T07:50:00.000-00:00,"3.04,3.05,3.05,3.04,1200125"
2026-05-03T07:55:00.000-00:00,"3.05,3.05,3.05,3.04,767914"
2026-05-03T08:00:00.000-00:00,"3.05,3.05,3.05,3.04,198233"
2026-05-03T08:05:00.000-00:00,"3.04,3.05,3.05,3.04,88691"
2026-05-03T08:10:00.000-00:00,"3.05,3.08,3.09,3.04,4311658"
2026-05-03T08:15:00.000-00:00,"3.08,3.09,3.11,3.08,10677378"
2026-05-03T08:20:00.000-00:00,"3.09,3.1,3.1,3.08,1189143"
2026-05-03T08:25:00.000-00:00,"3.1,3.09,3.1,3.09,765738"
2026-05-03T08:30:00.000-00:00,"3.08,3.08,3.09,3.08,146820"
2026-05-03T08:35:00.000-00:00,"3.09,3.09,3.09,3.08,452721"
2026-05-03T08:40:00.000-00:00,"3.09,3.09,3.09,3.08,793354"
2026-05-03T08:45:00.000-00:00,"3.09,3.09,3.09,3.08,1238487"
2026-05-03T08:50:00.000-00:00,"3.09,3.09,3.09,3.08,752418"
2026-05-03T08:55:00.000-00:00,"3.09,3.09,3.09,3.08,34082"
2026-05-03T09:00:00.000-00:00,"3.08,3.09,3.09,3.08,1146309"
2026-05-03T09:05:00.000-00:00,"3.09,3.09,3.1,3.08,298748"
2026-05-03T09:10:00.000-00:00,"3.08,3.09,3.09,3.08,132810"
2026-05-03T09:15:00.000-00:00,"3.09,3.08,3.09,3.07,519528"
2026-05-03T09:20:00.000-00:00,"3.08,3.08,3.08,3.07,894652"
2026-05-03T09:25:00.000-00:00,"3.08,3.08,3.08,3.07,84763"
2026-05-03T09:30:00.000-00:00,"3.08,3.08,3.08,3.07,114155"
2026-05-03T09:35:00.000-00:00,"3.08,3.08,3.08,3.07,391048"
2026-05-03T09:40:00.000-00:00,"3.08,3.08,3.08,3.07,288709"
2026-05-03T09:45:00.000-00:00,"3.08,3.09,3.09,3.07,415572"
2026-05-03T09:50:00.000-00:00,"3.09,3.08,3.09,3.08,444898"
2026-05-03T09:55:00.000-00:00,"3.08,3.08,3.09,3.08,650376"
2026-05-03T10:00:00.000-00:00,"3.08,3.08,3.08,3.07,352837"
2026-05-03T10:05:00.000-00:00,"3.08,3.08,3.08,3.07,185830"
2026-05-03T10:10:00.000-00:00,"3.08,3.07,3.09,3.07,924027"
2026-05-03T10:15:00.000-00:00,"3.08,3.07,3.08,3.07,49775"
2026-05-03T10:20:00.000-00:00,"3.08,3.08,3.08,3.07,71423"
2026-05-03T10:25:00.000-00:00,"3.07,3.07,3.08,3.07,1073583"
2026-05-03T10:30:00.000-00:00,"3.07,3.06,3.08,3.06,932972"
2026-05-03T10:35:00.000-00:00,"3.07,3.07,3.08,3.06,2552530"
2026-05-03T10:40:00.000-00:00,"3.07,3.06,3.07,3.06,158560"
2026-05-03T10:45:00.000-00:00,"3.06,3.06,3.06,3.05,656677"
2026-05-03T10:50:00.000-00:00,"3.06,3.05,3.06,3.05,736388"
2026-05-03T10:55:00.000-00:00,"3.05,3.06,3.07,3.05,1802407"
2026-05-03T11:00:00.000-00:00,"3.06,3.06,3.07,3.06,368322"
2026-05-03T11:05:00.000-00:00,"3.07,3.07,3.07,3.06,658509"
2026-05-03T11:10:00.000-00:00,"3.06,3.07,3.07,3.06,4388057"
2026-05-03T11:25:00.000-00:00,"3.06,3.06,3.06,3.06,4267253"
2026-05-04T07:00:00.000-00:00,"3.08,3.07,3.08,3.07,1587430"
2026-05-04T07:05:00.000-00:00,"3.08,3.08,3.09,3.07,1768896"
2026-05-04T07:10:00.000-00:00,"3.08,3.09,3.09,3.08,325554"
2026-05-04T07:15:00.000-00:00,"3.09,3.09,3.09,3.08,2078809"
2026-05-04T07:20:00.000-00:00,"3.09,3.1,3.1,3.08,2052230"
2026-05-04T07:25:00.000-00:00,"3.09,3.09,3.1,3.09,343769"
2026-05-04T07:30:00.000-00:00,"3.09,3.09,3.1,3.08,2682232"
2026-05-04T07:35:00.000-00:00,"3.09,3.08,3.09,3.08,615011"
2026-05-04T07:40:00.000-00:00,"3.08,3.08,3.09,3.08,181548"
2026-05-04T07:45:00.000-00:00,"3.08,3.09,3.09,3.08,1149789"
2026-05-04T07:50:00.000-00:00,"3.08,3.08,3.09,3.08,1795861"
2026-05-04T07:55:00.000-00:00,"3.08,3.08,3.08,3.07,121773"
2026-05-04T08:00:00.000-00:00,"3.07,3.08,3.08,3.07,62501"
2026-05-04T08:05:00.000-00:00,"3.08,3.08,3.08,3.07,292649"
2026-05-04T08:10:00.000-00:00,"3.08,3.11,3.11,3.08,8275608"
2026-05-04T08:15:00.000-00:00,"3.11,3.11,3.12,3.1,7129699"
2026-05-04T08:20:00.000-00:00,"3.11,3.12,3.13,3.11,6330201"
2026-05-04T08:25:00.000-00:00,"3.13,3.13,3.13,3.11,2010261"
2026-05-04T08:30:00.000-00:00,"3.13,3.13,3.14,3.12,7253577"
2026-05-04T08:35:00.000-00:00,"3.13,3.13,3.14,3.13,1605467"
2026-05-04T08:40:00.000-00:00,"3.13,3.13,3.13,3.12,3292672"
2026-05-04T08:45:00.000-00:00,"3.12,3.14,3.14,3.12,1013341"
2026-05-04T08:50:00.000-00:00,"3.13,3.13,3.14,3.13,959415"
2026-05-04T08:55:00.000-00:00,"3.13,3.12,3.13,3.12,1098867"
2026-05-04T09:00:00.000-00:00,"3.12,3.13,3.14,3.12,2652066"
2026-05-04T09:05:00.000-00:00,"3.13,3.13,3.14,3.13,1452955"
2026-05-04T09:10:00.000-00:00,"3.13,3.13,3.14,3.12,855244"
2026-05-04T09:15:00.000-00:00,"3.13,3.12,3.14,3.12,2407404"
2026-05-04T09:20:00.000-00:00,"3.11,3.11,3.12,3.11,713082"
2026-05-04T09:25:00.000-00:00,"3.11,3.12,3.13,3.11,685760"
2026-05-04T09:30:00.000-00:00,"3.12,3.12,3.13,3.12,726647"
2026-05-04T09:35:00.000-00:00,"3.11,3.12,3.12,3.11,620965"
2026-05-04T09:40:00.000-00:00,"3.12,3.11,3.12,3.11,846929"
2026-05-04T09:45:00.000-00:00,"3.1,3.11,3.12,3.1,465023"
2026-05-04T09:50:00.000-00:00,"3.11,3.12,3.12,3.11,171042"
2026-05-04T09:55:00.000-00:00,"3.11,3.11,3.12,3.11,877448"
2026-05-04T10:00:00.000-00:00,"3.12,3.11,3.12,3.11,744310"
2026-05-04T10:05:00.000-00:00,"3.11,3.12,3.12,3.11,147999"
2026-05-04T10:10:00.000-00:00,"3.12,3.11,3.12,3.11,604967"
2026-05-04T10:15:00.000-00:00,"3.11,3.1,3.11,3.1,95664"
2026-05-04T10:20:00.000-00:00,"3.11,3.11,3.11,3.1,1127822"
2026-05-04T10:25:00.000-00:00,"3.11,3.1,3.11,3.1,28136"
2026-05-04T10:30:00.000-00:00,"3.1,3.1,3.11,3.1,3321804"
2026-05-04T10:35:00.000-00:00,"3.1,3.09,3.1,3.09,687603"
2026-05-04T10:40:00.000-00:00,"3.09,3.09,3.1,3.08,3006676"
2026-05-04T10:45:00.000-00:00,"3.08,3.08,3.09,3.08,519903"
2026-05-04T10:50:00.000-00:00,"3.08,3.08,3.09,3.08,2464575"
2026-05-04T10:55:00.000-00:00,"3.08,3.06,3.09,3.06,7027125"
2026-05-04T11:00:00.000-00:00,"3.07,3.06,3.07,3.05,2535247"
2026-05-04T11:05:00.000-00:00,"3.06,3.06,3.06,3.05,1283558"
2026-05-04T11:10:00.000-00:00,"3.06,3.06,3.06,3.05,4818614"
2026-05-04T11:15:00.000-00:00,"3.06,3.06,3.06,3.06,223900"
2026-05-04T11:25:00.000-00:00,"3.05,3.05,3.05,3.05,5290101"
2026-05-05T07:00:00.000-00:00,"3.07,3.05,3.07,3.04,2214378"
2026-05-05T07:05:00.000-00:00,"3.05,3.04,3.05,3.04,742850"
2026-05-05T07:10:00.000-00:00,"3.04,3.05,3.05,3.03,2558728"
2026-05-05T07:15:00.000-00:00,"3.05,3.05,3.06,3.05,488319"
2026-05-05T07:20:00.000-00:00,"3.05,3.06,3.06,3.05,350799"
2026-05-05T07:25:00.000-00:00,"3.05,3.05,3.06,3.05,124832"
2026-05-05T07:30:00.000-00:00,"3.05,3.06,3.06,3.05,351629"
2026-05-05T07:35:00.000-00:00,"3.06,3.06,3.06,3.05,18411"
2026-05-05T07:40:00.000-00:00,"3.05,3.05,3.06,3.05,54515"
2026-05-05T07:45:00.000-00:00,"3.06,3.06,3.06,3.05,144513"
2026-05-05T07:50:00.000-00:00,"3.05,3.07,3.07,3.05,811787"
2026-05-05T07:55:00.000-00:00,"3.06,3.07,3.08,3.06,1686746"
2026-05-05T08:00:00.000-00:00,"3.07,3.07,3.08,3.07,1044464"
2026-05-05T08:05:00.000-00:00,"3.07,3.07,3.07,3.07,735535"
2026-05-05T08:10:00.000-00:00,"3.07,3.07,3.08,3.07,204684"
2026-05-05T08:15:00.000-00:00,"3.07,3.07,3.07,3.06,136767"
2026-05-05T08:20:00.000-00:00,"3.07,3.06,3.07,3.06,577341"
2026-05-05T08:25:00.000-00:00,"3.07,3.07,3.07,3.06,20446"
2026-05-05T08:30:00.000-00:00,"3.06,3.07,3.07,3.06,8029"
2026-05-05T08:35:00.000-00:00,"3.06,3.06,3.07,3.06,54856"
2026-05-05T08:40:00.000-00:00,"3.06,3.06,3.07,3.06,90787"
2026-05-05T08:45:00.000-00:00,"3.06,3.06,3.07,3.06,148676"
2026-05-05T08:50:00.000-00:00,"3.06,3.06,3.07,3.06,1445887"
2026-05-05T08:55:00.000-00:00,"3.06,3.06,3.07,3.06,299308"
2026-05-05T09:00:00.000-00:00,"3.06,3.06,3.06,3.05,901368"
2026-05-05T09:05:00.000-00:00,"3.06,3.06,3.07,3.05,1142530"
2026-05-05T09:10:00.000-00:00,"3.06,3.06,3.06,3.05,43802"
2026-05-05T09:15:00.000-00:00,"3.06,3.07,3.07,3.05,647459"
2026-05-05T09:20:00.000-00:00,"3.06,3.05,3.06,3.05,288537"
2026-05-05T09:25:00.000-00:00,"3.05,3.05,3.06,3.05,359524"
2026-05-05T09:30:00.000-00:00,"3.05,3.05,3.06,3.05,1704225"
2026-05-05T09:35:00.000-00:00,"3.05,3.05,3.06,3.04,552997"
2026-05-05T09:40:00.000-00:00,"3.05,3.05,3.06,3.05,55191"
2026-05-05T09:45:00.000-00:00,"3.06,3.05,3.06,3.05,369922"
2026-05-05T09:50:00.000-00:00,"3.05,3.06,3.06,3.05,37085"
2026-05-05T09:55:00.000-00:00,"3.05,3.06,3.06,3.05,43491"
2026-05-05T10:00:00.000-00:00,"3.06,3.06,3.06,3.05,1123029"
2026-05-05T10:05:00.000-00:00,"3.06,3.05,3.06,3.05,612619"
2026-05-05T10:10:00.000-00:00,"3.06,3.05,3.06,3.05,1010586"
2026-05-05T10:15:00.000-00:00,"3.05,3.04,3.05,3.04,5648212"
2026-05-05T10:20:00.000-00:00,"3.04,3.04,3.04,3.04,551827"
2026-05-05T10:25:00.000-00:00,"3.04,3.04,3.05,3.03,1794229"
2026-05-05T10:30:00.000-00:00,"3.04,3.04,3.04,3.03,1516677"
2026-05-05T10:35:00.000-00:00,"3.04,3.04,3.04,3.03,156987"
2026-05-05T10:40:00.000-00:00,"3.04,3.03,3.04,3.03,1085636"
2026-05-05T10:45:00.000-00:00,"3.04,3.03,3.04,3.03,740015"
2026-05-05T10:50:00.000-00:00,"3.04,3.04,3.04,3.03,169123"
2026-05-05T10:55:00.000-00:00,"3.04,3.04,3.04,3.03,1004534"
2026-05-05T11:00:00.000-00:00,"3.04,3.03,3.04,3.03,783855"
2026-05-05T11:05:00.000-00:00,"3.04,3.04,3.04,3.03,366311"
2026-05-05T11:10:00.000-00:00,"3.03,3.03,3.04,3.02,4364240"
2026-05-05T11:25:00.000-00:00,"3.03,3.03,3.03,3.03,6365215"
2026-05-06T07:00:00.000-00:00,"3.06,3.07,3.08,3.05,2984153"
2026-05-06T07:05:00.000-00:00,"3.07,3.09,3.1,3.07,7658233"
2026-05-06T07:10:00.000-00:00,"3.09,3.09,3.1,3.08,1269279"
2026-05-06T07:15:00.000-00:00,"3.08,3.08,3.09,3.08,2437109"
2026-05-06T07:20:00.000-00:00,"3.08,3.08,3.08,3.07,1274665"
2026-05-06T07:25:00.000-00:00,"3.08,3.08,3.08,3.07,161351"
2026-05-06T07:30:00.000-00:00,"3.08,3.07,3.08,3.07,154865"
2026-05-06T07:35:00.000-00:00,"3.07,3.06,3.08,3.06,575954"
2026-05-06T07:40:00.000-00:00,"3.07,3.07,3.07,3.06,609700"
2026-05-06T07:45:00.000-00:00,"3.06,3.08,3.08,3.06,1507905"
2026-05-06T07:50:00.000-00:00,"3.07,3.07,3.08,3.07,47738"
2026-05-06T07:55:00.000-00:00,"3.08,3.07,3.08,3.07,181590"
2026-05-06T08:00:00.000-00:00,"3.07,3.07,3.08,3.06,373987"
2026-05-06T08:05:00.000-00:00,"3.06,3.07,3.07,3.06,226960"
2026-05-06T08:10:00.000-00:00,"3.07,3.07,3.08,3.07,89145"
2026-05-06T08:15:00.000-00:00,"3.07,3.07,3.07,3.07,35200"
2026-05-06T08:20:00.000-00:00,"3.07,3.07,3.08,3.07,582835"
2026-05-06T08:25:00.000-00:00,"3.07,3.07,3.07,3.07,367311"
2026-05-06T08:30:00.000-00:00,"3.07,3.07,3.08,3.07,136217"
2026-05-06T08:35:00.000-00:00,"3.07,3.07,3.07,3.06,147101"
2026-05-06T08:40:00.000-00:00,"3.07,3.06,3.07,3.06,8404"
2026-05-06T08:45:00.000-00:00,"3.07,3.07,3.07,3.06,99741"
2026-05-06T08:50:00.000-00:00,"3.06,3.07,3.07,3.06,62424"
2026-05-06T08:55:00.000-00:00,"3.07,3.07,3.07,3.06,184887"
2026-05-06T09:00:00.000-00:00,"3.07,3.07,3.07,3.06,44800"
2026-05-06T09:05:00.000-00:00,"3.07,3.06,3.07,3.06,2676436"
2026-05-06T09:10:00.000-00:00,"3.06,3.05,3.07,3.05,1276902"
2026-05-06T09:15:00.000-00:00,"3.06,3.05,3.06,3.04,1757441"
2026-05-06T09:20:00.000-00:00,"3.05,3.04,3.06,3.04,1134523"
2026-05-06T09:25:00.000-00:00,"3.05,3.05,3.06,3.04,1595394"
2026-05-06T09:30:00.000-00:00,"3.05,3.05,3.05,3.04,241044"
2026-05-06T09:35:00.000-00:00,"3.04,3.05,3.05,3.04,367752"
2026-05-06T09:40:00.000-00:00,"3.04,3.06,3.06,3.04,3108298"
2026-05-06T09:45:00.000-00:00,"3.06,3.05,3.06,3.04,607617"
2026-05-06T09:50:00.000-00:00,"3.05,3.05,3.05,3.05,27431"
2026-05-06T09:55:00.000-00:00,"3.04,3.05,3.05,3.04,176811"
2026-05-06T10:00:00.000-00:00,"3.05,3.05,3.05,3.05,8758"
2026-05-06T10:05:00.000-00:00,"3.05,3.05,3.05,3.04,51985"
2026-05-06T10:10:00.000-00:00,"3.05,3.05,3.05,3.04,283202"
2026-05-06T10:15:00.000-00:00,"3.04,3.05,3.05,3.04,540813"
2026-05-06T10:20:00.000-00:00,"3.04,3.05,3.05,3.04,394960"
2026-05-06T10:25:00.000-00:00,"3.05,3.04,3.05,3.04,3286964"
2026-05-06T10:30:00.000-00:00,"3.04,3.04,3.04,3.03,1013995"
2026-05-06T10:35:00.000-00:00,"3.04,3.04,3.04,3.03,1696344"
2026-05-06T10:40:00.000-00:00,"3.04,3.04,3.05,3.04,3599350"
2026-05-06T10:45:00.000-00:00,"3.04,3.04,3.04,3.03,237251"
2026-05-06T10:50:00.000-00:00,"3.04,3.04,3.04,3.03,623332"
2026-05-06T10:55:00.000-00:00,"3.04,3.04,3.04,3.03,4411686"
2026-05-06T11:00:00.000-00:00,"3.04,3.04,3.04,3.03,1218825"
2026-05-06T11:05:00.000-00:00,"3.04,3.05,3.05,3.03,2960553"
2026-05-06T11:10:00.000-00:00,"3.05,3.06,3.07,3.04,5037986"
2026-05-06T11:25:00.000-00:00,"3.06,3.06,3.06,3.06,3415426"
2026-05-10T07:00:00.000-00:00,"3.08,3.09,3.09,3.07,1927278"
2026-05-10T07:05:00.000-00:00,"3.09,3.09,3.1,3.08,2267581"
2026-05-10T07:10:00.000-00:00,"3.09,3.08,3.09,3.07,411186"
2026-05-10T07:15:00.000-00:00,"3.08,3.08,3.09,3.07,688458"
2026-05-10T07:20:00.000-00:00,"3.08,3.09,3.09,3.07,299293"
2026-05-10T07:25:00.000-00:00,"3.09,3.11,3.11,3.09,7393853"
2026-05-10T07:30:00.000-00:00,"3.11,3.1,3.11,3.1,1176736"
2026-05-10T07:35:00.000-00:00,"3.1,3.09,3.1,3.09,208266"
2026-05-10T07:40:00.000-00:00,"3.1,3.09,3.1,3.09,417675"
2026-05-10T07:45:00.000-00:00,"3.09,3.1,3.1,3.08,383853"
2026-05-10T07:50:00.000-00:00,"3.1,3.09,3.1,3.08,1211893"
2026-05-10T07:55:00.000-00:00,"3.09,3.09,3.09,3.08,196110"
2026-05-10T08:00:00.000-00:00,"3.09,3.09,3.09,3.08,91171"
2026-05-10T08:05:00.000-00:00,"3.09,3.08,3.09,3.08,271548"
2026-05-10T08:10:00.000-00:00,"3.08,3.09,3.09,3.08,1205728"
2026-05-10T08:15:00.000-00:00,"3.09,3.09,3.09,3.08,185115"
2026-05-10T08:20:00.000-00:00,"3.09,3.09,3.09,3.08,96058"
2026-05-10T08:25:00.000-00:00,"3.08,3.08,3.09,3.08,300735"
2026-05-10T08:30:00.000-00:00,"3.08,3.09,3.09,3.08,311627"
2026-05-10T08:35:00.000-00:00,"3.08,3.11,3.11,3.08,4877573"
2026-05-10T08:40:00.000-00:00,"3.11,3.12,3.12,3.1,8042159"
2026-05-10T08:45:00.000-00:00,"3.11,3.11,3.12,3.1,3628522"
2026-05-10T08:50:00.000-00:00,"3.11,3.1,3.11,3.1,216267"
2026-05-10T08:55:00.000-00:00,"3.11,3.11,3.11,3.1,1104161"
2026-05-10T09:00:00.000-00:00,"3.11,3.1,3.11,3.1,98661"
2026-05-10T09:05:00.000-00:00,"3.11,3.11,3.12,3.1,1386967"
2026-05-10T09:10:00.000-00:00,"3.11,3.11,3.11,3.1,311250"
2026-05-10T09:15:00.000-00:00,"3.11,3.11,3.11,3.1,114249"
2026-05-10T09:20:00.000-00:00,"3.1,3.11,3.11,3.1,2421328"
2026-05-10T09:25:00.000-00:00,"3.11,3.11,3.11,3.1,119821"
2026-05-10T09:30:00.000-00:00,"3.11,3.08,3.11,3.08,989608"
2026-05-10T09:35:00.000-00:00,"3.08,3.08,3.09,3.08,225312"
2026-05-10T09:40:00.000-00:00,"3.08,3.08,3.1,3.08,347166"
2026-05-10T09:45:00.000-00:00,"3.09,3.1,3.1,3.09,16720759"
2026-05-10T09:50:00.000-00:00,"3.09,3.1,3.1,3.09,33135"
2026-05-10T09:55:00.000-00:00,"3.1,3.09,3.1,3.09,123992"
2026-05-10T10:00:00.000-00:00,"3.09,3.1,3.1,3.09,39426"
2026-05-10T10:05:00.000-00:00,"3.09,3.09,3.09,3.08,734310"
2026-05-10T10:10:00.000-00:00,"3.08,3.1,3.1,3.08,791559"
2026-05-10T10:15:00.000-00:00,"3.08,3.09,3.09,3.08,76984"
2026-05-10T10:20:00.000-00:00,"3.08,3.09,3.1,3.08,386636"
2026-05-10T10:25:00.000-00:00,"3.09,3.1,3.1,3.09,1126701"
2026-05-10T10:30:00.000-00:00,"3.1,3.1,3.1,3.09,93496"
2026-05-10T10:35:00.000-00:00,"3.09,3.1,3.1,3.09,545568"
2026-05-10T10:40:00.000-00:00,"3.1,3.1,3.1,3.09,183915"
2026-05-10T10:45:00.000-00:00,"3.1,3.1,3.1,3.09,987893"
2026-05-10T10:50:00.000-00:00,"3.1,3.1,3.11,3.1,445061"
2026-05-10T10:55:00.000-00:00,"3.1,3.1,3.1,3.1,375061"
2026-05-10T11:00:00.000-00:00,"3.1,3.09,3.1,3.09,748759"
2026-05-10T11:05:00.000-00:00,"3.1,3.1,3.1,3.09,150559"
2026-05-10T11:10:00.000-00:00,"3.1,3.1,3.1,3.09,1683497"
2026-05-10T11:25:00.000-00:00,"3.1,3.1,3.1,3.1,5878872"
2026-05-11T07:00:00.000-00:00,"3.13,3.16,3.16,3.13,20897628"
2026-05-11T07:05:00.000-00:00,"3.15,3.2,3.22,3.14,32260304"
2026-05-11T07:10:00.000-00:00,"3.18,3.21,3.21,3.18,14665976"
2026-05-11T07:15:00.000-00:00,"3.21,3.19,3.22,3.19,12219279"
2026-05-11T07:20:00.000-00:00,"3.19,3.22,3.25,3.18,24484299"
2026-05-11T07:25:00.000-00:00,"3.21,3.22,3.23,3.21,3817807"
2026-05-11T07:30:00.000-00:00,"3.21,3.22,3.23,3.21,3720752"
2026-05-11T07:35:00.000-00:00,"3.22,3.2,3.22,3.2,5562215"
2026-05-11T07:40:00.000-00:00,"3.2,3.21,3.22,3.2,3558245"
2026-05-11T07:45:00.000-00:00,"3.22,3.21,3.22,3.21,3316362"
2026-05-11T07:50:00.000-00:00,"3.21,3.22,3.23,3.21,9358875"
2026-05-11T07:55:00.000-00:00,"3.22,3.23,3.23,3.21,5070158"
2026-05-11T08:00:00.000-00:00,"3.23,3.24,3.24,3.22,2821548"
2026-05-11T08:05:00.000-00:00,"3.23,3.23,3.24,3.22,8763019"
2026-05-11T08:10:00.000-00:00,"3.22,3.23,3.24,3.22,1191086"
2026-05-11T08:15:00.000-00:00,"3.23,3.23,3.23,3.22,330473"
2026-05-11T08:20:00.000-00:00,"3.22,3.22,3.23,3.22,321251"
2026-05-11T08:25:00.000-00:00,"3.23,3.21,3.23,3.21,2676610"
2026-05-11T08:30:00.000-00:00,"3.22,3.21,3.22,3.2,1020081"
2026-05-11T08:35:00.000-00:00,"3.2,3.2,3.21,3.2,171825"
2026-05-11T08:40:00.000-00:00,"3.21,3.21,3.21,3.2,1141601"
2026-05-11T08:45:00.000-00:00,"3.2,3.2,3.21,3.2,160379"
2026-05-11T08:50:00.000-00:00,"3.2,3.2,3.21,3.2,1437116"
2026-05-11T08:55:00.000-00:00,"3.2,3.2,3.21,3.2,244441"
2026-05-11T09:00:00.000-00:00,"3.21,3.2,3.21,3.19,797758"
2026-05-11T09:05:00.000-00:00,"3.2,3.2,3.21,3.19,334373"
2026-05-11T09:10:00.000-00:00,"3.19,3.2,3.2,3.19,66109"
2026-05-11T09:15:00.000-00:00,"3.2,3.19,3.2,3.19,2188080"
2026-05-11T09:20:00.000-00:00,"3.19,3.2,3.2,3.19,155507"
2026-05-11T09:25:00.000-00:00,"3.2,3.2,3.2,3.19,142086"
2026-05-11T09:30:00.000-00:00,"3.2,3.2,3.2,3.19,265446"
2026-05-11T09:35:00.000-00:00,"3.2,3.19,3.2,3.19,439139"
2026-05-11T09:40:00.000-00:00,"3.19,3.2,3.2,3.19,155821"
2026-05-11T09:45:00.000-00:00,"3.2,3.2,3.21,3.19,734998"
2026-05-11T09:50:00.000-00:00,"3.2,3.2,3.21,3.2,241497"
2026-05-11T09:55:00.000-00:00,"3.2,3.2,3.2,3.19,112345"
2026-05-11T10:00:00.000-00:00,"3.2,3.2,3.21,3.19,598689"
2026-05-11T10:05:00.000-00:00,"3.21,3.21,3.21,3.2,510625"
2026-05-11T10:10:00.000-00:00,"3.2,3.2,3.21,3.2,205612"
2026-05-11T10:15:00.000-00:00,"3.2,3.2,3.21,3.2,313370"
2026-05-11T10:20:00.000-00:00,"3.21,3.21,3.21,3.2,370917"
2026-05-11T10:25:00.000-00:00,"3.21,3.21,3.21,3.2,954721"
2026-05-11T10:30:00.000-00:00,"3.2,3.2,3.21,3.2,1474860"
2026-05-11T10:35:00.000-00:00,"3.2,3.2,3.21,3.19,754079"
2026-05-11T10:40:00.000-00:00,"3.2,3.2,3.21,3.19,1309109"
2026-05-11T10:45:00.000-00:00,"3.2,3.2,3.21,3.2,631459"
2026-05-11T10:50:00.000-00:00,"3.2,3.2,3.21,3.19,2256966"
2026-05-11T10:55:00.000-00:00,"3.21,3.21,3.22,3.2,2010474"
2026-05-11T11:00:00.000-00:00,"3.21,3.21,3.21,3.2,845089"
2026-05-11T11:05:00.000-00:00,"3.21,3.19,3.21,3.19,2955308"
2026-05-11T11:10:00.000-00:00,"3.19,3.2,3.2,3.19,3884577"
2026-05-11T11:15:00.000-00:00,"3.2,3.2,3.2,3.2,10000"
2026-05-11T11:25:00.000-00:00,"3.19,3.19,3.19,3.19,9936752"
2026-05-12T07:00:00.000-00:00,"3.22,3.21,3.22,3.2,6069856"
2026-05-12T07:05:00.000-00:00,"3.21,3.22,3.22,3.21,1219454"
2026-05-12T07:10:00.000-00:00,"3.22,3.21,3.22,3.21,1649589"
2026-05-12T07:15:00.000-00:00,"3.21,3.21,3.22,3.2,2522460"
2026-05-12T07:20:00.000-00:00,"3.2,3.21,3.21,3.2,457275"
2026-05-12T07:25:00.000-00:00,"3.21,3.22,3.22,3.2,1339174"
2026-05-12T07:30:00.000-00:00,"3.21,3.21,3.22,3.2,728497"
2026-05-12T07:35:00.000-00:00,"3.21,3.21,3.21,3.2,574210"
2026-05-12T07:40:00.000-00:00,"3.21,3.2,3.21,3.2,296830"
2026-05-12T07:45:00.000-00:00,"3.2,3.19,3.21,3.19,1174468"
2026-05-12T07:50:00.000-00:00,"3.19,3.2,3.2,3.19,1180616"
2026-05-12T07:55:00.000-00:00,"3.2,3.19,3.2,3.19,871359"
2026-05-12T08:00:00.000-00:00,"3.2,3.2,3.2,3.19,392016"
2026-05-12T08:05:00.000-00:00,"3.19,3.19,3.2,3.19,1229770"
2026-05-12T08:10:00.000-00:00,"3.2,3.19,3.2,3.18,680243"
2026-05-12T08:15:00.000-00:00,"3.19,3.19,3.2,3.19,396106"
2026-05-12T08:20:00.000-00:00,"3.2,3.2,3.2,3.18,525081"
2026-05-12T08:25:00.000-00:00,"3.2,3.2,3.2,3.19,87384"
2026-05-12T08:30:00.000-00:00,"3.19,3.2,3.2,3.19,282761"
2026-05-12T08:35:00.000-00:00,"3.2,3.19,3.2,3.19,310669"
2026-05-12T08:40:00.000-00:00,"3.2,3.2,3.2,3.19,393008"
2026-05-12T08:45:00.000-00:00,"3.2,3.2,3.2,3.19,332331"
2026-05-12T08:50:00.000-00:00,"3.2,3.19,3.2,3.19,671241"
2026-05-12T08:55:00.000-00:00,"3.19,3.19,3.2,3.18,431905"
2026-05-12T09:00:00.000-00:00,"3.19,3.18,3.19,3.18,144979"
2026-05-12T09:05:00.000-00:00,"3.19,3.19,3.19,3.18,222763"
2026-05-12T09:10:00.000-00:00,"3.19,3.2,3.2,3.18,505475"
2026-05-12T09:15:00.000-00:00,"3.2,3.18,3.2,3.18,142623"
2026-05-12T09:20:00.000-00:00,"3.19,3.18,3.19,3.18,2449535"
2026-05-12T09:25:00.000-00:00,"3.18,3.18,3.19,3.17,356811"
2026-05-12T09:30:00.000-00:00,"3.19,3.18,3.19,3.17,256920"
2026-05-12T09:35:00.000-00:00,"3.19,3.17,3.19,3.17,196316"
2026-05-12T09:40:00.000-00:00,"3.19,3.18,3.19,3.17,152466"
2026-05-12T09:45:00.000-00:00,"3.18,3.18,3.18,3.17,226098"
2026-05-12T09:50:00.000-00:00,"3.17,3.17,3.18,3.17,701798"
2026-05-12T09:55:00.000-00:00,"3.17,3.19,3.19,3.17,308814"
2026-05-12T10:00:00.000-00:00,"3.18,3.19,3.19,3.18,48597"
2026-05-12T10:05:00.000-00:00,"3.18,3.17,3.19,3.17,140831"
2026-05-12T10:10:00.000-00:00,"3.17,3.18,3.19,3.17,599044"
2026-05-12T10:15:00.000-00:00,"3.17,3.18,3.18,3.17,278957"
2026-05-12T10:20:00.000-00:00,"3.18,3.19,3.19,3.17,91830"
2026-05-12T10:25:00.000-00:00,"3.18,3.19,3.19,3.18,30714"
2026-05-12T10:30:00.000-00:00,"3.19,3.19,3.19,3.18,126553"
2026-05-12T10:35:00.000-00:00,"3.18,3.19,3.19,3.18,21925"
2026-05-12T10:40:00.000-00:00,"3.18,3.19,3.19,3.18,411898"
2026-05-12T10:45:00.000-00:00,"3.19,3.18,3.19,3.18,81702"
2026-05-12T10:50:00.000-00:00,"3.19,3.18,3.19,3.17,1275072"
2026-05-12T10:55:00.000-00:00,"3.18,3.19,3.19,3.17,1269937"
2026-05-12T11:00:00.000-00:00,"3.18,3.2,3.21,3.18,6757915"
2026-05-12T11:05:00.000-00:00,"3.2,3.2,3.21,3.2,4079608"
2026-05-12T11:10:00.000-00:00,"3.2,3.2,3.21,3.19,1791611"
2026-05-12T11:25:00.000-00:00,"3.2,3.2,3.2,3.2,3205910"
2026-05-13T07:00:00.000-00:00,"3.21,3.21,3.23,3.21,2611275"
2026-05-13T07:05:00.000-00:00,"3.21,3.21,3.21,3.2,473760"
2026-05-13T07:10:00.000-00:00,"3.2,3.21,3.21,3.2,1125922"
2026-05-13T07:15:00.000-00:00,"3.2,3.21,3.21,3.2,55529"
2026-05-13T07:20:00.000-00:00,"3.2,3.2,3.21,3.2,314551"
2026-05-13T07:25:00.000-00:00,"3.2,3.2,3.21,3.19,1756892"
2026-05-13T07:30:00.000-00:00,"3.2,3.19,3.2,3.19,811098"
2026-05-13T07:35:00.000-00:00,"3.19,3.19,3.2,3.19,59049"
2026-05-13T07:40:00.000-00:00,"3.2,3.19,3.2,3.19,556360"
2026-05-13T07:45:00.000-00:00,"3.2,3.19,3.2,3.19,179376"
2026-05-13T07:50:00.000-00:00,"3.19,3.2,3.2,3.19,339852"
2026-05-13T07:55:00.000-00:00,"3.19,3.19,3.2,3.19,223290"
2026-05-13T08:00:00.000-00:00,"3.2,3.2,3.2,3.19,425071"
2026-05-13T08:05:00.000-00:00,"3.19,3.19,3.19,3.18,130560"
2026-05-13T08:10:00.000-00:00,"3.18,3.2,3.2,3.18,365996"
2026-05-13T08:15:00.000-00:00,"3.19,3.19,3.2,3.19,208354"
2026-05-13T08:20:00.000-00:00,"3.19,3.19,3.2,3.19,440849"
2026-05-13T08:25:00.000-00:00,"3.19,3.19,3.2,3.18,261031"
2026-05-13T08:30:00.000-00:00,"3.19,3.19,3.19,3.18,92335"
2026-05-13T08:35:00.000-00:00,"3.19,3.18,3.19,3.18,105171"
2026-05-13T08:40:00.000-00:00,"3.19,3.19,3.19,3.18,81546"
2026-05-13T08:45:00.000-00:00,"3.18,3.19,3.19,3.18,112503"
2026-05-13T08:50:00.000-00:00,"3.19,3.18,3.19,3.18,2058765"
2026-05-13T08:55:00.000-00:00,"3.18,3.18,3.19,3.18,2069117"
2026-05-13T09:00:00.000-00:00,"3.18,3.18,3.19,3.18,653235"
2026-05-13T09:05:00.000-00:00,"3.19,3.18,3.19,3.18,12802"
2026-05-13T09:10:00.000-00:00,"3.18,3.18,3.19,3.18,1237536"
2026-05-13T09:15:00.000-00:00,"3.18,3.19,3.19,3.18,451124"
2026-05-13T09:20:00.000-00:00,"3.18,3.18,3.19,3.18,1398759"
2026-05-13T09:25:00.000-00:00,"3.18,3.19,3.2,3.18,3237709"
2026-05-13T09:30:00.000-00:00,"3.19,3.18,3.19,3.18,349895"
2026-05-13T09:35:00.000-00:00,"3.18,3.18,3.19,3.18,237044"
2026-05-13T09:40:00.000-00:00,"3.18,3.17,3.18,3.17,630109"
2026-05-13T09:45:00.000-00:00,"3.17,3.16,3.18,3.16,2055804"
2026-05-13T09:50:00.000-00:00,"3.16,3.16,3.18,3.16,1635899"
2026-05-13T09:55:00.000-00:00,"3.16,3.16,3.17,3.16,615052"
2026-05-13T10:00:00.000-00:00,"3.16,3.17,3.17,3.16,308771"
2026-05-13T10:05:00.000-00:00,"3.17,3.16,3.17,3.16,79874"
2026-05-13T10:10:00.000-00:00,"3.17,3.17,3.17,3.17,4143"
2026-05-13T10:15:00.000-00:00,"3.17,3.16,3.17,3.15,668562"
2026-05-13T10:20:00.000-00:00,"3.16,3.15,3.16,3.15,307632"
2026-05-13T10:25:00.000-00:00,"3.15,3.15,3.16,3.15,2690990"
2026-05-13T10:30:00.000-00:00,"3.15,3.16,3.16,3.14,909867"
2026-05-13T10:35:00.000-00:00,"3.15,3.17,3.17,3.15,2044996"
2026-05-13T10:40:00.000-00:00,"3.17,3.17,3.17,3.16,1328685"
2026-05-13T10:45:00.000-00:00,"3.16,3.17,3.17,3.16,17214"
2026-05-13T10:50:00.000-00:00,"3.17,3.17,3.18,3.16,857732"
2026-05-13T10:55:00.000-00:00,"3.17,3.16,3.17,3.16,175315"
2026-05-13T11:00:00.000-00:00,"3.16,3.16,3.17,3.16,1508634"
2026-05-13T11:05:00.000-00:00,"3.16,3.17,3.17,3.16,389640"
2026-05-13T11:10:00.000-00:00,"3.16,3.16,3.17,3.16,2604266"
2026-05-13T11:25:00.000-00:00,"3.15,3.15,3.15,3.15,5119443"
2026-05-14T07:00:00.000-00:00,"3.16,3.17,3.18,3.15,2134885"
2026-05-14T07:05:00.000-00:00,"3.16,3.16,3.17,3.16,410091"
2026-05-14T07:10:00.000-00:00,"3.16,3.16,3.17,3.15,719664"
2026-05-14T07:15:00.000-00:00,"3.16,3.17,3.18,3.16,1376545"
2026-05-14T07:20:00.000-00:00,"3.17,3.18,3.18,3.16,297027"
2026-05-14T07:25:00.000-00:00,"3.17,3.17,3.18,3.16,420437"
2026-05-14T07:30:00.000-00:00,"3.18,3.17,3.18,3.17,645955"
2026-05-14T07:35:00.000-00:00,"3.17,3.17,3.18,3.16,723422"
2026-05-14T07:40:00.000-00:00,"3.16,3.16,3.17,3.16,15959"
2026-05-14T07:45:00.000-00:00,"3.16,3.16,3.17,3.16,103668"
2026-05-14T07:50:00.000-00:00,"3.17,3.16,3.17,3.16,1108886"
2026-05-14T07:55:00.000-00:00,"3.16,3.16,3.17,3.16,1519851"
2026-05-14T08:00:00.000-00:00,"3.16,3.17,3.17,3.16,311946"
2026-05-14T08:05:00.000-00:00,"3.16,3.17,3.17,3.16,1754130"
2026-05-14T08:10:00.000-00:00,"3.17,3.18,3.19,3.17,2767750"
2026-05-14T08:15:00.000-00:00,"3.18,3.18,3.19,3.18,812900"
2026-05-14T08:20:00.000-00:00,"3.18,3.18,3.19,3.18,100517"
2026-05-14T08:25:00.000-00:00,"3.18,3.18,3.19,3.17,1308869"
2026-05-14T08:30:00.000-00:00,"3.18,3.18,3.19,3.18,492246"
2026-05-14T08:35:00.000-00:00,"3.17,3.17,3.18,3.17,56294"
2026-05-14T08:40:00.000-00:00,"3.17,3.17,3.18,3.17,45116"
2026-05-14T08:45:00.000-00:00,"3.17,3.18,3.18,3.17,666610"
2026-05-14T08:50:00.000-00:00,"3.18,3.19,3.19,3.18,370320"
2026-05-14T08:55:00.000-00:00,"3.18,3.18,3.18,3.18,76138"
2026-05-14T09:00:00.000-00:00,"3.18,3.18,3.18,3.17,390263"
2026-05-14T09:05:00.000-00:00,"3.18,3.18,3.18,3.17,162839"
2026-05-14T09:10:00.000-00:00,"3.18,3.17,3.18,3.17,56964"
2026-05-14T09:15:00.000-00:00,"3.18,3.17,3.18,3.17,103650"
2026-05-14T09:20:00.000-00:00,"3.18,3.17,3.18,3.16,952737"
2026-05-14T09:25:00.000-00:00,"3.16,3.16,3.17,3.16,177663"
2026-05-14T09:30:00.000-00:00,"3.16,3.17,3.17,3.16,35697"
2026-05-14T09:35:00.000-00:00,"3.17,3.17,3.17,3.16,76201"
2026-05-14T09:40:00.000-00:00,"3.16,3.17,3.17,3.16,38255"
2026-05-14T09:45:00.000-00:00,"3.17,3.16,3.17,3.16,202803"
2026-05-14T09:50:00.000-00:00,"3.16,3.17,3.17,3.16,1069500"
2026-05-14T09:55:00.000-00:00,"3.17,3.16,3.17,3.16,150960"
2026-05-14T10:00:00.000-00:00,"3.16,3.16,3.17,3.16,119873"
2026-05-14T10:05:00.000-00:00,"3.16,3.16,3.17,3.16,1504395"
2026-05-14T10:10:00.000-00:00,"3.16,3.16,3.16,3.16,253709"
2026-05-14T10:15:00.000-00:00,"3.16,3.17,3.17,3.16,132615"
2026-05-14T10:20:00.000-00:00,"3.16,3.19,3.2,3.16,7238332"
2026-05-14T10:25:00.000-00:00,"3.19,3.19,3.2,3.18,1121402"
2026-05-14T10:30:00.000-00:00,"3.19,3.21,3.22,3.19,19939769"
2026-05-14T10:35:00.000-00:00,"3.21,3.23,3.24,3.2,6220197"
2026-05-14T10:40:00.000-00:00,"3.23,3.24,3.25,3.21,10064800"
2026-05-14T10:45:00.000-00:00,"3.24,3.22,3.24,3.22,1015422"
2026-05-14T10:50:00.000-00:00,"3.23,3.21,3.23,3.21,1707705"
2026-05-14T10:55:00.000-00:00,"3.21,3.22,3.22,3.21,377366"
2026-05-14T11:00:00.000-00:00,"3.21,3.21,3.22,3.21,3005208"
2026-05-14T11:05:00.000-00:00,"3.22,3.23,3.24,3.22,4160378"
2026-05-14T11:10:00.000-00:00,"3.23,3.23,3.25,3.22,7193031"
2026-05-14T11:15:00.000-00:00,"3.24,3.24,3.24,3.24,300000"
2026-05-14T11:25:00.000-00:00,"3.24,3.24,3.24,3.24,9512993"
2026-05-17T07:00:00.000-00:00,"3.27,3.27,3.29,3.26,9292927"
2026-05-17T07:05:00.000-00:00,"3.26,3.26,3.27,3.25,3363486"
2026-05-17T07:10:00.000-00:00,"3.26,3.24,3.26,3.24,1082873"
2026-05-17T07:15:00.000-00:00,"3.24,3.25,3.26,3.24,2201321"
2026-05-17T07:20:00.000-00:00,"3.25,3.26,3.27,3.24,2534145"
2026-05-17T07:25:00.000-00:00,"3.26,3.27,3.28,3.25,4337849"
2026-05-17T07:30:00.000-00:00,"3.27,3.27,3.28,3.26,1825933"
2026-05-17T07:35:00.000-00:00,"3.27,3.27,3.28,3.26,1509196"
2026-05-17T07:40:00.000-00:00,"3.27,3.28,3.28,3.27,1752845"
2026-05-17T07:45:00.000-00:00,"3.27,3.27,3.28,3.26,715604"
2026-05-17T07:50:00.000-00:00,"3.27,3.27,3.28,3.26,851755"
2026-05-17T07:55:00.000-00:00,"3.27,3.26,3.28,3.26,362158"
2026-05-17T08:00:00.000-00:00,"3.27,3.27,3.27,3.26,293402"
2026-05-17T08:05:00.000-00:00,"3.27,3.27,3.27,3.26,100891"
2026-05-17T08:10:00.000-00:00,"3.26,3.25,3.27,3.25,2895752"
2026-05-17T08:15:00.000-00:00,"3.25,3.25,3.26,3.25,438072"
2026-05-17T08:20:00.000-00:00,"3.25,3.25,3.26,3.25,206876"
2026-05-17T08:25:00.000-00:00,"3.26,3.26,3.26,3.25,109653"
2026-05-17T08:30:00.000-00:00,"3.25,3.25,3.26,3.24,840622"
2026-05-17T08:35:00.000-00:00,"3.26,3.26,3.26,3.25,337056"
2026-05-17T08:40:00.000-00:00,"3.25,3.25,3.26,3.25,758353"
2026-05-17T08:45:00.000-00:00,"3.26,3.26,3.26,3.25,161323"
2026-05-17T08:50:00.000-00:00,"3.26,3.26,3.26,3.25,148292"
2026-05-17T08:55:00.000-00:00,"3.26,3.27,3.27,3.25,4374972"
2026-05-17T09:00:00.000-00:00,"3.27,3.31,3.31,3.27,13580011"
2026-05-17T09:05:00.000-00:00,"3.3,3.31,3.32,3.3,13575048"
2026-05-17T09:10:00.000-00:00,"3.31,3.31,3.32,3.3,3547435"
2026-05-17T09:15:00.000-00:00,"3.3,3.3,3.32,3.3,2792136"
2026-05-17T09:20:00.000-00:00,"3.31,3.3,3.31,3.3,1535802"
2026-05-17T09:25:00.000-00:00,"3.3,3.3,3.3,3.29,886168"
2026-05-17T09:30:00.000-00:00,"3.29,3.3,3.3,3.29,612111"
2026-05-17T09:35:00.000-00:00,"3.3,3.29,3.3,3.29,732255"
2026-05-17T09:40:00.000-00:00,"3.3,3.29,3.3,3.28,708022"
2026-05-17T09:45:00.000-00:00,"3.28,3.29,3.29,3.28,505689"
2026-05-17T09:50:00.000-00:00,"3.29,3.29,3.29,3.28,677141"
2026-05-17T09:55:00.000-00:00,"3.29,3.29,3.29,3.28,489371"
2026-05-17T10:00:00.000-00:00,"3.29,3.29,3.29,3.28,269297"
2026-05-17T10:05:00.000-00:00,"3.29,3.3,3.3,3.29,240767"
2026-05-17T10:10:00.000-00:00,"3.29,3.29,3.29,3.28,386229"
2026-05-17T10:15:00.000-00:00,"3.29,3.28,3.29,3.27,1140722"
2026-05-17T10:20:00.000-00:00,"3.27,3.27,3.28,3.27,503605"
2026-05-17T10:25:00.000-00:00,"3.27,3.27,3.28,3.27,572607"
2026-05-17T10:30:00.000-00:00,"3.27,3.27,3.28,3.27,288438"
2026-05-17T10:35:00.000-00:00,"3.27,3.27,3.28,3.26,1039536"
2026-05-17T10:40:00.000-00:00,"3.27,3.26,3.27,3.26,988881"
2026-05-17T10:45:00.000-00:00,"3.27,3.26,3.27,3.26,724589"
2026-05-17T10:50:00.000-00:00,"3.26,3.26,3.27,3.26,2825873"
2026-05-17T10:55:00.000-00:00,"3.27,3.25,3.27,3.25,1343751"
2026-05-17T11:00:00.000-00:00,"3.25,3.25,3.26,3.24,2986791"
2026-05-17T11:05:00.000-00:00,"3.25,3.24,3.25,3.24,329460"
2026-05-17T11:10:00.000-00:00,"3.25,3.24,3.25,3.24,2096326"
2026-05-17T11:25:00.000-00:00,"3.25,3.25,3.25,3.25,5245606"
2026-05-18T07:00:00.000-00:00,"3.25,3.24,3.26,3.24,1090069"
2026-05-18T07:05:00.000-00:00,"3.24,3.22,3.25,3.22,1869981"
2026-05-18T07:10:00.000-00:00,"3.22,3.21,3.22,3.2,4258522"
2026-05-18T07:15:00.000-00:00,"3.21,3.2,3.21,3.19,3161914"
2026-05-18T07:20:00.000-00:00,"3.21,3.21,3.22,3.2,1554078"
2026-05-18T07:25:00.000-00:00,"3.21,3.2,3.21,3.2,683860"
2026-05-18T07:30:00.000-00:00,"3.21,3.2,3.22,3.2,1094659"
2026-05-18T07:35:00.000-00:00,"3.2,3.19,3.21,3.19,1876895"
2026-05-18T07:40:00.000-00:00,"3.2,3.19,3.2,3.18,1360762"
2026-05-18T07:45:00.000-00:00,"3.19,3.19,3.2,3.18,873361"
2026-05-18T07:50:00.000-00:00,"3.19,3.19,3.2,3.18,604325"
2026-05-18T07:55:00.000-00:00,"3.18,3.2,3.21,3.18,2761177"
2026-05-18T08:00:00.000-00:00,"3.2,3.21,3.21,3.2,53591"
2026-05-18T08:05:00.000-00:00,"3.21,3.22,3.23,3.2,5297306"
2026-05-18T08:10:00.000-00:00,"3.22,3.22,3.22,3.21,1176331"
2026-05-18T08:15:00.000-00:00,"3.21,3.2,3.21,3.2,992638"
2026-05-18T08:20:00.000-00:00,"3.2,3.21,3.21,3.2,47930"
2026-05-18T08:25:00.000-00:00,"3.21,3.21,3.21,3.2,318132"
2026-05-18T08:30:00.000-00:00,"3.21,3.22,3.22,3.21,222747"
2026-05-18T08:35:00.000-00:00,"3.21,3.21,3.22,3.21,84142"
2026-05-18T08:40:00.000-00:00,"3.22,3.21,3.22,3.21,402065"
2026-05-18T08:45:00.000-00:00,"3.21,3.21,3.22,3.2,741456"
2026-05-18T08:50:00.000-00:00,"3.21,3.22,3.22,3.21,569590"
2026-05-18T08:55:00.000-00:00,"3.22,3.21,3.22,3.21,904292"
2026-05-18T09:00:00.000-00:00,"3.22,3.22,3.22,3.21,285193"
2026-05-18T09:05:00.000-00:00,"3.21,3.2,3.22,3.2,2874058"
2026-05-18T09:10:00.000-00:00,"3.2,3.2,3.2,3.19,74235"
2026-05-18T09:15:00.000-00:00,"3.2,3.2,3.2,3.19,64402"
2026-05-18T09:20:00.000-00:00,"3.19,3.19,3.2,3.19,260615"
2026-05-18T09:25:00.000-00:00,"3.2,3.18,3.2,3.18,2276297"
2026-05-18T09:30:00.000-00:00,"3.18,3.18,3.19,3.18,229633"
2026-05-18T09:35:00.000-00:00,"3.18,3.19,3.19,3.18,795501"
2026-05-18T09:40:00.000-00:00,"3.18,3.17,3.19,3.15,7357230"
2026-05-18T09:45:00.000-00:00,"3.16,3.17,3.18,3.16,472945"
2026-05-18T09:50:00.000-00:00,"3.17,3.15,3.17,3.13,3906807"
2026-05-18T09:55:00.000-00:00,"3.14,3.14,3.16,3.13,2140860"
2026-05-18T10:00:00.000-00:00,"3.15,3.14,3.15,3.11,4291276"
2026-05-18T10:05:00.000-00:00,"3.14,3.14,3.15,3.13,623319"
2026-05-18T10:10:00.000-00:00,"3.14,3.15,3.16,3.13,1997958"
2026-05-18T10:15:00.000-00:00,"3.14,3.13,3.15,3.13,1209655"
2026-05-18T10:20:00.000-00:00,"3.14,3.15,3.15,3.14,1424158"
2026-05-18T10:25:00.000-00:00,"3.15,3.15,3.15,3.14,1651243"
2026-05-18T10:30:00.000-00:00,"3.14,3.15,3.16,3.14,1707468"
2026-05-18T10:35:00.000-00:00,"3.15,3.17,3.17,3.15,1412612"
2026-05-18T10:40:00.000-00:00,"3.17,3.16,3.17,3.16,3127407"
2026-05-18T10:45:00.000-00:00,"3.15,3.15,3.16,3.15,109362"
2026-05-18T10:50:00.000-00:00,"3.15,3.16,3.16,3.15,110112"
2026-05-18T10:55:00.000-00:00,"3.16,3.16,3.17,3.16,723428"
2026-05-18T11:00:00.000-00:00,"3.16,3.17,3.19,3.16,4428291"
2026-05-18T11:05:00.000-00:00,"3.18,3.18,3.19,3.17,1399551"
2026-05-18T11:10:00.000-00:00,"3.18,3.18,3.19,3.17,3630894"
2026-05-18T11:25:00.000-00:00,"3.17,3.17,3.17,3.17,5185685"
2026-05-19T07:00:00.000-00:00,"3.16,3.2,3.2,3.16,2161522"
2026-05-19T07:05:00.000-00:00,"3.2,3.21,3.22,3.19,2834006"
2026-05-19T07:10:00.000-00:00,"3.21,3.2,3.21,3.2,1635805"
2026-05-19T07:15:00.000-00:00,"3.2,3.19,3.21,3.19,583853"
2026-05-19T07:20:00.000-00:00,"3.19,3.19,3.2,3.19,101837"
2026-05-19T07:25:00.000-00:00,"3.2,3.2,3.2,3.19,537768"
2026-05-19T07:30:00.000-00:00,"3.19,3.21,3.21,3.19,172072"
2026-05-19T07:35:00.000-00:00,"3.2,3.19,3.2,3.19,78450"
2026-05-19T07:40:00.000-00:00,"3.19,3.18,3.19,3.18,393292"
2026-05-19T07:45:00.000-00:00,"3.18,3.19,3.2,3.18,62826"
2026-05-19T07:50:00.000-00:00,"3.19,3.19,3.2,3.19,155522"
2026-05-19T07:55:00.000-00:00,"3.2,3.19,3.2,3.18,551377"
2026-05-19T08:00:00.000-00:00,"3.19,3.19,3.19,3.18,21503"
2026-05-19T08:05:00.000-00:00,"3.2,3.19,3.2,3.19,80862"
2026-05-19T08:10:00.000-00:00,"3.19,3.2,3.2,3.19,101161"
2026-05-19T08:15:00.000-00:00,"3.2,3.19,3.2,3.19,141583"
2026-05-19T08:20:00.000-00:00,"3.2,3.2,3.2,3.19,285454"
2026-05-19T08:25:00.000-00:00,"3.19,3.19,3.2,3.19,79890"
2026-05-19T08:30:00.000-00:00,"3.19,3.2,3.2,3.18,310175"
2026-05-19T08:35:00.000-00:00,"3.19,3.2,3.2,3.19,270660"
2026-05-19T08:40:00.000-00:00,"3.19,3.19,3.2,3.19,64168"
2026-05-19T08:45:00.000-00:00,"3.2,3.2,3.2,3.19,644900"
2026-05-19T08:50:00.000-00:00,"3.19,3.19,3.2,3.19,105767"
2026-05-19T08:55:00.000-00:00,"3.2,3.17,3.2,3.17,1265269"
2026-05-19T09:00:00.000-00:00,"3.17,3.18,3.18,3.17,371268"
2026-05-19T09:05:00.000-00:00,"3.18,3.18,3.18,3.17,106206"
2026-05-19T09:10:00.000-00:00,"3.18,3.18,3.18,3.18,234056"
2026-05-19T09:15:00.000-00:00,"3.18,3.18,3.19,3.17,417482"
2026-05-19T09:20:00.000-00:00,"3.18,3.18,3.18,3.18,301176"
2026-05-19T09:25:00.000-00:00,"3.18,3.18,3.18,3.17,245811"
2026-05-19T09:30:00.000-00:00,"3.17,3.17,3.18,3.17,351201"
2026-05-19T09:35:00.000-00:00,"3.17,3.18,3.18,3.17,928245"
2026-05-19T09:40:00.000-00:00,"3.18,3.17,3.18,3.16,1218570"
2026-05-19T09:45:00.000-00:00,"3.17,3.18,3.18,3.17,1493003"
2026-05-19T09:50:00.000-00:00,"3.17,3.18,3.18,3.17,785699"
2026-05-19T09:55:00.000-00:00,"3.17,3.18,3.18,3.17,1661358"
2026-05-19T10:00:00.000-00:00,"3.18,3.18,3.18,3.17,3133649"
2026-05-19T10:05:00.000-00:00,"3.18,3.19,3.19,3.18,408538"
2026-05-19T10:10:00.000-00:00,"3.19,3.18,3.2,3.18,2681675"
2026-05-19T10:15:00.000-00:00,"3.18,3.18,3.19,3.18,1265723"
2026-05-19T10:20:00.000-00:00,"3.18,3.18,3.19,3.18,592521"
2026-05-19T10:25:00.000-00:00,"3.18,3.18,3.18,3.18,1310"
2026-05-19T10:30:00.000-00:00,"3.18,3.18,3.19,3.18,393614"
2026-05-19T10:35:00.000-00:00,"3.18,3.17,3.18,3.17,45346"
2026-05-19T10:40:00.000-00:00,"3.18,3.15,3.18,3.15,2811921"
2026-05-19T10:45:00.000-00:00,"3.15,3.17,3.17,3.15,1843625"
2026-05-19T10:50:00.000-00:00,"3.17,3.16,3.17,3.16,615538"
2026-05-19T10:55:00.000-00:00,"3.17,3.17,3.17,3.16,272066"
2026-05-19T11:00:00.000-00:00,"3.17,3.16,3.17,3.16,328797"
2026-05-19T11:05:00.000-00:00,"3.17,3.17,3.17,3.16,658061"
2026-05-19T11:10:00.000-00:00,"3.17,3.17,3.17,3.16,2354443"
2026-05-19T11:25:00.000-00:00,"3.16,3.16,3.16,3.16,5419550"
2026-05-20T07:00:00.000-00:00,"3.17,3.16,3.2,3.16,1788764"
2026-05-20T07:05:00.000-00:00,"3.16,3.17,3.18,3.16,2860234"
2026-05-20T07:10:00.000-00:00,"3.17,3.16,3.17,3.16,411637"
2026-05-20T07:15:00.000-00:00,"3.16,3.17,3.17,3.16,2484646"
2026-05-20T07:20:00.000-00:00,"3.17,3.16,3.17,3.16,538471"
2026-05-20T07:25:00.000-00:00,"3.16,3.18,3.18,3.16,3006555"
2026-05-20T07:30:00.000-00:00,"3.18,3.18,3.19,3.17,4173769"
2026-05-20T07:35:00.000-00:00,"3.19,3.2,3.22,3.19,11570561"
2026-05-20T07:40:00.000-00:00,"3.2,3.2,3.21,3.2,511325"
2026-05-20T07:45:00.000-00:00,"3.2,3.19,3.2,3.19,787638"
2026-05-20T07:50:00.000-00:00,"3.19,3.18,3.19,3.18,1052759"
2026-05-20T07:55:00.000-00:00,"3.18,3.18,3.18,3.18,422971"
2026-05-20T08:00:00.000-00:00,"3.18,3.17,3.18,3.17,13010"
2026-05-20T08:05:00.000-00:00,"3.17,3.16,3.17,3.16,1019066"
2026-05-20T08:10:00.000-00:00,"3.17,3.16,3.17,3.16,498238"
2026-05-20T08:15:00.000-00:00,"3.16,3.16,3.16,3.15,1103375"
2026-05-20T08:20:00.000-00:00,"3.16,3.15,3.16,3.15,908535"
2026-05-20T08:25:00.000-00:00,"3.15,3.16,3.16,3.15,137866"
2026-05-20T08:30:00.000-00:00,"3.16,3.17,3.18,3.15,614400"
2026-05-20T08:35:00.000-00:00,"3.18,3.17,3.18,3.16,563146"
2026-05-20T08:40:00.000-00:00,"3.17,3.17,3.18,3.17,352425"
2026-05-20T08:45:00.000-00:00,"3.17,3.17,3.18,3.17,23450"
2026-05-20T08:50:00.000-00:00,"3.17,3.17,3.18,3.16,657894"
2026-05-20T08:55:00.000-00:00,"3.17,3.18,3.18,3.17,64125"
2026-05-20T09:00:00.000-00:00,"3.17,3.18,3.18,3.17,155501"
2026-05-20T09:05:00.000-00:00,"3.18,3.18,3.18,3.18,622663"
2026-05-20T09:10:00.000-00:00,"3.18,3.18,3.18,3.18,1581"
2026-05-20T09:15:00.000-00:00,"3.18,3.17,3.18,3.17,46306"
2026-05-20T09:20:00.000-00:00,"3.18,3.17,3.18,3.17,1565296"
2026-05-20T09:25:00.000-00:00,"3.16,3.16,3.17,3.15,2261584"
2026-05-20T09:30:00.000-00:00,"3.17,3.18,3.18,3.16,250925"
2026-05-20T09:35:00.000-00:00,"3.17,3.17,3.18,3.17,284755"
2026-05-20T09:40:00.000-00:00,"3.17,3.17,3.17,3.17,27066"
2026-05-20T09:45:00.000-00:00,"3.17,3.17,3.17,3.17,75179"
2026-05-20T09:50:00.000-00:00,"3.16,3.16,3.18,3.16,637835"
2026-05-20T09:55:00.000-00:00,"3.17,3.17,3.17,3.16,200077"
2026-05-20T10:00:00.000-00:00,"3.16,3.16,3.17,3.16,80081"
2026-05-20T10:05:00.000-00:00,"3.16,3.17,3.17,3.16,848281"
2026-05-20T10:10:00.000-00:00,"3.16,3.17,3.17,3.16,13452"
2026-05-20T10:15:00.000-00:00,"3.16,3.15,3.16,3.15,4091197"
2026-05-20T10:20:00.000-00:00,"3.15,3.15,3.15,3.14,381935"
2026-05-20T10:25:00.000-00:00,"3.14,3.13,3.15,3.13,4670620"
2026-05-20T10:30:00.000-00:00,"3.13,3.13,3.13,3.11,11291258"
2026-05-20T10:35:00.000-00:00,"3.13,3.1,3.13,3.1,6003147"
2026-05-20T10:40:00.000-00:00,"3.1,3.12,3.12,3.09,4463220"
2026-05-20T10:45:00.000-00:00,"3.12,3.12,3.13,3.11,2126819"
2026-05-20T10:50:00.000-00:00,"3.12,3.1,3.12,3.09,1693977"
2026-05-20T10:55:00.000-00:00,"3.09,3.09,3.1,3.08,1963384"
2026-05-20T11:00:00.000-00:00,"3.09,3.08,3.09,3.07,3007159"
2026-05-20T11:05:00.000-00:00,"3.08,3.08,3.08,3.07,1991690"
2026-05-20T11:10:00.000-00:00,"3.08,3.08,3.08,3.06,2544884"
2026-05-20T11:15:00.000-00:00,"3.08,3.08,3.08,3.08,3500"
2026-05-20T11:25:00.000-00:00,"3.06,3.06,3.06,3.06,9916268"
